Date,Close,High,Low,Open,Volume,Daily_Return,Close_Lag_1,Close_Lag_7,Close_Lag_14,Close_Lag_30,Close_Lag_90,Close_Lag_180,MA_7,MA_21,MA_60,MA_180,Volatility_7,Volatility_21,Volatility_60,Volatility_180,HL_Spread,Volume_MA_7,Volume_MA_21,Volume_MA_60,Volume_MA_180,Volume_Change,Target_Return_7,Target_Return_30,Target_Return_365,Target_Up
2021-06-30,303.2958679199219,304.8013610839844,281.77801513671875,300.95880126953125,1903538448.0,0.010273822211144257,300.2115478515625,294.49029541015625,347.033447265625,354.329345703125,335.212890625,37.90501022338867,293.29493495396207,321.1230875651042,415.1770039876302,299.7847029368083,0.04601964413814696,0.06557494520021852,0.09281459694163667,0.10180487481930191,23.023345947265625,1951054251.2857144,2140812838.952381,3700134641.6833334,3638567625.883333,-0.022035198598912342,0.07987775495831873,0.06466786048738826,-0.2769433487224653,1
2021-07-01,288.2184143066406,303.5273742675781,281.5791320800781,303.5273742675781,1357794786.0,-0.049712031082672414,303.2958679199219,308.39703369140625,352.738525390625,362.7946472167969,339.0077209472656,38.24159240722656,290.4122750418527,318.077145531064,409.61229400634767,301.17346305847167,0.045834487257325474,0.06509326757750458,0.0929605736754525,0.10192241087672434,21.9482421875,1813078278.857143,2086183402.952381,3660011478.9333334,3643211122.5055556,-0.28669957392948864,0.07705513809804199,0.15728064033266054,-0.25051472622600135,1
2021-07-02,287.423095703125,290.6216735839844,277.3503112792969,287.75445556640625,1133632645.0,-0.002759430223876924,288.2184143066406,281.62091064453125,336.8096923828125,401.2623291015625,323.1335144042969,41.14897918701172,291.2411586216518,315.29092697870163,403.14127756754556,302.5416525946723,0.03034903837544135,0.065055824993171,0.0921345470378526,0.10183231177003649,13.2713623046875,1643887000.5714285,2032074306.142857,3590990877.6666665,3645297922.6833334,-0.16509279849304115,0.10111028765337204,0.16025473865716466,-0.24141366576487422,1
2021-07-03,298.23712158203125,302.6058654785156,283.4340209960937,287.2156066894531,1113777297.0,0.03762406723945344,287.423095703125,279.43804931640625,335.7128295898437,427.8079223632813,351.6243896484375,40.92635345458984,293.92674037388394,313.1240743001302,397.9252243041992,303.971156862047,0.03237016492495106,0.06576956205515228,0.09163827102226545,0.10183332004641747,19.171844482421932,1528448329.5714285,1982884586.4285715,3514084245.45,3646997367.827778,-0.01751479907320419,0.060029465955647066,0.11020089363829655,-0.2657509735860364,1
2021-07-04,307.7320861816406,314.7130126953125,292.7873840332031,298.1135559082031,1387395766.0,0.03183696432302696,298.23712158203125,290.5670166015625,340.06719970703125,391.3953247070313,367.7724914550781,41.73460006713867,296.37889317103793,310.3185090564546,392.19304707845055,305.4489206737942,0.031256584966596314,0.06430807802170267,0.09127601398813726,0.10183992484145327,21.925628662109375,1509306573.857143,1945528177.2380953,3466400020.1666665,3651125839.1555557,0.2456671272946589,0.04646756444641453,0.04879457226541861,-0.2474813722850543,1
2021-07-05,302.37799072265625,307.6848449707031,293.5234680175781,307.6848449707031,1504869977.0,-0.017398560954167364,307.7320861816406,289.5341186523437,270.98443603515625,390.4318542480469,403.59075927734375,42.16595458984375,298.21373203822543,307.15590122767856,386.6780069986979,306.89454309675426,0.03256834324252424,0.06429026851335497,0.09124641317078122,0.10186931558525561,14.161376953125,1478205329.0,1909035548.3809524,3425231182.9333334,3655924996.8,0.08467245891825792,0.04613495605007589,0.10761630475876749,-0.23656361793651837,1
2021-07-06,320.934814453125,321.5209655761719,302.1955871582031,302.1955871582031,2203265498.0,0.06136962444296823,302.37799072265625,300.2115478515625,261.8180847167969,393.8202209472656,374.6588134765625,43.44948959350586,301.17419869559154,304.64964657738096,381.61753234863284,308.4361282348633,0.03732213051342497,0.06590152862381829,0.09168005689899837,0.10192036941079419,19.32537841796875,1514896345.2857144,1906975057.4761906,3400983669.4666667,3663554445.288889,0.4640902746908877,-0.03777607377130865,0.052780364216168385,-0.2568586260382839,0
2021-07-07,327.5224609375,339.16766357421875,318.52996826171875,320.1917724609375,2067233169.0,0.020526431498559594,320.934814453125,303.2958679199219,294.49029541015625,357.3102111816406,418.0383911132813,42.39531707763672,304.6351405552455,303.7205519903274,376.3078928629557,310.02016792297366,0.037527204918757204,0.0643253007843857,0.09159140710047829,0.10187647310661486,20.6376953125,1538281305.4285715,1927979047.2380953,3370255360.366667,3671424843.45,-0.0617412332392453,-0.05531250838593493,0.044621466353393036,-0.2625100910749799,0
2021-07-08,310.4271240234375,327.9578552246094,305.075439453125,327.9578552246094,1883785090.0,-0.052195922273937545,327.5224609375,288.2184143066406,308.39703369140625,354.0013732910156,453.178466796875,43.93285369873047,307.8078133719308,301.70572335379467,370.4445353190104,311.50069164699977,0.03820956148846424,0.0651519937484396,0.09167738873287327,0.1019921139624322,22.882415771484375,1613422777.4285715,1952008725.0952382,3329634229.483333,3678612318.061111,-0.08874087439722189,0.015516989845534068,0.1459738405414981,-0.2244533465931634,1
2021-07-09,316.4845275878906,319.44390869140625,301.8282165527344,310.0102844238281,1358583891.0,0.01951312593417498,310.4271240234375,287.423095703125,281.62091064453125,375.7346801757813,472.5603332519531,42.4484748840332,311.9594464983259,300.7378583635603,365.19674428304035,313.0231141620212,0.03776983115957526,0.06463153218723204,0.09160556233956162,0.10192515641372321,17.615692138671875,1645558669.7142856,1939848882.2380953,3266320037.85,3682262846.1666665,-0.2788010170523221,-0.042652738785206035,0.08082616520893504,-0.2314282298023299,0
2021-07-10,316.14013671875,320.93927001953125,310.88690185546875,316.9963073730469,1179686219.0,-0.0010881760058396583,316.4845275878906,298.23712158203125,279.43804931640625,352.1831970214844,525.3855590820312,38.371360778808594,314.5170200892857,299.80582536969865,359.2601811726888,314.5662740283542,0.03663117511492598,0.06462920644945225,0.09112077114913365,0.10158747961689657,10.0523681640625,1654974230.0,1941698996.6666667,3204890552.85,3683868165.75,-0.13167951805193312,-0.04947872825138422,0.12281480952344181,-0.25774822188414637,0
2021-07-11,322.0316467285156,326.7518005371094,312.6390075683594,316.0563659667969,1189805384.0,0.018635754608428368,316.14013671875,307.7320861816406,290.5670166015625,345.9336853027344,598.72265625,38.111610412597656,316.559814453125,298.94698951357884,354.8242889404297,316.14360756344263,0.03558051046440589,0.06470105728852621,0.08987583807295511,0.10157266546637378,14.11279296875,1626747032.5714285,1914705226.142857,3152861285.2166667,3687326809.0833335,0.008577844546304725,-0.06071188238657743,0.15502429652286365,-0.2986450010627981,0
2021-07-12,316.32818603515625,334.2820739746094,309.1420593261719,322.034912109375,1614469810.0,-0.017710870193349715,322.0316467285156,302.37799072265625,289.5341186523437,343.74102783203125,549.5865478515625,40.13593292236328,318.55269949776783,301.10621570405505,350.5725168863932,317.67800896962484,0.03561645703673263,0.045445269540492335,0.08984060410952899,0.10156762975194035,25.1400146484375,1642404151.5714285,1852919868.8095238,3056150545.883333,3693282837.3333335,0.3569192337761349,-0.1147844925474476,0.2384512884255201,-0.3030511868186615,0
2021-07-13,308.8111572265625,318.2951354980469,305.4894104003906,316.2688903808594,1231759805.0,-0.02376338606689421,316.32818603515625,320.934814453125,300.2115478515625,366.6489562988281,549.5918579101562,41.79368209838867,316.8207484654018,303.34398106166293,345.667231241862,319.16143938700355,0.027590341605107847,0.045029301896309055,0.08950866023089753,0.1015936173740548,12.80572509765625,1503617624.0,1716844411.6666667,3014421968.5,3697158676.45,-0.23704996069266848,-0.1425750885155671,0.2493686212363837,-0.25350894998420814,0
2021-07-14,309.4063720703125,313.2157897949219,290.6623840332031,308.9526062011719,1646743038.0,0.0019274395688797519,308.8111572265625,327.5224609375,303.2958679199219,368.7927551269531,542.632080078125,40.91897964477539,314.2327357700893,304.0542704264323,341.4399759928385,320.6530360115899,0.025523125552438127,0.03635831725184894,0.08917311777391285,0.101561667999534,22.55340576171875,1443547605.2857144,1644294387.3333333,2983861099.5666666,3703184918.811111,0.33690272349810924,-0.054539923942371726,0.32817201696324205,-0.23025349189259137,0
2021-07-15,315.2440185546875,323.8858947753906,301.6566772460937,309.5006408691406,2242114046.0,0.018867247126534314,309.4063720703125,310.4271240234375,288.2184143066406,373.566162109375,510.2201843261719,43.17182540893555,314.92086356026783,304.3803173246838,337.3135457356771,322.16454819573295,0.017930256209875338,0.035139730006520806,0.08922768275545886,0.10151968897508214,22.229217529296932,1494737456.142857,1640412837.4761906,2953773079.4166665,3712284339.888889,0.36154457268760587,-0.06852746914882946,0.2975170369245985,-0.24320851205372818,0
2021-07-16,302.985595703125,322.9977722167969,301.9324951171875,315.69110107421875,1688212208.0,-0.038885504974096596,315.2440185546875,316.4845275878906,287.423095703125,347.033447265625,520.416748046875,45.68461227416992,312.99244471958707,305.3976832798549,333.83056589762367,323.5939981036716,0.021780761605773004,0.03033375176880339,0.08864341558690247,0.10155093072901286,21.065277099609375,1541827215.7142856,1610424295.3333333,2896519438.5666666,3717969543.75,-0.24704445297427124,-0.0122204033910569,0.3683654854157319,-0.1762186862676054,0
2021-07-17,300.4979248046875,306.5308532714844,295.3874816894531,302.9348449707031,1298507379.0,-0.008210525297958404,302.985595703125,316.14013671875,298.23712158203125,352.738525390625,481.03424072265625,45.353172302246094,310.7578430175781,306.4005344935826,330.371826171875,325.0114689509074,0.02167905065329433,0.03034276017116845,0.0886437370178321,0.10155213811781365,11.14337158203125,1558801667.142857,1580741408.9047618,2859024279.85,3721922886.766667,-0.23083876964832373,0.005237786892604568,0.38926368953872537,-0.17520734831795703,1
2021-07-18,302.4804992675781,309.1142578125,299.9722595214844,300.5959777832031,1254819647.0,0.006597631128997694,300.4979248046875,322.0316467285156,307.7320861816406,336.8096923828125,505.0929260253906,42.7855339050293,307.9648219517299,306.9678431919643,329.7627431233724,326.4542187584771,0.019690978236513126,0.02922155117386835,0.07748557707944517,0.10141149506667611,9.141998291015625,1568089419.0,1568047675.142857,2733605546.4,3724723891.866667,-0.03364457738672577,-0.00014659470981759348,0.32871013504167457,-0.12428719205147942,0
2021-07-19,280.01861572265625,303.8291931152344,279.7085266113281,302.2682189941406,1514754521.0,-0.0742589475993023,302.4804992675781,316.32818603515625,302.37799072265625,335.7128295898437,587.0291137695312,42.60689926147461,302.7777404785156,306.5147240048363,327.86950734456383,327.773172738817,0.031837829682976035,0.03366756202279694,0.07516852985715429,0.1016221004090221,24.12066650390625,1553844377.7142856,1558151286.0952382,2640620800.1666665,3729338671.8,0.20714919042066926,0.08734999700293722,0.4222321034477121,-0.04000196171388426,1
2021-07-20,264.7823791503906,283.2061462402344,255.8507537841797,280.5649719238281,1819454491.0,-0.05441151308081715,280.01861572265625,308.8111572265625,320.934814453125,340.06719970703125,546.0235595703125,38.64583969116211,296.4879150390625,304.8276207333519,326.8442749023437,329.0294868469238,0.03491115154954425,0.03441161418512355,0.07219769717377526,0.10143330040808775,27.355392456054688,1637800761.4285715,1552104910.2380953,2566092010.6,3735991287.711111,0.2011546859743618,0.18437866259800018,0.6277097534469698,-0.024335354258551822,1
2021-07-21,292.5313720703125,298.791748046875,261.22637939453125,264.4947509765625,1957623339.0,0.10479924309525535,264.7823791503906,309.4063720703125,327.5224609375,270.98443603515625,506.0130004882813,40.85757064819336,294.0772007533482,304.3150256928943,326.7280629475911,330.42767463260225,0.0593592194122991,0.04192512008437095,0.07266907054601952,0.10160469160953851,37.56536865234375,1682212233.0,1554680381.2380953,2534198352.383333,3743749901.266667,0.07593971087678053,0.07143602302938068,0.5551710115560022,-0.09253303995089335,1
2021-07-22,293.6411437988281,298.4039001464844,287.7333679199219,293.1426696777344,1495118544.0,0.003793684488133664,292.5313720703125,315.2440185546875,310.4271240234375,261.8180847167969,526.5652465820312,40.81547927856445,290.99107578822543,304.573250906808,327.2396540323893,331.83226165771487,0.05855352990368402,0.04040814937434536,0.07081643258663885,0.10160089744408245,10.6705322265625,1575498589.857143,1561219607.8095238,2470179765.6833334,3749452731.772222,-0.2362583167997263,0.07869573924762041,0.5288057108097635,-0.10476632121299101,1
2021-07-23,299.2829895019531,300.9937744140625,281.69610595703125,293.601318359375,1849700307.0,0.019213403238172333,293.6411437988281,302.985595703125,316.4845275878906,294.49029541015625,496.4150695800781,41.88160705566406,290.4621320452009,305.1380077543713,326.47254333496096,333.262269337972,0.05766497674016314,0.040572206382241696,0.05810242469587364,0.10159824397030555,19.29766845703125,1598568318.2857144,1595318067.9047618,2399903482.766667,3757226144.2222223,0.23715963153755126,0.07894325477813857,0.5004310738199258,-0.13305125317314692,1
2021-07-24,302.0718688964844,307.84051513671875,296.11151123046875,299.0478515625,1644709273.0,0.009318536276225808,299.2829895019531,300.4979248046875,316.14013671875,308.39703369140625,505.0770568847656,41.62370300292969,290.6869812011719,305.32061476934524,325.77184143066404,334.7092035929362,0.05764753522691157,0.039817244731597444,0.058115471775523356,0.10158622353087132,11.72900390625,1648025731.7142856,1620600542.952381,2333037348.3,3763545792.9333334,-0.11082391737960606,0.10420606951240363,0.6548730482868204,-0.13310408837242715,1
2021-07-25,302.4361572265625,304.0578918457031,292.890625,301.8466186523437,1351522797.0,0.0012059657571190652,302.0718688964844,302.4804992675781,322.0316467285156,281.62091064453125,534.5776977539062,41.69473648071289,290.68064662388394,305.0684276762463,324.4815388997396,336.15776704152427,0.057614219827722274,0.03920109245484048,0.05648009635426085,0.10158661692276312,11.167266845703125,1661840467.4285715,1618892306.3333333,2280520100.1,3768017938.95,-0.17826036541109713,0.10265919209931407,0.5593223485877419,-0.18942066721371098,1
2021-07-26,304.4782409667969,327.6352844238281,301.097412109375,302.7328796386719,2572081528.0,0.006752115087564015,302.4361572265625,280.01861572265625,316.32818603515625,279.43804931640625,568.4705200195312,40.994876861572266,294.1748788016183,305.16843959263394,323.42857971191404,337.6215635087755,0.047057498191771775,0.039022158734584304,0.05635365973548577,0.10155965527217746,26.537872314453125,1812887182.7142856,1669711904.0,2257290619.733333,3779420513.866667,0.9030988849831438,0.0874442713710728,0.651304386436077,-0.18234428433069472,1
2021-07-27,313.60260009765625,318.371826171875,298.4818115234375,304.124267578125,1870220991.0,0.0299671960199428,304.4782409667969,264.7823791503906,308.8111572265625,290.5670166015625,562.632568359375,42.52910614013672,301.1491960797991,304.8192865280878,323.1572911580404,339.12752736409504,0.03656235329131886,0.03715185285978002,0.05489919799551989,0.10155233589061924,19.8900146484375,1820139539.857143,1653852641.7619047,2213747222.8,3786844810.888889,-0.27287647353299604,0.029161561794177393,0.5274302680094549,-0.13424071124051562,1
2021-07-28,313.4286499023437,318.4422912597656,308.22344970703125,314.0551147460937,1626648048.0,-0.0005546835238559034,313.60260009765625,292.5313720703125,309.4063720703125,289.5341186523437,599.70654296875,42.85234832763672,304.134521484375,304.1481526692708,323.2968994140625,340.6307290395101,0.010968366763188398,0.036840281855235066,0.05398713513794903,0.10155784872468053,10.218841552734375,1772857355.4285715,1632872397.9047618,2189691058.9666667,3792260791.138889,-0.1302375196151352,0.06856470469104048,0.5777073598671139,-0.11528855169647212,1
2021-07-29,316.7494506835937,319.7590026855469,309.14453125,313.6192321777344,1384576144.0,0.010595077323928948,313.4286499023437,293.6411437988281,315.2440185546875,300.2115478515625,624.08056640625,44.77227783203125,307.43570818219865,304.449215843564,323.14632314046224,342.14171333312987,0.01062738669704658,0.03501895407215121,0.053301496324665035,0.10153525458327847,10.614471435546875,1757065584.0,1609100543.3333333,2158662078.483333,3796987499.8333335,-0.14881639841982586,0.06669126061758268,0.5349574525933776,-0.07196890795342925,1
2021-07-30,322.90936279296875,325.2501220703125,307.009765625,317.0640869140625,1588918308.0,0.019447270061814015,316.7494506835937,299.2829895019531,302.985595703125,303.2958679199219,619.3472290039062,44.27599334716797,310.8109043666295,304.75516037713913,322.6226567586263,343.68967649671765,0.01065809725547683,0.0350172668205338,0.052137030181570426,0.10151593029407661,18.2403564453125,1719811012.7142856,1620068848.9047618,2120715852.8666666,3802967349.0833335,0.1475846343919096,0.059544977107282016,0.48736170380869903,-0.109545383492482,1
2021-07-31,333.5495910644531,338.025146484375,317.6859130859375,322.53887939453125,1717984015.0,0.03295112962799496,322.90936279296875,302.0718688964844,300.4979248046875,288.2184143066406,622.1010131835938,51.607696533203125,315.30772181919644,305.5841820126488,322.13523915608727,345.2560203552246,0.013432686928858835,0.035671480448425934,0.052220931899890514,0.10090186418042776,20.3392333984375,1730278833.0,1645702077.2857144,2092252665.5,3805528739.5277777,0.0812286612534896,0.0665321531053813,0.3775785235036877,-0.14981317510102932,1
2021-08-01,333.4840087890625,347.4176025390625,329.3417358398437,332.2926940917969,1788390755.0,-0.0001966192648635845,333.5495910644531,302.4361572265625,302.4804992675781,287.423095703125,675.68408203125,51.05640411376953,319.74312918526783,306.1295325869606,321.00560048421227,346.8250626034207,0.013669586035819038,0.03549916870943458,0.050331290689026816,0.10088996200269165,18.075866699218807,1792688541.2857144,1674206142.5714285,2047278335.0166667,3809871497.9333334,0.04098218573937085,0.025730617617549134,0.3926266910843401,-0.14976585901172867,1
2021-08-02,331.1031188964844,338.0423278808594,326.415283203125,332.9232177734375,1348495243.0,-0.007139442461494783,333.4840087890625,304.4782409667969,280.01861572265625,298.23712158203125,611.2003173828125,52.242637634277344,323.5466831752232,306.8331008184524,319.39385375976565,348.37428749932184,0.015767783225902412,0.03527607404009418,0.04953762820652684,0.10090166384126063,11.627044677734375,1617890500.5714285,1661540687.0,1996916782.4166667,3813396466.572222,-0.24597281705361984,0.07207334251524955,0.4801090585291403,-0.14280184121294204,1
2021-08-03,322.74774169921875,334.6349792480469,318.0628356933594,330.8720397949219,1365471563.0,-0.025234969773503813,331.1031188964844,313.60260009765625,264.7823791503906,307.7320861816406,651.6627197265625,55.92512512207031,324.85313197544644,307.4967476981027,318.2497273763021,349.85663536919486,0.018871981582731137,0.03533281827750893,0.048446555672947596,0.10085940644526889,16.5721435546875,1545783439.4285715,1667907913.5714285,1937150461.8833334,3815755168.5111113,0.012589084083257651,0.15246159202359943,0.49937858117184164,-0.0755728314780596,1
2021-08-04,334.9187927246094,336.96746826171875,320.041259765625,323.5060729980469,1279262186.0,0.037710724051272626,322.74774169921875,313.4286499023437,292.5313720703125,302.37799072265625,633.2803955078125,67.84556579589844,327.9231523786272,308.71162487211683,317.3245096842448,351.34037551879885,0.022446159171921554,0.036147526850358935,0.04871700223966942,0.09976973371267932,16.92620849609375,1496156887.7142856,1650408825.3809524,1892535779.7666667,3814908873.327778,-0.06313524157954209,0.16970757709219786,0.45887515548375757,-0.07229435481997137,1
2021-08-05,337.8738708496094,340.0484313964844,323.8970947265625,334.9127197265625,1551187442.0,0.008823267577671823,334.9187927246094,316.7494506835937,293.6411437988281,320.934814453125,624.5632934570312,72.73359680175781,330.940926688058,309.7892368861607,316.39207051595054,352.8133770412869,0.022444811689534036,0.03601268131465903,0.048717510241372865,0.09967340851848108,16.151336669921875,1519958501.7142856,1617507558.5238094,1883356942.8833334,3811779060.272222,0.21256413186905543,0.1419023576945786,0.4741549233248652,-0.06715027686976172,1
2021-08-06,342.1369934082031,347.04296875,331.65966796875,337.9479675292969,1623970506.0,0.012617497020038337,337.8738708496094,322.90936279296875,299.2829895019531,327.5224609375,646.100830078125,68.59052276611328,333.68773106166293,311.6535891578311,316.1391835530599,354.33307965596515,0.022084888549838446,0.0346810239653978,0.04724462132686751,0.09953514439192038,15.38330078125,1524965958.5714285,1614448429.857143,1861635768.6166666,3812502850.5,0.04692086979904775,0.20111210763931808,0.47490590836172397,-0.07911475589692218,1
2021-08-07,355.7413635253906,359.7502136230469,340.5938415527344,342.3764343261719,1903003766.0,0.039762932332067846,342.1369934082031,333.5495910644531,302.0718688964844,310.4271240234375,662.2285766601562,79.83154296875,336.8579842703683,314.2842290969122,316.1681833902995,355.865911992391,0.023449509132035414,0.03524790661215937,0.047497590186510626,0.0989151377137326,19.1563720703125,1551397351.5714285,1643233972.0952382,1818500459.6,3811221903.138889,0.1718216303615554,0.1498086160399139,0.3940605989585768,-0.09225865843099557,1
2021-08-08,342.06475830078125,359.7386169433594,337.2527160644531,356.2665405273437,1547133821.0,-0.03844536122837805,355.7413635253906,333.4840087890625,302.4361572265625,316.4845275878906,631.3519897460938,107.89927673339844,338.0838056291853,316.16919381277904,315.6070180257162,357.16683133443195,0.02970214205560239,0.036719147629314476,0.04710161306863444,0.09567011033657216,22.48590087890625,1516932075.2857144,1657153694.6666667,1785229214.35,3795229038.0333333,-0.18700433039500353,0.21203667340008003,0.22055481873224725,-0.050470979084428325,1
2021-08-09,354.9668273925781,357.3993225097656,333.67144775390625,341.9162902832031,1648422571.0,0.037718206213023464,342.06475830078125,331.1031188964844,304.4782409667969,316.14013671875,672.3339233398438,129.73715209960938,341.49290684291293,319.7381562732515,315.6534118652344,358.4181073082818,0.03166876032477165,0.03226382358997824,0.046633532836963344,0.09460722901147879,23.727874755859375,1559778836.4285715,1663518839.9047618,1770952708.1666667,3765496256.538889,0.06546864183638057,0.17608413940941503,0.16944212006771586,-0.08466848751839073,1
2021-08-10,371.9543762207031,375.7229309082031,349.3133239746094,354.4496154785156,2150475826.0,0.047856722141918606,354.9668273925781,322.74774169921875,313.60260009765625,322.0316467285156,588.1851806640625,124.43425750732422,348.52242606026783,324.84158470517116,316.08709004720055,359.79321907891165,0.02995618312896642,0.029350014652450095,0.046948680704725805,0.09457351330456212,26.40960693359375,1671922302.5714285,1679281760.6190476,1768961910.6333334,3761833538.7555556,0.3045658703250067,0.080532803815756,0.13258519448440342,-0.11690470152239862,1
2021-08-11,391.7570495605469,408.5890197753906,371.2162170410156,372.0937194824219,2542670896.0,0.05323952238726615,371.9543762207031,334.9187927246094,313.4286499023437,316.32818603515625,571.4345092773438,136.94839477539062,356.64217703683033,329.56661696661087,316.8873570760091,361.20882271660696,0.031922219278403274,0.02310500224751776,0.04738997681283599,0.09438639155964021,37.372802734375,1852409261.142857,1707141168.0952382,1775560402.05,3759394890.1222224,0.18237594920074218,0.01657766028840646,0.025180774933892813,-0.17346673838590443,1
2021-08-12,385.8189697265625,406.091552734375,372.22021484375,391.4052734375,2217067872.0,-0.0151575570641177,391.7570495605469,337.8738708496094,316.7494506835937,308.8111572265625,603.1282958984375,133.4526824951172,363.4914768763951,333.95603724888394,317.2068572998047,362.6108576456706,0.03485914079691622,0.023890860962287007,0.04670953545643318,0.09436780818307973,33.871337890625,1947535036.857143,1741519707.5238094,1776313527.2666667,3759952202.55,-0.12805551222229428,0.11707535114054823,0.05108199981712502,-0.1511182584226114,1
2021-08-13,410.9448852539063,411.1705322265625,383.2167663574219,386.0440673828125,1724229835.0,0.06512358774155413,385.8189697265625,342.1369934082031,322.90936279296875,309.4063720703125,563.0416870117188,136.426513671875,373.3211757114955,339.27327037992933,317.90939280192055,364.1359597100152,0.03854624581881974,0.026420427243849097,0.04741448077359166,0.09445303066994536,27.953765869140625,1961857798.142857,1735544923.142857,1767197104.8,3756683493.6055555,-0.22229271517764337,0.10704945149363843,0.013963775900533992,-0.21188908944572504,1
2021-08-14,409.0344848632813,418.9212646484375,400.7520446777344,410.7835388183594,2023364348.0,-0.0046487995329218545,410.9448852539063,355.7413635253906,333.5495910644531,315.2440185546875,562.829833984375,129.56788635253906,380.9344787597656,344.3667282831101,318.50053151448566,365.68855192396376,0.039761359022360505,0.026758548903256595,0.047406078790880046,0.09435099219018184,18.169219970703125,1979052167.0,1753576117.1904762,1763477580.4833333,3754507813.05,0.17348876984256578,0.09751200493134404,-0.0243770126660402,-0.22259211614622798,1
2021-08-15,414.5950317382813,414.9309997558594,396.8652038574219,408.9822082519531,1826134192.0,0.0135943229257518,409.0344848632813,342.06475830078125,333.4840087890625,302.985595703125,511.9643859863281,130.05665588378906,391.2959463936942,349.70762706938245,319.6265579223633,367.2693206787109,0.03065817996705556,0.02657806060001639,0.04642521066670366,0.09434994447670444,18.0657958984375,2018909362.857143,1776176659.8095238,1766810660.6166666,3753954251.3722224,-0.09747634240711645,0.08311355163060474,-0.0008654111567891754,-0.22843431759713528,1
2021-08-16,417.4708557128906,436.618408203125,411.1232604980469,414.357666015625,2620571467.0,0.006936465115251922,414.5950317382813,354.9668273925781,331.1031188964844,300.4979248046875,508.0223083496094,164.67010498046875,400.22509329659596,355.0882277715774,320.70543009440104,368.67376929389104,0.031274572824118725,0.026575068889588337,0.04639851552962482,0.09238417146075807,25.495147705078125,2157787776.571429,1778485704.5238094,1787500820.8166666,3739422846.9055557,0.43503773078687313,0.19742632962674223,0.03342072569653487,-0.2420460705052785,1
2021-08-17,401.9089050292969,435.7232055664063,399.7459106445313,416.0691223144531,2572609791.0,-0.03727673553886657,417.4708557128906,371.9543762207031,322.74774169921875,302.4804992675781,339.0254821777344,195.93263244628903,404.50431169782365,359.29328991117933,321.79041697184243,369.8180819193522,0.036499366379070454,0.0287071696779152,0.04626820993448323,0.09144759653901559,35.977294921875,2218092628.714286,1811932790.2380953,1803478640.8166666,3719765193.5833335,-0.018301991227473002,0.17338892739885514,0.05658079640230107,-0.23704996396666878,1
2021-08-18,398.25146484375,412.3062438964844,387.8158874511719,401.8820495605469,2288117050.0,-0.009100172053366884,401.9089050292969,391.7570495605469,334.9187927246094,280.01861572265625,393.6127624511719,332.61602783203125,405.4320853097098,363.3324715750558,322.83272755940754,370.182723236084,0.03199888608327968,0.028957562862566285,0.046289991547298494,0.07543588708685364,24.4903564453125,2181727793.571429,1843431314.142857,1822600028.05,3632571703.922222,-0.11058526714594163,0.26248438302687904,0.021045365544451577,-0.2513744162409164,1
2021-08-19,430.9888610839844,431.2602233886719,391.49505615234375,396.494384765625,2549215331.0,0.08220282693267311,398.25146484375,385.8189697265625,337.8738708496094,264.7823791503906,326.2963256835937,255.9537353515625,411.88492693219865,368.77244349888394,324.34808858235675,371.1551406012641,0.04237794917559504,0.03276610221079453,0.04736894488009218,0.07358631627428046,39.765167236328125,2229177430.571429,1898890323.047619,1835809040.8166666,3592953340.727778,0.11411054386400377,0.11141179452033168,-0.04682154749645662,-0.35098387745126747,1
2021-08-20,454.9363098144531,457.6037292480469,422.0801696777344,430.97503662109375,2451578694.0,0.05556396207140546,430.9888610839844,410.9448852539063,342.1369934082031,292.5313720703125,299.50408935546875,293.923583984375,418.16941615513394,375.05944097609745,327.41395314534503,372.04965574476455,0.040676907540576096,0.03392343800379085,0.039153811054955,0.07290275429603327,35.5235595703125,2333084410.428571,1939969389.047619,1828135980.4833333,3559317868.366667,-0.03830066287954548,0.08696245403191294,-0.10213442990180754,-0.3764112917967395,1
2021-08-21,448.9202575683594,460.2557067871094,444.9776611328125,455.1333923339844,2120660728.0,-0.013223943915462444,454.9363098144531,409.0344848632813,355.7413635253906,293.6411437988281,262.9456787109375,267.5097961425781,423.8673836844308,380.5532822381882,330.5323226928711,373.0574916415744,0.04149948187573917,0.03433152901527992,0.038857373720632374,0.07256801624196296,15.278045654296875,2346983893.285714,1959144470.6190476,1795324585.8666666,3527289489.4944444,-0.13498158015889494,0.08303628926258688,-0.1936966404103161,-0.32714937826554447,1
2021-08-22,449.0534973144531,458.4028930664063,439.168212890625,449.2256164550781,1826865701.0,0.0002968004759140719,448.9202575683594,414.5950317382813,342.06475830078125,299.2829895019531,345.30963134765625,230.99424743652344,428.79002162388394,386.0565912155878,333.10837605794273,374.26893191867407,0.04182949827713456,0.03432092201637586,0.03581571358825298,0.07178431797202905,19.234680175781307,2347088394.571429,1960976610.9047618,1772934121.7333333,3491434560.4444447,-0.13853938214675143,0.06954521653176093,-0.23275376097932776,-0.33068306037852924,1
2021-08-23,499.8905944824219,509.34271240234375,447.6663818359375,449.10546875,3857489743.0,0.11320944491468832,449.0534973144531,417.4708557128906,354.9668273925781,302.0718688964844,344.1139831542969,254.359130859375,440.56427001953125,394.0940900530134,336.29993540445963,375.63299560546875,0.0563619966904857,0.040041899186563805,0.03799704755555552,0.07187891586991735,61.67633056640625,2523791005.428571,2080452539.4761906,1798498507.5666666,3473119938.733333,1.1115343842125154,-0.0808173663487769,-0.2409532359222889,-0.40180923377093924,0
2021-08-24,471.595458984375,504.1023254394531,461.7559814453125,500.21771240234375,2978438301.0,-0.056602656281907415,499.8905944824219,401.9089050292969,371.9543762207031,302.4361572265625,379.8543090820313,233.88595581054688,450.51949201311385,401.1820765904018,339.46617787679037,376.95360395643445,0.06038674318353843,0.04235359773534323,0.036892449894953334,0.07173959585116459,42.346343994140625,2581766506.857143,2157260479.3809524,1809506286.0333333,3467112078.888889,-0.22788173153154123,-0.01521797370648481,-0.1861236219718324,-0.3713898832866117,0
2021-08-25,502.7862548828125,506.295166015625,470.6392211914063,472.2020263671875,3289398273.0,0.0661388809078225,471.595458984375,398.25146484375,391.7570495605469,304.4782409667969,367.6557922363281,221.6804351806641,465.4530334472656,409.1757652646019,343.1886479695638,378.5153029547797,0.06007950733558998,0.04342049752986809,0.03754156575298004,0.07174103841551678,35.65594482421869,2724806681.571429,2252981245.428571,1832298790.6833334,3462235702.861111,0.10440369770144176,-0.025294106935837335,-0.2933054936784155,-0.4001752320139845,0
2021-08-26,479.006103515625,518.75634765625,472.0317687988281,503.552490234375,3277913533.0,-0.04729674118225469,502.7862548828125,430.9888610839844,385.8189697265625,313.60260009765625,329.8799133300781,225.2494354248047,472.31263950892856,415.89634777250745,346.3292994181315,379.92506222195095,0.06311609972701167,0.04582950532786605,0.03806999537094539,0.07185238059739832,46.724578857421875,2828906424.714286,2335206297.3809524,1861574215.3,3465139271.077778,-0.0034914410013129338,0.010260720006890933,-0.26957069259111455,-0.41629517244824055,1
2021-08-27,494.4986877441406,495.0123291015625,467.9011840820313,478.6301574707031,2563319587.0,0.03234318751850784,479.006103515625,454.9363098144531,410.9448852539063,313.4286499023437,305.0521545410156,209.57440185546875,477.9644077845982,423.15166655040923,349.74537556966146,381.50797492133245,0.0613283399515033,0.0459213530760824,0.038150258854636014,0.07164838615310082,27.111145019531193,2844869409.428571,2379937206.0,1875586563.5666666,3461992718.766667,-0.2180026833551012,-0.01191910530740048,-0.303978410407034,-0.4382157494202108,0
2021-08-28,486.1969299316406,496.8854064941406,483.3242492675781,494.6706237792969,1676741698.0,-0.01678823021830833,494.4986877441406,448.9202575683594,409.0344848632813,316.7494506835937,325.7840270996094,254.6299285888672,483.2896466936384,429.36383637927827,352.84513193766276,382.79445826212566,0.0616018887670186,0.04627979495683167,0.03813055763663427,0.06995898336675697,13.5611572265625,2781452405.142857,2369162821.8095236,1871091785.4666667,3443484302.861111,-0.34587099224627427,0.024437629101876857,-0.3085287001055317,-0.431812773789817,1
2021-08-29,480.2830200195313,495.6763000488281,477.2008056640625,486.2085876464844,1763538464.0,-0.012163610150604631,486.1969299316406,449.0534973144531,414.5950317382813,322.90936279296875,354.329345703125,239.5225372314453,487.7510070800781,435.94565836588544,355.7949178059896,384.1320164998372,0.06220863071379099,0.04507392799734333,0.038225481741640525,0.06980078530827913,18.475494384765625,2772405657.0,2379467804.8095236,1868758452.4,3420602500.9722223,0.051765138365396535,0.05067189971936559,-0.3065909497281534,-0.4040567892288648,1
2021-08-30,459.4907531738281,481.1316528320313,458.1532897949219,480.2899475097656,2007036766.0,-0.04329169672677091,480.2830200195313,499.8905944824219,417.4708557128906,333.5495910644531,362.7946472167969,241.09136962890625,481.97960117885043,440.92298816499255,358.6494567871094,385.34534640842014,0.045283630993113326,0.04667163442517641,0.038068721757078296,0.06989872809434354,22.978363037109432,2508055231.714286,2396544671.2380953,1879579152.0666666,3399376552.8333335,0.13807371201176144,0.07929270585981829,-0.19913601968254036,-0.3875277096219576,1
2021-08-31,464.4187316894531,477.2822265625,452.4851684570313,460.6239929199219,2378049328.0,0.010724869829449535,459.4907531738281,471.595458984375,401.9089050292969,333.4840087890625,401.2623291015625,229.945068359375,480.954354422433,445.3260527111235,361.5993840535482,386.647977871365,0.040949466844627844,0.0459986370787279,0.03804088961700654,0.06978951370178119,24.797058105468693,2422285378.428571,2407381504.6666665,1900319430.1166666,3381586051.35,0.18485588718906398,-0.10100786085071345,-0.16657680640643524,-0.3987363577504195,0
2021-09-01,490.0687255859375,490.0687255859375,455.7580871582031,464.2729187011719,2303587593.0,0.055230317268158746,464.4187316894531,502.7862548828125,398.25146484375,331.1031188964844,427.8079223632813,226.37255859375,479.1375645228795,450.00756109328495,364.7965774536133,388.1129565768772,0.03805255925112671,0.04609068011901772,0.038334326989678334,0.06986466627527972,34.310638427734375,2281455281.285714,2395996585.4761906,1920149601.7166667,3366774634.7944446,-0.0313121069959571,-0.15294909161287817,-0.1396243700872033,-0.431881240747932,0
2021-09-02,483.9210510253906,504.541259765625,480.0368957519531,489.8598937988281,2324361979.0,-0.012544515166105663,490.0687255859375,479.006103515625,430.9888610839844,322.74774169921875,391.3953247070313,226.66685485839844,479.8396998814174,454.67908877418154,367.7330602010091,389.5421465555827,0.03328350683884551,0.04601800211778157,0.03831483083809085,0.06987834106676401,24.504364013671875,2145233630.7142856,2401105828.6666665,1935765705.2666667,3354745066.172222,0.009018274826243955,-0.12946539804661938,-0.11535502179619561,-0.42673271478909325,0
2021-09-03,488.6047058105469,494.3952026367188,475.2258911132813,483.756591796875,2051522050.0,0.009678551439810112,483.9210510253906,494.4986877441406,454.9363098144531,334.9187927246094,390.4318542480469,240.17921447753903,478.9977024623326,458.3771754673549,370.8368387858073,390.9222881740994,0.030844900851566798,0.04436842997199085,0.03816639088520748,0.0697661045552439,19.1693115234375,2072119696.857143,2416691172.2380953,1944876573.15,3337911470.633333,-0.11738271898483843,-0.17802307084200908,-0.11890161011464973,-0.4314922258686261,0
2021-09-04,498.0784301757813,510.0576477050781,485.8561096191406,488.4070129394531,2310249697.0,0.019389343271916326,488.6047058105469,486.1969299316406,448.9202575683594,337.8738708496094,393.8202209472656,240.31866455078125,480.695059640067,462.6173633393787,373.7892323811849,392.3542868720161,0.03084963176471203,0.04430359301148405,0.03756517872419362,0.06977140172138042,24.2015380859375,2162620839.571429,2430352379.3333335,1946659643.1333334,3322875242.15,0.12611497253953474,-0.18581622953545718,-0.1452171473939704,-0.4401647591690576,0
2021-09-05,504.619873046875,505.11669921875,489.4749145507813,497.7048645019531,1899639214.0,0.013133359075166329,498.0784301757813,480.2830200195313,449.0534973144531,342.1369934082031,357.3102111816406,293.4632263183594,484.1717529296875,466.90426054454986,376.74085591634116,393.5273793538411,0.03013302370059899,0.0443020112154179,0.03753562342710091,0.06789415951737982,15.641784667968693,2182063803.857143,2433852618.4761906,1943866410.55,3285227310.016667,-0.17773424384957293,-0.17426314381329155,-0.12269379410844039,-0.4516943785520796,0
2021-09-06,495.9250183105469,508.8222351074219,488.678955078125,504.6980895996094,2206397359.0,-0.017230503990714685,504.619873046875,459.4907531738281,499.8905944824219,355.7413635253906,354.0013732910156,279.3580322265625,489.37664794921875,470.64017304920014,379.83248748779295,394.7305292765299,0.023749063567523248,0.04470613237699702,0.03685181077307177,0.0677974313142332,20.143280029296875,2210543888.571429,2414130041.904762,1949243281.7,3272237163.9555554,0.1614823187157053,-0.19531495425578738,-0.12204193958439724,-0.4703465518014833,0
2021-09-07,417.5087890625,504.6031494140625,372.3029479980469,496.0363464355469,4471687569.0,-0.15812113999649613,495.9250183105469,464.4187316894531,471.595458984375,342.06475830078125,375.7346801757813,289.7908020019531,482.6752275739397,471.38302466982884,381.51622517903644,395.44007364908856,0.06828851032704183,0.0570545147400452,0.04263337435007858,0.06884244225269236,132.30020141601562,2509635065.857143,2504562317.047619,2001128343.0,3271101360.327778,1.0266918607202702,-0.007838284069618617,0.05090422228667535,-0.3323222664427442,0
2021-09-08,415.1131591796875,425.4935607910156,384.2314453125,417.91888427734375,2940929033.0,-0.005737914854898718,417.5087890625,490.0687255859375,502.7862548828125,354.9668273925781,352.1831970214844,263.6858215332031,471.96728951590404,472.1859624953497,383.1657755533854,396.28133663601346,0.06171924908151629,0.05702237035131523,0.04264983782898259,0.06848151205283795,41.262115478515625,2600683843.0,2535648601.952381,2030482389.9,3265435328.572222,-0.3423223363394152,0.03929019142758938,0.009609166834038785,-0.32409397792805816,1
2021-09-09,421.27001953125,435.7174072265625,404.5211486816406,405.5805969238281,2392139922.0,0.014831763858628833,415.1131591796875,483.9210510253906,479.006103515625,371.9543762207031,345.9336853027344,276.1047058105469,463.0171421595982,471.7231605166481,384.819748433431,397.08781060112847,0.06323978325863874,0.05420249204707035,0.04263273797983861,0.0684126839157276,31.196258544921875,2610366406.285714,2528168820.571429,2050521298.8666666,3262592912.2555556,-0.18660399650656923,0.008021485672161877,0.0006633499891626204,-0.30351764567475814,1
2021-09-10,401.6217956542969,438.9221801757813,394.0628356933594,421.2688903808594,2306735739.0,-0.04664045141122508,421.27001953125,488.6047058105469,494.4986877441406,391.7570495605469,343.74102783203125,264.6367492675781,450.5910121372768,469.1843741280692,386.24130859375,397.84883863661025,0.06275341724890873,0.053582717515355996,0.04305991096743818,0.06843303219272331,44.85934448242193,2646825504.714286,2521271537.0,2062059064.35,3264051033.1944447,-0.035702001465113264,0.012476954438041643,0.008583970797721552,-0.26057535126554077,1
2021-09-11,405.5273742675781,415.3570251464844,400.29925537109375,401.2634887695313,1567255682.0,0.009724518578277275,401.6217956542969,498.0784301757813,486.1969299316406,385.8189697265625,366.6489562988281,254.66082763671875,437.3694327218192,467.11804635184154,387.8532455444336,398.6869861178928,0.06169162371792293,0.053630059069074386,0.042898675400796234,0.06836010294490913,15.057769775390625,2540683502.571429,2494918915.7619047,2067650662.3,3258932851.3722224,-0.3205742402554418,0.01302482081822065,0.019551905767478006,-0.27215304326257617,1
2021-09-12,416.6832275390625,421.2075805664063,398.0321350097656,405.399169921875,1671909230.0,0.02750949499188038,405.5273742675781,504.619873046875,480.2830200195313,410.9448852539063,368.7927551269531,258.1006774902344,424.8070547921317,465.57660493396577,389.64119313557944,399.5680002848307,0.06346979029584043,0.0540513422412562,0.04298991428986625,0.06837783175347285,23.175445556640682,2508150647.714286,2487540036.1904764,2068070098.8333333,3254745992.483333,0.06677503179726862,-0.019707004809476847,0.06523971654642247,-0.29524707855849874,0
2021-09-13,399.0634460449219,419.2820129394531,385.37603759765625,416.7966003417969,2194763765.0,-0.042285794890769446,416.6832275390625,495.9250183105469,459.4907531738281,409.0344848632813,373.566162109375,269.8548583984375,410.96968732561385,460.7753121512277,391.03818359375,400.28582577175564,0.06365857263377271,0.04774527890997816,0.04340011454223279,0.06840064916480464,33.905975341796875,2506488705.714286,2408362608.6666665,2067280927.4833333,3254320089.7777777,0.3127290199839379,-0.0929614940866107,0.1796362194778105,-0.3044290636852598,0
2021-09-14,414.2362365722656,414.3195495605469,396.41607666015625,399.206787109375,1598465255.0,0.03802099810874626,399.0634460449219,417.5087890625,464.4187316894531,414.5950317382813,347.033447265625,261.7048034667969,410.50217982700894,458.0439206077939,392.892360941569,401.1332226223416,0.03294001292363592,0.04754469011780802,0.043221068947663394,0.06839594686125124,17.903472900390625,2096028375.142857,2342649606.4761906,2065785144.9333334,3249611590.45,-0.2716914319022393,-0.16826540868428375,0.1395005029213494,-0.32553977756827124,0
2021-09-15,431.4230346679688,436.4163513183594,410.4539489746094,414.4934997558594,1838828414.0,0.041490329860856656,414.2362365722656,415.1131591796875,490.0687255859375,417.4708557128906,352.738525390625,264.05743408203125,412.8321620396206,454.64567202613466,395.074446105957,402.06303151448566,0.036382030582942496,0.045978663267083386,0.04341685397496538,0.06844956761351188,25.96240234375,1938585429.5714285,2273574851.285714,2074790495.5166667,3249419282.5833335,0.15037121279186016,-0.12049124028161828,0.09800033529345598,-0.372293867029972,0
2021-09-16,424.6492309570313,433.1927795410156,416.1762390136719,431.2905883789063,1720989872.0,-0.015701071029159963,431.4230346679688,421.27001953125,483.9210510253906,401.9089050292969,336.8096923828125,264.7416687011719,413.31490652901783,452.05724952334447,397.1105916341146,402.95140686035154,0.03698501512172425,0.04507438866732703,0.04351556030860891,0.06846692502472894,17.01654052734375,1842706851.0,2199435629.3333335,2082559999.2666667,3247842823.322222,-0.06408348984757417,-0.09614718202192685,0.09653432082113933,-0.3532201367368203,0
2021-09-17,406.6328125,425.7662353515625,401.842041015625,424.403564453125,1516642578.0,-0.04242658915554309,424.6492309570313,401.6217956542969,488.6047058105469,398.25146484375,335.7128295898437,264.8861694335937,414.03076607840404,447.8731602260045,399.2208282470703,403.73888821072046,0.03608994674065723,0.04495599423617707,0.04269923766747359,0.06855747995712062,23.9241943359375,1729836399.4285715,2149593867.0,2082591466.8833334,3246721039.25,-0.1187382315983786,-0.12619869017656438,0.1573722898134451,-0.31326415373013894,0
2021-09-18,410.8092956542969,420.0019836425781,401.7784423828125,406.4624328613281,1310349981.0,0.01027089557436267,406.6328125,405.5273742675781,498.0784301757813,430.9888610839844,340.06719970703125,255.9001922607422,414.7853262765067,444.2832728794643,401.6546101888021,404.59949434068466,0.036109182554445694,0.04508655563574471,0.04192833208079575,0.06849719394466879,18.223541259765625,1693135585.0,2132146642.3809524,2074106391.7166667,3241090142.111111,-0.13601925726761444,-0.14831504511529592,0.18086671377915486,-0.35173528397754206,0
2021-09-19,408.4716491699219,419.1825866699219,403.7186279296875,410.6031188964844,1243314915.0,-0.005690344666256508,410.8092956542969,416.6832275390625,504.619873046875,454.9363098144531,270.98443603515625,255.68966674804688,413.61224365234375,440.86368379138764,403.58694814046225,405.4482831319173,0.03440321295950558,0.04507131904955706,0.03999666324737813,0.0685004777972365,15.463958740234375,1631907825.7142856,2107374092.4285715,2062201251.3166666,3236828068.6444445,-0.051158138643877304,-0.15739130636179144,0.19506180107747606,-0.33393217186152735,0
2021-09-20,361.9659118652344,409.643310546875,357.2733154296875,408.5135498046875,2344102082.0,-0.11385303582070971,408.4716491699219,399.0634460449219,495.9250183105469,448.9202575683594,261.8180847167969,249.85137939453125,408.3125959123884,436.21964372907365,404.72569427490237,406.0711416456434,0.05355756393317636,0.050269850640771344,0.04290375699830484,0.06904091988803976,52.3699951171875,1653241871.0,2123424821.7619047,2076350976.95,3236596674.927778,0.8853647243506284,-0.07120750290513389,0.3841643875392584,-0.2641030835858226,0
2021-09-21,344.5346069335937,375.6661071777344,339.01434326171875,364.0535278320313,2045164899.0,-0.048157310841277834,361.9659118652344,414.2362365722656,417.5087890625,449.0534973144531,294.49029541015625,234.88543701171875,398.35522024972096,430.51087588355654,405.479887898763,406.68030370076497,0.049764474638578894,0.050695781261169866,0.043388896361715064,0.06898526038661008,36.651763916015625,1717056105.857143,2107573182.2857144,2079608720.15,3235099068.3055553,-0.12752737404035974,-0.03338420561732747,0.3678072333124591,-0.2314499663853189,0
2021-09-22,379.4403381347656,380.0084533691406,342.6800537109375,343.6654052734375,1678913732.0,0.10131269979476909,344.5346069335937,431.4230346679688,415.1131591796875,499.8905944824219,308.39703369140625,255.1045684814453,390.9291207449777,425.2428574335007,406.7693623860677,407.3710579766167,0.06565790364476384,0.054632894109339955,0.045193144663328966,0.06909507060965617,37.328399658203125,1694211151.2857144,2077826807.952381,2080178794.4666667,3232763669.861111,-0.17908148491062092,-0.030177984463104934,0.2614451070539183,-0.27392992528813886,0
2021-09-23,383.8204040527344,384.7772216796875,369.6520080566406,379.1556701660156,1576382603.0,0.011543490445691917,379.4403381347656,424.6492309570313,421.27001953125,471.595458984375,281.62091064453125,269.1023254394531,385.09643118722096,420.47615995861236,408.12576649983725,408.00838063557944,0.0665028218660907,0.05484294131403556,0.04519879502471385,0.06899452156621737,15.125213623046875,1673552970.0,2042208742.4285715,2083926457.9,3227867686.8777776,-0.061069921012475215,0.008433471598653597,0.2659734291736833,-0.2792820592656754,1
2021-09-24,355.3162841796875,385.31927490234375,335.5061950683594,383.8063049316406,2081157733.0,-0.0742642120431164,383.8204040527344,406.6328125,401.6217956542969,502.7862548828125,279.43804931640625,269.1912841796875,377.76549857003346,414.12909226190476,408.9730672200521,408.48685285780164,0.06989839127693454,0.05641387043492684,0.0463413696151496,0.06924271311088234,49.813079833984375,1754197992.142857,2043619965.4285715,2075744394.65,3225389996.1222224,0.32021105094624036,0.18667003807608418,0.3414333620429919,-0.2256606628323755,1
2021-09-25,349.8800964355469,360.6300659179688,344.19091796875,355.4073791503906,1388464569.0,-0.015299573890037332,355.3162841796875,410.8092956542969,405.5273742675781,479.006103515625,290.5670166015625,275.2146301269531,369.0613272530692,407.07202875046505,409.5776921590169,408.9016610039605,0.0688980868330769,0.05590919760651331,0.04627413706636532,0.06924377123766408,16.439147949218807,1765357219.0,1999725435.5238094,2067715120.95,3221617862.2777777,-0.3328402999043609,0.22355724717705083,0.3851747655948332,-0.2166995162876233,1
2021-09-26,344.1817626953125,352.6981506347656,320.3687438964844,349.88067626953125,1958526741.0,-0.016286533010271165,349.8800964355469,408.4716491699219,416.6832275390625,494.4986877441406,289.5341186523437,311.4264831542969,359.87705775669644,399.43211873372394,410.09024403889975,409.08363477918834,0.06863103758357492,0.05553310685065372,0.04633856077775938,0.06859324322605191,32.32940673828125,1867530337.0,2002529603.4761906,2073246432.5,3210056229.116667,0.4105701972723512,0.2508182194452493,0.3888738647515533,-0.19830773634110843,1
2021-09-27,336.19122314453125,357.2929992675781,335.7904663085937,344.6517028808594,1507056912.0,-0.02321604575503,344.1817626953125,361.9659118652344,399.0634460449219,486.1969299316406,300.2115478515625,302.0634460449219,356.19495936802457,391.82574753534226,410.41427357991535,409.27323354085286,0.05579463251947264,0.05555227504027548,0.04644559952413918,0.06857671898765794,21.502532958984432,1747952455.5714285,1969227677.4285715,2075287778.6333334,3198731581.8722224,-0.230515019044103,0.2663891025618914,0.33557322349381136,-0.1897422313851983,1
2021-09-28,333.0325927734375,344.27557373046875,330.0738525390625,335.8075561523437,1294330921.0,-0.009395338586027924,336.19122314453125,344.5346069335937,414.2362365722656,480.2830200195313,303.2958679199219,335.212890625,354.5518144880022,387.8030715215774,410.58299407958987,409.26112077501085,0.05314384662193211,0.045140589861650836,0.04641197569032326,0.06811407557904146,14.20172119140625,1640690458.7142856,1817924979.9047618,2070377988.85,3185262989.1222224,-0.14115325659313915,0.3293177780392442,0.4773795241776364,-0.15389296544282083,1
2021-09-29,367.9895935058594,375.0068664550781,331.4485168457031,333.3979187011719,2385693434.0,0.10496570453151755,333.0325927734375,379.4403381347656,431.4230346679688,459.4907531738281,288.2184143066406,339.0077209472656,352.9159938267299,385.55909220377606,411.15699412027993,409.42213117811417,0.054350659480925836,0.05162760717769073,0.04813583866330549,0.06853938052864562,43.558349609375,1741658987.5714285,1791485189.4761906,2081506479.1666667,3176569485.7611113,0.8431866188878601,0.18318934793618635,0.4392312736398707,-0.22881234417868612,1
2021-09-30,387.0573425292969,388.2687683105469,366.6442565917969,367.7860107421875,1796235646.0,0.051816000669415274,367.9895935058594,383.8204040527344,424.6492309570313,464.4187316894531,287.423095703125,323.1335144042969,353.37841360909596,383.92991710844495,412.0498830159505,409.7772635565864,0.05816142688348583,0.052932729714015775,0.04854768108069799,0.06853427296156958,21.62451171875,1773066565.142857,1763108795.3809524,2081637227.35,3170142101.3,-0.24708027427131696,0.13358332489033642,0.3639353801260654,-0.2657617876393735,1
2021-10-01,421.6431884765625,423.3442687988281,382.1313781738281,387.635986328125,2162493378.0,0.08935587094474973,387.0573425292969,355.3162841796875,406.6328125,490.0687255859375,298.23712158203125,351.6243896484375,362.8536856515067,384.8833167666481,413.5588841756185,410.1662568834093,0.05490122810400306,0.05554210030972218,0.0497668897475562,0.06854251932834732,41.212890625,1784685943.0,1756240111.5238094,2095203862.9333334,3164374428.7,0.2039029415854272,-0.006026749073058335,0.24362127801126832,-0.32912015311654175,0
2021-10-02,428.0983276367188,438.1070251464844,411.038330078125,421.4770812988281,1740937420.0,0.015309482843727018,421.6431884765625,349.8800964355469,410.8092956542969,483.9210510253906,307.7320861816406,367.7724914550781,374.0277186802455,385.9581240699405,415.3147272745768,410.5014004177517,0.052217781955263165,0.05558532885586565,0.049620746599100624,0.06847438725339224,27.068695068359375,1835039207.4285715,1764510670.4761906,2101461627.2166667,3151418258.961111,-0.19493976827336212,-0.015297557172742504,0.287685292893618,-0.3355893094959298,0
2021-10-03,430.5088195800781,437.1003723144531,421.9388732910156,427.3511047363281,1470899248.0,0.005630696939804114,428.0983276367188,344.1817626953125,408.4716491699219,488.6047058105469,302.37799072265625,403.59075927734375,386.3601553780692,386.6164855957031,416.9078943888346,410.6509451972114,0.04954293398679902,0.055328052404588685,0.0494451707563894,0.06811013090415828,15.1614990234375,1765378137.0,1754938766.5714285,2104655578.25,3130270764.661111,-0.15511078623377517,-0.05909173750486729,0.28788913634045943,-0.3332727011217833,0
2021-10-04,425.7489013671875,430.7255859375,411.9521484375,430.5845031738281,1647171955.0,-0.01105649407492626,430.5088195800781,336.19122314453125,361.9659118652344,498.0784301757813,320.934814453125,374.6588134765625,399.1541094098772,387.88722156343005,418.3724782307943,410.93477901882596,0.04738948529140796,0.05446273530135358,0.04948848952224077,0.06788961240136991,18.7734375,1785394571.7142856,1728862966.0952382,2106255320.1333334,3106219704.138889,0.1198400959410919,-0.028873108191992847,0.3354791863487334,-0.30405349030244555,0
2021-10-05,442.7061462402344,443.9142456054688,424.1143493652344,426.2142028808594,1526827785.0,0.03982921580911403,425.7489013671875,333.0325927734375,344.5346069335937,504.619873046875,327.5224609375,418.0383911132813,414.82175990513394,389.24293154761904,420.0486307779948,411.0718221028646,0.04312373075779427,0.05451979166351447,0.049683067188584555,0.06741952789219212,19.799896240234432,1818608409.4285715,1725451658.0,2104636274.7833333,3089422544.266667,-0.07306108487015861,0.0026233585483017574,0.2643540403519917,-0.3355916395267118,1
2021-10-06,435.4013671875,442.4793090820313,415.667724609375,442.40625,2006344571.0,-0.016500288317141232,442.7061462402344,367.9895935058594,379.4403381347656,495.9250183105469,310.4271240234375,453.178466796875,424.45201328822543,389.432375953311,421.37629750569664,410.97306043836807,0.03779781354995063,0.05402314743293839,0.04955681574625565,0.06715726413479539,26.811584472656307,1764415714.7142856,1733428617.857143,2106358621.5333333,3074451264.0333333,0.3140608198979036,0.0811856147008756,0.3979011485899997,-0.34167832975590495,1
2021-10-07,438.7617492675781,449.9358825683594,424.3091735839844,434.9619140625,1962989705.0,0.007717895103969807,435.4013671875,387.0573425292969,383.8204040527344,417.5087890625,316.4845275878906,472.5603332519531,431.8383571079799,390.1044006347656,422.9879140218099,410.78529052734376,0.03620787258747011,0.05388495288511134,0.049234605194499396,0.06708942880574494,25.626708984375,1788237723.142857,1744952419.4285715,2113289552.9333334,3051130815.7444444,-0.0216088834523529,0.07580572073633896,0.4497935467222913,-0.3545866778602029,1
2021-10-08,419.10205078125,441.5137939453125,416.7060241699219,438.4752502441406,2678048368.0,-0.04480722970757123,438.7617492675781,421.6431884765625,355.3162841796875,415.1131591796875,316.14013671875,525.3855590820312,431.47533743722096,390.6981738862537,424.0568344116211,410.1948265923394,0.026808157228946607,0.053987560263446074,0.04946756222212632,0.06667044631675272,24.807769775390625,1861888436.0,1800257457.047619,2130449982.8833334,3034356512.766667,0.3642702053804199,0.1302799302358908,0.5520182717188558,-0.34032874938397173,1
2021-10-09,421.5494689941406,425.9748229980469,416.8238525390625,418.7559814453125,1404867667.0,0.00583967128848073,419.10205078125,428.0983276367188,349.8800964355469,421.27001953125,322.0316467285156,598.72265625,430.539786202567,391.2096107119606,424.88341929117837,409.21053110758464,0.02610391133164546,0.05396563866881915,0.049132268451242904,0.06585787439714226,9.150970458984375,1813878471.2857144,1804758299.2380953,2118023180.2333333,2961959579.111111,-0.475413631887025,0.1045974204777369,0.5521665915098115,-0.3399634251921676,1
2021-10-10,405.0693054199219,422.0504150390625,402.8292541503906,421.7956848144531,1437068558.0,-0.03909425770015096,421.5494689941406,430.5088195800781,344.1817626953125,401.6217956542969,316.32818603515625,549.5865478515625,426.9055698939732,391.04759434291293,425.105290222168,408.40765753851997,0.029237053209541584,0.054709673868909146,0.04898695794966845,0.06563520064858946,19.221160888671875,1809045515.5714285,1813984663.1904762,2099596474.6,2917533122.0333333,0.022920942489026652,0.1618395741650296,0.56810354251475,-0.32898875043310594,1
2021-10-11,413.4562072753906,423.5501098632813,401.2212524414063,404.5274658203125,1473121389.0,0.020704856535042282,405.0693054199219,425.7489013671875,336.19122314453125,405.5273742675781,308.8111572265625,549.5918579101562,425.1494707380022,393.49951317196803,425.5659108479818,407.6513483683268,0.031139857822924652,0.0480587372494677,0.048995976172784866,0.06565242813533395,22.328857421875,1784181149.0,1772509392.0952382,2087197366.55,2884315205.038889,0.02508775993970369,0.17330690509164626,0.4881336048295364,-0.3436514093860755,1
2021-10-12,443.8675231933594,443.8675231933594,392.5707702636719,413.48675537109375,3142304145.0,0.07355389853347316,413.4562072753906,442.7061462402344,333.0325927734375,416.6832275390625,309.4063720703125,542.632080078125,425.3153817313058,398.2296520414807,426.11462148030597,407.1026563856337,0.040276108368224026,0.048358454258050326,0.04919075565623998,0.06586902919840323,51.2967529296875,2014963486.142857,1824754118.0952382,2110831938.3833334,2876172106.7833333,1.133092471851958,0.09976251750557652,0.4190998463971394,-0.3895227874494892,1
2021-10-13,470.7496948242188,471.6569213867188,434.4466247558594,444.4056396484375,5149146903.0,0.060563502004963965,443.8675231933594,435.4013671875,367.9895935058594,399.0634460449219,315.2440185546875,510.2201843261719,430.3651428222656,402.57771664574034,427.1432083129883,406.8833758884006,0.04493886325075423,0.045372330462991536,0.04974771792519317,0.065858517479179,37.21029663085943,2463935247.857143,1990003316.7142856,2162928314.3,2866521335.5333333,0.6386532510525011,0.06430302603619475,0.331158626292549,-0.42251389028808495,1
2021-10-14,472.02239990234375,482.6448669433594,461.8553466796875,470.5386657714844,2486819344.0,0.0027035706918518976,470.7496948242188,438.7617492675781,387.0573425292969,414.2362365722656,302.985595703125,520.416748046875,435.11666434151783,406.77781168619794,428.10033111572267,406.61451839870875,0.04505957007254868,0.04541076827906257,0.049730399153028335,0.06584442653705311,20.789520263671875,2538768053.428571,2033357447.2380953,2173939733.5,2851473670.272222,-0.5170424556053883,-0.0016216866239139316,0.37727388808467976,-0.42891021857178047,0
2021-10-15,473.70263671875,476.7559509277344,453.9000854492188,472.6004028320313,2804538828.0,0.0035596548315373067,472.02239990234375,419.10205078125,421.6431884765625,431.4230346679688,300.4979248046875,481.03424072265625,442.916748046875,412.4152570452009,429.0375274658203,406.57378726535376,0.038198727915029235,0.04108615137890745,0.0497282300314112,0.06558872069051294,22.855865478515568,2556838119.142857,2067804166.047619,2177005856.1833334,2829766630.161111,0.1277613851470829,0.010429583576854196,0.37410696155102907,-0.4333911985140335,1
2021-10-16,465.6424560546875,483.5578002929688,463.511474609375,473.9946899414063,1904086807.0,-0.01701527506769618,473.70263671875,421.5494689941406,428.0983276367188,424.6492309570313,302.4804992675781,505.0929260253906,449.2157461983817,417.9277503603981,430.0997533162435,406.3546179877387,0.04035341224517479,0.041150165437384,0.04951611351855471,0.06550553462391334,20.046325683593807,2628155139.142857,2092357605.952381,2165863806.45,2800670993.977778,-0.32106955054786646,0.0435183192324744,0.3595165921579597,-0.41474417774291716,1
2021-10-17,470.6255493164063,472.2980041503906,455.4051818847656,465.72210693359375,1646437501.0,0.010701544064387392,465.6424560546875,405.0693054199219,430.5088195800781,406.6328125,280.01861572265625,587.0291137695312,458.5809238978795,423.9488830566406,431.30598805745444,405.7079315185547,0.03293626613326001,0.04055828061474206,0.04949552268704081,0.06439608767385191,16.892822265625,2658064988.142857,2077496213.5714285,2155169147.3,2757979401.977778,-0.13531384443860595,0.012765070591898686,0.2532742364567604,-0.41458220098255305,1
2021-10-18,485.1110229492188,487.4996948242188,467.5847778320313,470.9144287109375,1999805026.0,0.03077919091696768,470.6255493164063,413.4562072753906,425.7489013671875,410.8092956542969,264.7823791503906,546.0235595703125,468.8173261369978,431.0403020949591,432.20802408854166,405.3695285373264,0.03308439278180295,0.03966486558102585,0.048554751813374576,0.0642148825517334,19.9149169921875,2733305507.714286,2100960409.4761906,2146012308.8833334,2722109980.2,0.2146255322691415,-0.0009604860759085954,0.19167107340295275,-0.43679991555170894,0
2021-10-19,488.14886474609375,497.2583312988281,481.9736328125,485.0994262695313,1844483840.0,0.006262157842562344,485.1110229492188,443.8675231933594,442.7061462402344,408.4716491699219,292.5313720703125,506.0130004882813,475.1432320731027,438.42679123651413,432.7615666707357,405.2702833387587,0.02489639872515981,0.039262545592529334,0.048067363805771195,0.06397086048451406,15.284698486328125,2547902607.0,2127158167.5238094,2135894061.3166666,2686007330.15,-0.07766816463636594,-0.020739185411644767,0.09031823753215096,-0.44283112508878975,0
2021-10-20,501.0203247070313,505.2679443359375,482.24603271484375,488.0538330078125,1890415594.0,0.026367898996615624,488.14886474609375,470.7496948242188,435.4013671875,361.9659118652344,293.6411437988281,526.5652465820312,479.4676077706473,444.7615879603795,433.62990112304686,405.1283671061198,0.01598116930287443,0.03406947318166313,0.04812202832887543,0.06393150391783035,23.02191162109375,2082369562.857143,2103573508.4761906,2132056642.4166667,2647100984.172222,0.024902226305219433,-0.10381281264782305,0.16069307785857379,-0.46255419695915945,0
2021-10-21,471.2569274902344,504.6486206054688,467.42236328125,501.3478393554688,3081793454.0,-0.05940556849505241,501.0203247070313,472.02239990234375,438.7617492675781,344.5346069335937,299.2829895019531,496.4150695800781,479.3582545689174,448.7710920061384,433.9999582926432,404.9885996500651,0.030625021308892785,0.03666250569478618,0.048791129333912636,0.06394279140070003,37.22625732421881,2167365864.285714,2164790546.952381,2152972104.9666667,2641609644.25,0.6302200763585111,0.044049444678903704,0.28133931117220934,-0.4269825951015749,1
2021-10-22,478.6431579589844,498.0141906738281,470.9593811035156,470.9593811035156,1962748496.0,0.01567346820361193,471.2569274902344,473.70263671875,419.10205078125,379.4403381347656,302.0718688964844,505.0770568847656,480.0640433175223,451.4853762672061,433.6458343505859,404.841744656033,0.031185064693190306,0.03191089891434463,0.04659828475700483,0.06394050382515604,27.0548095703125,2047110102.5714285,2155278885.904762,2121393084.1833334,2633517638.1,-0.3631148468264609,0.10650726442232017,0.22281963244617398,-0.4349036694875773,1
2021-10-23,485.9064331054688,485.9064331054688,473.1125793457031,478.9422607421875,1170864603.0,0.015174718421665734,478.6431579589844,465.6424560546875,421.5494689941406,383.8204040527344,302.4361572265625,534.5776977539062,482.95889718191967,454.2381431942894,433.8843505859375,404.57134874131947,0.030289901709027407,0.03190906044594913,0.046028912085646925,0.06380777667609536,12.793853759765682,1942364073.4285715,2128132561.2857144,2091266855.8833334,2617395403.2555556,-0.4034566296261729,0.08646679205149121,0.1506886430515615,-0.43197257762786534,1
2021-10-24,476.6331176757813,486.8027038574219,468.1982116699219,485.9901428222656,1246191889.0,-0.019084570192703487,485.9064331054688,470.6255493164063,405.0693054199219,355.3162841796875,304.4782409667969,568.4705200195312,483.81712123325894,456.43453834170384,433.44846496582034,404.06114095052084,0.031663585843612535,0.032396062065221914,0.04531166060193671,0.06365726151020193,18.6044921875,1885186128.857143,2117432210.857143,2057213416.15,2601814690.016667,0.06433475382806497,0.10014269145824573,0.24086966109145957,-0.4251817449693994,1
2021-10-25,484.6450805664063,488.8943176269531,474.8721618652344,475.92425537109375,1337787876.0,0.016809496850940464,476.6331176757813,485.1110229492188,413.4562072753906,349.8800964355469,313.60260009765625,562.632568359375,483.75055803571433,459.23911830357144,433.5424479166667,403.6278771294488,0.029960391493251918,0.032260622238138664,0.04492835568675945,0.06366221027920585,14.02215576171875,1790612250.2857144,2102699635.6666667,2024877988.5333333,2588975818.8333335,0.07350070868580327,0.1374425172456133,0.19963112805674754,-0.4131117037186297,1
2021-10-26,478.0250549316406,489.774169921875,475.2862854003906,484.7068786621094,1486193826.0,-0.013659533337321506,484.6450805664063,488.14886474609375,443.8675231933594,344.1817626953125,313.4286499023437,599.70654296875,482.30429949079246,460.9209710984003,433.26788736979165,402.95186886257596,0.030239747894580223,0.03161788540360803,0.04478029623339707,0.06348691527204983,14.487884521484375,1739427962.5714285,2100764685.2380953,2006925892.5166667,2560644012.322222,0.11093384284789254,0.15987148814872398,0.2629677427592383,-0.3925486109005246,1
2021-10-27,449.0079956054688,486.1675109863281,440.4450073242188,478.1210632324219,2340091135.0,-0.06070196326910393,478.0250549316406,501.0203247070313,470.7496948242188,336.19122314453125,316.7494506835937,624.08056640625,474.87396676199785,461.56890578497024,432.64807179768883,401.97924346923827,0.03401523806576901,0.03440845387687842,0.04542094998559181,0.06358109566178412,45.72250366210932,1803667325.5714285,2116657378.7619047,2017981716.4666667,2541748085.0277777,0.574553126289195,0.26629993664147045,0.30320026501563824,-0.36116033785959645,1
2021-10-28,492.0155334472656,494.9148864746094,447.6197204589844,448.8858337402344,2626956133.0,0.09578345655917087,449.0079956054688,471.2569274902344,472.02239990234375,333.0325927734375,322.90936279296875,619.3472290039062,477.8394818987166,464.10480026971726,432.84361368815104,401.27184516059026,0.047978152938597245,0.04004170997751975,0.047051324709749605,0.06397545719130304,47.295166015625,1738690565.4285715,2148274827.714286,2032372010.95,2533755035.0111113,0.12258710513853566,0.13764153087961972,0.22015820879877124,-0.3942992234700058,1
2021-10-29,529.6221313476562,533.4754028320312,488.8721618652344,492.43255615234375,2667451365.0,0.07643376142395986,492.0155334472656,478.6431579589844,473.70263671875,367.9895935058594,333.5495910644531,622.1010131835938,485.12219238281256,469.36766124906995,434.0124699910482,400.7580735948351,0.05479136289315039,0.04104386095610663,0.04765406680112805,0.06422270784604192,44.603240966796875,1839362403.857143,2147770208.5238094,2043378920.9333334,2527656517.311111,0.015415267689968593,0.14921192915469716,0.15434530602677388,-0.42559432747104553,1
2021-10-30,527.9212036132812,539.9388427734375,511.9313049316406,529.8226928710938,2194893915.0,-0.003211587344446709,529.6221313476562,485.9064331054688,465.6424560546875,387.0573425292969,333.4840087890625,675.68408203125,491.1243024553572,474.43298194521947,435.070844523112,399.93716871473526,0.05526622324360125,0.041159123290948965,0.04765223722255251,0.06390735525273737,28.007537841796875,1985652305.5714285,2185390506.047619,2040326330.7166667,2510545546.1666665,-0.1771569132245453,0.20494109401730354,0.18258189729972774,-0.40567874691844963,1
2021-10-31,524.3644409179688,534.7709350585938,510.5654602050781,528.5473022460938,2076289915.0,-0.006737298428191041,527.9212036132812,476.6331176757813,470.6255493164063,421.6431884765625,331.1031188964844,611.2003173828125,497.9430629185268,480.11370268322173,435.64243977864584,399.45474717881945,0.054251981270029954,0.039749291503958395,0.047176166943202355,0.06350235396743342,24.205474853515625,2104237737.857143,2215829618.285714,2036538036.0833333,2490257294.4166665,-0.05403632457562302,0.24046176622625026,0.18747537447386486,-0.37760707571607977,1
2021-11-01,551.2559204101562,552.0736694335938,512.17626953125,524.7382202148438,2535579529.0,0.0512839494705446,524.3644409179688,484.6450805664063,485.1110229492188,428.0983276367188,322.74774169921875,651.6627197265625,507.45889718191967,486.6755937848772,436.76468760172526,398.89693162706163,0.05598500638307517,0.04059268621372644,0.04755529448644807,0.06342677447232346,39.89739990234375,2275350831.142857,2266422863.047619,2040058328.5833333,2480741351.338889,0.22120687996502642,0.18695324297754468,0.139165194180503,-0.41120008831041777,1
2021-11-02,554.4476318359375,564.022705078125,538.3999633789062,551.74755859375,2401108112.0,0.0057898905165616465,551.2559204101562,478.0250549316406,488.14886474609375,430.5088195800781,334.9187927246094,633.2803955078125,518.3764081682477,491.9413132440476,437.86206970214846,398.45897182888456,0.054505879564274336,0.03829737201386574,0.04754910689335567,0.06338948413380112,25.62274169921875,2406052872.0,2231127813.857143,2045884762.95,2471997506.3444443,-0.05303379975347644,0.14562778578324465,0.11727441554281293,-0.4225774900457614,1
2021-11-03,568.5787963867188,570.2593383789062,538.531005859375,554.557373046875,2567651316.0,0.02548692381278439,554.4476318359375,449.0079956054688,501.0203247070313,425.7489013671875,337.8738708496094,624.5632934570312,535.4579511369977,496.59984188988096,439.0370758056641,398.1479468451606,0.0404606900106457,0.036777802546020706,0.047590710928398706,0.06340476423701537,31.72833251953125,2438561469.285714,2108199452.5714285,2050174789.9333334,2465939367.5111113,0.06936097677887476,0.08213334735999145,0.04582863467121534,-0.4201032784271965,1
2021-11-04,559.7373046875,569.1212768554688,544.8768310546875,568.578125,2260479871.0,-0.015550160778780131,568.5787963867188,492.0155334472656,471.2569274902344,442.7061462402344,342.1369934082031,646.100830078125,545.1324898856027,500.7767421177455,439.95569966634116,397.66814948187937,0.033928648659398104,0.037164271585560744,0.04763470502334022,0.06336924981763743,24.24444580078125,2386207717.571429,2097421382.4285715,2056188800.8833334,2456770190.6,-0.11963129225759717,0.12533563282161864,0.016686337934054496,-0.36683446126897556,1
2021-11-05,608.6480712890625,615.5808715820312,555.0560913085938,559.3905029296875,3675930507.0,0.08738164526816594,559.7373046875,529.6221313476562,478.6431579589844,435.4013671875,355.7413635253906,662.2285766601562,556.4219098772321,507.2027151925223,441.8344172159831,397.37048000759546,0.03711616787844138,0.04088836981239448,0.0487874117637793,0.0636696778637684,60.5247802734375,2530276166.428571,2138916224.2857144,2080681020.0166667,2453186177.0666666,0.6261726344742133,0.0295646148400186,-0.08357044511230849,-0.4261811716500754,1
2021-11-06,636.1139526367188,636.1139526367188,596.7644653320312,608.2634887695312,2779927044.0,0.045126046796609254,608.6480712890625,527.9212036132812,485.9064331054688,438.7617492675781,342.06475830078125,631.3519897460938,571.8780168805804,515.3204055059524,445.4778366088867,397.39693535698785,0.03643039988457356,0.040872192886057444,0.04413121162332232,0.06364853623656683,39.3494873046875,2613852327.714286,2180622902.2380953,2052485011.2666667,2439977797.3722224,-0.24374874913814581,0.021993187355589194,-0.07366256924833992,-0.4664645031404926,1
2021-11-07,650.4540405273438,669.3458251953125,632.0792846679688,638.18603515625,3017167868.0,0.022543268908321812,636.1139526367188,524.3644409179688,476.6331176757813,419.10205078125,354.9668273925781,672.3339233398438,589.8908168247768,523.8836669921875,449.40018463134766,397.27538045247394,0.03339309111999023,0.040880777665280664,0.0441331105982159,0.06349322217319577,37.26654052734375,2748263463.857143,2245895776.857143,2053755658.5166667,2429709533.7555556,0.08534066550848673,0.0007134251831113492,-0.1087919449295438,-0.4818779869342694,1
2021-11-08,654.3150024414062,655.7136840820312,632.6870727539062,650.4674072265625,2828112534.0,0.005935795111569053,650.4540405273438,551.2559204101562,484.6450805664063,421.5494689941406,371.9543762207031,588.1851806640625,604.613542829241,531.9409993489584,453.28426767985025,397.64276835123695,0.033364573042811756,0.04080056332459842,0.04412629629855612,0.06277549915642458,23.026611328125,2790053893.142857,2285338991.5238094,2061021868.7166667,2421468150.9333334,-0.06265986589778971,-0.032501711473105654,-0.07140632391061552,-0.49918575017091416,0
2021-11-09,635.1906127929688,657.0405883789062,632.3316650390625,654.0003662109375,2198989754.0,-0.029228108139168207,654.3150024414062,554.4476318359375,478.0250549316406,405.0693054199219,391.7570495605469,571.4345092773438,616.1482543945312,538.9429873511905,457.1770812988281,397.9969689263238,0.03892897525546037,0.04190623352028482,0.04381490205056437,0.06277759863695619,24.70892333984375,2761179842.0,2302220225.5238094,2059226102.3,2392478570.8444443,-0.22245323424601748,-0.07142381499770878,-0.10003552429272589,-0.5798849770101038,0
2021-11-10,615.278076171875,662.3065185546875,578.0742797851562,635.0383911132812,3653998344.0,-0.03134891514460081,635.1906127929688,568.5787963867188,449.0079956054688,413.4562072753906,385.8189697265625,603.1282958984375,622.819580078125,544.3838326590402,460.6729263305664,398.06446770562064,0.043331000588080135,0.04289684019902481,0.044116943087673416,0.06270278101761555,84.23223876953125,2916372274.571429,2386200356.4761906,2094005146.6666667,2392025925.822222,0.6616713822123612,-0.06043658010006436,-0.10127326273252812,-0.5057843609521386,0
2021-11-11,629.892333984375,634.8444213867188,606.4091796875,615.4552001953125,2341652507.0,0.02375228108797023,615.278076171875,559.7373046875,492.0155334472656,443.8675231933594,410.9448852539063,563.0416870117188,632.8417271205357,551.9378996349517,464.2264114379883,398.4358601888021,0.041661807469930756,0.03983131840990139,0.044091326576610614,0.06251163491451904,28.43524169921875,2927968365.428571,2350955549.4761906,2105167534.6166666,2385699577.672222,-0.35915337486534993,-0.15503399367218873,-0.10409687605497431,-0.5398887381159743,0
2021-11-12,626.6425170898438,634.5205688476562,604.1627197265625,629.1442260742188,2209163398.0,-0.005159321235066572,629.892333984375,608.6480712890625,529.6221313476562,470.7496948242188,409.0344848632813,562.829833984375,635.4123622349331,558.9854881649926,468.01939595540364,398.79037509494356,0.028474484060632133,0.04006331141238109,0.04363382229178555,0.0625139401867532,30.35784912109375,2718430207.0,2362689592.428571,2105407528.5,2375487178.4666667,-0.05657932105807528,-0.07198952050913854,-0.0890755749221942,-0.5494380442179736,0
2021-11-13,650.1041259765625,655.3208618164062,620.5878295898438,627.07958984375,2106170805.0,0.03744018040090147,626.6425170898438,636.1139526367188,527.9212036132812,472.02239990234375,414.5950317382813,511.9643859863281,637.4109584263393,566.804425920759,471.95052744547525,399.55781809488934,0.026743174027744718,0.0403986751940812,0.0436272207158185,0.062176827060949756,34.7330322265625,2622179315.714286,2407227983.0,2113869287.6666667,2358724623.7222223,-0.04662063163514352,-0.07116413705511793,-0.1985720812076942,-0.5745613260946592,0
2021-11-14,650.9180908203125,659.99267578125,634.5494995117188,650.062255859375,2101401990.0,0.0012520530346231684,650.1041259765625,650.4540405273438,524.3644409179688,473.70263671875,417.4708557128906,508.0223083496094,637.4772513253348,575.1037103562128,475.60877838134763,400.3516835530599,0.025381738833484484,0.039786975823316174,0.04341976602995996,0.06217154163946599,25.44317626953125,2491355618.857143,2447952273.5238094,2118245513.9333334,2350686763.1,-0.0022642109503554497,-0.1008173551442233,-0.21460260925776975,-0.5720222957320087,0
2021-11-15,633.0486450195312,660.044189453125,631.9422607421875,650.943115234375,2146877925.0,-0.027452679611748798,650.9180908203125,654.3150024414062,551.2559204101562,465.6424560546875,401.9089050292969,339.0254821777344,634.4392002650669,582.1705467587426,479.082101949056,401.98514556884766,0.027232879873784057,0.0408818583278421,0.04355385552931244,0.056893831599569164,28.1019287109375,2394036389.0,2486480371.095238,2125343648.15,2313836397.938889,0.021640759462686177,-0.1167708539319191,-0.1453627113878897,-0.5626338898032746,0
2021-11-16,589.8228759765625,635.2603759765625,574.1801147460938,634.9476318359375,3772957260.0,-0.06828190753276964,633.0486450195312,635.1906127929688,554.4476318359375,470.6255493164063,398.25146484375,393.6127624511719,627.9580950055804,587.4942525227865,482.1352696736654,403.07520175509984,0.03581660509067389,0.044296571247002224,0.044180613420934906,0.055941697764406495,61.08026123046875,2618888889.857143,2595373867.952381,2162948892.85,2295387053.3,0.757415834437815,0.0027409910408666693,-0.10778889319137741,-0.5387062538843986,1
2021-11-17,578.0927734375,593.1080932617188,554.3214111328125,589.3280639648438,2704847734.0,-0.019887500157807714,589.8228759765625,615.278076171875,568.5787963867188,485.1110229492188,430.9888610839844,326.2963256835937,622.6459089006696,593.6411467052642,484.92332763671874,404.4740709092882,0.03492738876786457,0.04182048801018775,0.044316083614207254,0.05441662093907008,38.78668212890625,2483295945.571429,2612743229.8095236,2186190522.0666666,2275462974.7944446,-0.28309611066201157,0.005712839567070471,-0.0906194939920637,-0.5365599982769309,1
2021-11-18,532.2376098632812,587.9127197265625,518.423095703125,578.0348510742188,2917116815.0,-0.07932146133145934,578.0927734375,629.892333984375,559.7373046875,488.14886474609375,454.9363098144531,299.50408935546875,608.6952340262277,595.5564836774554,486.98609364827473,405.76703491210935,0.04043825618663119,0.04192949230510668,0.04566309929417207,0.05439217825359178,69.4896240234375,2565505132.428571,2626560405.142857,2214087220.4,2270162274.7,0.07847727557147577,0.13432462009676183,0.0031071602756869154,-0.48534267809349374,1
2021-11-19,581.5308227539062,585.8994750976562,525.2415161132812,531.505126953125,2481119529.0,0.09261505007751558,532.2376098632812,626.6425170898438,608.6480712890625,501.0203247070313,448.9202575683594,262.9456787109375,602.2507062639509,598.028326125372,490.6455088297526,407.53695237901474,0.05986908919338861,0.043437473562437906,0.04427956688674642,0.05395007403886908,60.657958984375,2604356008.285714,2617687460.571429,2216370844.516667,2254300529.05,-0.14946171636256533,0.00621895860335453,-0.08866043696756476,-0.5315851475067541,1
2021-11-20,603.8400268554688,604.8842163085938,574.0227661132812,581.478515625,2336197759.0,0.03836289192018172,581.5308227539062,650.1041259765625,636.1139526367188,471.2569274902344,449.0534973144531,345.30963134765625,595.6415492466518,601.6435081845239,494.96726582845054,408.97323235405815,0.05998950787725401,0.04397170481868995,0.043796743063377754,0.04884966885090725,30.8614501953125,2637217001.714286,2624416215.047619,2221221392.1833334,2233577865.0333333,-0.05840983004088074,-0.0058015943088843835,-0.13360749152331652,-0.5624087072937636,0
2021-11-21,585.2942504882812,605.1771240234375,580.5870971679688,604.4089965820312,2055539646.0,-0.030713062305203098,603.8400268554688,650.9180908203125,650.4540405273438,478.6431579589844,499.8905944824219,344.1139831542969,586.2667149135044,604.544927687872,498.3981643676758,410.31312272813585,0.06029849079949733,0.0446611659192702,0.04244348539935889,0.0489160862861503,24.59002685546875,2630665238.285714,2623428107.0,2227498490.75,2213571544.5055556,-0.12013456990907079,0.044546090755257284,-0.09667488089267995,-0.5657427721954341,1
2021-11-22,559.1270141601562,585.1484985351562,554.270263671875,584.8157958984375,2251971535.0,-0.04470783081551721,585.2942504882812,633.0486450195312,654.3150024414062,485.9064331054688,471.595458984375,379.8543090820313,575.7064819335938,604.9197416759673,501.3199412027995,411.3090822007921,0.06130699283932615,0.04472755007388956,0.04298445907548666,0.04847588086287019,30.87823486328125,2645678611.142857,2609922964.428571,2238758306.2833333,2201068288.0944443,0.09556219914427277,0.11658003062417355,-0.045574717405379106,-0.5236782804702285,1
2021-11-23,591.4395751953125,605.0904541015625,559.0416259765625,559.5701904296875,2927434189.0,0.05779109257257353,559.1270141601562,589.8228759765625,635.1906127929688,476.6331176757813,502.7862548828125,367.6557922363281,575.9374389648438,606.6812627883185,505.2553293863932,412.5523254394531,0.061900456505604454,0.04637889381237997,0.04211534507356214,0.04857164140110242,46.048828125,2524889601.0,2634986110.952381,2252862913.883333,2195299309.422222,0.2999428027850273,0.05280384836306906,-0.07221996448763512,-0.49640258258234704,1
2021-11-24,581.3953247070312,594.8309936523438,577.5083618164062,591.195556640625,2917418688.0,-0.016982716256287556,591.4395751953125,578.0927734375,615.278076171875,484.6450805664063,479.006103515625,329.8799133300781,576.4092320033482,607.2915736607143,509.1139165242513,413.9496332804362,0.06173864138514793,0.046325462466309794,0.04213262361190821,0.04793675005098346,17.3226318359375,2555256880.142857,2651641700.095238,2278345482.5333333,2186602608.7611113,-0.003421255732283912,0.08011112393039332,-0.0679284549677337,-0.48326411795773927,1
2021-11-25,603.730224609375,646.9588012695312,587.8598022460938,590.3569946289062,2537227998.0,0.03841602942644662,581.3953247070312,532.2376098632812,629.892333984375,478.0250549316406,494.4986877441406,305.0521545410156,586.6224626813616,609.386474609375,513.439724222819,415.6089558919271,0.05082684168592825,0.046793350607247056,0.042160137456059524,0.04763036267695948,59.0989990234375,2500987049.142857,2664820182.3333335,2287990503.483333,2183642664.983333,-0.13031749318800556,0.026071130047204072,-0.09342582067298888,-0.5021324334914891,1
2021-11-26,585.1473388671875,657.512939453125,566.5331420898438,639.0036010742188,4254504824.0,-0.030780114999561237,603.730224609375,581.5308227539062,626.6425170898438,449.0079956054688,486.1969299316406,325.7840270996094,587.1391078404018,608.2673921130952,517.5889928181966,417.0498631795247,0.041726695198444665,0.04332258986339767,0.04227312239317039,0.04746887340283884,90.97979736328125,2754327805.571429,2692371340.285714,2333781302.016667,2189243719.711111,0.6768318918732033,0.01621582605042171,-0.06520125994909387,-0.46784606616380797,1
2021-11-27,600.3367919921875,621.3866577148438,584.7943115234375,587.1033325195312,2485529516.0,0.025958339235389705,585.1473388671875,603.8400268554688,650.1041259765625,492.0155334472656,480.2830200195313,354.329345703125,586.6386457170759,606.5637177966889,522.0440628051758,418.416571214464,0.0401397546369189,0.04249662210954827,0.04224253703093179,0.04708587080185946,36.59234619140625,2775660913.714286,2678352410.3809524,2353634611.9333334,2181576151.2166667,-0.4157887653625564,-0.052069974556518295,-0.06279027539676518,-0.4879052977058166,0
2021-11-28,611.3668212890625,612.737548828125,574.55126953125,601.0064086914062,2731676788.0,0.018373068990611863,600.3367919921875,585.2942504882812,650.9180908203125,529.6221313476562,459.4907531738281,362.7946472167969,590.363298688616,604.7024216424851,526.1003499348958,419.79752773708765,0.038147849931264965,0.04238631540715336,0.04040789701773548,0.047074678474781556,38.186279296875,2872251934.0,2664757597.047619,2359401001.1666665,2177720048.611111,0.0990321259174296,-0.08764580995971305,-0.12502932621876772,-0.5198835756602467,0
2021-11-29,624.31005859375,628.4968872070312,602.4429321289062,611.7626342773438,2425803182.0,0.021170984184906816,611.3668212890625,559.1270141601562,633.0486450195312,527.9212036132812,464.4187316894531,401.2623291015625,599.6751621791294,603.2736147925967,530.0545618693034,421.03668178982207,0.030703447718926087,0.04266011794179386,0.04005338088849689,0.04646839930233486,26.053955078125,2897085026.428571,2645600008.857143,2369893793.4333334,2166269785.266667,-0.11197283929917112,-0.056148212831821365,-0.17668987327416907,-0.5266804292551074,0
2021-11-30,622.6698608398438,635.1295166015625,604.8676147460938,623.9569702148438,2781531694.0,-0.0026272166070826497,624.31005859375,591.4395751953125,589.8228759765625,524.3644409179688,490.0687255859375,427.8079223632813,604.1366315569196,602.6773885091146,533.4050064086914,422.11924811469186,0.025062623690640086,0.04218378059369003,0.03865286581231098,0.04623292830629958,30.26190185546875,2876241812.857143,2673340101.2380953,2380211098.7,2157443914.6833334,0.14664360020614398,-0.06902531047637273,-0.16663747253799643,-0.5169280529568098,0
2021-12-01,627.9715576171875,650.253173828125,619.1972045898438,621.8128662109375,2806563703.0,0.008514458641362355,622.6698608398438,581.3953247070312,578.0927734375,551.2559204101562,483.9210510253906,391.3953247070313,610.7903791155134,603.2818400065104,536.7362269083659,423.43356051974826,0.022620317137198944,0.041600232560170154,0.03863879195239857,0.04575837549640978,31.05596923828125,2860405386.428571,2632986070.714286,2397971536.75,2145527875.2833333,0.008999361414430807,-0.03245176303368569,-0.18514094025223427,-0.5349849825332409,0
2021-12-02,619.4701538085938,629.8849487304688,606.6478271484375,627.5718383789062,2378758113.0,-0.013537880347402997,627.9715576171875,603.730224609375,532.2376098632812,554.4476318359375,488.6047058105469,390.4318542480469,613.0389404296875,602.7855457124256,539.8855824788411,424.70599551730686,0.020676102684471533,0.041411640060440784,0.03873055879368689,0.04577413879912318,23.23712158203125,2837766831.428571,2634753004.3333335,2413102517.8333335,2136764625.2833333,-0.15243038650528717,-0.0771968862392739,-0.14870358333532852,-0.526163618161036,0
2021-12-03,594.635986328125,628.3163452148438,579.84521484375,620.2990112304688,2483348354.0,-0.04008936883848979,619.4701538085938,585.1473388671875,581.5308227539062,568.5787963867188,498.0784301757813,393.8202209472656,614.3944614955357,601.2614251999628,542.7003672281901,425.82163865831166,0.023396487703403128,0.042321619219013736,0.03913683040595937,0.04588826370527065,48.47113037109375,2584744478.571429,2647809430.8095236,2427038791.15,2138883684.7222223,0.043968422189885725,-0.07007501963558493,-0.10634963288743893,-0.5113596426220907,0
2021-12-04,569.0772705078125,596.148681640625,495.13226318359375,596.148681640625,4458419873.0,-0.04298212084024289,594.635986328125,600.3367919921875,603.8400268554688,559.7373046875,504.619873046875,357.3102111816406,609.9288155691964,597.4030035109747,544.8065526326498,426.9981223212348,0.02623262013699711,0.0422468620636541,0.039394763712496214,0.045454339381568065,101.01641845703125,2866585958.142857,2759821291.1904764,2475898659.2833333,2147390234.2277777,0.795326002418749,-0.008355211126152673,-0.10005896761414546,-0.48638205265213763,0
2021-12-05,557.7830810546875,581.8065795898438,543.6355590820312,568.6514282226562,2394235567.0,-0.019846495438214706,569.0772705078125,611.3668212890625,585.2942504882812,608.6480712890625,495.9250183105469,354.0013732910156,602.2739955357143,592.9680030459449,546.8462478637696,428.1302429199219,0.023866577819998885,0.04232975725872741,0.03942799846662255,0.04547795792616987,38.1710205078125,2818380069.428571,2773765747.2380953,2482363509.2166667,2135740863.45,-0.46298562378581964,0.02337986575359907,-0.09013715052811566,-0.4828199644632869,1
2021-12-06,589.2561645507812,593.3837280273438,534.263671875,557.9497680664062,3567503629.0,0.056425310421002184,557.7830810546875,624.31005859375,559.1270141601562,636.1139526367188,417.5087890625,375.7346801757813,597.2662963867188,590.8826468331473,549.3544881184896,429.31647338867185,0.03385312945351522,0.04416887790252916,0.03998463034211934,0.04544416768710565,59.12005615234375,2981480133.285714,2841414590.285714,2509105407.95,2135874725.0777779,0.49003869049949667,-0.11581477119228767,-0.193802331855212,-0.5072525683438998,0
2021-12-07,579.6898803710938,593.7992553710938,573.3385009765625,589.1107788085938,2112954675.0,-0.016234508445033158,589.2561645507812,622.6698608398438,591.4395751953125,650.4540405273438,415.1131591796875,352.1831970214844,591.1262991768973,590.4001232328869,552.030951944987,430.5803994072808,0.03390160712842093,0.041682336964389895,0.03954051857807,0.04519720881522506,20.46075439453125,2885969130.571429,2762366848.142857,2499687179.733333,2133696623.5944445,-0.4077217867912083,-0.11809850848195014,-0.18357104328770546,-0.5095922260258576,0
2021-12-08,607.5927734375,607.7808837890625,567.6162109375,579.1826782226562,2245501623.0,0.04813417313502866,579.6898803710938,627.9715576171875,581.3953247070312,654.3150024414062,421.27001953125,345.9336853027344,588.2150442940848,591.8048851376489,555.1316736857096,432.03406100802954,0.040172548182658946,0.04269071176681665,0.03990960166509263,0.045288370185956585,40.1646728515625,2805817404.857143,2740493223.8095236,2513697745.6666665,2133560945.511111,0.06273061583774853,-0.10955659581307509,-0.26301216498573554,-0.5218225378711777,0
2021-12-09,571.6489868164062,616.6473388671875,568.03955078125,606.6359252929688,2132955304.0,-0.05915769277132643,607.5927734375,619.4701538085938,603.730224609375,635.1906127929688,401.6217956542969,343.74102783203125,581.3834490094866,593.6816173735119,557.9080017089843,433.3002163357205,0.04534200776283009,0.040931557772854364,0.04038263885618404,0.045527333925745594,48.6077880859375,2770702717.857143,2703152199.4761906,2525295858.1,2133484244.9166667,-0.050120791651728,-0.07942367933365058,-0.24735954281794903,-0.49953480163192054,0
2021-12-10,552.9668579101562,594.5972290039062,551.73583984375,570.9810180664062,2089946472.0,-0.03268111959804809,571.6489868164062,594.635986328125,585.1473388671875,615.278076171875,405.5273742675781,366.6489562988281,575.4307163783482,592.3214285714286,560.2331792195638,434.33531578911675,0.044617910578269776,0.03626437780075519,0.04065275160700478,0.045363977729868186,42.86138916015625,2714502449.0,2684524911.047619,2535576276.15,2133029056.6555555,-0.020163963079462666,-0.04929872141896152,-0.20645683590018293,-0.4789466864036538,0
2021-12-11,564.322509765625,572.1915283203125,542.565673828125,553.6710815429688,1824951693.0,0.020535863394029574,552.9668579101562,569.0772705078125,600.3367919921875,629.892333984375,416.6832275390625,368.7927551269531,574.75146484375,590.4396420433408,562.2407623291016,435.421592203776,0.043101483233758085,0.0354780429476772,0.03971748202283255,0.04538174649867864,29.6258544921875,2338292709.0,2660179860.285714,2513620401.95,2130549815.0444446,-0.1267950076952976,-0.053925108102437225,-0.24700190139154166,-0.4960498536642346,0
2021-12-12,570.823974609375,574.18505859375,559.5152587890625,564.1414184570312,1307635490.0,0.011520832026442163,564.322509765625,557.7830810546875,611.3668212890625,626.6425170898438,399.0634460449219,373.566162109375,576.6144496372768,589.7505812872024,563.9086669921875,436.5174689398872,0.04236749545642092,0.03499974190853863,0.03904900005236162,0.04538020049245017,14.6697998046875,2183064126.571429,2624565376.6666665,2449595211.733333,2125333702.1722221,-0.2834684364437037,-0.07156659588254544,-0.1879838073303266,-0.5160010606925723,0
2021-12-13,521.0115966796875,572.8823852539062,511.99847412109375,571.1774291992188,1900967743.0,-0.08726399055641454,570.823974609375,589.2561645507812,624.31005859375,650.1041259765625,414.2362365722656,347.033447265625,566.8652256556919,587.9355614071801,564.7251536051432,437.48401421440974,0.04729957877432437,0.03871549319908444,0.04078679459113237,0.04554482328493109,60.8839111328125,1944987571.4285715,2607850910.3809524,2439831018.383333,2126860470.8333333,0.453744378718262,0.004128274533536702,-0.06526568914186481,-0.47803140581336967,1
2021-12-14,511.2293701171875,536.2976684570312,510.4207763671875,520.6317138671875,2232411089.0,-0.018775448809278616,521.0115966796875,579.6898803710938,622.6698608398438,650.9180908203125,431.4230346679688,352.738525390625,557.0851527622768,584.1160278320312,565.3505991617839,438.3645189073351,0.04730740328193169,0.03626828314591431,0.04087842526656381,0.04556373697279977,25.87689208984375,1962052773.4285715,2574754572.285714,2430295556.0666666,2131600744.3555555,0.17435506058452876,0.03419527405861178,-0.07081020470196797,-0.4753205653975856,1
2021-12-15,541.0269775390625,546.578125,503.0374755859375,528.4280395507812,2079796859.0,0.05828618065320579,511.2293701171875,607.5927734375,627.9715576171875,633.0486450195312,424.6492309570313,336.8096923828125,547.5757533482143,582.1937255859375,566.6070078531901,439.49905938042536,0.04972417295272517,0.03878945849394651,0.04143409342920525,0.04560383832337761,43.5406494140625,1938380664.2857144,2534867818.5238094,2433224056.9333334,2134188834.7333333,-0.06836296000857212,-0.01364445646785839,-0.09456006451128174,-0.522623227897068,0
2021-12-16,526.2465209960938,545.1519775390625,525.1216430664062,541.40380859375,1500825557.0,-0.027319259771850457,541.0269775390625,571.6489868164062,619.4701538085938,589.8228759765625,406.6328125,335.7128295898437,541.0896868024554,578.5040254138764,567.5340240478515,440.55757988823785,0.04639517551335423,0.03794906125968436,0.0416100361098074,0.04565954479520744,20.03033447265625,1848076414.7142856,2485515321.3333335,2430797191.2,2136188788.85,-0.27837877506862796,0.04271630915389579,-0.05939887889419915,-0.5606005400356738,1
2021-12-17,525.706298828125,535.4282836914062,511.7005004882813,526.1488037109375,1804795681.0,-0.001026557224447222,526.2465209960938,552.9668579101562,594.635986328125,578.0927734375,410.8092956542969,340.06719970703125,537.1953212193081,575.6734996977307,568.2106119791666,441.58890821668837,0.04544143290209109,0.03752391298838941,0.04144867923642276,0.045655338388671064,23.727783203124943,1807340587.4285715,2368862505.0,2427547035.45,2136456128.3833334,0.20253527972138596,0.030807581689997532,-0.05188901371062826,-0.5386601184789994,1
2021-12-18,533.891357421875,537.8184204101562,517.3238525390625,526.17236328125,1294574825.0,0.015569641474708629,525.706298828125,564.322509765625,569.0772705078125,532.2376098632812,408.4716491699219,270.98443603515625,532.8480137416294,572.5094313848587,568.9729868570963,443.04950222439237,0.04498929320762349,0.03717033720620769,0.041481616966767526,0.042956221155079057,20.49456787109375,1731572463.4285715,2312150376.857143,2418381885.2,2127470642.3333333,-0.28270283521362216,0.025164062503572504,-0.1089762687264012,-0.5295739782304799,1
2021-12-19,529.9720458984375,543.7507934570312,527.772705078125,534.0184936523438,1199582659.0,-0.007341028224100876,533.891357421875,570.823974609375,557.7830810546875,581.5308227539062,361.9659118652344,261.8180847167969,527.0120239257812,568.6334896995908,569.4555155436198,444.53924645317926,0.044253895289729346,0.03678671202152091,0.04137876197970635,0.04286881746753577,15.97808837890625,1716136344.7142856,2239193513.571429,2406868002.95,2111416410.411111,-0.073377115146666,0.03212046625948317,-0.10937742929855843,-0.5459047165619686,1
2021-12-20,523.1624755859375,534.7802124023438,506.370361328125,529.72802734375,1467380399.0,-0.012848923570970672,529.9720458984375,521.0115966796875,589.2561645507812,603.8400268554688,344.5346069335937,294.49029541015625,527.3192923409598,563.8169381277902,570.3206080118815,445.8096474541558,0.02872998590273172,0.03626978572677909,0.0406420241673008,0.04193465016872531,28.40985107421875,1654195295.5714285,2193554333.428571,2379961118.7,2101955781.8,0.22324242351355972,0.07546222397169045,-0.11533776958835873,-0.5188023814751548,1
2021-12-21,528.7109985351562,535.1061401367188,517.76025390625,523.388427734375,1461697111.0,0.010605735709550812,523.1624755859375,511.2293701171875,579.6898803710938,585.2942504882812,379.4403381347656,308.39703369140625,529.816667829241,559.3427065894717,571.1550720214843,447.03361392551,0.027489922990191457,0.0364775907414501,0.040619548414595426,0.04181280309823977,17.34588623046875,1544093298.7142856,2130705067.5714285,2371610262.2833333,2097167284.6777778,-0.0038730843098851997,0.011758864545753589,-0.16777704010700945,-0.5346285920035334,1
2021-12-22,533.6449584960938,544.6470947265625,527.6388549804688,528.7727661132812,1597323976.0,0.00933205470400189,528.7109985351562,541.0269775390625,607.5927734375,559.1270141601562,383.8204040527344,281.62091064453125,528.7620936802456,554.8509637741815,571.9507141113281,448.4337475246853,0.015188349119845965,0.03649554349092935,0.04059556042086858,0.04125818041769428,17.00823974609375,1475168601.142857,2073122223.4285715,2378717918.5,2093163686.8055556,0.09278725666168475,-0.03681130070903926,-0.2821558463631154,-0.5392243080624926,0
2021-12-23,548.725830078125,552.5286865234375,524.7810668945312,533.7183227539062,1867124970.0,0.028260121906767077,533.6449584960938,526.2465209960938,571.6489868164062,591.4395751953125,355.3162841796875,279.43804931640625,531.9734235491071,551.4821864536831,573.1522593180339,449.9297907511393,0.014153918991474694,0.03725760195617224,0.04063162052658057,0.04128620433517923,27.74761962890625,1527497088.7142856,2048758740.4285715,2389066803.1833334,2092859670.0055556,0.1689081226187017,-0.054336973839875014,-0.34740422035957774,-0.5514186418642977,0
2021-12-24,541.9020385742188,554.1250610351562,538.2337036132812,549.0022583007812,1677259160.0,-0.012435703095906248,548.725830078125,525.706298828125,552.9668579101562,581.3953247070312,349.8800964355469,290.5670166015625,534.2871006556919,548.9710460844494,574.1065419514974,451.3260964287652,0.015682814027692685,0.03643842992112084,0.0406404841298181,0.04122084482290746,15.891357421875,1509277585.7142856,2010373540.7142856,2394724657.9166665,2093725620.5833333,-0.10168886017308199,-0.05571805130200136,-0.29150670668984024,-0.5485613429170595,0
2021-12-25,547.3262329101562,550.865966796875,540.54541015625,542.4671020507812,1305388019.0,0.01000954775923879,541.9020385742188,533.891357421875,564.322509765625,603.730224609375,344.1817626953125,289.5341186523437,536.2063685825893,547.9352823893229,575.2615615844727,452.7582748413086,0.015157708890701364,0.03540770908536887,0.0405941413659044,0.04121877593682444,10.320556640625,1510822327.7142856,1860229166.7142856,2391711227.8,2091407894.6277778,-0.22171358479866643,-0.0364928803722554,-0.32148518527068004,-0.5557649530917179,0
2021-12-26,546.9949951171875,549.4100341796875,537.4617309570312,547.3241577148438,1576727325.0,-0.0006051926128363139,547.3262329101562,529.9720458984375,570.823974609375,585.1473388671875,336.19122314453125,300.2115478515625,538.6382184709821,547.4215640113467,576.8946782430013,454.1292939927843,0.01454474673539111,0.03515044510094492,0.03972624719415205,0.04114835352620847,11.94830322265625,1564700137.142857,1821300202.8095238,2378988497.633333,2089353999.8555555,0.20786103599132244,-0.028516399191873765,-0.2968503227974755,-0.5535639445630568,0
2021-12-27,562.6414794921875,571.5488891601562,543.50634765625,546.5078735351562,2180356553.0,0.028604437910163982,546.9949951171875,523.1624755859375,521.0115966796875,600.3367919921875,333.0325927734375,303.2958679199219,544.278076171875,546.1541980561756,578.07177734375,455.5701029459635,0.01468655683249635,0.033384160310158215,0.03800694052777527,0.041186179241501204,28.04254150390625,1666553873.4285715,1755245580.142857,2371545171.3,2090891878.2166667,0.38283679012158944,-0.08976496579961768,-0.33215826357910416,-0.561716139538688,0
2021-12-28,534.9280395507812,563.59033203125,530.0599365234375,563.59033203125,2791585162.0,-0.04925594886182061,562.6414794921875,528.7109985351562,511.2293701171875,611.3668212890625,367.9895935058594,288.2184143066406,545.1662248883929,544.0226818266369,578.1602091471354,456.94071197509766,0.026949488776717493,0.034850515356899696,0.037345951846740465,0.04118285271856309,33.5303955078125,1856537880.7142856,1787561317.6190476,2373614067.9166665,2098857380.3055556,0.28033424540541185,-0.051262850341859956,-0.2707649281553801,-0.5435985703757567,0
2021-12-29,514.0007934570312,540.6157836914062,511.7453308105469,534.8500366210938,2159325741.0,-0.03912160991097824,534.9280395507812,533.6449584960938,541.0269775390625,624.31005859375,387.0573425292969,287.423095703125,542.3599155970982,539.5659208751861,577.9282023111979,458.19947696261937,0.030708924070922915,0.03359937621601148,0.037698251499402126,0.04130660503579518,28.870452880859375,1936823847.142857,1783457704.1904762,2373021265.016667,2104555675.2833333,-0.22648759909120053,-0.07576612361689972,-0.24886423130436086,-0.5204682089854773,0
2021-12-30,518.9097290039062,527.5682983398438,509.0034790039063,514.5702514648438,1950603827.0,0.009550443519471763,514.0007934570312,548.725830078125,526.2465209960938,622.6698608398438,421.6431884765625,298.23712158203125,538.1004725864956,537.0545276460193,577.8372904459635,459.4254358927409,0.028036096121494877,0.031591224797874136,0.03770570479333707,0.041232192701661945,18.564819335937443,1948749398.142857,1774774300.5238094,2370926496.883333,2109204711.5611112,-0.09666068904608127,-0.08794231868317093,-0.2500954207788758,-0.526354572204977,0
2021-12-31,511.7083129882813,527.6973266601562,507.8857116699219,519.123046875,2020489898.0,-0.01387797455532147,518.9097290039062,541.9020385742188,525.706298828125,627.9715576171875,428.0983276367188,307.7320861816406,533.7870832170759,535.0898350306919,577.178163655599,460.5586371527778,0.028082751610271173,0.031002047562123845,0.037153283001300795,0.04120010860823058,19.811614990234375,1997782360.7142856,1771466844.6190476,2362341669.7,2112721901.1833334,0.035827916480346333,-0.12491458258511723,-0.26205436680542993,-0.5185749554290766,0
2022-01-01,527.3527221679688,527.3527221679688,511.9035339355469,511.9103698730469,1622547014.0,0.030572904099069653,511.7083129882813,547.3262329101562,533.891357421875,619.4701538085938,430.5088195800781,302.37799072265625,530.9337245396206,533.3293689546131,576.7265818277995,461.8084967719184,0.03116435944515497,0.03146056177009479,0.03736226691036532,0.041218183269926024,15.449188232421875,2043090788.5714285,1761828526.5714285,2349365651.4,2113375662.5,-0.19695366177970364,-0.18413969114182893,-0.28837512833983037,-0.5370518290950373,0
2022-01-02,531.3966674804688,533.3710327148438,518.7535400390625,527.2916259765625,1462276185.0,0.007668388049416386,527.3527221679688,546.9949951171875,529.9720458984375,594.635986328125,425.7489013671875,320.934814453125,528.7053920200893,531.4518781389509,576.106879679362,462.97772928873695,0.03150832963907643,0.031384381607819624,0.037225614198825065,0.04099392617532185,14.61749267578125,2026740625.7142856,1769192369.1904762,2330942732.55,2109259055.2055554,-0.0987773097587421,-0.17424572466953347,-0.27462133328769645,-0.5379423339351509,0
2022-01-03,512.135986328125,532.0955810546875,510.6521606445313,531.3888549804688,1949153130.0,-0.03624539318935727,531.3966674804688,562.6414794921875,523.1624755859375,569.0772705078125,442.7061462402344,327.5224609375,521.4903215680804,531.0292300269717,575.3135243733724,464.00335998535155,0.029922795473655624,0.026050682983842305,0.03746306114990497,0.04108160292291905,21.443420410156193,1993711565.2857144,1771486911.4285715,2325753953.5333333,2108603054.988889,0.3329582673877711,-0.17027159153152305,-0.28247244970584573,-0.519398424662334,0
2022-01-04,507.506103515625,519.70166015625,503.2153625488281,512.1303100585938,2200879165.0,-0.009040338769581435,512.135986328125,534.9280395507812,528.7109985351562,557.7830810546875,435.4013671875,310.4271240234375,517.5729021344866,530.8519316173736,573.6278249104818,465.0982432047526,0.02529507063340774,0.025794471696295874,0.03564042674657933,0.040881196926319245,16.486297607421875,1909324994.2857144,1769985391.2380953,2301169764.5,2110364688.738889,0.12914636163039694,-0.08667441172438173,-0.2692151995555009,-0.48942547065657405,0
2022-01-05,475.0569458007813,515.2391967773438,462.05755615234375,507.5978088378906,2870757788.0,-0.06393845806003129,507.506103515625,514.0007934570312,533.6449584960938,589.2561645507812,438.7617492675781,316.4845275878906,512.0094953264509,527.7105015345983,570.9435414632161,465.9792010837131,0.031492489099168026,0.025767133757802048,0.03595541288725047,0.04117151602862216,53.181640625,2010958143.857143,1807650197.3809524,2302683610.233333,2118765654.8333333,0.304368651243059,0.025155868315026364,-0.1600383794448984,-0.46022712891765016,1
2022-01-06,473.2756042480469,481.0628356933594,460.2485046386719,475.0790710449219,4400228627.0,-0.0037497432012739695,475.0569458007813,518.9097290039062,548.725830078125,579.6898803710938,419.10205078125,316.14013671875,505.4903346470424,525.1880769275484,567.9905675252279,466.8521759033203,0.030446829236984205,0.025294274549866103,0.035783574445259834,0.041173507757121836,20.8143310546875,2360904543.857143,1945717010.2380953,2325734622.883333,2136657557.1,0.532775995729529,0.003705049459015397,-0.12482281256579131,-0.4509179119948389,1
2022-01-07,447.7884826660156,474.2962036132813,439.260009765625,473.00006103515625,4613172287.0,-0.053852599528187994,473.2756042480469,511.7083129882813,541.9020385742188,607.5927734375,421.5494689941406,322.0316467285156,496.3589303152902,521.4777047293528,564.5484588623046,467.550824991862,0.03422773952776285,0.027443139444264086,0.036312259921032444,0.04137460361942514,35.03619384765631,2731287742.285714,2079449229.5714285,2355485618.766667,2155676262.116667,0.04839377179025828,0.093970592374512,-0.06307201059242085,-0.4165038918409586,1
2022-01-08,430.24615478515625,458.4837951660156,419.1954650878906,447.8568115234375,4068139021.0,-0.0391754780659318,447.7884826660156,527.3527221679688,547.3262329101562,571.6489868164062,405.0693054199219,316.32818603515625,482.486563546317,516.5422188895091,561.1327178955078,468.18370259602864,0.02699323104354885,0.02776587648964523,0.03644420291139446,0.041464553303765486,39.288330078125,3080658029.0,2211523715.095238,2386638106.55,2169307757.733333,-0.11814717337479752,0.15047644731218068,0.0069335280423052925,-0.3622602602043111,1
2022-01-09,438.8030700683594,444.4932556152344,428.239501953125,430.2531127929688,3347862691.0,0.019888417799982516,430.24615478515625,531.3966674804688,546.9949951171875,552.9668579101562,413.4562072753906,308.8111572265625,469.25890677315846,512.2008390880767,558.1914677937825,468.9058798895942,0.029943526709884788,0.028514680288538798,0.03643606435875912,0.04143734036602054,16.253753662109375,3350027529.857143,2313822764.2380953,2381535845.6666665,2181063884.8777776,-0.177053027510094,0.1358806523455287,-0.0684277485744712,-0.3785332038733129,1
2022-01-10,424.9337768554688,445.0361633300781,408.6987915039063,438.78564453125,4156063326.0,-0.03160710158825897,438.8030700683594,512.135986328125,562.6414794921875,564.322509765625,443.8675231933594,309.4063720703125,456.8014482770647,507.5232820056734,554.7754918416341,469.5476988050673,0.029744854753894302,0.028946455060694046,0.0363975273228201,0.04151663740994468,36.33737182617182,3665300415.0,2441855284.571429,2411776025.983333,2195004553.1444445,0.24140793980967956,0.11949177800136868,-0.0058085079031301445,-0.3474521032760879,1
2022-01-11,463.518310546875,467.2810668945313,422.00091552734375,424.8912048339844,4600615710.0,0.0908012866779706,424.9337768554688,507.506103515625,534.9280395507812,570.823974609375,470.7496948242188,315.2440185546875,450.5174778529576,504.4188682919458,552.056755065918,470.3714448716905,0.053579273194553835,0.03612443817415267,0.03847872997301861,0.042017073576375345,45.28015136718756,4008119921.428571,2591327598.8095236,2451633564.516667,2208107340.1666665,0.1069647763110142,0.018309428512286452,-0.10441675607601719,-0.38503722009869523,1
2022-01-12,487.0074157714844,489.3273010253906,457.1161193847656,463.562744140625,4131335431.0,0.05067567923453997,463.518310546875,475.0569458007813,514.0007934570312,521.0115966796875,472.02239990234375,302.985595703125,452.2246878487723,502.1980329241072,549.3384765625,471.39378831651476,0.05244195208675215,0.038055567659209276,0.03875890604713286,0.042048304942147015,32.211181640625,4188202441.857143,2711994810.952381,2485386308.2833333,2221680246.961111,-0.10200379874805932,-0.04966111904813664,-0.17778994563254047,-0.40901855271304977,0
2022-01-13,475.0291137695313,488.2112426757813,467.8756103515625,487.0425720214844,4151007744.0,-0.02459572814302602,487.0074157714844,473.2756042480469,518.9097290039062,511.2293701171875,473.70263671875,300.4979248046875,452.4751892089844,498.6886654808409,546.4069936116537,472.3634060329861,0.05358201111115115,0.03758379157953349,0.038842368538398925,0.04209155585314859,20.335632324218807,4152599458.571429,2820751133.5238094,2519546404.1833334,2237527471.211111,0.004761732211910452,-0.0737295475696198,-0.1508104907735277,-0.38165263308157127,0
2022-01-14,489.867431640625,491.66064453125,468.9396057128906,475.127197265625,3112235914.0,0.031236649377858416,475.0291137695313,447.7884826660156,511.7083129882813,541.0269775390625,465.6424560546875,302.4804992675781,458.48646763392856,496.21082705543165,544.0206400553385,473.4044445461697,0.048257127204730584,0.03841918124517666,0.038993125891306636,0.042141950796753744,22.721038818359375,3938179976.714286,2889083359.904762,2535635704.0,2247846450.4722223,-0.25024569792756335,-0.21800493596551596,-0.185725047184222,-0.376890359168242,0
2022-01-15,494.9880676269531,501.3111267089844,486.305908203125,489.9179992675781,1766015929.0,0.010453105586502254,489.867431640625,430.24615478515625,527.3527221679688,526.2465209960938,470.6255493164063,280.01861572265625,467.73531232561385,493.7185334705172,542.4400599161784,474.5987192789714,0.042459002958718906,0.03842744601474668,0.038091046017156065,0.04173906806030503,15.005218505859375,3609305249.285714,2911018022.285714,2502186681.8166666,2249242347.1833334,-0.4325571782473814,-0.27655597314610336,-0.1845039839963195,-0.38974155550550693,0
2022-01-16,498.4279174804688,505.3009643554688,489.5021362304688,494.9241027832031,1771927950.0,0.006949359143154421,494.9880676269531,438.8030700683594,531.3966674804688,525.706298828125,485.1110229492188,264.7823791503906,476.2531476702009,491.4058154878163,541.1123123168945,475.8967500474718,0.04279471045517749,0.0384968697685535,0.0380374171060006,0.041508980768835045,15.798828125,3384171714.857143,2920313290.142857,2486638018.75,2248978310.8444443,0.003347660065188496,-0.2297101616985927,-0.13245350401647382,-0.40011538965960236,0
2022-01-17,475.7098693847656,498.9439086914063,468.5765075683594,498.5061645507813,2134608006.0,-0.04557940536425387,498.4279174804688,424.9337768554688,512.135986328125,533.891357421875,488.14886474609375,292.5313720703125,483.50687517438615,487.2662150065105,540.1701833089193,476.91440836588544,0.04577754320883527,0.038785233664974925,0.03710933993822944,0.04098655881277334,30.367401123046932,3095392383.428571,2918134787.904762,2473596205.266667,2249961558.9944444,0.2046810402194965,-0.21933728640143235,-0.10046406669822505,-0.36973238685683874,0
2022-01-18,472.0050659179688,479.662109375,458.1524658203125,475.7364196777344,2106859289.0,-0.007787947455427435,475.7098693847656,463.518310546875,507.506103515625,529.9720458984375,501.0203247070313,293.6411437988281,484.7192687988282,484.2698829287575,538.3447540283203,477.9053190443251,0.032606926552038784,0.037576432563339514,0.03501190247021374,0.04099525142996406,21.5096435546875,2739141466.142857,2885528793.952381,2467358534.6,2253360118.688889,-0.012999443889465057,-0.18513723258450998,-0.1473607556691936,-0.39197462257855,0
2022-01-19,462.8220825195313,472.7742919921875,454.7586059570313,471.9172058105469,1780063381.0,-0.019455264490812585,472.0050659179688,487.0074157714844,475.0569458007813,523.1624755859375,471.2569274902344,299.2829895019531,481.2642211914063,481.83280145554323,535.9944549560547,478.8138695610894,0.025543963898701942,0.03693022895551291,0.0346516635864491,0.041013644815335405,18.015686035156193,2403245459.0,2867468681.571429,2458089628.3,2252973246.8777776,-0.1551104574027392,-0.1881211445207407,-0.13666785047416707,-0.3629253777952617,0
2022-01-20,440.0054321289063,478.35394287109375,439.9780578613281,462.8569641113281,1881741995.0,-0.04929896660594657,462.8220825195313,475.0291137695313,473.2756042480469,528.7109985351562,478.6431579589844,302.0718688964844,476.2608380998885,478.07545398530516,533.5729746500651,479.58016713460285,0.029745972016164874,0.03803975308098838,0.03497757549952464,0.041197596340003355,38.375885009765625,2079064637.7142856,2864189546.714286,2455193000.7833333,2254290095.3333335,0.05712078293688583,-0.1134466557239382,-0.09082127198747036,-0.3068877046056977,0
2022-01-21,383.0739135742188,444.1802368164063,376.7701721191406,440.067138671875,3647221590.0,-0.12938821750275242,440.0054321289063,489.867431640625,447.7884826660156,533.6449584960938,485.9064331054688,302.4361572265625,461.004621233259,471.9500063941593,530.6387563069661,480.0281546698676,0.04833293907305701,0.04647801376760522,0.03820194536944826,0.042361743797375416,67.41006469726568,2155491162.857143,2941652960.6190476,2478447168.366667,2267043977.516667,0.9382155469193321,0.007858711915953887,-0.005868282230103494,-0.21879000676037097,1
2022-01-22,358.0961608886719,388.9119873046875,340.0548095703125,383.47454833984375,4226932408.0,-0.06520348110497898,383.0739135742188,494.9880676269531,430.24615478515625,548.725830078125,476.6331176757813,304.4782409667969,441.4486345563617,463.89017014276413,526.7496994018554,480.3260320027669,0.0452409445194689,0.04672397752747328,0.03804489308089995,0.042657139071172356,48.857177734375,2507050659.857143,3065671312.714286,2500105472.016667,2276237593.516667,0.15894587254842385,0.08667119194109141,-0.004007041020206548,-0.15372885595352692,1
2022-01-23,383.9339599609375,388.5939025878906,357.170654296875,358.3265991210937,2786834863.0,0.07215324232503662,358.0961608886719,498.4279174804688,438.8030700683594,541.9020385742188,484.6450805664063,313.60260009765625,425.0923549107143,456.8681364513579,523.4586766560873,480.71676177978514,0.061375476145447465,0.05041350534044656,0.03938900426464716,0.042927724594054806,31.423248291015625,2652037361.714286,3128745535.4761906,2497929074.9333334,2281329892.8055553,-0.34069566437221344,-0.016463885931106814,-0.025073310426375284,-0.20427958655558476,0
2022-01-24,371.3689575195313,384.0406188964844,337.8539428710937,384.0406188964844,3210871602.0,-0.032726988888100994,383.9339599609375,475.7098693847656,424.9337768554688,547.3262329101562,478.0250549316406,313.4286499023437,410.18651035853793,450.1649446033296,519.5859888712565,481.0386523776584,0.06119602902159278,0.05034213369071457,0.0390954018198342,0.043005521233078624,46.18667602539068,2805789304.0,3188827367.4761906,2509156468.3333335,2290131134.772222,0.15215711007129018,0.010524185271153286,-0.013004500445311318,-0.19052917827880622,1
2022-01-25,384.6193542480469,387.1768493652344,358.08355712890625,371.3868408203125,2325661159.0,0.03567987162152253,371.3689575195313,472.0050659179688,463.518310546875,546.9949951171875,449.0079956054688,316.7494506835937,397.7028372628348,444.3131946382068,516.2438557942709,481.41570739746095,0.06619399219037607,0.05149351329552536,0.03935956886962504,0.04307454897231059,29.093292236328125,2837046714.0,3194769367.1904764,2477009073.9166665,2295359384.8555555,-0.2756916353953913,0.0021955522907779468,-0.06079960441814536,-0.20100836239538078,1
2022-01-26,375.7554626464844,400.1520690917969,367.5751037597656,384.5862426757813,2226973227.0,-0.02304588030649657,384.6193542480469,462.8220825195313,487.0074157714844,562.6414794921875,492.0155334472656,322.90936279296875,385.2647487095424,439.58455258324034,512.5008336385091,481.7092968410916,0.06614065533566228,0.050181107741846656,0.03918910802728176,0.04309487099004997,32.57696533203125,2900890977.714286,3164112959.5238094,2472699802.4333334,2298904134.4055557,-0.042434355330780105,-0.022045675399209985,-0.0022368673785841953,-0.18865704710278086,0
2022-01-27,390.0882873535156,391.8043823242188,360.3316955566406,375.5421752929688,1952844398.0,0.03814402219487034,375.7554626464844,440.0054321289063,475.0291137695313,534.9280395507812,529.6221313476562,333.5495910644531,378.13372802734375,435.62325177873885,508.81285807291664,482.0234007093641,0.06948909586899164,0.05125847139585663,0.03948815588024391,0.04311759301982922,31.472686767578182,2911048463.857143,3047570853.3809524,2459719262.6,2300208914.311111,-0.12309480225286962,-0.04924664850056071,-0.04216872041296116,-0.2101195603678273,0
2022-01-28,386.0843811035156,393.3755798339844,376.7521667480469,390.0006713867188,1592850476.0,-0.010264102716756263,390.0882873535156,383.0739135742188,489.867431640625,514.0007934570312,527.9212036132812,333.4840087890625,378.5637948172433,432.6849612281436,504.8424301147461,482.315625,0.048066100213413857,0.050175396377188444,0.03932051414822149,0.04312672575776721,16.6234130859375,2617566876.142857,2903746005.2380953,2445836717.5,2299122579.427778,-0.18434337234891152,0.03352951215033695,-0.06618590644233091,-0.20679432082915683,1
2022-01-29,389.1327819824219,396.7722778320313,381.6837768554688,386.0657348632813,1330610935.0,0.00789568557576259,386.0843811035156,358.0961608886719,494.9880676269531,518.9097290039062,524.3644409179688,331.1031188964844,382.99759783063615,430.7271815708705,500.9501454671224,482.6380120171441,0.037863372238198835,0.0496593915127772,0.03936472982494229,0.04312398437056153,15.0885009765625,2203806665.714286,2773387524.952381,2421654704.85,2299023222.161111,-0.1646353784936182,0.06441819190073228,0.016651500658413587,-0.18450403859179865,1
2022-01-30,377.6129150390625,389.2471923828125,373.0362854003906,389.20220947265625,1289330238.0,-0.029603948772118027,389.1327819824219,383.9339599609375,498.4279174804688,511.7083129882813,551.2559204101562,322.74774169921875,382.09459141322543,427.81336466471356,496.7775014241536,482.9428185356988,0.02985126814184451,0.04966459066354066,0.03941714307566413,0.043140527724221375,16.210906982421875,1989877433.5714285,2675362170.047619,2396367480.4333334,2298600214.8,-0.031023867243357706,0.11104664600981762,0.0817487525881675,-0.18681574187666994,1
2022-01-31,375.2773132324219,384.9773864746094,366.1120300292969,377.6489868164063,1386778184.0,-0.006185174589166342,377.6129150390625,371.3689575195313,475.7098693847656,527.3527221679688,554.4476318359375,334.9187927246094,382.6529279436384,425.4487711588542,492.7076207478841,483.16703253851995,0.026828847432751515,0.049316072549599875,0.03941000975222201,0.04306040776950963,18.8653564453125,1729292659.5714285,2543491449.0,2379834481.616667,2299197525.9,0.07558028434294739,0.15442437709028156,0.08986152574182826,-0.1676527131994756,1
2022-02-01,385.46380615234375,387.7675476074219,374.3268432617188,375.0991821289063,1392647608.0,0.027143908146701756,375.2773132324219,384.6193542480469,472.0050659179688,531.3966674804688,568.5787963867188,337.8738708496094,382.77356392996654,421.7318899972098,489.2214177449544,483.4314210679796,0.025175488356063577,0.044910671868012404,0.03942478925735363,0.043099308118712515,13.440704345703068,1596005009.4285715,2390731063.1904764,2361656135.85,2298316749.0444446,0.004232417316423653,0.06048027698470371,0.04432811400759307,-0.17638805473380403,1
2022-02-02,367.4716796875,386.1147155761719,366.8953857421875,385.48876953125,1290849744.0,-0.04667656516039498,385.46380615234375,375.7554626464844,462.8220825195313,512.135986328125,559.7373046875,342.1369934082031,381.5901663643973,416.03971208844865,485.86132456461587,483.5721693250868,0.029995068319849806,0.043582841829813,0.039485692354099315,0.043241459348400436,19.219329833984375,1462273083.2857144,2255469840.0,2308863300.366667,2296466078.1444445,-0.07309664226271373,0.14965470540087322,0.01852987448543808,-0.1200688097775392,1
2022-02-03,370.8777465820313,370.8777465820313,360.4913330078125,367.370849609375,1202744039.0,0.009268923519297756,367.4716796875,390.0882873535156,440.0054321289063,507.506103515625,608.6480712890625,355.7413635253906,378.8458033970424,411.08012317475817,482.7462356567383,483.65626034206815,0.02499601491084429,0.043734820665386046,0.039497611416087305,0.04314968945613594,10.386413574218807,1355115889.142857,2115076330.2380953,2289005108.233333,2292575746.327778,-0.06825403607935332,0.11928859577968143,0.03773643902264823,-0.10410187772125923,1
2022-02-04,399.0296020507813,399.2165222167969,369.817626953125,370.7108459472656,1711084752.0,0.07590602490495701,370.8777465820313,386.0843811035156,383.0739135742188,475.0569458007813,636.1139526367188,342.06475830078125,380.6951206752232,406.75451224190846,479.57579294840497,483.9727316962348,0.039867603953965824,0.04685529007867109,0.04009500786417996,0.04340433281338499,29.398895263671875,1372006500.0,2048354846.3333333,2258064793.616667,2293486584.8333335,0.4226507856340329,0.0034904471770733636,-0.06019203080716007,-0.17144719527552588,1
2022-02-05,414.2000122070313,430.3477783203125,396.9337158203125,399.14886474609375,2039010962.0,0.03801825748837406,399.0296020507813,389.1327819824219,358.0961608886719,473.2756042480469,650.4540405273438,354.9668273925781,384.2761535644531,402.907461983817,476.81762847900393,484.30180494520397,0.041763407712787616,0.04779388297992315,0.04046290327936908,0.04340572580142581,33.4140625,1473206503.857143,2061354609.8095238,2256832398.4,2295656520.338889,0.19164813993971008,-0.026099159580404763,-0.07932249210278497,-0.208427463579681,0
2022-02-06,419.5455627441406,421.1134338378906,408.6130676269531,414.2172546386719,1427593921.0,0.012905722789881002,414.2000122070313,377.6129150390625,383.9339599609375,447.7884826660156,654.3150024414062,371.9543762207031,390.2665318080357,399.15115937732514,473.6835083007812,484.56620042588975,0.03801921334176851,0.04790045500196792,0.03993434516136642,0.04327652278904716,12.5003662109375,1492958458.5714285,2044957751.2857144,2243200603.366667,2291640509.7555556,-0.2998596144869573,-0.0492408567590622,-0.08958980609730993,-0.22624097219681383,0
2022-02-07,433.2292785644531,438.6415710449219,414.2497253417969,419.66644287109375,1755674427.0,0.03261556559151946,419.5455627441406,375.2773132324219,371.3689575195313,430.24615478515625,635.1906127929688,391.7570495605469,398.5453839983259,397.1282741001674,471.3765131632487,484.79660169813366,0.03710241349260745,0.04779493897225166,0.039594902450142626,0.04316621420776373,24.391845703125,1545657921.857143,2026913295.142857,2236912588.75,2287268307.15,0.22981360537749174,-0.0682513461308305,-0.09157627360893239,-0.2308278981973656,0
2022-02-08,408.7767639160156,444.2886047363281,407.164306640625,433.4591064453125,2247004672.0,-0.05644243327566234,433.2292785644531,385.46380615234375,384.6193542480469,438.8030700683594,615.278076171875,385.8189697265625,401.8758065359933,394.1174025762649,468.973344930013,484.9241449991862,0.04703390084940764,0.049181078105919235,0.04000507484288064,0.043364393217901906,37.124298095703125,1667708931.0,2033586884.8095238,2239530225.4166665,2287434622.7055554,0.27985270927455397,0.05781304487107941,-0.08957881183268401,-0.19738918029142216,1
2022-02-09,422.4655456542969,427.3935241699219,407.9497985839844,408.5169067382813,1601745132.0,0.0334871816273139,408.7767639160156,367.4716796875,375.7554626464844,424.9337768554688,629.892333984375,410.9448852539063,409.73207310267856,392.1956627255394,466.6090621948242,484.98814866807726,0.0404050115556426,0.04979095107259628,0.04017551748516581,0.04316777563659997,19.4437255859375,1712122557.857143,2025095539.6190476,2235810116.0666666,2286754152.133333,-0.28716430724003406,0.012906557090115012,-0.11901915945062724,-0.2757742688168493,1
2022-02-10,415.1192321777344,434.1714477539063,411.2454833984375,422.5140380859375,2037888603.0,-0.01738914226764887,422.4655456542969,370.8777465820313,390.0882873535156,463.518310546875,626.6425170898438,409.0344848632813,416.05228533063615,391.01060558500745,464.01398315429685,485.0219528198242,0.042857371438178596,0.048788162512440794,0.040159468328407125,0.043187670230805046,22.925964355468807,1831428924.142857,2032531092.3809524,2247981001.2833333,2286834842.438889,0.2722926777092274,-0.030519398936690645,-0.10211248165519793,-0.26297288016498577,0
2022-02-11,400.4223937988281,419.2860107421875,393.9773254394531,415.1871948242188,1714654174.0,-0.03540389661497001,415.1192321777344,399.0296020507813,386.0843811035156,487.0074157714844,650.1041259765625,414.5950317382813,416.25125558035717,391.8367236909412,462.00416310628253,484.94321594238284,0.03770500966359079,0.039999319899063315,0.03888565895453824,0.04326229027070268,25.308685302734375,1831938841.5714285,1940504072.5714285,2244875775.133333,2286215509.0055556,-0.15861241312413388,-0.0021307760565644207,-0.09632970432757582,-0.22427907968582672,0
2022-02-12,403.3897399902344,407.1397399902344,394.7994995117188,400.4990234375,1372516416.0,0.007410540063094162,400.4223937988281,414.2000122070313,389.1327819824219,475.0291137695313,650.9180908203125,417.4708557128906,414.7069309779576,393.9935607910156,460.2068359375,484.8649875217014,0.03433617271616247,0.03683367821939662,0.0388596919078601,0.04326268389845316,12.340240478515568,1736725335.0,1804579501.5238094,2230544197.25,2279281869.8333335,-0.19953747128019994,-0.008295106585390344,-0.07418032988419443,-0.22424983592791037,0
2022-02-13,398.88677978515625,406.7127685546875,395.65533447265625,403.2715759277344,1151509777.0,-0.011162803013252454,403.3897399902344,419.5455627441406,377.6129150390625,489.867431640625,633.0486450195312,401.9089050292969,411.75567626953125,394.70559983026413,457.83783264160155,484.8481979370117,0.033645773126859686,0.033746729004819315,0.03802281490071978,0.04317817223018948,11.05743408203125,1697284743.0,1726706878.3809524,2215072745.883333,2271386869.7555556,-0.16102294764829972,-0.045278141482926526,-0.06833501622940186,-0.26175707814763405,0
2022-02-14,403.6607971191406,403.9344787597656,391.3836669921875,398.6431274414063,1269083662.0,0.011968351863041793,398.88677978515625,433.2292785644531,375.2773132324219,494.9880676269531,589.8228759765625,398.25146484375,407.5316074916295,396.24330647786456,455.7947372436523,484.87824978298613,0.03037051601120019,0.03281986276281105,0.037958743342716705,0.043179495803999,12.550811767578125,1627771776.5714285,1634240786.0,2211210380.9666667,2265725573.1555557,0.10210411352851234,-0.11643325924081793,-0.04492031053989909,-0.26641288071200786,0
2022-02-15,432.4093933105469,436.24810791015625,403.0949401855469,403.6642150878906,2538883559.0,0.07121968840318438,403.6607971191406,408.7767639160156,385.46380615234375,498.4279174804688,578.0927734375,430.9888610839844,410.90769740513394,398.51902262369794,454.2397888183594,484.88614162868924,0.03548639154363099,0.03532904738751432,0.03917125783303357,0.04307174189313794,33.153167724609375,1669468760.4285715,1644394233.6190476,2223445178.9333334,2265668174.422222,1.0005643717758304,-0.13436786899125008,-0.09385701696024851,-0.26650709980548637,0
2022-02-16,427.9181213378906,433.4287414550781,423.0782470703125,432.491943359375,1670788158.0,-0.01038661981477984,432.4093933105469,422.4655456542969,367.4716796875,475.7098693847656,532.2376098632812,454.9363098144531,411.6866367885045,401.0029587518601,452.4735682169596,484.7360405815972,0.03420759697713818,0.034910933272634476,0.03911172900844988,0.042884635696334515,10.350494384765625,1679332049.857143,1617909230.3333333,2229715401.15,2261330449.2222223,-0.34192013175347047,-0.1434354576990008,-0.0707439391226129,-0.2877990269733586,0
2022-02-17,402.4500427246094,431.0183715820313,400.8066711425781,427.5499267578125,1644013199.0,-0.0595162423448089,427.9181213378906,415.1192321777344,370.8777465820313,472.0050659179688,581.5308227539062,448.9202575683594,409.8767525809152,401.59161376953125,450.34820149739585,484.4778727213542,0.04123690746600736,0.0369686466153077,0.03978587077084718,0.04310611408535737,30.211700439453182,1623064135.0,1603202982.7619047,2237122576.8166666,2258682407.3944445,-0.01602534640420883,-0.10241120310828078,-0.006451723956724775,-0.22132449384010577,0
2022-02-18,399.5691833496094,410.9429321289063,393.8162841796875,402.64984130859375,1554511893.0,-0.00715830306662768,402.4500427246094,400.4223937988281,399.0296020507813,462.8220825195313,603.8400268554688,449.0534973144531,409.75486537388394,402.23374720982144,448.288313293457,484.20295986599393,0.038934796934857886,0.03692275231204342,0.039770691217049466,0.04310972024466733,17.126647949218807,1600186666.2857144,1601377335.952381,2238574768.383333,2257169330.6833334,-0.054440746615927904,-0.06170204527077394,-0.022025752070768845,-0.2074396076157159,0
2022-02-19,400.0435791015625,406.3809509277344,393.93365478515625,399.52142333984375,1192395484.0,0.0011872681170661536,399.5691833496094,403.3897399902344,414.2000122070313,440.0054321289063,585.2942504882812,499.8905944824219,409.27684238978793,402.75330897739957,446.1438563028971,483.64825422498916,0.03881729316077353,0.0369007656384146,0.039731854567463726,0.04227077330323266,12.447296142578125,1574455104.5714285,1594795647.8095238,2234086407.9333334,2242363251.4666667,-0.2329454091863934,-0.06600484810462237,-0.008988431131007668,-0.22024532239376993,0
2022-02-20,380.825927734375,400.1314392089844,376.0079650878906,400.0033874511719,1431745519.0,-0.048038894688292366,400.0435791015625,398.88677978515625,419.5455627441406,383.0739135742188,559.1270141601562,471.595458984375,406.6967206682478,402.9063095819382,443.5968724568685,483.14397905137804,0.042796042275727704,0.037895141374691965,0.0400978264378778,0.04221187474313381,24.12347412109375,1614488782.0,1601577327.857143,2231326766.983333,2233770513.788889,0.20073041051537555,-0.053291779470376555,0.061679134641952515,-0.17185932354315736,0
2022-02-21,356.6612548828125,393.62408447265625,356.1849670410156,380.7365417480469,2164511484.0,-0.0634533289141418,380.825927734375,403.6607971191406,433.2292785644531,358.0961608886719,591.4395751953125,502.7862548828125,399.9825003487723,402.01983061290923,440.39579620361326,482.3321734958225,0.04687195019276226,0.04042086555552681,0.040561253890259046,0.04217761923810519,37.439117431640625,1742407042.2857144,1638612246.9047618,2236283208.883333,2227521142.7388887,0.5117990280226608,0.10921055018380987,0.145652257245525,-0.12670072480062589,1
2022-02-22,374.3074645996094,374.8593444824219,350.1475830078125,356.7254638671875,2037210077.0,0.04947610505827127,356.6612548828125,432.4093933105469,408.7767639160156,383.9339599609375,581.3953247070312,479.006103515625,391.6822248186384,401.4885762532552,437.60255330403646,481.7505143907335,0.040349358888571954,0.04149556733378028,0.04118618303245856,0.0422011277376049,24.711761474609375,1670739402.0,1669305697.8095238,2242282390.8333335,2220628345.7611113,-0.05881299680829044,0.09130150594681408,0.1063818459660244,-0.1643737902361514,1
2022-02-23,366.53948974609375,383.2476196289063,366.53948974609375,374.2992858886719,1644707704.0,-0.020752925303867187,374.3074645996094,427.9181213378906,422.4655456542969,371.3689575195313,603.730224609375,494.4986877441406,382.9138488769531,401.4441862560454,434.5894409179688,481.039629957411,0.04014032112323768,0.04042750058387852,0.04118377290222642,0.04215598761169739,16.708129882812557,1667013622.857143,1686156076.857143,2247937718.9166665,2215524946.411111,-0.19266661667902207,0.11584240339042506,0.12078280436068778,-0.1582518550440496,1
2022-02-24,361.2346496582031,368.1685180664063,324.4836730957031,366.3491821289063,2972951900.0,-0.014472765517203445,366.53948974609375,402.4500427246094,415.1192321777344,384.6193542480469,585.1473388671875,486.1969299316406,377.0259355817522,400.9849911644345,431.493435160319,480.34539506700304,0.03640718674279418,0.04050646460244434,0.04119293191287782,0.04215142576456165,43.68484497070318,1856862008.7142856,1770451689.2857144,2271208128.5,2222726114.2,0.8075867783495225,0.11437452104374635,0.15138401091431009,-0.1638296292360093,1
2022-02-25,374.9149475097656,376.8026123046875,357.3665466308594,361.2160034179688,1839035023.0,0.037870945836748104,361.2346496582031,399.5691833496094,400.4223937988281,375.7554626464844,600.3367919921875,480.2830200195313,373.50390189034596,399.83667428152904,428.3646596272786,479.7600168863932,0.041581425415059006,0.03767154593645403,0.04134216064572836,0.04224067499618379,19.436065673828125,1897508170.142857,1776544559.3333333,2265519436.3333335,2223145539.5277777,-0.38141110759309627,-0.0016912201685066464,0.14826914274909186,-0.19345810284282416,0
2022-02-26,373.6387634277344,385.2103271484375,371.47503662109375,374.8885803222656,1319208551.0,-0.00340392958591762,374.9149475097656,400.0435791015625,403.3897399902344,390.0882873535156,611.3668212890625,459.4907531738281,369.7317853655134,397.90518624441967,425.67650502522787,479.2830613878038,0.041442594692271975,0.036522577364153826,0.04094897266070511,0.04211928006744972,13.73529052734375,1915624322.5714285,1742268254.047619,2240979826.15,2219324271.6666665,-0.2826626276817785,0.030068048935773195,0.1518903049358451,-0.17300585336011787,1
2022-02-27,360.5310363769531,380.9590759277344,359.6255187988281,373.5999755859375,1600855952.0,-0.03508128260176202,373.6387634277344,380.825927734375,398.88677978515625,386.0843811035156,624.31005859375,464.4187316894531,366.83251517159596,395.094970703125,423.1186757405599,478.7059075249566,0.03965751400925183,0.03689424038445882,0.040895416086912,0.04219086509867326,21.33355712890625,1939782955.857143,1750518826.952381,2231671996.3333335,2215006530.688889,0.21349725241433792,0.04016343147522816,0.20518244597181923,-0.15442562863126863,1
2022-02-28,395.6124267578125,396.4573364257813,356.6175842285156,360.3821716308594,1868349380.0,0.09730477224207701,360.5310363769531,356.6612548828125,403.6607971191406,389.1327819824219,622.6698608398438,490.0687255859375,372.39696829659596,393.3036920456659,421.063720703125,478.1811503092448,0.04738929293194361,0.042588462208276466,0.0429447868255669,0.04261583221617595,39.83975219726568,1897474083.857143,1755884300.9047618,2230301088.883333,2212588540.616667,0.1670940022216314,-0.03606507476263221,0.11898619716945236,-0.23795411213762285,0
2022-03-01,408.4822998046875,418.4899597167969,391.3292236328125,395.6241149902344,2885318336.0,0.03253151866929027,395.6124267578125,374.3074645996094,432.4093933105469,377.6129150390625,627.9715576171875,483.9210510253906,377.27908761160717,393.2896699451265,419.3432871500651,477.7620461357964,0.04579113391559667,0.04146533627596042,0.04317388427568813,0.04267575340597913,27.160736083984375,2018632406.5714285,1786280189.6666667,2244714896.1833334,2215704964.822222,0.5443141239461327,-0.06493241613764733,0.05002372779142972,-0.2584563129223525,0
2022-03-02,409.0003051757813,414.912841796875,404.5347900390625,408.5185241699219,2045870796.0,0.0012681219512853392,408.4822998046875,366.53948974609375,427.9181213378906,375.2773132324219,619.4701538085938,488.6047058105469,383.34491838727683,392.6484680175781,417.37074686686196,477.3197994656033,0.04376303107633843,0.040784854941302066,0.04295483379713438,0.042669669333462786,10.3780517578125,2075941419.7142856,1807429030.8095238,2251770292.55,2215673568.9666667,-0.2909375820082821,-0.0377617066909256,0.091941186627013,-0.26663583572810345,0
2022-03-03,402.5506896972656,412.8005981445313,397.9063415527344,409.0327453613281,1598018507.0,-0.015769219232596332,409.0003051757813,361.2346496582031,402.4500427246094,385.46380615234375,594.635986328125,498.0784301757813,389.24720982142856,392.04996599469865,415.2233139038086,476.78908979627823,0.043918787120307314,0.040753352440253215,0.042959819950622855,0.04266053861836427,14.894256591796932,1879522363.5714285,1786482835.7619047,2254032664.5833335,2211716729.022222,-0.2189054606359414,-0.07549772829978751,0.0854666603895553,-0.27889121955705276,0
2022-03-04,374.2808837890625,402.9167175292969,372.868408203125,402.5751953125,1740563403.0,-0.07022669847979435,402.5506896972656,374.9149475097656,399.5691833496094,367.4716796875,569.0772705078125,504.619873046875,389.15662928989957,390.8051321847098,412.9257288614909,476.0649843004015,0.05314226234345538,0.04288921185933742,0.043615059358042496,0.04296558869939989,30.048309326171875,1865454989.2857144,1787716608.5714285,2250556169.133333,2210832974.516667,0.08920102950972897,-0.005602295939250657,0.20323771920698186,-0.22650637991017275,0
2022-03-05,384.8733520507813,386.8440551757813,368.17572021484375,374.441650390625,1321262776.0,0.02830085297032836,374.2808837890625,373.6387634277344,400.0435791015625,370.8777465820313,557.7830810546875,495.9250183105469,390.7615705217634,389.9233994256882,410.88184967041013,475.4480305989583,0.05405299208482475,0.04336633973608595,0.043811849616344406,0.04300193973250148,18.668334960937557,1865748450.0,1785275959.047619,2235895895.983333,2205915560.1666665,-0.24089936986914806,-0.031550573165983975,0.1627849277605491,-0.2498838761038511,0
2022-03-06,375.0111999511719,387.1640930175781,373.0179443359375,384.9118041992188,1305295273.0,-0.025624408775144825,384.8733520507813,360.5310363769531,380.825927734375,399.0296020507813,589.2561645507812,417.5087890625,392.83016531808033,388.78646705264134,409.21442057291665,475.2119328816732,0.0529778767326815,0.043643934586496465,0.04319309495710146,0.041392327686437205,14.146148681640625,1823525495.857143,1792599077.9047618,2209804854.0666666,2188324491.8555555,-0.012085032054214184,-0.035095957013653645,0.1870914988134713,-0.23187637543702921,0
2022-03-07,381.3446350097656,384.4175720214844,364.4313659667969,375.0715942382813,2058321705.0,0.016888655750597392,375.0111999511719,395.6124267578125,356.6612548828125,414.2000122070313,579.6898803710938,415.1131591796875,390.79190935407365,387.7237926664807,407.68223775227864,475.02432996961807,0.036127153229782646,0.043735985689870395,0.043269231122493826,0.04140838023404923,19.9862060546875,1850664399.4285715,1830181841.857143,2170773072.0333333,2183421117.811111,0.5769012173539068,-0.020659734740215985,0.10174976578319561,-0.24125407203530191,0
2022-03-08,381.9585571289063,387.6297912597656,377.70556640625,381.2547607421875,1684540144.0,0.0016098879144450517,381.3446350097656,408.4822998046875,374.3074645996094,419.5455627441406,607.5927734375,421.27001953125,387.00280325753346,385.32137189592635,406.58507232666017,474.8059329562717,0.03253315853370323,0.0404385328868336,0.042746498391728206,0.041394326909487855,9.924224853515625,1679124657.7142856,1789498822.0952382,2121962536.3166666,2179490007.9333334,-0.18159530655097478,-0.027044064653790167,0.1435711421955448,-0.24895777554810172,0
2022-03-09,393.5557556152344,402.028076171875,381.8405456542969,382.0426330566406,2425559108.0,0.03036245233907442,381.9585571289063,409.0003051757813,366.53948974609375,433.2292785644531,571.6489868164062,401.6217956542969,384.7964390345982,383.68506876627606,405.97356567382815,474.76112162272136,0.035772606687240915,0.04114450746673435,0.04265700589221409,0.041304229896463825,20.187530517578125,1733365845.142857,1825440295.9047618,2094586204.4333334,2180150137.7611113,0.43989391801635813,-0.020397432234016133,0.0714549084272802,-0.29540831736266226,0
2022-03-10,372.1590270996094,394.4041137695313,364.087890625,393.4803771972656,2105808203.0,-0.05436771844989563,393.5557556152344,402.5506896972656,361.2346496582031,408.7767639160156,552.9668579101562,405.5273742675781,380.45477294921875,382.24263945079986,404.862831624349,474.57574191623263,0.04039886340622625,0.040805953895733514,0.04312755221529982,0.04150208542752749,30.316223144531307,1805907230.2857144,1847430534.1904762,2073885296.3,2183142096.211111,-0.13182564957720255,0.0528422233970296,0.14777021259776735,-0.254567090999546,1
2022-03-11,372.1840515136719,379.57171630859375,365.6082763671875,372.1961364746094,1550840418.0,6.724118519318978e-05,372.1590270996094,374.2808837890625,374.9149475097656,422.4655456542969,564.322509765625,416.6832275390625,380.1552254813058,380.93858555385043,403.983669535319,474.32852427164715,0.030610478200874935,0.040798988503297794,0.042950281139949996,0.041452239546458845,13.96343994140625,1778803946.7142856,1847255702.047619,2030464914.5,2182469491.7,-0.26354146793111344,0.06841092786022518,0.1246872777654009,-0.2531613736516076,1
2022-03-12,372.7303771972656,379.1956481933594,372.1268615722656,372.1861877441406,1211417865.0,0.0014678911720473753,372.1840515136719,384.8733520507813,373.6387634277344,415.1192321777344,570.823974609375,399.0634460449219,378.42051478794644,379.63795689174106,402.4705373128255,474.1822294447157,0.027985661287532812,0.04080033238400923,0.041217054077497414,0.04132965927246932,7.06878662109375,1763111816.5714285,1848161529.7142856,1973978283.75,2177006458.922222,-0.21886362327190778,0.07276887156143363,0.05729746662519397,-0.22282754781564107,1
2022-03-13,361.8498229980469,376.9284057617188,361.15087890625,372.60888671875,1242011950.0,-0.029191487640569447,372.7303771972656,375.0111999511719,360.5310363769531,400.4223937988281,521.0115966796875,414.2362365722656,376.54031808035717,378.73433285667784,400.38457743326825,473.8911938137478,0.028468506319578254,0.03994861746786995,0.04074832074779842,0.04129210318948287,15.777526855468807,1754071341.857143,1839126597.857143,1925822892.4,2175026162.7833333,0.02525477449517388,0.07991864786442227,0.14377265257636873,-0.14629721698274323,1
2022-03-14,373.4661560058594,373.6095275878906,360.3018493652344,361.8345336914063,1455465550.0,0.03210263559497495,361.8498229980469,381.3446350097656,395.6124267578125,403.3897399902344,511.2293701171875,431.4230346679688,375.4148210797991,379.53456624348956,398.69186147054035,473.5692111545139,0.03087387284621269,0.03795232906839017,0.04092235715222643,0.04124543052232466,13.30767822265625,1667949034.0,1805362505.7619047,1880897189.1666667,2172896369.0944443,0.1718611483569059,0.061536121991162096,0.1329812639409944,-0.1716229607446278,1
2022-03-15,371.62884521484375,374.3332824707031,362.6847534179688,373.472412109375,1360640456.0,-0.004919617913080154,373.4661560058594,381.9585571289063,408.4822998046875,398.88677978515625,541.0269775390625,424.6492309570313,373.93914794921875,379.4070129394531,396.721218363444,473.2746534559462,0.030825344170010007,0.0364387874368073,0.04067257001999913,0.04123026330163821,11.648529052734318,1621677650.0,1773144904.7619047,1851703931.5333333,2170894427.8944445,-0.06515103981677894,0.08795360374276107,0.11580070316371116,-0.1735707738529001,1
2022-03-16,385.5282287597656,386.3632507324219,368.4816589355469,371.5427856445313,1788844135.0,0.037401250532332675,371.62884521484375,393.5557556152344,409.0003051757813,403.6607971191406,526.2465209960938,406.6328125,372.7923583984375,380.3112386067708,394.89688771565756,473.15740576850044,0.032198180162609225,0.03696606166802856,0.04097994519853631,0.04119955118324024,17.881591796875,1530718368.142857,1780008544.3333333,1852084401.6333334,2172406658.766667,0.3147074431836532,0.05986991677108233,0.08239475234245841,-0.14439243159318826,1
2022-03-17,391.8247375488281,392.8704223632813,382.1614685058594,385.4595642089844,1635657390.0,0.016332160187901623,385.5282287597656,372.1590270996094,402.5506896972656,432.4093933105469,525.706298828125,410.8092956542969,375.60174560546875,381.76790945870533,393.1201680501302,473.05193600124784,0.022983484649974097,0.03684682636929603,0.041037670310469496,0.0412100185997099,10.708953857421932,1463553966.2857144,1716327853.3809524,1849813225.6333334,2174213922.15,-0.08563448430346332,0.05691893327937403,0.06547242831450562,-0.13461016177423202,1
2022-03-18,397.6455078125,399.9235229492188,384.2483215332031,391.7787780761719,1666543771.0,0.014855545619925303,391.8247375488281,372.1840515136719,374.2808837890625,427.9181213378906,533.891357421875,408.4716491699219,379.23909650530135,382.8503170921689,391.81909535725913,472.9917907714844,0.022854058981214925,0.036140762846952904,0.040719461268107014,0.04122100354289264,15.675201416015682,1480083016.7142856,1708113984.2380953,1842012155.05,2176565193.572222,0.018883160488762263,0.03310901080333695,0.024474583669991112,-0.16628181262263964,1
2022-03-19,399.8535461425781,406.0037231445313,395.414794921875,397.5616455078125,1532550954.0,0.005552780772565047,397.6455078125,372.7303771972656,384.8733520507813,402.4500427246094,529.9720458984375,361.9659118652344,383.1138349260603,384.09864007859005,390.6165700276693,473.2022776285807,0.022659519520903462,0.03610898904549755,0.04072462785135555,0.0403181977689159,10.588928222656307,1525959172.2857144,1718273146.2857144,1832440349.4666667,2172056576.1944447,-0.08040161880632657,0.0401803455717773,0.042802842013460074,-0.15724583608759957,1
2022-03-20,390.7683715820313,400.6107177734375,386.7667236328125,399.9197387695313,1334193471.0,-0.022721255440128707,399.8535461425781,361.8498229980469,375.0111999511719,399.5691833496094,523.1624755859375,344.5346069335937,387.24505615234375,385.53851318359375,389.4156748453776,473.4591318766276,0.020838692407596223,0.03553890531758795,0.04075061445846743,0.04018804514122111,13.843994140625,1539127961.0,1705574932.9047618,1825009184.3,2168106734.927778,-0.1294296169939939,0.1016840069168361,0.0809141301106826,-0.14802980905914387,1
2022-03-21,396.4478149414063,398.9617309570313,386.5613708496094,390.7389526367188,1657341491.0,0.014534040552928396,390.7683715820313,373.4661560058594,381.3446350097656,400.0435791015625,528.7109985351562,379.4403381347656,390.5281502859933,385.5782935732887,388.6897145589193,473.5536178588867,0.01887074498097156,0.028646069839928734,0.04032564592488413,0.03949857456369876,12.400360107421932,1567967381.142857,1695526938.1904762,1821269175.9,2167986889.1444445,0.24220476791705114,0.08561796261693444,0.055256788610895446,-0.15421595987684222,1
2022-03-22,404.31494140625,409.6425476074219,395.5757446289063,396.3555908203125,1795119554.0,0.019844040421830522,396.4478149414063,371.62884521484375,381.9585571289063,380.825927734375,533.6449584960938,383.8204040527344,395.19759259905135,385.37984793526783,389.0437316894532,473.6674763997396,0.018196912328870534,0.0280645683165673,0.0367080595377951,0.039515773510811696,14.066802978515568,1630035823.7142856,1643612710.4761906,1790400808.6333334,2169202094.427778,0.08313196993388972,0.07467133111201574,0.001747430972287578,-0.2038688337598441,1
2022-03-23,408.6097717285156,411.0295715332031,398.8558654785156,404.3272705078125,1645651129.0,0.010622487280157689,404.31494140625,385.5282287597656,393.5557556152344,356.6612548828125,548.725830078125,355.3162841796875,398.49495588030135,385.36125110444567,389.88562520345056,473.9635513305664,0.014461198052639236,0.028161544135094953,0.035660924760092895,0.03911627534301765,12.1737060546875,1609579680.0,1624554631.0952382,1747379453.9833333,2166782613.2944446,-0.08326377185683531,0.08339270276881017,-0.003970177734874625,-0.1927823844741987,1
2022-03-24,414.1269836425781,416.5054016113281,406.0115661621094,408.5542602539063,1831451218.0,0.013502398365862422,408.6097717285156,391.8247375488281,372.1590270996094,374.3074645996094,541.9020385742188,349.8800964355469,401.68099103655135,385.9125031970796,390.3888422648113,474.3204784817166,0.014241410107506626,0.028048568022242145,0.03451368908669798,0.03910593224128319,10.49383544921875,1637550226.857143,1635670474.4761906,1731456393.2333333,2169243650.233333,0.112903692481227,0.03571156702969236,-0.03012244629060934,-0.22159299631476903,1
2022-03-25,410.8111572265625,421.1537170410156,406.2960510253906,414.1482543945313,1678265707.0,-0.008006786678931843,414.1269836425781,397.6455078125,372.1840515136719,366.53948974609375,547.3262329101562,344.1817626953125,403.5617980957031,387.6520400274368,391.04621225992844,474.69064178466795,0.015014976778856486,0.02287658121159308,0.034240448230821174,0.039089528696566525,14.857666015625,1639224789.142857,1632703917.5238094,1705912961.65,2167686644.4888887,-0.08364160043928615,0.08712791925987218,-0.028494308938257773,-0.21454649049954466,1
2022-03-26,415.9197998046875,416.3175354003906,407.9812622070313,410.8162536621094,1082240527.0,0.01243550105263469,410.8111572265625,399.8535461425781,372.7303771972656,361.2346496582031,546.9949951171875,336.19122314453125,405.8569771902902,389.1304423014323,391.5678863525391,475.13357832166884,0.015298144894198836,0.022313089797353452,0.03398644931310426,0.03905266855377544,8.336273193359318,1574894728.142857,1621321905.6666667,1685189284.45,2165326553.461111,-0.3551435136367236,0.05057598361124849,-0.02781670660642177,-0.20925139740227727,1
2022-03-27,430.5032653808594,431.0255737304688,412.3829040527344,415.9313659667969,1499505093.0,0.035063167425595454,415.9197998046875,390.7683715820313,361.8498229980469,374.9149475097656,562.6414794921875,333.0325927734375,411.5333905901228,391.7729216076079,392.48034973144536,475.67508205837674,0.012757328236603445,0.022222344893267316,0.03409216854309932,0.03912111019679774,18.642669677734432,1598510674.142857,1630569992.3333333,1673064815.55,2166466409.9722223,0.385556219333856,0.04609863192259067,-0.10457575181663281,-0.27770785449867863,1
2022-03-28,430.390869140625,440.7283935546875,428.5652160644531,430.54681396484375,2128699500.0,-0.0002610810399659158,430.5032653808594,396.4478149414063,373.4661560058594,373.6387634277344,534.9280395507812,367.9895935058594,416.3823983328683,394.10845656622024,393.1520594278972,476.02175581190323,0.013834119629942339,0.022149223835265363,0.033777154177422254,0.03835540146828957,12.163177490234375,1665847532.5714285,1633921315.9047618,1675995733.9166667,2165038665.8944445,0.41960138044025963,0.0398104721759438,-0.09048760239630471,-0.27214854547754497,1
2022-03-29,434.5056762695313,441.5075378417969,430.0748901367188,430.0748901367188,1987696098.0,0.009560628312404562,430.390869140625,404.31494140625,371.62884521484375,360.5310363769531,514.0007934570312,387.0573425292969,420.6953604561942,396.61070033482144,393.95908101399743,476.2853576660156,0.013386937196960385,0.02213813554353696,0.033750125223630016,0.03817524010052007,11.432647705078068,1693358467.4285715,1648357313.7142856,1682576494.2833333,2166102335.072222,-0.06623922352591338,0.024549578371277248,-0.06395192768137858,-0.27770387477575675,1
2022-03-30,442.6848449707031,448.9471740722656,427.6920776367188,434.4297180175781,2181737151.0,0.018824077907093173,434.5056762695313,408.6097717285156,385.5282287597656,395.6124267578125,518.9097290039062,421.6431884765625,425.56322806222096,398.95018078031995,394.8516153971355,476.40225575764975,0.013761626055811946,0.0216513046496092,0.03380901359277604,0.03762506632722293,21.255096435546818,1769942184.857143,1636746744.3333333,1696761931.2166667,2166209244.922222,0.09762108664158586,-0.05091315621502068,-0.11209482598697618,-0.28489179262750863,0
2022-03-31,428.9161071777344,451.9610900878906,424.9502868652344,442.6588745117188,2632534284.0,-0.03110279908922553,442.6848449707031,414.1269836425781,391.8247375488281,408.4822998046875,511.7083129882813,428.0983276367188,427.6759599958147,401.65289887927827,395.7066685994467,476.40679897732207,0.02109868025005975,0.018827477922928805,0.033833840235764634,0.03768526978300227,27.01080322265625,1884382622.857143,1661828938.6666667,1719148665.3166666,2171162560.8333335,0.20662302642340613,0.01837346776596016,-0.11925009123267671,-0.26083445401236294,1
2022-04-01,446.6042785644531,446.7965393066406,414.7493896484375,429.1240234375,2718206274.0,0.04123923324564993,428.9161071777344,410.8111572265625,397.6455078125,409.0003051757813,527.3527221679688,430.5088195800781,432.7892630440848,405.19671921502976,396.89545135498054,476.4962181939019,0.023969752501778286,0.020170630589094605,0.03417529828960675,0.03780447830289885,32.047149658203125,2032945561.0,1717417788.952381,1741339133.4833333,2178092044.311111,0.032543541985643465,-0.05581458500762149,-0.1261123075748809,-0.2941910080059017,0
2022-04-02,436.9553527832031,453.5584716796875,436.7767028808594,446.8442077636719,2272901729.0,-0.02160509033246416,446.6042785644531,415.9197998046875,399.8535461425781,402.5506896972656,531.3966674804688,425.7489013671875,435.7943420410156,408.2550513857887,397.7536437988282,476.55847625732423,0.02716607693927705,0.02119855708170235,0.03418258306803097,0.037831306900133435,16.781768798828125,2203040018.428571,1767964639.6190476,1756010035.5,2181568320.8333335,-0.1638229406132259,-0.022433200706822976,-0.1082140273260106,-0.28155447144614254,0
2022-04-03,450.348876953125,455.22845458984375,432.82171630859375,436.8658142089844,2128734028.0,0.030651928359754166,436.9553527832031,430.5032653808594,390.7683715820313,374.2808837890625,512.135986328125,442.7061462402344,438.62942940848217,412.4692920503162,399.13493041992194,476.60093587239584,0.026459064985785295,0.01996170043314239,0.03374570465109537,0.03778464592216311,22.40673828125,2292929866.285714,1810189500.4761906,1769974773.5666666,2184912244.4055557,-0.0634289195879264,-0.07051912606816868,-0.14849171567832886,-0.31483702142815706,0
2022-04-04,447.5249328613281,450.4326171875,434.1780090332031,450.2645568847656,2248856403.0,-0.006270569854425978,450.348876953125,430.390869140625,396.4478149414063,384.8733520507813,507.506103515625,435.4013671875,441.07715279715404,415.9959004720052,400.4123835245769,476.6682890150282,0.026819803807272356,0.019654889245318167,0.03376384336377624,0.03776615923677666,16.254608154296875,2310095138.142857,1847970017.2857144,1787409979.6333334,2186259532.361111,0.05642901998088412,-0.1194079824217632,-0.10060283690603233,-0.3050781762238418,0
2022-04-05,445.172607421875,459.8055725097656,445.0386047363281,447.6300354003906,2268650039.0,-0.005256300301333172,447.5249328613281,434.5056762695313,404.31494140625,375.0111999511719,475.0569458007813,438.7617492675781,442.6010001046317,419.4979843866257,401.1814336140951,476.7039048936632,0.02706627689672508,0.01966680345452845,0.03242086211196516,0.03776538341199012,14.7669677734375,2350231415.428571,1891208568.857143,1796702734.4166667,2187957645.327778,0.008801645126649715,-0.07030683158689655,-0.1491533524511811,-0.29451370962478896,0
2022-04-06,420.1463623046875,445.0276489257813,418.8811340332031,445.0011291503906,2323241738.0,-0.05621694753889239,445.172607421875,442.6848449707031,408.6097717285156,381.3446350097656,473.2756042480469,419.10205078125,439.3812168666295,421.14646693638394,401.28053944905605,476.70970662434894,0.034070509766039286,0.02316355898905021,0.03294162911932779,0.03785182094023391,26.146514892578182,2370446356.428571,1916656073.7619047,1801439914.0166667,2185986497.383333,0.024063517096741593,0.007101799357843275,-0.09720915185167,-0.25631951407372633,1
2022-04-07,436.7967834472656,438.293701171875,417.6010437011719,420.1826477050781,2125042415.0,0.039630049517133115,420.1463623046875,428.9161071777344,414.1269836425781,381.9585571289063,447.7884826660156,421.5494689941406,440.5070277622768,423.2879929315476,401.56805979410814,476.7944139268663,0.036135392639459224,0.02429585127050346,0.033287340195860014,0.037960951550911795,20.692657470703125,2297947518.0,1939960122.5714285,1813064055.5833333,2189987468.2055554,-0.08531153678851477,-0.05067129035600404,-0.16280493262154005,-0.288686397926019,0
2022-04-08,421.67724609375,440.6429748535156,419.4332885742188,436.93450927734375,1951923760.0,-0.03461458034143472,436.7967834472656,446.6042785644531,410.8111572265625,393.5557556152344,430.24615478515625,405.0693054199219,436.9460231236049,424.43236142113096,401.37552591959644,476.88668026394316,0.03413368933546147,0.025698189528196816,0.03334396991477433,0.03793603540231409,21.209686279296818,2188478587.428571,1953549645.857143,1816334877.8,2192847774.883333,-0.08146597629205443,-0.010395425517748524,-0.1571782780122627,-0.26333531632304497,0
2022-04-09,427.1530456542969,428.0207824707031,420.2725524902344,421.6653442382813,1399108286.0,0.012985760107457889,421.67724609375,436.9553527832031,415.9197998046875,372.1590270996094,438.8030700683594,413.4562072753906,435.54569353376115,425.7323375883557,401.6817972819011,476.96277381049265,0.034283401832168214,0.02578449558450732,0.03254374413467227,0.03791792620303163,7.74822998046875,2063650952.7142856,1947195233.0952382,1802203271.3666666,2192436590.977778,-0.28321571022835446,-0.02264900405809811,-0.2991998043002365,-0.26754062366868325,0
2022-04-10,418.5906677246094,429.3641052246094,418.5906677246094,427.1497497558594,1410282903.0,-0.020045222706002175,427.1530456542969,450.348876953125,430.5032653808594,372.1840515136719,424.9337768554688,443.8675231933594,431.00880650111606,427.05720883324034,401.617215983073,476.8223468356662,0.03128013797717259,0.025654877958835316,0.03237844006399164,0.03755603104912305,10.7734375,1961015077.7142856,1950818539.3809524,1799012234.2166667,2182814250.7444444,0.007986956486368824,-0.026787390462162053,-0.23713787727796087,-0.23940239621550263,0
2022-04-11,394.0868835449219,419.4907836914063,392.1099243164063,418.658447265625,2192782724.0,-0.058538773243288156,418.5906677246094,447.5249328613281,430.390869140625,372.7303771972656,463.518310546875,470.7496948242188,423.3747994559152,426.9447835286458,401.26667683919277,476.39644232855903,0.036114803299004836,0.02885330294499998,0.03318651012199074,0.03753890667178488,27.380859375,1953004552.142857,1976315740.952381,1801593802.9,2166390005.3055553,0.5548530860974352,0.0580621475038523,-0.31496636953177226,-0.18099717666223536,1
2022-04-12,413.8739318847656,416.63580322265625,393.1668090820313,394.2887878417969,2140526232.0,0.05020986276390049,394.0868835449219,445.172607421875,434.5056762695313,361.8498229980469,487.0074157714844,472.02239990234375,418.90356009347096,427.3999735514323,401.4908691406251,476.07339528401695,0.04437314515809378,0.03059945897622944,0.03349181465696827,0.037726565978807976,23.468994140624943,1934701151.142857,1992763678.0,1808691670.5333333,2164466154.6833334,-0.023831130840302972,0.020569361592370328,-0.34905961374951044,-0.22934560189225328,1
2022-04-13,423.1301574707031,424.3359375,411.0592651367188,413.8126525878906,1932053164.0,0.022364843187356653,413.8739318847656,420.1463623046875,442.6848449707031,373.4661560058594,475.0291137695313,473.70263671875,419.32981654575894,428.09142049153644,401.81987609863285,475.7924370659722,0.040345614419088335,0.03087930720251972,0.033595041711355446,0.03776255740339044,13.276672363281193,1878817069.142857,2006401870.142857,1818017283.0,2159619012.1055555,-0.09739337219203958,-0.011287092965380996,-0.3132510343033952,-0.2320375093516981,0
2022-04-14,414.6637268066406,426.8072204589844,412.047119140625,423.0670166015625,1615484732.0,-0.020009045714612483,423.1301574707031,436.7967834472656,428.9161071777344,371.62884521484375,489.867431640625,465.6424560546875,416.16795131138394,428.11697968982514,402.08282521565764,475.5092219034831,0.037176728530482796,0.031126664175119476,0.033670219689389234,0.037770788848799315,14.760101318359375,1806023114.4285715,1996117751.7619047,1825750198.9166667,2158015667.2444444,-0.1638507872860997,-0.023253234671560707,-0.28282223755144453,-0.2061667385821928,0
2022-04-15,417.2937316894531,419.7969665527344,413.2726135253906,414.6671142578125,1242920077.0,0.006342500471566259,414.6637268066406,421.67724609375,446.6042785644531,385.5282287597656,494.9880676269531,470.6255493164063,415.54173496791293,428.42567371186755,402.31004079182946,475.2129340277778,0.03524353551067152,0.031087468499707057,0.033647560266425285,0.03776532935747388,6.52435302734375,1704736874.0,1975387007.4761906,1825314139.1666667,2155773903.7777777,-0.23062096943420696,-0.024697743091372515,-0.2523067152624774,-0.20102493213155792,0
2022-04-16,417.47845458984375,418.6585998535156,411.9129028320313,417.29388427734375,1022481382.0,0.0004426687639009774,417.2937316894531,427.1530456542969,436.9553527832031,391.8247375488281,498.4279174804688,485.1110229492188,414.15965053013394,428.49989536830356,402.0611918131511,474.83719753689235,0.034731723438131475,0.030980893964269424,0.032364168241276,0.037695021059089374,6.745697021484318,1650933030.5714285,1972541333.9047618,1800040769.55,2150344327.977778,-0.1773554865507253,-0.03790851622529756,-0.2868850829251077,-0.1658948793174002,0
2022-04-17,407.3777160644531,417.8806762695313,406.1683044433594,417.4115295410156,1088306780.0,-0.02419463427235835,417.47845458984375,418.5906677246094,450.348876953125,397.6455078125,475.7098693847656,488.14886474609375,412.55780029296875,427.398678734189,401.7188517252605,474.38846893310546,0.03510950390317492,0.030381449022437983,0.032487630307744646,0.03773452289339224,11.712371826171932,1604936441.5714285,1952960461.857143,1790332746.5833333,2146143344.3111112,0.06437808957581592,-0.020306311663543908,-0.24894409321839694,-0.16540817845414546,0
2022-04-18,416.9684143066406,417.9469604492188,397.149658203125,407.4329223632813,1925668122.0,0.023542520525767108,407.3777160644531,394.0868835449219,447.5249328613281,399.8535461425781,472.0050659179688,501.0203247070313,415.8265904017857,426.75951421828495,401.960824584961,473.9215138753255,0.026170633728253238,0.030896458118606793,0.031681199949003265,0.03772395604244669,20.797302246093807,1566777212.7142856,1943292301.0,1795026995.3,2146339191.6888888,0.7694166363642427,-0.030261605224712218,-0.3106461499817649,-0.17693177911709101,0
2022-04-19,422.3870544433594,424.2740173339844,415.0993957519531,417.0076599121094,1854452731.0,0.012995325187230788,416.9684143066406,413.8739318847656,445.172607421875,390.7683715820313,462.8220825195313,471.2569274902344,417.0427507672991,426.18243698846726,402.3411224365235,473.6500145806207,0.01907678304202906,0.03096445516916493,0.03169915799248002,0.03747550881407989,9.17462158203125,1525909569.7142856,1936947378.7619047,1800026009.2666667,2139520632.1166666,-0.036982172673677316,-0.08737008227643839,-0.2736719515570619,-0.23599097998747032,0
2022-04-20,418.354248046875,430.9751586914063,415.7283935546875,422.3642883300781,2035166767.0,-0.00954765624102516,422.3870544433594,423.1301574707031,420.1463623046875,396.4478149414063,440.0054321289063,478.6431579589844,416.36047799246654,425.02383713495163,402.6463002522787,473.31507619222003,0.017439974661477998,0.030679067562192477,0.03173077539439108,0.03746407189172063,15.246765136718807,1540640084.4285715,1929967836.6666667,1814072197.3166666,2139922955.8444445,0.09744871518108278,-0.06431969287672179,-0.2772650837807886,-0.24014175885675537,0
2022-04-21,405.0214538574219,425.47412109375,402.0796813964844,418.3168640136719,2190281843.0,-0.03186962783740932,418.354248046875,414.6637268066406,436.7967834472656,404.31494140625,383.0739135742188,485.9064331054688,414.9830104282924,423.88599650065106,403.0495590209961,472.86571519639756,0.01993653479618288,0.03071557629983256,0.031371777216813515,0.037521329505078624,23.394439697265625,1622753957.4285715,1908908196.6190476,1826714469.3833334,2145586384.9555554,0.07621737860266475,0.0041892764198341315,-0.2285197957796501,-0.2057828425399738,1
2022-04-22,406.9875183105469,413.28125,404.1090393066406,404.9669799804688,1895749713.0,0.004854222990906321,405.0214538574219,417.2937316894531,421.67724609375,408.6097717285156,358.0961608886719,476.6331176757813,413.5106942313058,421.9994841076079,403.8883300781251,472.47879519992404,0.019825633774152696,0.02912324454520889,0.03019152520640853,0.03749682881135532,9.172210693359375,1716015334.0,1869743598.4761906,1822235106.5333333,2149195039.5333333,-0.13447225111293593,-0.03421567831296657,-0.2146957967757902,-0.18426223966751465,0
2022-04-23,401.6524658203125,407.8970642089844,399.2784118652344,406.9933471679688,1354484386.0,-0.013108639086478191,406.9875183105469,417.47845458984375,427.1530456542969,414.1269836425781,383.9339599609375,484.6450805664063,411.24983869280135,420.31839425223217,404.3440800984701,472.0177251180013,0.0200486094946204,0.028924884038623117,0.029622044508323963,0.037487420216581045,8.61865234375,1763444334.5714285,1826009439.2857144,1810856345.0166667,2149287797.922222,-0.2855151834064922,-0.05946594528159277,-0.21135661787835103,-0.17685346516177525,0
2022-04-24,399.1053771972656,405.4305725097656,398.34661865234375,401.5250244140625,1222468479.0,-0.006341523679793237,401.6524658203125,407.3777160644531,418.5906677246094,410.8111572265625,371.3689575195313,478.0250549316406,410.06807599748885,417.8782275971912,404.88684488932296,471.57928246392146,0.018309333473664778,0.027840571085934424,0.029495829881561474,0.037476864512386396,7.083953857421875,1782610291.5714285,1782853936.952381,1803819024.6,2147822657.1055555,-0.09746580201626631,-0.02210793259001742,-0.17768752363245277,-0.17002902227692018,0
2022-04-25,404.3502807617188,404.8739013671875,383.190673828125,399.1299133300781,1910707893.0,0.013141650962674944,399.1053771972656,416.9684143066406,394.0868835449219,415.9197998046875,384.6193542480469,449.0079956054688,408.26548549107144,415.8222917829241,405.60543874104826,471.33118404812285,0.016106491055137367,0.028129738705274212,0.029452283621367436,0.03721525861805012,21.6832275390625,1780473116.0,1766751626.952381,1786114957.8166666,2145437194.65,0.5629915419684208,-0.03630423215532386,-0.19442419668295652,-0.16328594879148672,0
2022-04-26,385.4830627441406,407.0845031738281,382.08099365234375,404.2688598632813,1671963898.0,-0.04666057850148131,404.3502807617188,422.3870544433594,413.8739318847656,430.5032653808594,375.7554626464844,492.0155334472656,402.9934866768973,412.9799325125558,405.7815739949545,470.739336988661,0.020604265671422962,0.02960231944562397,0.02974259297392165,0.0366800538091166,25.003509521484375,1754403282.7142856,1738338001.1904762,1783330439.0666666,2140131682.2333333,-0.12495054627379398,-0.005207137167855369,-0.20887852749817937,-0.14179944771444175,0
2022-04-27,391.4458312988281,394.4585266113281,384.0776977539063,385.5621643066406,1512587369.0,0.015468302322390715,385.4830627441406,418.354248046875,423.1301574707031,430.390869140625,390.0882873535156,529.6221313476562,399.14942714146207,411.6132405598958,406.0783584594727,469.97169087727866,0.02325886596811563,0.02763997178964304,0.029796069933705295,0.03624285410940559,10.380828857421818,1679749083.0,1699735412.1904762,1786553419.3666666,2133715771.1444445,-0.0953229487733831,0.028246114395398925,-0.23112721650450607,-0.15391844184918613,1
2022-04-28,406.71820068359375,408.2324523925781,388.8776550292969,391.4386596679688,2116381172.0,0.039015281716224814,391.4458312988281,405.0214538574219,414.6637268066406,434.5056762695313,386.0843811035156,527.9212036132812,399.3918195452009,410.1809270949591,406.84814453125006,469.2983408610026,0.026898555158543697,0.027592850854977563,0.02980184537166413,0.03636506177564996,19.35479736328125,1669191844.2857144,1699322972.047619,1795145506.3666666,2133279589.238889,0.3991794559273487,-0.06870747370330843,-0.24317271966157994,-0.20214968596138672,0
2022-04-29,393.0621643066406,410.17578125,390.53997802734375,406.6417236328125,1928209754.0,-0.03357616244859629,406.71820068359375,406.9875183105469,417.2937316894531,442.6848449707031,389.1327819824219,524.3644409179688,397.40248325892856,408.81830415271577,406.80564015706386,468.56888376871746,0.02973194998784528,0.027534281492615907,0.027437181555841718,0.03644452842588615,19.63580322265625,1673828993.0,1698193733.6666667,1796143179.2666667,2132456921.6777778,-0.08891187489736374,-0.035001775252077594,-0.22156062087937134,-0.18044837595685237,0
2022-04-30,377.767822265625,399.5930786132813,377.767822265625,392.99853515625,1467605770.0,-0.03891074600882727,393.0621643066406,401.6524658203125,417.47845458984375,428.9161071777344,377.6129150390625,551.2559204101562,393.99039132254467,406.4666268484933,406.2937321980795,467.6050610012478,0.03244142484355977,0.02834682409576369,0.027563128201237665,0.03634243305117788,21.825256347656307,1689989190.7142856,1701455518.6190476,1772514636.5,2126523734.1277778,-0.238876493101694,-0.031987133378184596,-0.1482787039927307,-0.10620884461497393,0
2022-05-01,390.281982421875,391.0769958496094,377.2899475097656,377.7656555175781,1553846706.0,0.03312659103996096,377.767822265625,399.1053771972656,407.3777160644531,446.6042785644531,375.2773132324219,554.4476318359375,392.7299063546317,405.11859421502976,405.98176015218104,466.69302961561414,0.03605968692810549,0.029335325631556077,0.02791075273125008,0.03642981919227352,13.78704833984375,1737328937.4285715,1708291890.1904762,1764314235.0,2121816726.3166666,0.05876301235855741,-0.08937958019385772,-0.17883704127687128,-0.15772639411483214,0
2022-05-02,389.670654296875,392.2167053222656,382.7744140625,390.2612609863281,1388077917.0,-0.0015663754734626112,390.281982421875,404.3502807617188,416.9684143066406,436.9553527832031,385.46380615234375,568.5787963867188,390.63281685965404,404.9082975841704,405.76709289550786,465.6990954928928,0.03541033038525373,0.026424123721843284,0.02783827446333425,0.03637451067382093,9.442291259765625,1662667512.2857144,1669972613.6666667,1760815225.1666667,2115263540.7666667,-0.10668284610052137,-0.23178988541380163,-0.22882553375716042,-0.17378254122102066,0
2022-05-03,383.4757995605469,391.7547607421875,380.3462219238281,389.6341552734375,1295877765.0,-0.015897668115414487,389.670654296875,385.4830627441406,422.3870544433594,450.348876953125,367.4716796875,559.7373046875,390.34606497628346,403.4607674734933,405.9203414916993,464.71986490885416,0.030969455633240387,0.023938809939112276,0.0263651048486948,0.03637527317126401,11.408538818359375,1608940921.857143,1629751258.0952382,1753403797.8666666,2109904640.1777778,-0.06642289375172017,-0.16728261418850554,-0.19655483742097057,-0.14932600440801913,0
2022-05-04,402.5026550292969,402.8627014160156,383.4280395507813,383.4835510253906,1714496792.0,0.04961683498816427,383.4757995605469,391.4458312988281,418.354248046875,447.5249328613281,370.8777465820313,608.6480712890625,391.9256112234933,402.47850545247394,406.21416320800785,463.5746125962999,0.036132751641562454,0.02604832063634217,0.026881224433363337,0.03596673294546492,19.434661865234318,1637785125.142857,1619391430.857143,1759957698.1333334,2099007786.2055554,0.32303897659668546,-0.32928947130786557,-0.25864367736437843,-0.19524221585118806,0
2022-05-05,378.7736206054688,412.4003601074219,372.5527648925781,402.4652099609375,2389487319.0,-0.05895373391288783,402.5026550292969,406.71820068359375,405.0214538574219,445.172607421875,399.0296020507813,636.1139526367188,387.9335283551897,400.7694527762277,406.27687021891285,462.1449440850152,0.039382754226952366,0.028647218632830384,0.027772505246278025,0.03604709762053429,39.84759521484375,1676800289.0,1656248696.9047618,1778027565.5666666,2096838676.6222222,0.3936959988199267,-0.2887380682703531,-0.20366383078355244,-0.13684509735769312,0
2022-05-06,379.3042907714844,382.68109130859375,371.9733276367188,378.7567443847656,1834770716.0,0.0014010219749920338,378.7736206054688,393.0621643066406,406.9875183105469,420.1463623046875,414.2000122070313,650.4540405273438,385.9681178501674,398.96043178013394,406.24286448160814,460.6385565863715,0.03800662563667634,0.02857901901943303,0.027689909398665148,0.03600035179538022,10.707763671874943,1663451855.0,1684432060.6666667,1774301715.75,2090269803.5555556,-0.23214879551323542,-0.23390215964334504,-0.21188678806566197,-0.1490367359739604,0
2022-05-07,365.6841125488281,380.3874206542969,361.1955871582031,379.2881774902344,1527960119.0,-0.035908315708618965,379.3042907714844,377.767822265625,401.6524658203125,436.7967834472656,419.5455627441406,654.3150024414062,384.2418736049107,396.4940345400856,405.9716237386068,459.03505164252385,0.037567374139564166,0.029377049697330557,0.028080472971190106,0.03608159867020429,19.19183349609375,1672073904.857143,1708502476.7142856,1771692048.6666667,2083046734.5833333,-0.16722012964588873,-0.1867636751102857,-0.19220984321027823,-0.12052221458252821,0
2022-05-08,355.39874267578125,366.5095825195313,351.1437683105469,365.7330017089844,1875845651.0,-0.02812637880644464,365.6841125488281,390.281982421875,399.1053771972656,421.67724609375,433.2292785644531,635.1906127929688,379.258553641183,394.0188453311012,405.33567352294926,457.4806523640951,0.034477953273759576,0.029511862124480016,0.028011881386762874,0.03607714547884938,15.365814208984432,1718073754.142857,1746004327.7142856,1762530157.7166667,2081251489.5666666,0.227679719957403,-0.12209109520710892,-0.18305528235042168,-0.11656631208103652,0
2022-05-09,299.34893798828125,358.9507141113281,299.34893798828125,355.3774108886719,2943374129.0,-0.15770963134394766,355.39874267578125,389.670654296875,404.3502807617188,427.1530456542969,408.7767639160156,615.278076171875,366.35545131138394,388.4179178873698,404.1221720377605,455.7254904852973,0.06393929574391963,0.043574715280442766,0.03388990469580975,0.03782720670701081,59.601776123046875,1940258927.2857144,1794466518.5238094,1776489589.8166666,2077303577.261111,0.5690918532827625,-0.005474629286825072,-0.035853974272372136,0.04397798934169672,0
2022-05-10,319.32696533203125,332.4388427734375,290.5867919921875,298.8207092285156,3210603809.0,0.0667382602991966,299.34893798828125,383.4757995605469,385.4830627441406,418.5906677246094,422.4655456542969,629.892333984375,357.1913321358817,383.5102945963542,403.2412206013998,454.00012732611765,0.07478111543861725,0.04674505823873285,0.035065858198074173,0.03813322227245081,41.85205078125,2213791219.285714,1859045141.2857144,1804152313.0,2082131084.4944444,0.09079025237297644,-0.04184903513152993,-0.09209155914739964,-0.01487350657596842,0
2022-05-11,269.9627685546875,322.7668151855469,262.6204528808594,319.1227722167969,3870618668.0,-0.15458825009035992,319.32696533203125,402.5026550292969,391.4458312988281,394.0868835449219,415.1192321777344,626.6425170898438,338.25706263950894,376.44403366815476,401.5284271240235,452.01857316758895,0.08116356993113279,0.05611896757049423,0.040219131324721845,0.03977112367086269,60.1463623046875,2521808630.142857,1946447612.7619047,1848472326.3833334,2091361391.55,0.20557343673169481,0.06473490132419335,0.05957830194864644,0.13977135790299489,1
2022-05-12,269.4072570800781,283.4751281738281,216.3614959716797,269.88800048828125,4739990237.0,-0.0020577336555831494,269.9627685546875,378.7736206054688,406.71820068359375,413.8739318847656,400.4223937988281,650.1041259765625,322.63329642159596,369.9862147739955,399.98771769205734,449.9035905626085,0.08322633141480426,0.05615527177770972,0.04008938170049111,0.03965074277578126,67.11363220214844,2857594761.285714,2067862298.1904762,1906771964.5,2105993721.7277777,0.22460790988982016,0.13876503649720195,0.0002959921440308655,0.14548925756946396,1
2022-05-13,290.5841979980469,312.68878173828125,265.7095947265625,269.1427307128906,2774121165.0,0.07860568103283927,269.4072570800781,379.3042907714844,393.0621643066406,423.1301574707031,403.3897399902344,650.9180908203125,309.95899745396207,364.4431995210193,398.6063517252605,447.9017356024848,0.09462978690203613,0.05981794642943498,0.041233748943898585,0.04012523457868134,46.97918701171875,2991787682.571429,2109689510.1904762,1928749558.0833333,2109731050.4777777,-0.4147411647928253,0.04052190206895445,-0.11918513215323512,0.07055678074763305,1
2022-05-14,297.3876037597656,298.8028564453125,272.6511535644531,290.6180725097656,1884570404.0,0.02341285523641745,290.5841979980469,365.6841125488281,377.767822265625,414.6637268066406,398.88677978515625,633.0486450195312,300.20235334123885,359.4782060895647,397.36899770100916,446.03695203993055,0.09698341832435985,0.0603767831242141,0.04137680885126553,0.040135799026478076,26.151702880859375,3042732009.0,2134931701.5238094,1937481723.8833334,2108273786.4722223,-0.32066038507009476,0.05070295461259988,-0.25179872910641443,0.04959282373968388,1
2022-05-15,312.0077209472656,312.1765441894531,286.6437683105469,297.3973693847656,1611088257.0,0.049161824510043584,297.3876037597656,355.39874267578125,390.281982421875,417.2937316894531,403.6607971191406,589.8228759765625,294.0036359514509,355.33069864908856,396.14365590413416,444.49353451199,0.1008657520170196,0.06185072703998821,0.041597851571746954,0.040029143221659916,25.53277587890625,3004909524.142857,2153437405.2380953,1934519125.9166667,2096263403.1222222,-0.14511643949174535,0.02436249916738964,-0.28456497241895407,0.004877116481050381,1
2022-05-16,297.7101135253906,312.1442565917969,290.4618225097656,312.0841369628906,1754184298.0,-0.045824530811183095,312.0077209472656,299.34893798828125,389.670654296875,417.47845458984375,432.4093933105469,578.0927734375,293.76951817103793,350.25259544735866,394.5750788370769,442.93585306803385,0.08120493849559476,0.06209860376535797,0.041890644148781506,0.040137829718718744,21.68243408203125,2835025262.571429,2145983900.7142856,1936494574.3833334,2090981939.588889,0.08881949227689012,0.06398991734291859,-0.21602692467170614,0.045916887784311466,1
2022-05-17,305.96343994140625,310.1944580078125,296.9617919921875,297.6993103027344,1584497815.0,0.027722694127795267,297.7101135253906,319.32696533203125,383.4757995605469,407.3777160644531,427.9181213378906,532.2376098632812,291.8604431152344,346.46594674246654,393.0470443725587,441.67877434624563,0.07728168190355877,0.062176111808812065,0.04201978759743008,0.03979015334879898,13.232666015625,2602724406.285714,2141818849.142857,1935127141.7833333,2083578500.7,-0.09673241471461402,0.07264231019738054,-0.3151510451524615,0.026539401803943985,1
2022-05-18,287.43878173828125,307.7114562988281,287.43878173828125,305.9898681640625,1520090732.0,-0.0605453324968257,305.96343994140625,269.9627685546875,402.5026550292969,416.9684143066406,402.4500427246094,581.5308227539062,294.35701642717635,341.5132300967262,391.17346496582036,440.0449296739366,0.04995458832052446,0.06288940267293916,0.042641660662013865,0.03938537315975982,20.272674560546875,2266934701.142857,2142176152.142857,1934919471.4166667,2078239451.8277779,-0.040648262427550264,0.1332319190758391,-0.24891206878502703,0.07660035881451499,1
2022-05-19,306.79156494140625,307.9598083496094,287.214599609375,287.4504699707031,1646882950.0,0.0673283649690184,287.43878173828125,269.4072570800781,378.7736206054688,422.3870544433594,399.5691833496094,603.8400268554688,299.6976318359375,336.75481887090774,389.7738515218099,438.3946604410807,0.053877509654813686,0.06433835717190577,0.04356593624547566,0.039614310314902215,20.745208740234375,1825062231.5714285,2119819093.952381,1940130962.7333333,2074409925.1111112,0.08341095391929532,-0.0059572586980970454,-0.3577300624115559,0.007082103096942793,0
2022-05-20,302.3592224121094,315.2738647460937,294.76080322265625,306.78106689453125,1756670714.0,-0.014447406760167647,306.79156494140625,290.5841979980469,379.3042907714844,418.354248046875,400.0435791015625,585.2942504882812,301.37977818080356,332.4356311616443,388.2057083129883,436.82279917399086,0.048180305577856276,0.06414178574332166,0.043528332570791195,0.03956916912513112,20.513061523437443,1679712167.142857,2111650568.2380953,1941786449.7833333,2072749542.1555555,0.06666397511735722,-0.0045878425754819485,-0.2891881037660884,0.02765170588916277,0
2022-05-21,312.4660339355469,313.66015625,300.13006591796875,302.3659362792969,1318736979.0,0.03342650322622576,302.3592224121094,297.3876037597656,365.6841125488281,405.0214538574219,380.825927734375,559.1270141601562,303.5338396344866,329.3260221935454,386.6748931884766,435.45246039496527,0.0489029219603395,0.06447300222517378,0.043686991740289,0.039536164763806614,13.53009033203125,1598878820.7142856,2104561578.1904762,1933846740.2,2067564905.7333333,-0.249297566988414,-0.014883551307871667,-0.30573489091148287,-0.019071897170073293,0
2022-05-22,319.6090087890625,322.8570251464844,311.82733154296875,312.488037109375,1604297406.0,0.022860004217255314,312.4660339355469,312.0077209472656,355.39874267578125,406.9875183105469,356.6612548828125,591.4395751953125,304.61973789760043,325.9606424967448,385.1915471394857,433.9422905815972,0.04615706897451851,0.06419255812737863,0.04378158231507873,0.03932406574508845,11.029693603515625,1597908699.142857,2106963992.4761906,1933157511.4833333,2060214145.8277779,0.21654085048600136,-0.042658189461076246,-0.31322766044479544,-0.03242515860863626,0
2022-05-23,316.76055908203125,336.3075256347656,316.3497314453125,319.5171203613281,2228144099.0,-0.008912294799897746,319.6090087890625,297.7101135253906,299.34893798828125,401.6524658203125,374.3074645996094,581.3953247070312,307.3412301199777,322.48873320079986,383.5687733968099,432.4720974392361,0.04132365930379077,0.06417920639004689,0.04373310640165921,0.03931220560143003,19.957794189453125,1665617242.142857,2146967144.0,1939769059.5,2056384842.5555556,0.3888597529777469,0.015760611429523896,-0.32358397858879095,-0.010273796414316139,1
2022-05-24,328.1893310546875,329.81866455078125,313.5509033203125,316.850830078125,2002782969.0,0.036080161007976175,316.76055908203125,305.96343994140625,319.32696533203125,399.1053771972656,366.53948974609375,603.730224609375,310.516357421875,319.85604422433033,382.191742960612,430.9413146972656,0.04204779495405962,0.06484797445935842,0.04402506598941636,0.03929897968375144,16.26776123046875,1725372264.142857,2180629296.571429,1945177680.5333333,2053415703.5055556,-0.10114297818581075,-0.023474936275514446,-0.30237296296447824,-0.06781622427448186,0
2022-05-25,325.7348022460937,336.6660461425781,324.5485534667969,328.1956787109375,2008481372.0,-0.00747900244260169,328.1893310546875,287.43878173828125,269.9627685546875,404.3502807617188,361.2346496582031,585.1473388671875,315.98721749441967,316.20043218703495,380.68865966796875,429.5001339382595,0.030129985952196393,0.06361682452207752,0.043983764221531794,0.039243958506579246,12.11749267578125,1795142355.5714285,2194628562.285714,1960615027.95,2040937795.4388888,0.0028452423893166046,-0.07745792968459408,-0.262472692168529,-0.06447318347058983,0
2022-05-26,304.96392822265625,330.892333984375,298.7865905761719,325.7552795410156,2686414043.0,-0.0637662106726471,325.7348022460937,306.79156494140625,269.4072570800781,385.4830627441406,374.9149475097656,600.3367919921875,315.7261265345982,312.6856849307106,378.5963373819987,427.8591735839844,0.03500284491500479,0.06381793491088496,0.04438017244533884,0.03945019417005245,32.105743408203125,1943646797.4285715,2208767930.095238,1980396843.7833333,2042053820.588889,0.3375349557386884,0.010289242792346442,-0.21403603381467406,0.006303676011887527,1
2022-05-27,300.9720458984375,308.86492919921875,292.1418762207031,304.79083251953125,2593113824.0,-0.013089686860618621,304.96392822265625,302.3592224121094,290.5841979980469,391.4458312988281,373.6387634277344,611.3668212890625,315.52795846121654,308.95557803199404,376.4393569946289,426.13475816514756,0.034915164255562035,0.06378703488323342,0.044389230871673915,0.03942481946689594,16.723052978515625,2063138670.2857144,2244879506.6666665,1988137082.5166667,2041284026.3444445,-0.03473039431248981,-0.008552813292542316,-0.22298847159857604,0.021994469417329743,0
2022-05-28,307.8154296875,309.20904541015625,297.7169189453125,302.4350280761719,1471633413.0,0.022737605974781472,300.9720458984375,312.4660339355469,297.3876037597656,406.71820068359375,360.5310363769531,624.31005859375,314.86358642578125,306.1999264671689,374.3278528849284,424.37645467122394,0.03340426341735517,0.06382971371774376,0.04449462616590239,0.03943038867961387,11.49212646484375,2084981018.0,2242197282.571429,1979536037.7666667,2035983083.1833334,-0.4324840663068402,-0.02009092156483283,-0.24092816772048486,0.020969125452486193,0
2022-05-29,305.9750671386719,307.94439697265625,299.3061828613281,307.7525329589844,1208835000.0,-0.005978785893535288,307.8154296875,319.6090087890625,312.0077209472656,393.0621643066406,395.6124267578125,622.6698608398438,312.91588047572543,303.84641810825894,372.04935658772786,422.61703915066187,0.03160721461166389,0.06363054620919611,0.044387328329504656,0.03943094110458139,8.638214111328125,2028486388.5714285,2210434870.6190476,1963321001.9166667,2027245879.3277779,-0.17857600315303523,-0.023009535724982655,-0.2583469634679809,0.019060777916558802,0
2022-05-30,321.7528991699219,323.2577819824219,304.3365783691406,305.944091796875,2064357375.0,0.051565744159471905,305.9750671386719,316.76055908203125,297.7101135253906,377.767822265625,408.4822998046875,627.9715576171875,313.6290719168527,304.9132734026228,370.26330312093097,420.9158243815104,0.03818684556076153,0.054220500920199206,0.04484800645676499,0.03963213584398773,18.92120361328125,2005088285.142857,2168576929.952381,1953851386.7666667,2023122510.838889,0.7077246894737494,-0.08191650371011683,-0.31846932795255023,-0.03129230511536407,0
2022-05-31,320.485107421875,323.70135498046875,314.2755126953125,321.7203063964844,1711532960.0,-0.003940265188962067,321.7528991699219,328.1893310546875,305.96343994140625,390.281982421875,409.0003051757813,619.4701538085938,312.5284685407366,304.96842302594865,368.16131693522135,419.2547963460286,0.03527000695723219,0.05235164523769676,0.04445743330908932,0.039624212589153406,9.42584228515625,1963481141.0,2097192603.8095238,1937073498.2,2019415704.4333334,-0.17091246858359488,-0.0940573562874274,-0.31572453906317255,-0.04249310775367232,0
2022-06-01,300.5040588378906,323.88507080078125,297.9685974121094,320.4720153808594,1763624947.0,-0.062346262341863024,320.485107421875,325.7348022460937,287.43878173828125,389.670654296875,402.5506896972656,594.635986328125,308.92407662527904,306.4227701822917,365.8871287027995,417.62073008219403,0.041936756024016184,0.04130057291060853,0.04503051816659557,0.0397754870258658,25.916473388671875,1928501651.7142856,1996859569.4761906,1928585551.8333333,2015417241.0611112,0.030435865517892235,-0.03956009784585368,-0.2811562745984352,0.014805852430765931,0
2022-06-02,308.1017761230469,309.0408935546875,298.67120361328125,300.4664611816406,1228180850.0,0.02528324347610522,300.5040588378906,304.96392822265625,306.79156494140625,383.4757995605469,374.2808837890625,569.0772705078125,309.3723406110491,308.26536632719495,363.51634368896487,416.17086622450086,0.03627671650424128,0.04146681554701984,0.04496339295498029,0.039717350783970116,10.36968994140625,1720182624.142857,1829630551.047619,1913576332.2,1997471468.711111,-0.30360428837821374,-0.059013385560583664,-0.2923272456018936,-0.002200501808708233,0
2022-06-03,298.3978881835937,309.8567199707031,293.8630676269531,308.1941833496094,1115211127.0,-0.031495722165450046,308.1017761230469,300.9720458984375,302.3592224121094,402.5026550292969,384.8733520507813,557.7830810546875,309.00460379464283,308.63744681222096,361.03089294433596,414.729837375217,0.038173040631682725,0.03887038551235319,0.045090651726184074,0.039755081952659276,15.99365234375,1509053667.4285715,1750634834.952381,1894682244.2666667,1990365777.3777778,-0.0919813421614577,-0.04139170140997506,-0.2661465619107247,0.02788972521917299,0
2022-06-04,301.6311340332031,302.6377868652344,295.2839050292969,298.5028381347656,805954970.0,0.010835350978154912,298.3978881835937,307.8154296875,312.4660339355469,378.7736206054688,375.0111999511719,589.2561645507812,308.12113298688615,308.83951968238466,358.63853505452477,413.13192053900826,0.03721348060356081,0.038619853802533695,0.045141108908143726,0.03952105060716487,7.3538818359375,1413956747.0,1699272195.2380953,1870303993.1166666,1975023840.3833334,-0.27730727349530826,-0.10656769442754543,-0.23226052927356544,0.011688665012992372,0
2022-06-05,298.9347229003906,301.9407653808594,295.4252624511719,301.597900390625,779603321.0,-0.008939432401284142,301.6311340332031,305.9750671386719,319.6090087890625,379.3042907714844,381.3446350097656,579.6898803710938,307.11536952427457,308.21699596586683,356.61834106445315,411.572169664171,0.03727907128848483,0.037076666741820655,0.04464939461804187,0.03951105856291124,6.5155029296875,1352637935.7142856,1659677674.4761906,1844576686.1666667,1967616332.8611112,-0.032696180284116916,-0.14379005732534345,-0.22777000606299247,-0.07374677313331757,0
2022-06-06,295.3960266113281,311.69970703125,289.42828369140625,298.9845886230469,1470941103.0,-0.011837689026984122,298.9347229003906,321.7528991699219,316.76055908203125,365.6841125488281,381.9585571289063,607.5927734375,303.35010201590404,308.10680135091144,354.26166178385415,409.8377432929145,0.028578337501181023,0.0357578306614286,0.04427741566377261,0.039330938308863056,22.27142333984375,1267864182.5714285,1646189903.2857144,1833674997.6333334,1963313218.8611112,0.8867814738310997,-0.2467543127321069,-0.19260952254224561,-0.04705700282978409,0
2022-06-07,290.34112548828125,295.3734130859375,274.4277648925781,295.3734130859375,1752763456.0,-0.017112285432660634,295.3960266113281,320.485107421875,328.1893310546875,355.39874267578125,393.5557556152344,571.6489868164062,299.04381888253346,307.36288161504837,352.0727264404297,408.27492184109155,0.02840946556167123,0.03537133155460397,0.044139744995368047,0.03912111256611414,20.945648193359375,1273754253.4285715,1654202552.857143,1830355659.2333333,1961201041.9277778,0.19159322723746075,-0.23117590707825542,-0.16806649598303447,-0.10659763222182961,0
2022-06-08,288.6160888671875,294.0399475097656,284.3733215332031,290.298828125,1136631692.0,-0.005941413288223174,290.34112548828125,300.5040588378906,325.7348022460937,299.34893798828125,372.1590270996094,552.9668579101562,297.3455374581473,307.41894385928197,349.7637771606445,406.80630645751955,0.018606422542148893,0.03275442043512119,0.04407515299726244,0.039058409856999605,9.6666259765625,1184183788.4285715,1635942598.5714285,1825981049.3333333,1955904848.7055554,-0.3515202019364785,-0.1913246618616672,-0.1658444333161474,-0.09170517983219861,0
2022-06-09,289.9196472167969,292.98065185546875,286.4792785644531,288.6175537109375,800984464.0,0.004516582407882552,288.6160888671875,308.1017761230469,304.96392822265625,319.32696533203125,372.1840515136719,564.322509765625,294.7480904715402,306.6155192057292,347.61926015218097,405.28184611002604,0.013929042615225875,0.029021696061820947,0.04405198190395545,0.03902310821834743,6.501373291015625,1123155733.2857144,1595661718.2857144,1815826075.35,1950216141.8777778,-0.29529990265307504,-0.2772523556889531,-0.16100520974176347,-0.10072981436906836,0
2022-06-10,286.04669189453125,297.2312927246094,283.4785461425781,289.8885803222656,1362797648.0,-0.013358719767513683,289.9196472167969,298.3978881835937,300.9720458984375,269.9627685546875,372.7303771972656,570.823974609375,292.983633858817,305.83873203822543,345.81859029134114,403.69975009494357,0.010119121612869127,0.028999847542550562,0.04350592659939682,0.03901573987662721,13.75274658203125,1158525236.2857144,1576905858.0,1801992990.75,1950522598.3111112,0.7014033470691636,-0.2452567848386108,-0.17965987629809232,-0.1641606507419362,0
2022-06-11,269.48699951171875,290.3717956542969,265.6297912597656,286.1053771972656,1220361307.0,-0.05789157103385856,286.04669189453125,301.6311340332031,307.8154296875,269.4072570800781,361.8498229980469,521.0115966796875,288.39161464146207,303.7921113513765,343.41214141845705,402.3023912217882,0.01979943039288174,0.030206794278823175,0.043446332662857794,0.03872189914752778,24.74200439453125,1217726141.5714285,1572221302.1904762,1786656908.6666667,1946741451.4444444,-0.10451760113398734,-0.2688218740622047,-0.1618946158506548,-0.12634450855269486,0
2022-06-12,255.9508819580078,271.3798828125,251.99143981933597,269.6625671386719,1380200465.0,-0.05022920429644817,269.48699951171875,298.9347229003906,305.9750671386719,290.5841979980469,373.4661560058594,511.2293701171875,282.2510659354074,300.7607719784691,340.6258201599121,400.88417739868163,0.02326397974063355,0.030848785842877036,0.043648956922405655,0.03886468017340018,19.388442993164034,1303525733.5714285,1561550019.2857144,1777459363.6833334,1942006947.9777777,0.1309769140361643,-0.1603055610418912,-0.13864507070079957,-0.0972821206537714,0
2022-06-13,222.5057830810547,256.85430908203125,214.6053009033203,255.667724609375,2471570710.0,-0.13066998879277247,255.9508819580078,295.3960266113281,321.7528991699219,297.3876037597656,371.62884521484375,541.0269775390625,271.83817400251115,296.27244931175596,337.4231877644857,399.1146152072483,0.0465630740426233,0.04054133224608654,0.046440896600121954,0.03974025036240716,42.24900817871094,1446472820.2857144,1573141762.6666667,1791727463.3166666,1944183469.3722222,0.790733138174968,-0.025039879265997933,0.036039431526472265,0.09610873960260546,0
2022-06-14,223.22125244140625,230.3656311035156,205.39317321777344,222.5522003173828,2027226914.0,0.003215509055290111,222.5057830810547,290.34112548828125,320.485107421875,312.0077209472656,385.5282287597656,526.2465209960938,262.24962071010043,291.2739693777902,334.1886464436849,397.4311414930556,0.048715721167190786,0.039042708764713906,0.046424899369653376,0.03970581471204143,24.97245788574216,1485681885.7142856,1574305760.047619,1804799243.9333334,1947107921.3555555,-0.17978194765060962,-0.016676842781352175,0.06694354539481373,0.06429948729334578,0
2022-06-15,233.39671325683597,234.01708984375,199.29222106933597,223.1894378662109,2244407305.0,0.04558464171372156,223.22125244140625,288.6160888671875,300.5040588378906,297.7101135253906,391.8247375488281,525.706298828125,254.36113848005022,286.8769175211589,331.1206174214681,395.80719935099285,0.057137883678409655,0.04136656666545893,0.046947686148335145,0.039876601588464795,34.724868774414034,1643935544.7142856,1585540328.2857144,1825164675.9833333,1949550208.1555555,0.1071317618664962,-0.08198400001255246,0.022182302994262493,0.012356524338863029,0
2022-06-16,209.5387420654297,236.3285369873047,208.0655975341797,233.4678649902344,1483212957.0,-0.1022206819388769,233.39671325683597,289.9196472167969,308.1017761230469,305.96343994140625,397.6455078125,533.891357421875,242.8781520298549,282.3328610374814,327.82330118815105,394.00524037679037,0.060999822853086645,0.04437937977166885,0.04844624487516139,0.0405200897358602,28.262939453125,1741396758.0,1528245038.4761906,1831746445.6,1950598197.7777777,-0.33915160866935423,0.09265593729134558,0.1911585877153703,0.14114777746035978,1
2022-06-17,215.8917999267578,221.64134216308597,208.10292053222656,209.70867919921875,1108538874.0,0.030319251698782912,209.5387420654297,286.04669189453125,298.3978881835937,287.43878173828125,399.8535461425781,529.9720458984375,232.85602460588728,278.2814207531157,324.47202428181964,392.26035012139215,0.06659263067245695,0.04555280822653523,0.04853314149834749,0.04060167320976003,13.538421630859403,1705074076.0,1457550993.2380953,1818127624.8,1950092398.9722223,-0.25260976937379864,0.11277182296446608,0.14802174194987017,0.13302395240264397,1
2022-06-18,197.04299926757807,218.5502014160156,184.54005432128903,215.81561279296875,1579731402.0,-0.08730670023397957,215.8917999267578,269.48699951171875,301.6311340332031,306.79156494140625,390.7683715820313,523.1624755859375,222.50688171386716,273.0065431140718,320.71629002889,390.4485752529568,0.06898534182713136,0.04733022925965205,0.04945689428040721,0.04106757188880243,34.01014709472656,1756412661.0,1462698516.5238094,1813548935.9833333,1950716571.211111,0.4250572885186885,0.21643833813067248,0.34430580303730807,0.2387512670936649,1
2022-06-19,214.9205322265625,216.0824737548828,190.1214904785156,196.95579528808597,1333254615.0,0.09072909479370694,197.04299926757807,255.9508819580078,298.9347229003906,302.3592224121094,396.4478149414063,528.7109985351562,216.64540318080358,268.67061288016185,317.32572809855145,388.7052948845757,0.08480982999746789,0.053105132121725136,0.05118364836448495,0.04166265710524648,25.960983276367216,1749706111.0,1468623260.0952382,1801850400.1166666,1950003001.788889,-0.15602449042156852,0.08811730069196866,0.2507754330980574,0.1302008401542858,1
2022-06-20,216.93426513671875,218.0797119140625,205.1668243408203,214.87974548339844,1235838900.0,0.009369662773929033,214.9205322265625,222.5057830810547,295.3960266113281,312.4660339355469,404.31494140625,533.6449584960938,215.84947204589844,263.67924935477123,314.19094161987306,386.9457910325792,0.06998030694504481,0.051213337401792965,0.05115775038148035,0.04166272495124953,12.912887573242188,1573172995.2857144,1429169999.3809524,1785943017.7333333,1947994751.3666666,-0.07306609998121028,0.07707291916074577,0.19086215351701363,0.14170271036007298,1
2022-06-21,219.4986267089844,227.6422119140625,213.55081176757807,216.90110778808597,1165714518.0,0.011820915292701795,216.93426513671875,223.22125244140625,290.34112548828125,319.6090087890625,408.6097717285156,548.725830078125,215.31766836983817,258.870369320824,311.066126759847,385.11675101386174,0.07015176744484886,0.051533503430853014,0.0511976423857441,0.04160936986542428,14.091400146484432,1450099795.857143,1403178645.0,1773775764.4833333,1944098026.6333334,-0.056742332677827134,0.03384399733556931,0.20940417218917773,0.13570800042432896,1
2022-06-22,214.2619171142578,220.5269317626953,211.5919342041016,219.67340087890625,1050984086.0,-0.02385759616468819,219.4986267089844,233.39671325683597,288.6160888671875,316.76055908203125,414.1269836425781,541.9020385742188,212.58412606375558,254.76360066731772,307.94295094807944,383.29652811686196,0.06744893647705792,0.05049755478478146,0.051231434247288314,0.04163071243658429,8.934997558593722,1279610764.5714285,1369243365.9047618,1768717426.15,1940618720.6666667,-0.09842069411371956,0.023441181512233067,0.2268976444659896,0.12382283298612173,1
2022-06-23,228.9537506103516,229.77142333984372,214.2310333251953,214.2310333251953,1148541185.0,0.06856950452963217,214.2619171142578,209.5387420654297,289.9196472167969,328.1893310546875,410.8111572265625,547.3262329101562,215.35769871303015,250.99464707147507,305.1070905049642,381.5277921040853,0.05895414906753399,0.05303206304646549,0.05220272767662332,0.041970259790411316,15.540390014648409,1231800511.4285715,1365451000.9047618,1767485304.5833333,1939747349.3666666,0.09282452541341324,-0.04216421866916098,0.133255131237765,0.06818490963472601,0
2022-06-24,240.23831176757807,242.81625366210935,228.63003540039065,228.92286682128903,1127877901.0,0.049287513863143895,228.9537506103516,215.8917999267578,286.04669189453125,325.7348022460937,415.9197998046875,546.9949951171875,218.83577183314728,248.2251434326172,302.3718910217285,379.82358830769857,0.06023859663607853,0.05450699824769133,0.05265539022452055,0.04215669284715906,14.186218261718693,1234563229.5714285,1366054180.6190476,1754438138.05,1937253741.4555554,-0.01799089511970786,-0.10082844170871674,0.0900212636251263,-0.014896287903818584,0
2022-06-25,239.69065856933597,241.4977264404297,230.4462127685547,240.26217651367188,915553554.0,-0.00227962473684018,240.23831176757807,197.04299926757807,269.48699951171875,304.96392822265625,430.5032653808594,562.6414794921875,224.9282945905413,245.27559698195685,299.9420176188151,378.0294170803494,0.04131295825972533,0.054345486739644955,0.05240310757253494,0.04208745523624044,11.051513671875,1139680679.857143,1371273160.8095238,1741831298.9833333,1930227058.1277778,-0.18825118110014283,-0.09034739257110569,0.022770349075750485,-0.0033279079868711037,0
2022-06-26,233.85874938964844,244.66546630859372,233.63218688964844,239.61257934570312,823875890.0,-0.02433098233571962,239.69065856933597,214.9205322265625,255.9508819580078,300.9720458984375,430.390869140625,534.9280395507812,227.63375418526786,242.17674110049293,297.3155662536621,376.3568099127875,0.03512842535202923,0.05444210677930223,0.05237242197602681,0.041978013703669784,11.033279418945284,1066912290.5714285,1373381378.3809524,1730352774.3333333,1919295339.95,-0.10013358978234055,-0.0636214521217211,0.06456728547979407,0.009730286770331942,0
2022-06-27,233.65402221679688,240.6182098388672,230.507080078125,233.8336639404297,841135242.0,-0.0008754308888843099,233.85874938964844,216.93426513671875,222.5057830810547,307.8154296875,434.5056762695313,514.0007934570312,230.0222909109933,239.2366456531343,294.43116327921547,374.7993278503418,0.03549954401159554,0.054477886043216,0.05202855992616229,0.04189437081787108,10.111129760742188,1010526053.7142857,1343390623.0952382,1709098675.5,1911972059.4,0.02094897084559655,-0.00890160160650455,0.16199311031656616,0.016428792999297892,0
2022-06-28,226.9273376464844,241.4232482910156,226.1501007080078,233.5728454589844,1082126615.0,-0.028789080994595873,233.65402221679688,219.4986267089844,223.22125244140625,305.9750671386719,442.6848449707031,518.9097290039062,231.08353533063618,236.21694147019159,291.6622495015462,373.17720345391166,0.03856528777975881,0.05461726582194064,0.05199203746194504,0.04192522461808341,15.273147583007784,998584924.7142857,1311455535.4285715,1694997289.85,1907147186.0,0.28650728321284635,0.017269940444771148,0.22195024041969047,0.016406231613827593,1
2022-06-29,219.2844696044922,229.4347076416016,215.94781494140625,226.90460205078125,1062609997.0,-0.03367980306497298,226.9273376464844,214.2619171142578,233.39671325683597,321.7528991699219,428.9161071777344,511.7083129882813,231.80104282924108,232.91543579101562,289.02086029052737,371.55262654622396,0.03996022589730831,0.054843903827447034,0.05194323091005219,0.041978056601990325,13.486892700195341,1000245769.1428572,1307930692.8095238,1688247360.3,1901825630.9944444,-0.01803542924595747,0.08762804495461585,0.3405114331773227,0.0636067972038461,1
2022-06-30,219.3000946044922,219.88706970214844,205.9266662597656,219.3875732421875,1088852065.0,7.12544761067857e-05,219.2844696044922,228.9537506103516,209.5387420654297,320.485107421875,446.6042785644531,527.3527221679688,230.4219491141183,229.55259995233445,286.17116216023766,369.8412230597602,0.028151165765676875,0.054787431772196686,0.051678099143280344,0.041900023744879514,13.960403442382841,991718752.0,1321638673.8095238,1680497449.6166666,1898860659.0555556,0.024695860263019842,0.10143367846384632,0.3111537107682125,0.09607696215383599,1
2022-07-01,216.0154571533203,226.37962341308597,213.66563415527344,219.52899169921875,1234215934.0,-0.014977820493400684,219.3000946044922,240.23831176757807,215.8917999267578,300.5040588378906,436.9553527832031,531.3966674804688,226.9615413120815,226.21777925037202,283.2769088745117,368.0891052246094,0.014227865209982227,0.0547909640219279,0.05167794712986818,0.041898887385755625,12.713989257812528,1006909899.5714285,1315515735.047619,1677933083.2333333,1897593657.661111,0.13350194546400562,0.11450689842166906,0.3127739630787745,0.14695232089706223,1
2022-07-02,218.0352325439453,219.4220123291016,214.21044921875,216.2319793701172,767361243.0,0.009350142889040791,216.0154571533203,239.69065856933597,197.04299926757807,308.1017761230469,450.348876953125,512.135986328125,223.86790902273995,223.76769510904947,280.5195660909017,366.4552121480306,0.016461736006413433,0.053921594918718535,0.05171879004713448,0.04184121224875249,5.211563110351591,985739569.4285715,1293944303.4285715,1669124474.5333333,1891028147.1777778,-0.3782601392018652,0.11560444048588736,0.3004296894491394,0.1294409460264172,1
2022-07-03,218.98031616210935,219.7887115478516,214.4644927978516,218.04757690429688,724525676.0,0.004334545417899571,218.0352325439453,233.85874938964844,214.9205322265625,298.3978881835937,447.5249328613281,507.506103515625,221.74241856166296,222.00719197591147,277.4608604431152,364.85229110717773,0.01682715289629446,0.05312478903036062,0.05119150540151799,0.041843802659707725,5.32421875,971546681.7142857,1262721694.4285715,1652624955.9333334,1882826183.35,-0.05582190577222046,0.07158297478923914,0.29610272220361744,0.1251340838545132,1
2022-07-04,231.5741271972656,231.7682037353516,215.21372985839844,218.9786071777344,1039372640.0,0.057511155595524555,218.98031616210935,233.65402221679688,216.93426513671875,301.6311340332031,445.172607421875,475.0569458007813,221.44529070172987,222.4390178862072,275.00753555297854,363.49960878160266,0.030538968589650155,0.04650572458300819,0.05146304307940298,0.04184729418964483,16.554473876953153,999866310.0,1194521786.3333333,1630123044.6166666,1872651821.4166667,0.434555978386058,-0.02468160850876633,0.2883856440132675,0.047150313624234386,0
2022-07-05,230.8463592529297,235.7591552734375,223.22837829589844,231.48411560058597,1310031377.0,-0.00314269971841874,231.5741271972656,226.9273376464844,219.4986267089844,298.9347229003906,420.1463623046875,473.2756042480469,222.00515093122206,222.80211821056548,272.5332366943359,362.1527796427409,0.028071800434429986,0.04652456904221459,0.05145409607572173,0.04184726531687872,12.530776977539062,1032424133.1428572,1160369617.9047618,1621377388.9666667,1855484058.9166667,0.26040587041044305,-0.04497279252538233,0.34594305794128233,0.03567189007787608,0
2022-07-06,238.49993896484372,239.4906005859375,229.2979278564453,230.9110870361328,1266715664.0,0.033154431097300874,230.8463592529297,219.2844696044922,214.2619171142578,295.3960266113281,436.7967834472656,447.7884826660156,224.75021798270086,223.04512895856584,270.4135004679362,360.9900655110677,0.024776329163125443,0.0460273272468325,0.051566231510835815,0.04176002968735874,10.192672729492188,1061582085.5714285,1113812873.0952382,1617023314.7166667,1836892633.2333333,-0.03306463780981639,-0.03343889304462622,0.32153302949675044,-0.025914100864907863,0
2022-07-07,241.5445098876953,243.30288696289065,235.4365997314453,238.50296020507807,1108137930.0,0.012765499798724766,238.49993896484372,219.3000946044922,228.9537506103516,290.34112548828125,421.67724609375,430.24615478515625,227.927991594587,224.56921314057848,268.5159299214681,359.94172303941514,0.024187199768172924,0.03935927851050464,0.051535506799513964,0.04168530457511331,7.866287231445341,1064337209.1428572,1095952157.5238094,1604228186.0333333,1820448182.7277777,-0.1251881053552678,-0.013993426726867653,0.30439275493322393,-0.024522830617400904,0
2022-07-08,240.75071716308597,246.6830139160156,237.1403961181641,241.54443359375,1341618380.0,-0.0032863207074274037,241.5445098876953,216.0154571533203,240.23831176757807,288.6160888671875,427.1530456542969,438.8030700683594,231.4616001674107,225.75297110421317,267.53929290771487,358.84143218994143,0.022159928972518984,0.03906830132363254,0.04747892702727228,0.0416521155852883,9.542617797851506,1079680415.7142856,1107051181.6190476,1577532256.8833334,1809302381.0,0.2106961991635825,-0.009041415620985815,0.3413091615398025,-0.01853923087946341,0
2022-07-09,243.24107360839844,244.69346618652344,240.6688232421875,240.75657653808597,851653424.0,0.010344128875950487,240.75071716308597,218.0352325439453,239.69065856933597,289.9196472167969,418.5906677246094,424.9337768554688,235.0624346051897,227.952879406157,266.27119471232095,357.83202828301324,0.022114756775579232,0.03271072009064922,0.04663614509914622,0.04160537108358053,4.0246429443359375,1091722155.857143,1072380801.7142857,1538216417.1333334,1790944548.211111,-0.36520441528238456,0.02611729329949286,0.3353025055380616,-0.037052585065460386,1
2022-07-10,234.65557861328125,243.3271331787109,232.1019744873047,243.2509307861328,881096013.0,-0.035296238697495874,243.24107360839844,218.98031616210935,233.85874938964844,286.04669189453125,394.0868835449219,463.518310546875,237.3017578125,228.89264351981026,265.68274154663084,356.56056866115995,0.029443759332373816,0.028568491111797684,0.04243601123893983,0.04108887980751315,11.225158691406222,1114089346.857143,1050849439.7142857,1488391039.55,1770280549.8944445,0.034571092148864446,0.056222407706191246,0.3846349825482358,0.04780917219672176,1
2022-07-11,225.85850524902344,234.64993286132807,225.5014190673828,234.599365234375,1021066311.0,-0.037489299918821106,234.65557861328125,231.5741271972656,233.65402221679688,269.48699951171875,413.8739318847656,487.0074157714844,236.48524039132255,229.31760733468192,264.9569290161133,355.1097413804796,0.025709522686149466,0.02997080017098442,0.04269062439453852,0.04097182988794623,9.148513793945256,1111474157.0,1040622173.5714285,1426408974.1166666,1753001277.0055556,0.15885930243109603,0.17279642434198994,0.45432274302228026,0.10041607600340585,1
2022-07-12,220.4645538330078,228.1908416748047,220.4645538330078,225.86839294433597,1140033692.0,-0.023881993773351318,225.85850524902344,230.8463592529297,226.9273376464844,255.9508819580078,423.1301574707031,475.0291137695313,235.0021253313337,229.36360386439733,263.7882682800293,353.6954938252767,0.02686047734521392,0.030415621682773255,0.041441947217545155,0.04096980185440454,7.726287841796875,1087188773.4285715,1039399277.0952381,1399174182.9,1736273643.3833334,0.11651288434292484,0.21932218628197697,0.4687178791510318,0.10684406159451254,1
2022-07-13,230.52476501464844,230.5387115478516,216.8168029785156,220.49241638183597,1431776142.0,0.04563187599427332,220.4645538330078,238.49993896484372,219.2844696044922,222.5057830810547,414.6637268066406,489.867431640625,233.8628147670201,230.13802519298736,262.6738876342773,352.2547012329102,0.030126056669444564,0.03138151503804497,0.041786451119165374,0.0410517553644039,13.721908569335994,1110768841.7142856,1057532232.1428572,1391627611.8666666,1726937755.761111,0.2559068666542532,0.12065532801184231,0.4207353337254962,0.11263397250310758,1
2022-07-14,238.1644744873047,239.66015625,227.5799102783203,230.5123291015625,1609361574.0,0.03314051517272243,230.52476501464844,241.5445098876953,219.3000946044922,223.22125244140625,417.2937316894531,494.9880676269531,233.37995256696428,230.57663109188988,261.44316685994465,350.82790349324546,0.03292214605312325,0.02855937761341851,0.041495310528312165,0.04112903011390846,12.080245971679688,1182372219.4285715,1079476060.1904762,1391598833.8166666,1726067453.788889,0.1240315624703292,0.11461860759502596,0.3598591830384088,0.04210176772722951,1
2022-07-15,238.5739898681641,241.8334197998047,235.6831512451172,238.22662353515625,1151260376.0,0.0017194645916061013,238.1644744873047,240.75071716308597,216.0154571533203,233.39671325683597,417.47845458984375,498.4279174804688,233.0689915248326,230.49737766810827,260.45756479899086,349.384270562066,0.03293246366666033,0.02645201184312011,0.04112818658834915,0.0411236725555474,6.1502685546875,1155178218.857143,1080589511.3809524,1381550101.7833333,1722619300.6,-0.28464777921931417,0.1018696612799912,0.33286379406447675,0.05250241682461709,1
2022-07-16,249.5938720703125,250.75875854492188,234.11767578125,238.5590667724609,1030985968.0,0.04619062710162991,238.5739898681641,243.24107360839844,218.0352325439453,209.5387420654297,407.3777160644531,475.7098693847656,233.9765341622489,230.96895926339286,259.51807200113933,348.1280705769857,0.037438871370508636,0.028293736419683007,0.041428763374528034,0.041164445382271146,16.641082763671875,1180797153.7142856,1086086293.0,1372324904.3333333,1716488067.0555556,-0.10447194267024784,0.03954079698807589,0.2816312192707586,-0.027793319518573223,1
2022-07-17,247.84848022460935,255.29649353027344,246.9508056640625,249.64080810546875,1050861669.0,-0.006992927475444888,249.5938720703125,234.65557861328125,218.98031616210935,215.8917999267578,416.9684143066406,472.0050659179688,235.8612343924386,231.63513692220053,258.8582336425781,346.88275621202257,0.033803182205512185,0.02772478517855131,0.0407285934534293,0.041163940315965104,8.345687866210938,1205049390.2857144,1096895139.6190476,1364504419.95,1710621413.6111112,0.019278342884294197,0.056552244850365696,0.2766819278066772,-0.014103307776064389,1
2022-07-18,264.88604736328125,264.88604736328125,247.8218231201172,247.83447265625,1632324536.0,0.06874186649533542,247.84848022460935,225.85850524902344,231.5741271972656,197.04299926757807,422.3870544433594,462.8220825195313,241.4365975516183,233.12237621489027,258.15980834960936,345.7831115722656,0.03364945230778992,0.031169601627284084,0.04076954776646944,0.04148711720021971,17.064224243164062,1292371993.857143,1134570820.2857144,1364261779.7166667,1709800642.25,0.5533200840347712,-0.07451335781780799,0.1576163283288321,-0.09294981466132923,0
2022-07-19,268.8173217773437,274.24365234375,256.6991882324219,264.49493408203125,1925805446.0,0.014841379729868764,264.88604736328125,220.4645538330078,230.8463592529297,214.9205322265625,418.354248046875,440.0054321289063,248.34413582938058,235.1171373639788,257.6007766723633,344.83206651475695,0.0271074132373058,0.030140490022567835,0.04078859126056821,0.04135571448923719,17.544464111328125,1404625101.5714285,1174746002.7142856,1367080691.9166667,1710045439.2,0.17979323567553118,-0.07387525336017964,0.10908491082470961,-0.10288217000510613,0
2022-07-20,258.3388061523437,271.7902526855469,256.9964904785156,268.772705078125,1675018362.0,-0.038980061090256535,268.8173217773437,230.52476501464844,238.49993896484372,216.93426513671875,405.0214538574219,383.0739135742188,252.31757027762276,236.97686767578125,256.6986562093099,344.1390936957465,0.03591052647666315,0.03053124871707054,0.04082017394566693,0.04033463559137926,14.79376220703125,1439373990.142857,1203908305.8095238,1373018714.9666667,1699088754.6,-0.1302245169785443,0.05096237014258076,0.08275920156366423,-0.06040775424600742,1
2022-07-21,265.4625549316406,265.90753173828125,251.545654296875,258.3401184082031,1220055525.0,0.027575217542408437,258.3388061523437,238.1644744873047,241.5445098876953,219.4986267089844,406.9875183105469,358.0961608886719,256.217296055385,239.17508007231214,255.7962153116862,343.6244625515408,0.03555219300438586,0.030750922234116355,0.04087399514636186,0.04010636700894296,14.36187744140625,1383758840.2857144,1210156089.6190476,1366614683.6166666,1682383883.0277777,-0.27161662661224006,0.04456884650389936,0.06867481112357665,-0.08164454203782945,1
2022-07-22,262.87744140625,271.1519775390625,261.6124572753906,265.4770202636719,1173778496.0,-0.009738147536688668,265.4625549316406,238.5739898681641,240.75071716308597,214.2619171142578,401.6524658203125,383.9339599609375,259.689217703683,241.40660313197546,254.89816335042318,342.9519263373481,0.036576635811671074,0.0305623499001172,0.04087641515531414,0.03973646359253879,9.539520263671875,1386975714.5714285,1207278116.3809524,1349041923.5666666,1673422458.7666667,-0.03793026469020744,0.11821439318093585,0.14903839902818317,-0.08310600875229635,1
2022-07-23,259.4630126953125,271.6138610839844,253.22386169433597,262.7201538085937,1108172504.0,-0.012988671422972553,262.87744140625,249.5938720703125,243.24107360839844,228.9537506103516,399.1053771972656,371.3689575195313,261.0990949358259,243.37935456775483,253.75272471110026,342.3302266438802,0.03483401775321688,0.030966092363343283,0.04058606467002932,0.039676437205749,18.38999938964841,1398002362.5714285,1223507224.047619,1334131749.15,1661740797.1111112,-0.05589299192613595,0.10819700205267324,0.1583890490849067,-0.06554710586251566,1
2022-07-24,261.8648681640625,265.8866882324219,257.4329528808594,259.473876953125,913146574.0,0.009257024513048773,259.4630126953125,247.84848022460935,234.65557861328125,240.23831176757807,404.3502807617188,384.6193542480469,263.10143607003346,245.42147609165735,252.68822580973307,341.64825727674696,0.034356931228867356,0.030949470876897766,0.040612842422508316,0.039588051689622004,8.4537353515625,1378328777.5714285,1232489171.5714285,1315876169.1833334,1653893493.8611112,-0.1759887826994848,0.08292292036582194,0.1419246111196315,-0.08752092465167538,1
2022-07-25,245.14849853515625,262.4361267089844,245.14849853515625,261.84100341796875,1005244476.0,-0.06383586216091108,261.8648681640625,264.88604736328125,225.85850524902344,239.69065856933597,385.4830627441406,375.7554626464844,260.2817862374442,246.06787472679503,251.69130198160806,340.922663031684,0.032002162030176744,0.03271759331217373,0.0406146154245161,0.03982903467898554,17.287628173828125,1288745911.857143,1230864020.9047618,1287856676.4,1647106111.911111,0.10085774247234913,0.15660300365018087,0.20926572377582242,-0.029940772007958194,1
2022-07-26,248.9583740234375,248.9583740234375,240.11329650878903,245.1236724853516,926779355.0,0.01554109248494906,245.14849853515625,268.8173217773437,220.4645538330078,233.85874938964844,391.4458312988281,390.0882873535156,257.4447937011719,246.93035162062873,250.82440745035808,340.13860795762804,0.03209565668970122,0.032789727941173734,0.04065990214685598,0.03973868022225445,8.845077514648466,1146027898.857143,1212613924.6190476,1260084435.25,1641405750.5611112,-0.07805575944293974,0.14003389120784981,0.21138182181913212,-0.04015136062510449,1
2022-07-27,271.5043640136719,271.5043640136719,247.8041076660156,249.01580810546875,1405510237.0,0.0905612839040788,248.9583740234375,258.3388061523437,230.52476501464844,233.65402221679688,406.71820068359375,386.0843811035156,259.3255876813616,248.50199090866815,250.21922302246094,339.5020523071289,0.046857124083518734,0.0374005838622883,0.04227911942330144,0.04032340724012699,23.70025634765628,1107526738.142857,1219223190.0,1258982382.3166666,1640364971.4555554,0.5165532436790201,0.09890234026159272,0.029810979519830694,-0.1141991568741284,1
2022-07-28,277.2939147949219,280.1273803710937,264.7391052246094,271.5153503417969,1648592412.0,0.021323969514384977,271.5043640136719,265.4625549316406,238.1644744873047,226.9273376464844,393.0621643066406,389.1327819824219,261.01578194754467,250.20434352329798,249.74120381673177,338.88072526719833,0.04648110943614323,0.03751473859166103,0.042373611854713944,0.0403526048698735,15.388275146484318,1168746293.4285715,1244959117.7142856,1266311672.5166667,1642131535.2166667,0.17294941623395665,0.12049359221347755,0.0018307647049695674,-0.1273626191854237,1
2022-07-29,293.9533386230469,301.2096862792969,275.3043518066406,277.3141174316406,2562325488.0,0.060078577059456295,277.2939147949219,262.87744140625,238.5739898681641,219.2844696044922,377.767822265625,377.6129150390625,265.45519583565846,252.73780168805803,249.2778778076172,338.41594984266493,0.049634390923388935,0.039137566982258176,0.04256554307065542,0.040551280082258334,25.90533447265625,1367110149.4285715,1303088027.6190476,1274611141.0666666,1649203731.05,0.5542504438022369,0.07222985917224234,-0.060221985217803975,-0.17477933274870094,1
2022-07-30,287.5361328125,299.7239685058594,285.4088134765625,293.91510009765625,1578905327.0,-0.021830695445089088,293.9533386230469,259.4630126953125,249.5938720703125,219.3000946044922,390.281982421875,375.2773132324219,269.4656415666853,254.84709022158668,248.72872823079427,337.92849884033205,0.050631246085424804,0.039759503384592984,0.0426519068709846,0.04058017405824216,14.315155029296875,1434357695.5714285,1337719070.6190476,1272400680.5166667,1650271104.0666666,-0.38379985899746083,0.09575414265190862,-0.00457239154725797,-0.15653735985966433,1
2022-07-31,283.5794677734375,296.210205078125,282.6093139648437,287.5772399902344,1313531523.0,-0.013760583758155365,287.5361328125,261.8648681640625,247.84848022460935,216.0154571533203,389.670654296875,385.46380615234375,272.5677272251674,257.17679922921315,248.4466517130534,337.362474738227,0.05186477094640032,0.038833814964006154,0.04192047192719364,0.04053821846003401,13.600891113281307,1491555545.4285715,1358311237.7619047,1264899123.45,1649831570.261111,-0.16807455105888058,0.13873245166014292,-0.007596155625950507,-0.14972457936285533,1
2022-08-01,283.5394897460937,290.08477783203125,278.3435363769531,283.6294860839844,1314157614.0,-0.0001409764524128443,283.5794677734375,245.14849853515625,264.88604736328125,218.0352325439453,383.4757995605469,367.4716796875,278.0521545410156,259.9235127766927,248.0372802734375,336.8961847941081,0.040583792991164214,0.03738977031402598,0.041787943420240344,0.040392575745448134,11.741241455078125,1535685993.7142856,1372267966.4761906,1266332069.5166667,1649961058.4277778,0.00047664710670214383,0.14552091255407662,-0.015170344015975612,-0.1270880103394435,1
2022-08-02,283.82098388671875,290.5367736816406,274.8204650878906,283.4763488769531,1768344106.0,0.000992786369465204,283.5394897460937,248.9583740234375,268.8173217773437,218.98031616210935,402.5026550292969,370.8777465820313,283.0325273786272,262.94048563639325,247.7943318684896,336.4125361124674,0.04131657581874071,0.03659692091250792,0.041589691341802695,0.04038597751763672,15.71630859375,1655909529.5714285,1402187510.0,1277217619.1666667,1653103281.0222223,0.34561036451142146,0.14477907358579545,-0.019039281326536983,-0.15265375776081636,1
2022-08-03,298.3567810058594,305.1868591308594,278.81182861328125,283.87384033203125,2133584480.0,0.05121466679483522,283.82098388671875,271.5043640136719,258.3388061523437,231.5741271972656,378.7736206054688,399.0296020507813,286.8685869489397,266.1705816359747,247.73975931803386,335.8532426622179,0.03158440715193964,0.03686715717565015,0.04209120459925226,0.040165808399773247,26.375030517578125,1759920135.7142856,1435606954.6666667,1299344777.6666667,1655450501.7333333,0.2065437223223341,0.10093412250020584,-0.0701866864145908,-0.19203604950823683,1
2022-08-04,310.7060546875,312.74810791015625,297.4320373535156,298.3701171875,1926587001.0,0.04139096031270739,298.3567810058594,277.2939147949219,265.4625549316406,230.8463592529297,379.3042907714844,414.2000122070313,291.6417497907366,269.6249425978888,247.93594818115236,335.27827623155383,0.03322962400899851,0.037135549483128465,0.04239622693054484,0.04018479719241344,15.316070556640625,1799633648.4285715,1450712927.3809524,1318461172.3333333,1654825924.1722221,-0.09701864676106009,0.04214329604636591,-0.10598596474134325,-0.2228152315008346,1
2022-08-05,315.185546875,320.95660400390625,308.6068115234375,310.693603515625,1585061398.0,0.01441713838504155,310.7060546875,293.9533386230469,262.87744140625,238.49993896484372,365.6841125488281,419.5455627441406,294.67492239815846,273.2731119791667,248.2657735188802,334.69849836561417,0.027277998754643033,0.037039297875727704,0.04239129940169361,0.0401878294857858,12.34979248046875,1660024492.7142856,1471370118.9047618,1320363177.25,1655700743.488889,-0.17726975362271735,0.03911706041828045,-0.11530886909372584,-0.22915453137103026,1
2022-08-06,315.06890869140625,321.8396911621094,313.733642578125,315.1969909667969,1151509385.0,-0.000370061967467028,315.185546875,287.5361328125,259.4630126953125,241.5445098876953,355.39874267578125,433.2292785644531,298.6081760951451,276.39097086588544,248.6779032389323,334.04205186631947,0.024080026008535458,0.036403704477474486,0.04231854945689449,0.040109891612719606,8.106048583984375,1598967929.5714285,1477109329.2380953,1310342276.0666666,1652344271.0333333,-0.27352379759361223,0.027934330461950596,-0.12182412972732548,-0.22937937528779517,1
2022-08-07,322.921142578125,325.1716613769531,309.0248718261719,315.12310791015625,1012978419.0,0.024922274683756962,315.06890869140625,283.5794677734375,261.8648681640625,240.75071716308597,299.34893798828125,408.7767639160156,304.2284153529576,279.96585954938615,249.2496541341146,333.56507619222003,0.021059459088154594,0.036246817840998466,0.04240469744098864,0.0399391220118631,16.14678955078125,1556031771.857143,1475305364.952381,1308281388.1833334,1645488569.6277778,-0.12030380976877575,-0.015280849181777967,-0.18658656445034172,-0.2512181188264778,0
2022-08-08,324.8004150390625,332.881103515625,322.53936767578125,322.9548034667969,1318773332.0,0.005819601794833984,322.921142578125,283.5394897460937,245.14849853515625,243.24107360839844,319.32696533203125,422.4655456542969,310.1228332519531,282.81892467680433,249.83100026448568,333.02249213324654,0.02026594645145481,0.03396302232086006,0.042405940015084916,0.03986076285295662,10.34173583984375,1556691160.142857,1460374355.2380953,1316911202.65,1643916504.0722222,0.3018770264640751,-0.015126570741873069,-0.14174579491236539,-0.2452290976467294,0
2022-08-09,324.9123229980469,327.8254699707031,313.4969177246094,324.8363647460937,1139003043.0,0.00034454376842751877,324.8004150390625,283.82098388671875,248.9583740234375,234.65557861328125,269.9627685546875,415.1192321777344,315.99302455357144,285.4901152111235,250.4787607828776,332.5213426378038,0.020367276010501437,0.03401338310194715,0.04235434577021329,0.03984107214798827,14.32855224609375,1466785294.0,1422907574.142857,1313181292.5666666,1638922695.4055555,-0.13631629078165197,-0.026125963406406494,-0.13645170013282015,-0.24935550615696256,0
2022-08-10,328.4711608886719,336.28369140625,314.41259765625,324.8590393066406,1738218767.0,0.01095322534333798,324.9123229980469,298.3567810058594,271.5043640136719,225.85850524902344,269.4072570800781,400.4223937988281,320.29507882254467,288.82975115094865,251.46183013916016,332.1216135660807,0.014938026076185721,0.03214059768600529,0.04160204208323033,0.039764284481806196,21.87109375,1410304477.857143,1425917117.2380953,1321812250.2333333,1639053609.8111112,0.5260879044025522,-0.06647386411452283,-0.10674917634790604,-0.265498786018433,0
2022-08-11,323.8002319335937,334.09722900390625,322.3075561523437,328.460205078125,1511577808.0,-0.014220210207925299,328.4711608886719,310.7060546875,277.2939147949219,220.4645538330078,290.5841979980469,403.3897399902344,322.1656755719866,291.6077357700893,252.59265263875326,331.67944963243275,0.012482547232958151,0.03241990397655298,0.04106019958051961,0.039773551535148735,11.789672851562557,1351017450.2857144,1439799130.7142856,1324001872.6166666,1639826173.1,-0.13038690140894105,-0.07924329278211717,-0.08286336485180501,-0.2597074668863779,0
2022-08-12,327.5146789550781,327.5146789550781,318.2651672363281,323.7721252441406,980643843.0,0.011471415567874566,323.8002319335937,315.185546875,293.9533386230469,230.52476501464844,297.3876037597656,398.88677978515625,323.9269801548549,294.6856994628906,254.34280090332032,331.2829379611545,0.012197131644115117,0.032103185466232385,0.0370146356988863,0.039775162039647885,9.24951171875,1264672085.2857144,1430602242.4761906,1299153091.5,1638876917.911111,-0.35124487948290917,-0.14593531998366382,-0.09878278990097,-0.2663729718251051,0
2022-08-13,323.8701477050781,332.5167541503906,323.4788818359375,327.5741577148437,991712327.0,-0.011127840931062116,327.5146789550781,315.06890869140625,287.5361328125,238.1644744873047,312.0077209472656,403.6607971191406,325.1843000139509,297.75270589192706,256.0202824910482,330.83965657552085,0.013658990429851157,0.03203614003158644,0.0370866462096338,0.03977265172689365,9.037872314453125,1241843934.142857,1425056519.7619047,1281894515.05,1637335966.05,0.011286956094211709,-0.12405281017042324,-0.09328252694892103,-0.25885932323506333,0
2022-08-14,317.98663330078125,330.8052978515625,316.6592712402344,323.9740905761719,936178150.0,-0.018166275731144266,323.8701477050781,322.921142578125,283.5794677734375,238.5739898681641,297.7101135253906,432.4093933105469,324.4793701171875,300.4251708984375,257.4301144917806,330.2039745754666,0.012313848948168508,0.0326675200347129,0.036872132497213286,0.03942975721086442,14.146026611328125,1230872467.142857,1426153261.4761906,1260090695.8,1628432047.1111112,-0.05599827236996724,-0.05009757398088599,-0.12707986517189507,-0.24418442950747743,0
2022-08-15,319.8872985839844,326.8336486816406,314.85809326171875,318.032470703125,1141553086.0,0.005977186095760478,317.98663330078125,324.8004150390625,283.5394897460937,249.5938720703125,305.96343994140625,427.9181213378906,323.7774963378906,303.9841613769531,259.2692571004232,329.6038033379449,0.01233094147089806,0.02802239422771015,0.034034441008694113,0.03942665988617211,11.975555419921875,1205555289.142857,1432644147.6666667,1254396364.6166666,1625491852.2666667,0.21937591258672295,-0.06042186145156292,-0.12661157384321242,-0.2601157290828231,0
2022-08-16,316.4236755371094,322.1582946777344,312.8060607910156,319.7127685546875,963072351.0,-0.010827635427249183,319.8872985839844,324.9123229980469,283.82098388671875,247.84848022460935,287.43878173828125,402.4500427246094,322.56483241489957,307.19679478236606,260.9447883605957,329.1258790757921,0.012678462892747561,0.028494988923719353,0.033984223166234895,0.03918803510392565,9.35223388671875,1180422333.142857,1434372385.5714285,1251971922.5666666,1621708847.5555556,-0.15634904516389703,-0.054969773558960044,-0.1441636460800625,-0.26722062278398817,0
2022-08-17,306.63641357421875,323.2359924316406,305.3348999023437,316.401611328125,1111784114.0,-0.030930877552943437,316.4236755371094,328.4711608886719,298.3567810058594,264.88604736328125,306.79156494140625,399.5691833496094,319.4455827985491,308.86974952334447,262.7713452657064,328.60958591037326,0.014376907173070158,0.023635944379359123,0.032058719940488783,0.03925042969271524,17.901092529296932,1090931668.4285715,1420385427.3333333,1244172801.1,1619249248.7833333,0.15441390550313905,-0.033220898137335086,-0.10429890458288538,-0.2873128134124453,0
2022-08-18,298.1412353515625,310.1879577636719,297.02642822265625,306.7964782714844,1041814513.0,-0.027704401195000505,306.63641357421875,323.8002319335937,310.7060546875,268.8173217773437,302.3592224121094,400.0435791015625,315.78001185825894,309.8624790736607,264.15835698445636,328.0434617784288,0.015907105492036465,0.02446119770805545,0.030479127837538242,0.039301771328798855,13.161529541015625,1023822626.2857143,1391491241.6666667,1239315466.0666666,1618412687.8333333,-0.06293452129682076,0.011546250306566641,-0.06336562842776272,-0.27513365075686635,1
2022-08-19,279.7187194824219,298.1907043457031,278.5794372558594,298.1527709960937,1598319492.0,-0.06179123745635906,298.1412353515625,327.5146789550781,315.185546875,258.3388061523437,312.4660339355469,380.825927734375,308.9520176478795,309.1846400669643,265.20476455688475,327.481755065918,0.021354323180735407,0.024879338856873188,0.031702571903690156,0.03940725256129263,19.61126708984375,1112062004.7142856,1345586194.2380953,1245356809.2666667,1619338098.7944446,0.5341689639142126,-0.0004309487538652901,-0.04792510176118392,-0.22422263663612108,0
2022-08-20,283.6931457519531,288.905517578125,278.3320617675781,279.6201171875,1315367730.0,0.014208653167315122,279.7187194824219,323.8701477050781,315.06890869140625,265.4625549316406,319.6090087890625,356.6612548828125,303.2124459402902,309.0016406831287,266.2746732076009,327.07637668185765,0.02530261539991007,0.024690014879991146,0.03171311601475321,0.039143054664711255,10.573455810546875,1158298490.857143,1333036784.857143,1247851029.4666667,1614620633.4944444,-0.17703078978655162,-0.02076740708453062,-0.040971457038182946,-0.23637279762806962,0
2022-08-21,302.0562744140625,303.6579284667969,283.6390991210937,283.6390991210937,1249205607.0,0.06472884148623437,283.6931457519531,317.98663330078125,322.921142578125,262.87744140625,316.76055908203125,374.3074645996094,300.93668038504467,309.8814886183966,267.73791249593097,326.6749811808268,0.040373917841397766,0.02824342405142814,0.03241199090601938,0.039268137017315394,20.018829345703182,1203016699.0,1329973646.0,1251154721.4833333,1610242830.8833334,-0.050299335684630186,-0.08543238988945001,-0.11814578622681049,-0.30264998817916744,0
2022-08-22,300.5591125488281,303.82379150390625,289.30670166015625,302.0341796875,1463703478.0,-0.004956566017834341,302.0562744140625,319.8872985839844,324.8004150390625,259.4630126953125,328.1893310546875,366.53948974609375,298.1755109514509,310.6919468470982,268.9313351949056,326.30842352973093,0.04001524893833219,0.028293020506437488,0.03138969087029244,0.03924005143915634,14.51708984375,1249038183.5714285,1337094877.6190476,1256407426.3666666,1609237251.85,0.17170741933757583,-0.04770345306766233,-0.11900164498517118,-0.29852617410930815,0
2022-08-23,299.0299377441406,301.19500732421875,294.3196716308594,300.5709228515625,1034959891.0,-0.005087767233938334,300.5591125488281,316.4236755371094,324.9123229980469,261.8648681640625,325.7348022460937,361.2346496582031,295.69069126674106,311.41618274507067,269.9111956278483,325.962841796875,0.04001080670077305,0.028347363557031262,0.030870757252634894,0.03922737156992762,6.875335693359375,1259307832.142857,1302171819.7619047,1254858792.8666666,1598470629.5777779,-0.2929169694847169,-0.05887231182617381,-0.078686646773375,-0.27632900697272156,0
2022-08-24,296.4496765136719,299.95867919921875,294.7120361328125,299.0151062011719,935405757.0,-0.008628772255828476,299.0299377441406,306.63641357421875,328.4711608886719,245.14849853515625,304.96392822265625,374.9149475097656,294.2354431152344,311.3253682454427,270.85717926025393,325.52692362467445,0.038687296980080624,0.026168602731746114,0.030903923703209976,0.03912780460321562,5.24664306640625,1234110924.0,1245115690.0952382,1255189662.9166667,1593450466.988889,-0.09619129675045546,-0.05805902226493698,-0.0668694448450664,-0.26245022293967013,0
2022-08-25,301.5836486816406,306.1381530761719,296.2020874023437,296.4873046875,973529233.0,0.017318191162647434,296.4496765136719,298.1412353515625,323.8002319335937,248.9583740234375,300.9720458984375,373.6387634277344,294.7272164481027,310.8909679594494,271.9859275817871,325.1266174316406,0.03785734266572528,0.024754793795720074,0.03072372253439017,0.03914976267098694,9.936065673828182,1224355884.0,1199731986.857143,1257683885.3,1591530026.3333333,0.04075608442080614,-0.07681587663915657,-0.08769796645373695,-0.27605141843092484,0
2022-08-26,279.5981750488281,301.5559997558594,277.8516540527344,301.5559997558594,1210077085.0,-0.07290008503087286,301.5836486816406,279.7187194824219,327.5146789550781,271.5043640136719,307.8154296875,360.5310363769531,294.70999581473217,309.19633120582216,272.75166346232095,324.67699042426216,0.041084926815630335,0.028985191582251726,0.0323115286226686,0.03943730227328337,23.704345703125,1168892683.0,1181875591.0,1263832916.0166667,1589359032.6277778,0.24297971132418983,-0.007804299404717829,-0.019803155970400388,-0.22616003299761966,0
2022-08-27,277.80157470703125,283.85009765625,274.5443725585937,279.57183837890625,962669292.0,-0.006425651174164937,279.5981750488281,283.6931457519531,323.8701477050781,277.2939147949219,305.9750671386719,395.6124267578125,293.8683428083147,307.4216962541853,273.5995674133301,324.0224856906467,0.04068990708119963,0.028963973150389653,0.032060689317217686,0.03875028899117886,9.305725097656307,1118507191.857143,1172883205.6190476,1261841960.6333334,1584327476.5833333,-0.20445622519990125,-9.359549739740292e-05,-0.006744807921606477,-0.2139785314778574,0
2022-08-28,276.2508850097656,283.6283264160156,276.2508850097656,277.8034362792969,758285305.0,-0.005582004705700361,277.80157470703125,302.0562744140625,317.98663330078125,293.9533386230469,321.7528991699219,408.4822998046875,290.1818586077009,305.1993030366443,274.5490076700846,323.2878667195638,0.028132612884149224,0.028110488249606217,0.03170603176258897,0.03866901263546346,7.37744140625,1048375720.1428572,1160754962.0952382,1256769882.4333334,1572510626.411111,-0.21230965680371983,0.009379057374961919,-0.013934198678352883,-0.208261117835697,1
2022-08-29,286.2214050292969,286.3310241699219,272.80596923828125,276.2806091308594,1009161525.0,0.03609226453402603,276.2508850097656,300.5591125488281,319.8872985839844,287.5361328125,320.485107421875,409.0003051757813,288.1336146763393,303.3622073218936,275.6643628438314,322.60576171875,0.03365942447726266,0.02954189708420438,0.031963675073627414,0.03876945716182323,13.525054931640625,983441155.4285715,1146011542.7142856,1255441706.7666667,1566751130.461111,0.33084673848453394,-0.03331509026162227,-0.015513114913332626,-0.2073867274243053,0
2022-08-30,281.42535400390625,291.6630859375,277.074462890625,286.2152709960937,979620743.0,-0.016756437293359405,286.2214050292969,299.0299377441406,316.4236755371094,283.5794677734375,300.5040588378906,402.5506896972656,285.6186741420201,301.29139927455356,276.75452779134116,321.9328431871202,0.033868481414329625,0.029605943794151372,0.0319832861199585,0.03877159754525408,14.588623046875,975535562.8571428,1138421909.3809524,1251198453.5833333,1563315587.3277779,-0.029272600340168542,-0.06664985134051638,0.008398951782016217,-0.20476447735602343,0
2022-08-31,279.23809814453125,289.7711181640625,278.07879638671875,281.4564819335937,952486877.0,-0.0077720639887500775,281.42535400390625,296.4496765136719,306.63641357421875,283.5394897460937,308.1017761230469,374.2808837890625,283.15987723214283,298.9469677153088,277.7745755513509,321.4048277113173,0.033867909988354435,0.029338002496075523,0.032019435107998255,0.038428531346716664,11.69232177734375,977975722.8571428,1101006105.0952382,1254283880.8166666,1558937384.4055555,-0.027698337539183826,-0.001707417885363549,0.017741823727327244,-0.22432578140898085,0
2022-09-01,278.417236328125,280.2213134765625,271.4728088378906,279.2513427734375,954919263.0,-0.0029396483569422704,279.23809814453125,301.5836486816406,298.1412353515625,283.82098388671875,298.3978881835937,384.8733520507813,279.8503897530692,296.7858726864769,278.7651908874512,320.8134048461914,0.03216632126587822,0.029308016484891137,0.03203435034067728,0.038366535584703355,8.748504638671875,975317155.7142857,1074498555.3333333,1258123773.9333334,1556902142.6666667,0.002553721272949394,0.007759030407831657,0.016000020168414952,-0.23269637678808341,1
2022-09-02,277.4161071777344,282.9059143066406,274.4879150390625,278.3879699707031,807053745.0,-0.0035957872565430815,278.417236328125,279.5981750488281,279.7187194824219,298.3567810058594,301.6311340332031,375.0111999511719,279.5386657714844,294.40022641136534,279.5292238871256,320.27120988633897,0.016984772587427914,0.02902261394389799,0.031283363762321874,0.03832280519238653,8.417999267578125,917742392.8571428,1066232360.1904762,1254251792.35,1554134134.1777778,-0.15484609404093674,0.05764275187448353,0.025294127159386504,-0.22697874487190894,1
2022-09-03,277.77557373046875,278.4322814941406,274.77545166015625,277.4311218261719,490102253.0,0.0012957666964308334,277.4161071777344,277.80157470703125,283.6931457519531,310.7060546875,298.9347229003906,381.3446350097656,279.53495134626115,292.2052466982887,280.3113774617513,319.6958262125651,0.016823421490715803,0.029070903830688777,0.03127265291098235,0.03829993364563499,3.656829833984375,850232815.8571428,1042346166.1904762,1240586306.95,1545421803.8888888,-0.3927266231817065,0.06909708145877613,0.03332333569541257,-0.22815406250171666,1
2022-09-04,278.84185791015625,279.8131408691406,275.4532165527344,277.78192138671875,512014471.0,0.0038386535049410586,277.77557373046875,276.2508850097656,302.0562744140625,315.185546875,295.3960266113281,381.9585571289063,279.90509033203125,290.3412097749256,280.9837427775065,319.1229556613498,0.016668661849780466,0.0290402528868508,0.031030622964433728,0.03830114560950992,4.35992431640625,815051268.1428572,1022147895.7619047,1228007953.7333333,1538907772.3722222,0.044709482288382896,0.05852782450430061,0.0626039581529787,-0.2282453166161218,1
2022-09-05,276.6859130859375,280.6126403808594,273.7195129394531,278.8544921875,665273781.0,-0.00773178331394353,278.84185791015625,286.2214050292969,300.5591125488281,315.06890869140625,290.34112548828125,393.5557556152344,278.5428771972656,288.2840009416853,281.56943283081057,318.4736787584093,0.006795588228806961,0.028915369028112172,0.031034995247357332,0.03823207962691588,6.89312744140625,765924447.5714285,999467928.8571428,1220626884.5833333,1529128409.4444444,0.29932612978823414,0.06134323445884626,0.06307423285248337,-0.22483175322099824,1
2022-09-06,262.6683959960937,285.7541809082031,262.5975646972656,276.7518615722656,1173656468.0,-0.05066220008638467,276.6859130859375,281.42535400390625,299.0299377441406,322.921142578125,288.6160888671875,372.1590270996094,275.86331176757807,285.72422572544644,281.93472747802736,317.86539747450087,0.018586027934610234,0.030478939734145033,0.03178445247604003,0.03820428384752605,23.1566162109375,793643836.8571428,1009495743.9523809,1217827519.3833334,1523949788.6944444,0.7641706339844467,0.05675802283644793,0.09123959959652028,-0.18096481307680434,1
2022-09-07,278.7613220214844,279.76385498046875,259.99395751953125,262.6126403808594,963734560.0,0.061267081501613196,262.6683959960937,279.23809814453125,296.4496765136719,324.8004150390625,289.9196472167969,372.1840515136719,275.79520089285717,284.39684041341144,282.52673161824544,317.3463823106554,0.03270517334638351,0.03355348776126819,0.03267974394243594,0.03848680254373313,19.7698974609375,795250648.7142857,1002445765.1904762,1219695538.3166666,1520688089.4833333,-0.1788614588029519,0.0022404192654819077,0.015860723320974657,-0.22196101331103535,1
2022-09-08,280.5774841308594,282.0633239746094,276.0489196777344,278.7602233886719,870477242.0,0.006515115139377192,278.7613220214844,278.417236328125,301.5836486816406,324.9123229980469,286.04669189453125,372.7303771972656,276.1038077218192,283.5604713076637,283.2920967102051,316.8344217936198,0.032748609087698825,0.033172984688839176,0.03229726178963296,0.03849033817596142,6.014404296875,783187502.8571428,994286847.5238096,1219518558.8,1518793974.911111,-0.09676660137621296,-0.034823176904235975,-0.014640911650394939,-0.23528422944490868,0
2022-09-09,293.4071350097656,294.9559326171875,280.2208251953125,280.5370178222656,1139680146.0,0.0457258746853777,280.5774841308594,277.4161071777344,279.5981750488281,328.4711608886719,269.48699951171875,361.8498229980469,278.3882402692522,284.21230061848956,284.4179072062174,316.45418463812933,0.03654051678998867,0.031810926162573534,0.03229430294341718,0.03858677264709308,14.735107421875,830705560.1428572,972446878.6666666,1221495456.05,1518225464.8888888,0.30925898002971564,-0.06391311334653926,-0.05169972223854613,-0.2698781978841036,0
2022-09-10,296.96905517578125,298.4418640136719,291.2474975585937,293.39508056640625,851195253.0,0.012139855310257186,293.4071350097656,277.77557373046875,277.80157470703125,323.8002319335937,255.9508819580078,373.4661560058594,281.13016619001115,284.84448678152904,285.69298222859703,316.0292007446289,0.0364085280352923,0.03177688235695017,0.03208470285261052,0.038521453218302616,7.194366455078182,882290274.4285715,950343427.3809524,1216681482.0666666,1514868407.6833334,-0.2531279447242385,-0.05966859594852869,-0.08473271523146142,-0.2850500077997492,0
2022-09-11,295.161865234375,297.8752136230469,291.3034973144531,296.91973876953125,700835025.0,-0.00608544866850369,296.96905517578125,278.84185791015625,276.2508850097656,327.5146789550781,222.5057830810547,371.62884521484375,283.4615958077567,284.5161815824963,286.77026723225913,315.60438418918187,0.03688561886889693,0.02844354726120814,0.031679875313220224,0.03852229587766491,6.57171630859375,909264639.2857143,924230542.5238096,1204499130.1166666,1511202821.9555554,-0.17664598982438173,-0.0977385538092761,-0.08060142284879113,-0.30196195893573374,0
2022-09-12,293.6587219238281,299.1763000488281,291.15069580078125,295.1741027832031,998624528.0,-0.00509260676121992,295.161865234375,276.6859130859375,286.2214050292969,323.8701477050781,223.22125244140625,385.5282287597656,285.8862827845982,284.1875915527344,287.6951713562012,315.0939980400933,0.03670224398196301,0.028444578021453518,0.03148032679954856,0.0384186616037811,8.025604248046875,956886174.5714285,902083925.8571428,1194320179.35,1506812713.0277777,0.4249067075379116,-0.07351696405829233,-0.07725877669974957,-0.2814980323943329,0
2022-09-13,277.5769348144531,297.6877136230469,275.9689636230469,293.64923095703125,1136956066.0,-0.05476352619128555,293.6587219238281,262.6683959960937,281.42535400390625,317.98663330078125,233.39671325683597,391.8247375488281,288.01607404436385,283.16601998465404,288.34522043863933,314.4592880249023,0.037830941670039205,0.03079467948114062,0.03238074470727524,0.0386069803753822,21.71875,951643260.0,906940886.5714285,1194081774.1833334,1504042150.1166666,0.13852207123035942,-0.040375604094312845,-0.020626803542488137,-0.23393277065354723,0
2022-09-14,279.3858642578125,282.1502685546875,274.83056640625,277.4132995605469,956413768.0,0.00651685791028922,277.5769348144531,278.7613220214844,279.23809814453125,319.8872985839844,209.5387420654297,397.6455078125,288.1052943638393,282.35345749627976,288.84175364176434,313.8022900051541,0.029948984331929523,0.03083563225943049,0.03188593770499306,0.03859266427709403,7.3197021484375,950597432.5714285,907941268.0476191,1192838904.1833334,1500096983.4333334,-0.15879443665328052,-0.05223521439191792,-0.0351438505825723,-0.24018046697533868,0
2022-09-15,270.806884765625,280.2467956542969,268.0102233886719,279.383056640625,1080164338.0,-0.03070656246327108,279.3858642578125,280.5774841308594,278.417236328125,316.4236755371094,215.8917999267578,399.8535461425781,286.7094944545201,280.88789730980284,289.2243937174479,313.08536410861547,0.03198145691196115,0.031082970711246105,0.0321499330971118,0.03865181000096983,12.236572265625,980552732.0,913019130.1904762,1193327282.0,1497583724.4555554,0.12939020133386459,0.017331132096734203,-0.008872748991412882,-0.20912083887398847,1
2022-09-16,274.6545715332031,276.26324462890625,269.1295166015625,270.812255859375,803452434.0,0.01420823097207502,270.806884765625,293.4071350097656,277.4161071777344,306.63641357421875,197.04299926757807,390.7683715820313,284.03055681501115,280.6524876185826,289.38720245361327,312.4402874416775,0.025217184064149627,0.02707307151629478,0.03098020196263765,0.03863601537555813,7.13372802734375,932520201.7142857,893656051.5714285,1179512746.9666667,1494635163.1388888,-0.2561757449911293,0.007178761585847626,-0.007771991651889798,-0.2173422070802935,1
2022-09-17,279.24932861328125,279.5317077636719,274.7300109863281,274.7300109863281,560951664.0,0.016729221197480326,274.6545715332031,296.96905517578125,277.77557373046875,298.1412353515625,214.9205322265625,396.4478149414063,281.4991673060826,280.72142828078495,289.56106923421225,311.7891847398546,0.02591188802276211,0.02729034334929187,0.03099537633185417,0.038641354204554584,4.80169677734375,891056831.8571428,874526640.7142857,1156765183.9333334,1488544108.5444446,-0.3018234306575017,-0.01473218452179692,-0.013381430099223657,-0.22482974046499615,0
2022-09-18,266.31317138671875,279.6207580566406,264.74365234375,279.2207336425781,789437105.0,-0.0463247567713122,279.24932861328125,295.161865234375,278.84185791015625,279.7187194824219,216.93426513671875,404.31494140625,277.37792532784596,280.24820382254467,289.69397532145183,311.0225082397461,0.029511701708115786,0.02913767720480003,0.031170380514205665,0.03875477242916843,14.877105712890625,903714271.8571428,876010059.7619047,1142005496.3166666,1482956983.8277779,0.4073175206767905,0.029093857251720312,0.02591459396897977,-0.18891010765995742,1
2022-09-19,272.06982421875,272.6191101074219,257.18682861328125,266.2519226074219,1074224923.0,0.02161610258349511,266.31317138671875,293.6587219238281,276.6859130859375,283.6931457519531,219.4986267089844,408.6097717285156,274.2937970842634,279.5743190220424,289.80409647623696,310.26395297580297,0.032464947376761644,0.028368967544741972,0.031093612561377125,0.03878271681981173,15.432281494140625,914514328.2857143,879108316.8095238,1139574986.2833333,1479782393.7944446,0.3607479509086413,0.014180301831123066,-0.000325175565641711,-0.201635266305216,1
2022-09-20,266.3695983886719,273.203125,265.6932067871094,272.13055419921875,845702947.0,-0.020951334262983234,272.06982421875,277.5769348144531,262.6683959960937,302.0562744140625,214.2619171142578,414.1269836425781,272.6927490234375,278.8573782784598,289.86229909261067,309.4430786132813,0.02677994133086328,0.02849236574601924,0.031192078799759437,0.03879333119292155,7.509918212890625,872906739.8571428,872731278.9047619,1134107060.4666667,1474306014.511111,-0.2127319624663,0.022645046359590193,0.010893406683172957,-0.19524101728163434,1
2022-09-21,264.7920837402344,275.83355712890625,261.2751770019531,266.3947448730469,1057177278.0,-0.005922277384432073,266.3695983886719,279.3858642578125,278.7613220214844,300.5591125488281,228.9537506103516,410.8111572265625,270.60792323521207,278.16947283063615,289.95111694335935,308.6318615383572,0.026252603955163094,0.02847722209726905,0.031152845942041884,0.03879174342271905,14.558380126953125,887301527.0,877716536.0952381,1133257140.0333333,1470855523.238889,0.25005746018761354,0.06416028569363941,0.019813046585530625,-0.20392655877396804,1
2022-09-22,275.5002746582031,275.9076538085937,264.0281066894531,264.6077575683594,843345381.0,0.040439996417996005,264.7920837402344,270.806884765625,280.5774841308594,299.0299377441406,240.23831176757807,415.9197998046875,271.27840750558033,278.0305698939732,290.1783737182617,307.8517530653212,0.029292849728826408,0.029951445277169447,0.031553608287177994,0.038904624277564845,11.879547119140568,853470247.4285715,872403494.0952381,1132093786.8166666,1469528327.9833333,-0.2022668302184225,0.03008620348746338,-0.018224237623472805,-0.23357294685305385,1
2022-09-23,276.6262512207031,277.3817138671875,269.6694641113281,275.4934997558594,869618433.0,0.004087025190435689,275.5002746582031,274.6545715332031,293.4071350097656,296.4496765136719,239.69065856933597,430.5032653808594,271.56007603236606,277.9929577055432,290.7030029296875,306.9968807644314,0.0288844401029359,0.029953192002610467,0.030372187934578073,0.03881032106111067,7.712249755859375,862922533.0,875382764.9523809,1129833352.7666667,1466028957.65,0.031153371550866504,0.02735112812205953,-0.002234323413046191,-0.23882636958354742,1
2022-09-24,275.1353759765625,284.6324462890625,275.1353759765625,276.6270446777344,818302597.0,-0.005389492998447043,276.6262512207031,279.24932861328125,296.96905517578125,301.5836486816406,233.85874938964844,430.390869140625,270.9723685128348,277.8672340029762,291.1392862955729,306.1343502468533,0.028125581415658144,0.029977510280849006,0.03033965399014648,0.03881115149209518,9.4970703125,899686952.0,891011352.7619047,1128025406.8,1458748974.8555555,-0.059009600133441475,0.02811903674904359,-0.004208688105864056,-0.24298030665834336,1
2022-09-25,274.0612487792969,279.2016906738281,271.6731262207031,275.1043395996094,640533920.0,-0.003903995236719804,275.1353759765625,266.31317138671875,295.161865234375,279.5981750488281,233.65402221679688,434.5056762695313,272.07923671177457,277.6395859491257,291.18190104166666,305.242992316352,0.02045037310878106,0.029975215659133123,0.028035814970269086,0.038802273183754725,7.528564453125,878415068.4285715,897131326.5238096,1115275801.5166667,1451264740.5333333,-0.21724075867744064,0.03784503185200627,0.037842916142518224,-0.23347861947506132,1
2022-09-26,275.9278564453125,276.4469909667969,271.1883239746094,274.14178466796875,716989161.0,0.006810914254860023,274.0612487792969,272.06982421875,293.6587219238281,277.80157470703125,226.9273376464844,442.6848449707031,272.63038417271207,277.6034880138579,291.1591334025065,304.31656460232205,0.019078461013953642,0.029965219922647394,0.027915835400665542,0.03877694301323393,5.2586669921875,827381388.1428572,899593963.6666666,1099749080.6666667,1443127251.7,0.11936173653379667,0.04024285956341367,0.05236559796248552,-0.23031167921090123,1
2022-09-27,272.40155029296875,286.0679931640625,270.82208251953125,275.92596435546875,927431127.0,-0.01277981207759149,275.9278564453125,266.3695983886719,277.5769348144531,276.2508850097656,219.2844696044922,428.9161071777344,273.4920915876116,278.06697155180433,290.79993693033856,303.4470392862956,0.01762258240138676,0.027806521284825223,0.02683522932410568,0.03872375153294651,15.24591064453125,839056842.4285715,887868947.4285715,1072500841.3166667,1433654456.3833334,0.2935078763345489,0.08772678274184753,0.053019396925001905,-0.22179072633887265,1
2022-09-28,281.7812194824219,283.3424377441406,266.9765625,272.3344421386719,857467325.0,0.03443324452215957,272.40155029296875,264.7920837402344,279.3858642578125,286.2214050292969,219.3000946044922,446.6042785644531,275.9191109793527,278.21077619280135,290.70402170817056,302.53135562472875,0.02046180978826403,0.02547013206320188,0.02707387944429472,0.03868484000019984,16.365875244140625,810526849.1428572,882808602.9047619,1060476874.6166667,1423317017.7777777,-0.0754382724098498,0.04385120248679608,0.05760842124689192,-0.2367270282789441,1
2022-09-29,283.7890319824219,285.2337646484375,277.5006408691406,281.76666259765625,800888080.0,0.007125430515518172,281.7812194824219,275.5002746582031,270.806884765625,281.42535400390625,216.0154571533203,436.9553527832031,277.1032191685268,278.3637070428757,290.707514444987,301.68043162027993,0.015139605113790056,0.025477297858954546,0.02702786425196891,0.03866189937752126,7.733123779296875,804461520.4285715,879494833.2857143,1051932817.2333333,1415139164.1722221,-0.0659841411449702,0.010025487141419376,0.07198630763789438,-0.241410362333358,1
2022-09-30,284.1922912597656,289.537109375,280.8930053710937,283.83428955078125,905481572.0,0.0014209826029101258,283.7890319824219,276.6262512207031,274.6545715332031,279.23809814453125,218.0352325439453,450.348876953125,278.18408203125,277.9249049595424,290.71839447021483,300.75733947753906,0.015180522889697118,0.023318585988138536,0.027028113308825256,0.03858685267168465,8.644104003906307,809584826.0,868342520.2380953,1045121549.8666667,1408343317.1944444,0.13059688939308467,-0.0035525701018629396,0.10402287785131525,-0.24409876366093308,0
2022-10-01,282.8719177246094,285.19287109375,278.36090087890625,284.2734069824219,593375648.0,-0.004646056827591338,284.1922912597656,275.1353759765625,279.24932861328125,278.417236328125,218.98031616210935,447.5249328613281,279.28930228097096,277.2536126999628,290.70257670084635,299.8426005045573,0.01510663468369989,0.02312328872145399,0.02703581519239684,0.03858598998880649,6.83197021484375,777452404.7142857,856065396.1904762,1025538742.2333333,1399146201.8888888,-0.34468500922733303,-0.022633366371252905,0.1537402524741489,-0.2291665565342743,0
2022-10-02,284.43310546875,287.3795166015625,279.9544372558594,282.8950500488281,556343468.0,0.005519062325799684,282.8719177246094,274.0612487792969,266.31317138671875,277.4161071777344,231.5741271972656,445.172607421875,280.77099609375,276.7427193777902,290.4705154418945,298.94960327148436,0.014692240893579124,0.023160811940094866,0.02620834146328156,0.03858893433576772,7.425079345703125,765425197.2857143,849184845.8571428,999251392.0333333,1389633387.6055555,-0.06240933567937723,-0.021780298153364908,0.14114507423792189,-0.24496153773524987,0
2022-10-03,287.031982421875,288.6329040527344,283.8986511230469,284.4148864746094,700566674.0,0.009137041023554504,284.43310546875,275.9278564453125,272.06982421875,277.77557373046875,230.8463592529297,420.1463623046875,282.3572998046875,276.42716035388764,290.0759475708008,298.2100789388021,0.014755325589633885,0.023258505303204682,0.025660501584239485,0.03838026207553401,4.7342529296875,763079127.7142857,834991614.7142857,978817719.9166666,1380618526.1388888,0.25923411398801566,-0.0530460804485563,0.11538282428171542,-0.25640361815217205,0
2022-10-04,296.2984619140625,297.9946594238281,286.5289611816406,287.024169921875,794566055.0,0.032283787381462536,287.031982421875,272.40155029296875,266.3695983886719,278.84185791015625,238.49993896484372,436.7967834472656,285.7711443219866,277.31866164434524,289.7611628214518,297.4295327080621,0.015151557341630466,0.020791011199859866,0.02594447158360144,0.03834031275874905,11.4656982421875,744098403.1428572,818687328.4761904,965642797.5333333,1373226990.8055556,0.1341762097578738,-0.08412822269563791,0.11278667412083587,-0.2797360993409487,0
2022-10-05,294.1376647949219,296.33306884765625,289.9037475585937,296.2894592285156,656837388.0,-0.007292636975507971,296.2984619140625,281.7812194824219,264.7920837402344,276.6859130859375,241.5445098876953,421.67724609375,287.5363507952009,278.02112833658856,289.4123087565104,296.72097947862414,0.012992525849869084,0.020902904684723098,0.025958383559929406,0.038262101089230574,6.429321289062557,715436983.5714285,804421786.5714285,957398264.25,1366032066.5166667,-0.1733382217039211,-0.07876127156409174,0.20489965920349262,-0.2837378633977372,0
2022-10-06,286.6341552734375,297.6993713378906,279.8035583496094,294.1552734375,1010110227.0,-0.02551019614137473,294.1376647949219,283.7890319824219,275.5002746582031,262.6683959960937,240.75071716308597,427.1530456542969,287.9427969796317,278.7748078845796,288.8075256347656,295.94031897650825,0.017638669615313053,0.020515309213265904,0.025927467777327105,0.03828965124157877,17.89581298828125,745325861.7142857,801085876.5238096,957350461.05,1363870966.1888888,0.5378391142984082,-0.05157356542951408,0.21846512957033037,-0.2549543632381318,0
2022-10-07,283.18267822265625,286.9586181640625,280.19146728515625,286.7719421386719,952606066.0,-0.012041401861158763,286.6341552734375,284.1922912597656,276.6262512207031,278.7613220214844,243.24107360839844,418.5906677246094,287.79856654575894,279.180908203125,288.1138966878255,295.18805236816405,0.018374770468237257,0.020591979332019415,0.025942753315986077,0.03827259815807628,6.76715087890625,752057932.2857143,808188430.4285715,951247673.2833333,1361328317.0944445,-0.05692859993189636,-0.04808030321154655,0.19848211023856255,-0.25007958548731424,0
2022-10-08,276.4695739746094,282.99420166015625,276.04986572265625,282.99420166015625,604706997.0,-0.02370591411233358,283.18267822265625,282.8719177246094,275.1353759765625,280.5774841308594,234.65557861328125,394.0868835449219,286.88394601004467,279.04853893461683,287.3065175374349,294.53462287055123,0.02041401531173493,0.02099882082514716,0.02609206799944382,0.03806970902622494,6.9443359375,753676696.4285715,810272017.7142857,942342739.1833333,1352505674.1666667,-0.36520769856193636,-0.029173158574754998,0.21899329477650453,-0.2349248925558166,0
2022-10-09,278.2380676269531,279.280029296875,275.4630432128906,276.4495544433594,570350814.0,0.006396702635010909,276.4695739746094,284.43310546875,274.0612487792969,293.4071350097656,225.85850524902344,413.8739318847656,285.99894060407365,279.61639113653274,286.46929931640625,293.7810902913412,0.020478275941699063,0.01817921070000211,0.026059299424087697,0.03787857838685315,3.816986083984375,755677745.8571428,799839337.1904762,922878273.3,1343782477.4,-0.05681459478796147,-0.020551138741108477,0.1777334420642942,-0.2605218866759421,0
2022-10-10,271.8060607910156,279.0643005371094,271.8060607910156,278.2445678710937,655201928.0,-0.023116918870214387,278.2380676269531,287.031982421875,275.9278564453125,296.96905517578125,220.4645538330078,423.1301574707031,283.8238089425223,279.6038309733073,285.6027297973633,292.9404008653429,0.020926014760374312,0.018415072116248207,0.026152684639370406,0.03787038310567918,7.25823974609375,749197067.8571428,779885861.2380953,908605341.9666667,1336688859.4222221,0.14877004102951985,0.013636607073385765,-0.018222337942417788,-0.23262611152859458,1
2022-10-11,271.37139892578125,273.662841796875,268.44683837890625,271.7315368652344,584301468.0,-0.0015991617845805273,271.8060607910156,296.2984619140625,272.40155029296875,295.161865234375,230.52476501464844,414.6637268066406,280.26279994419644,279.8420119512649,284.66700846354166,292.14433237711586,0.01232031169837672,0.017781521747714506,0.02608805424270814,0.037845576236475616,5.21600341796875,719159269.7142857,767438171.7619047,901999635.7166667,1330960063.511111,-0.10821161686203096,0.006792057576118227,0.12053093587281927,-0.2389271029828285,1
2022-10-12,270.97100830078125,272.7352294921875,269.66015625,271.4066162109375,546926291.0,-0.0014754341341237653,271.37139892578125,294.1376647949219,281.7812194824219,293.6587219238281,238.1644744873047,417.2937316894531,276.9532775878906,280.1362464541481,283.78535614013674,291.33142835828994,0.012905313881777,0.0177208950820786,0.02606553791314602,0.03784087095838626,3.0750732421875,703457684.4285715,743140505.7142857,894586535.1166667,1327093431.3666666,-0.06396557093709032,0.0037286109142085078,0.06956297080653195,-0.24261485691580909,1
2022-10-13,271.8514099121094,273.4926452636719,257.9745178222656,270.9587097167969,1124480167.0,0.003249062019029303,270.97100830078125,286.6341552734375,283.7890319824219,277.5769348144531,238.5739898681641,417.47845458984375,274.8414568219866,279.96249099004837,283.0164357503255,290.5223892211914,0.012294402416239823,0.015301432196152098,0.025995750547766653,0.037842322368828694,15.51812744140625,719796247.2857143,756527876.4761904,897724902.0666667,1327660091.2833333,1.0559994747080097,-0.009490990541452082,0.03858677123452825,-0.24210024284838838,0
2022-10-14,269.5671691894531,276.52886962890625,268.343017578125,271.8459167480469,809144930.0,-0.008402534029140263,271.8514099121094,283.18267822265625,284.1922912597656,279.3858642578125,249.5938720703125,407.3777160644531,272.8963841029576,279.62634422665553,282.1777669270833,289.75677507188584,0.012144940334740483,0.01535588755254353,0.025984661811179716,0.03780805239079672,8.18585205078125,699301799.2857143,753648185.8571428,892184766.1333333,1326109192.1166666,-0.2804275666695685,0.0017481818829170326,0.02601306415573923,-0.2335791527782134,1
2022-10-15,268.4040832519531,271.364501953125,267.88482666015625,269.5590209960937,491674298.0,-0.004314642398765445,269.5671691894531,276.4695739746094,282.8719177246094,270.806884765625,247.84848022460935,416.9684143066406,271.7441711425781,279.30580647786456,281.3774403889974,288.9314176771376,0.009639223869215657,0.01534272541158009,0.025962942276075276,0.03776170356312835,3.47967529296875,683154270.8571428,738094457.3333334,884328131.9166666,1318142559.761111,-0.3923532363973411,0.007732404479102728,0.03790682615762364,-0.21855694073892573,1
2022-10-16,272.5199584960937,273.7430419921875,268.3623046875,268.4115905761719,563344666.0,0.015334622313763147,268.4040832519531,278.2380676269531,284.43310546875,274.6545715332031,264.88604736328125,422.3870544433594,270.9272984095982,279.23241170247394,280.808832804362,288.09882269965277,0.011655018917018001,0.01573425275873145,0.025787861477370926,0.037767197250398656,5.3807373046875,682153392.5714285,734418778.5714285,875187474.45,1310969737.1777778,0.14576797748333803,0.012799870637342003,0.015977049774388297,-0.211712930913039,1
2022-10-17,275.5125732421875,275.8415222167969,270.4273376464844,272.5019226074219,594844795.0,0.010981268170627168,272.5199584960937,271.8060607910156,287.031982421875,279.24932861328125,268.8173217773437,418.354248046875,271.45680018833707,279.21263631184894,280.4316884358724,287.30525783962673,0.008496549960117006,0.015852391451132614,0.02560801456289736,0.03777437328501967,5.4141845703125,673530945.0,728602380.1904762,867737979.15,1302967948.4444444,0.0559162638809827,-0.005572000696500101,-0.012453040519734393,-0.231820051758995,0
2022-10-18,273.2145690917969,275.81524658203125,270.533203125,275.5345153808594,599934776.0,-0.008340832228990847,275.5125732421875,271.37139892578125,296.2984619140625,266.31317138671875,258.3388061523437,405.0214538574219,271.72011021205356,279.2513514927455,280.323285929362,286.5729973687066,0.00931125877793836,0.01570167601004627,0.024356165402610458,0.03770966016574488,5.28204345703125,675764274.7142857,713007315.8571428,851098233.8833333,1294132686.961111,0.008556821952186766,0.0410591447603208,-0.019410579719291277,-0.22953948503774557,1
2022-10-19,271.9813537597656,273.647705078125,270.6843566894531,273.22344970703125,497761035.0,-0.004513724638223415,273.2145690917969,270.97100830078125,294.1376647949219,272.06982421875,265.4625549316406,406.9875183105469,271.8644452776228,278.7846912202381,280.1280893961588,285.82296312120224,0.009514718723187625,0.013626275519054354,0.024289586168615287,0.03770736312474187,2.963348388671875,668740666.7142857,695878444.9047619,837471455.6333333,1286366083.1944444,-0.17030808195722935,0.06763562879777751,0.007127801680489432,-0.2236814688937797,1
2022-10-20,269.2712707519531,273.28515625,267.8604736328125,271.9537353515625,539795617.0,-0.009964223540876449,271.9813537597656,271.8514099121094,286.6341552734375,266.3695983886719,262.87744140625,401.6524658203125,271.49585396902904,278.09336925688245,279.58167266845703,285.08751203748915,0.010182029271406554,0.01358964936259491,0.022760365514281917,0.03770268818865409,5.4246826171875,585214302.4285715,683445470.4761904,825647955.8,1281840034.4777777,0.08444731315700515,0.06526075139732268,0.011610610370215602,-0.2115726208284463,1
2022-10-21,270.0384216308594,271.04791259765625,264.5229797363281,269.2449035644531,593811687.0,0.0028489889647860256,269.2712707519531,269.5671691894531,283.18267822265625,264.7920837402344,259.4630126953125,399.1053771972656,271.5631757463728,277.41937546502976,279.07299448649087,284.3704733954536,0.009756289999193727,0.01361332733867166,0.02276349150673073,0.037702309031689675,6.524932861328125,554452410.5714285,668604047.3809524,811149759.2833333,1278347496.7444444,0.10006763356138926,0.10359921700776131,-0.021490585141025975,-0.20638825109319314,1
2022-10-22,270.4794921875,271.0074157714844,268.56689453125,270.0330810546875,391459296.0,0.0016333622229638411,270.0384216308594,268.4040832519531,276.4695739746094,275.5002746582031,261.8648681640625,404.3502807617188,271.8596627371652,276.82925996326264,278.59715372721354,283.6267467922635,0.00954512505457238,0.013629133286679146,0.02276220714588856,0.03768719437348446,2.440521240234375,540135981.7142857,658988983.0,800424749.3666667,1269907226.761111,-0.34076862316790335,0.12473575753418231,-0.06030488074563767,-0.19495791075599977,1
2022-10-23,276.0081787109375,276.5697937011719,269.1025390625,270.47998046875,483765500.0,0.020440316856277452,270.4794921875,272.5199584960937,278.2380676269531,276.6262512207031,245.14849853515625,385.4830627441406,272.3579799107143,276.4280729747954,278.25646209716797,283.018552992079,0.01090831617909352,0.014409658155814657,0.02291490272854773,0.037569736389266604,7.467254638671875,528767529.4285714,655532889.2857143,792897411.75,1263306124.55,0.2358002605716636,0.1367590363630493,-0.0350853294849891,-0.17265941534475648,1
2022-10-24,273.9774169921875,276.8754577636719,271.8848876953125,276.0007629394531,535946814.0,-0.007357614286049197,276.0081787109375,275.5125732421875,271.8060607910156,275.1353759765625,248.9583740234375,391.4458312988281,272.138671875,275.8064270019531,277.7963582356771,282.3659506903754,0.010551552039354154,0.01425923480710425,0.022803002831085994,0.037551905093779044,4.990570068359375,520353532.14285713,647693848.3333334,785604371.4333333,1257880343.6888888,0.10786489321789183,0.19119568815682242,0.08712406262099437,-0.1782426374172783,1
2022-10-25,284.4325256347656,289.601806640625,272.36651611328125,273.95135498046875,940035659.0,0.0381604759887062,273.9774169921875,273.2145690917969,271.37139892578125,274.0612487792969,271.5043640136719,406.71820068359375,273.7412370954241,275.2413824172247,277.87693074544273,281.68658582899303,0.017395187001878178,0.01500622798305535,0.02135764974858258,0.03754683698579076,17.23529052734375,568939372.5714285,654620972.3333334,781103681.0,1251345090.838889,0.7539719137130647,0.14114740053549868,0.05623583399005505,-0.21886594669583603,1
2022-10-26,290.3769836425781,291.702392578125,284.163818359375,284.356201171875,1017326051.0,0.020899360910100917,284.4325256347656,271.9813537597656,270.97100830078125,275.9278564453125,277.2939147949219,393.0621643066406,276.3691842215402,275.0623023623512,278.0865208943685,281.1161126030816,0.017512901213307116,0.01573706562496826,0.021498127281396873,0.03750446479411044,7.53857421875,643162946.2857143,671787099.1428572,782014626.9833333,1246284625.8222222,0.08222070222550992,0.10253415817198674,0.03512921025408833,-0.23121992863323282,1
2022-10-27,286.8441162109375,293.0694580078125,285.2253112792969,290.3919982910156,874526054.0,-0.012166485743199229,290.3769836425781,269.2712707519531,271.8514099121094,272.40155029296875,293.9533386230469,377.767822265625,278.8795907156808,275.07230050223217,278.26307474772136,280.6109809027778,0.017935993157149284,0.014924968692389951,0.021548860685909985,0.03740613381830557,7.844146728515625,690981580.1428572,665330709.9523809,783951972.8,1242989738.511111,-0.14036797431819625,0.14946398181653375,0.08556683109011853,-0.21742893200222824,1
2022-10-28,298.0141906738281,300.7218017578125,286.1366882324219,286.8411560058594,1072756219.0,0.038941270995694666,286.8441162109375,270.0384216308594,269.5671691894531,281.7812194824219,287.5361328125,390.281982421875,282.8761291503906,275.77856299990697,278.4596211751302,280.09838205973307,0.020767408063198853,0.016864826254442564,0.021630805227022324,0.037438105452166595,14.585113525390625,759402227.5714285,671052145.8095238,785011884.3666667,1240317013.5833333,0.22667153722100553,0.18922649713081863,0.031592791190138136,-0.2424049409907233,1
2022-10-29,304.21795654296875,307.9149780273437,295.9452514648437,298.0037841796875,1397370727.0,0.020817014972050574,298.0141906738281,270.4794921875,268.4040832519531,283.7890319824219,283.5794677734375,389.670654296875,287.69590977260043,277.09991455078125,278.83949788411456,279.62364484998915,0.020061138816830217,0.0161814101497538,0.02165476717071339,0.037472641640342294,11.9697265625,903103860.5714285,708798037.7142857,791974384.1,1240368640.3055556,0.30259857948211066,0.14803783153806527,-0.035141595411358084,-0.2533364718505502,1
2022-10-30,313.7547912597656,318.0692749023437,302.53436279296875,304.2299194335937,1451550019.0,0.031348691001577444,304.21795654296875,276.0081787109375,272.5199584960937,284.1922912597656,283.5394897460937,383.4757995605469,293.0882829938616,278.7911871047247,279.4147761027018,279.2363059149848,0.02077441234590511,0.017197352902274504,0.021956814228015282,0.03753071720756662,15.534912109374943,1041358791.8571428,750759904.6190476,800292103.1333333,1241233486.161111,0.03877231070692089,0.08170260099170168,-0.05818754907662271,-0.27240177307582436,1
2022-10-31,326.3607177734375,336.7953186035156,307.6253356933594,313.6713562011719,2168405759.0,0.04017763828580101,313.7547912597656,273.9774169921875,275.5125732421875,282.8719177246094,283.82098388671875,402.5026550292969,300.5716116768973,281.38902791341144,280.21383412679035,278.81329515245227,0.018495230161136883,0.017407152463486508,0.02248560065172595,0.0374669883709495,29.16998291015625,1274567212.5714285,822817229.9047619,820516878.0666667,1243755202.6444445,0.4938553481566246,0.032644367202072644,-0.07833778497254773,-0.306166676703271,1
2022-11-01,324.5794372558594,334.20623779296875,317.9355163574219,326.2778625488281,1329110451.0,-0.005458011398340901,326.3607177734375,284.4325256347656,273.2145690917969,284.43310546875,298.3567810058594,378.7736206054688,306.306884765625,283.92274402436755,280.99988962809243,278.51221635606555,0.020715302987497713,0.017543254684998053,0.022496001199978338,0.03721160609113916,16.270721435546875,1330149325.7142856,858284324.3333334,829217823.1666666,1237864220.0444446,-0.3870563913218237,0.00958421725679992,-0.10032438498624319,-0.29755221483178684,1
2022-11-02,320.1505432128906,329.0394592285156,316.2809143066406,324.4679870605469,1411029750.0,-0.01364502348150154,324.5794372558594,290.3769836425781,271.9813537597656,287.031982421875,310.7060546875,379.3042907714844,310.5602504185268,286.2646266392299,281.7061391194662,278.18358442518445,0.0240892470412791,0.018088925602122115,0.02259617537080817,0.03722499943164533,12.758544921875,1386392711.2857144,899432108.0952381,844566614.7833333,1235510103.5666666,0.0616346812549442,-0.1664761327016242,-0.08315790005483903,-0.27620606188742725,0
2022-11-03,329.71697998046875,338.642578125,318.4955749511719,320.1744384765625,1514834239.0,0.029881057428713165,320.1505432128906,286.8441162109375,269.2712707519531,296.2984619140625,315.185546875,365.6841125488281,316.6849452427455,289.02012997581846,282.55405782063804,277.9837670220269,0.021496102739316226,0.018654556900218354,0.02286846565741875,0.03719573419256648,20.147003173828125,1477865309.142857,918020397.2380953,861280277.5833334,1235437182.011111,0.07356647795696714,-0.07775435882788173,-0.1187498414963265,-0.30059418746435407,0
2022-11-04,354.4063720703125,358.1820068359375,328.7398376464844,329.67095947265625,1938879952.0,0.07488055996177767,329.71697998046875,298.0141906738281,270.0384216308594,294.1376647949219,315.06890869140625,355.39874267578125,324.74097115652904,293.06009201776413,283.8493988037109,277.97825385199656,0.02949547948621057,0.023022944620573506,0.024627414688397044,0.03754925395507318,29.442169189453125,1601597271.0,971817303.0476191,882507047.1,1235787372.5722222,0.27992878830090917,-0.18223660893115656,-0.17527357690239753,-0.32999340921717624,0
2022-11-05,349.25372314453125,360.309326171875,347.0196228027344,354.4194641113281,1231594445.0,-0.014538815698152852,354.4063720703125,304.21795654296875,270.4794921875,286.6341552734375,322.921142578125,299.34893798828125,331.1746520996094,296.9100748697917,285.2924875895182,278.25550265842014,0.03321011018368866,0.023518201626983197,0.023681123368996627,0.035642853919120185,13.289703369140625,1577914945.0,1007051595.7619047,883472680.05,1226277485.4388888,-0.3647907681290007,-0.1915869198641844,-0.17402663288928877,-0.3004441669274942,0
2022-11-06,339.3893737792969,354.48809814453125,339.1924133300781,349.28814697265625,1143505730.0,-0.028244077905369203,349.25372314453125,313.7547912597656,276.0081787109375,283.18267822265625,324.8004150390625,319.32696533203125,334.8367353166853,300.0943327404204,286.3029551188151,278.3669604831272,0.037313742429674376,0.0251558629519195,0.022884539178743665,0.03537369740869446,15.295684814453125,1533908618.0,1034678313.0952381,886468866.2166667,1214793607.2222223,-0.07152412497281113,-0.1850674811176689,-0.1444798096161436,-0.24972666849562075,0
2022-11-07,337.0145568847656,344.0419006347656,327.68377685546875,338.89715576171875,1811518274.0,-0.006997322479741497,339.3893737792969,326.3607177734375,273.9774169921875,276.4695739746094,324.9123229980469,269.9627685546875,336.3587123325893,303.0229986281622,287.2435729980469,278.7394704182943,0.035567134046048686,0.025453522898852665,0.0229212310631203,0.03340340335748158,16.358123779296875,1482924691.5714285,1092615145.4285715,902152883.4166666,1203354160.588889,0.5841794461318528,-0.17339347964416052,-0.15646247908119437,-0.2688882745391252,0
2022-11-08,327.6902770996094,388.7155151367188,302.7518920898437,336.9876403808594,5390603525.0,-0.027667290906797426,337.0145568847656,324.5794372558594,284.4325256347656,278.2380676269531,328.4711608886719,269.4072570800781,336.80311802455356,305.61707996186755,287.81495869954426,279.0632649739583,0.0376010131394222,0.02647648485878979,0.022575339948797693,0.03347435592057165,85.96362304687511,2063137987.857143,1320742228.7142856,973001606.4,1206968678.8555555,1.9757378671632435,-0.15507403549438403,-0.11337872767631596,-0.24586321814941758,0
2022-11-09,266.8531188964844,332.0610046386719,261.7302551269531,327.8196716308594,3191459132.0,-0.18565445011550363,327.6902770996094,320.1505432128906,290.3769836425781,271.8060607910156,323.8002319335937,290.5841979980469,329.189200265067,305.3728783017113,287.31302642822266,278.93142564561634,0.08083876044205429,0.05008670435461249,0.03308053127443503,0.035794880118677506,70.33074951171875,2317485042.428571,1449013566.6666667,1012006004.3833333,1209287223.1166666,-0.4079588459438779,0.019593119724600427,0.07208948790650038,-0.057493313028926574,1
2022-11-10,304.0800476074219,311.0740051269531,264.4677429199219,266.8857727050781,2461275687.0,0.13950344243635504,266.8531188964844,329.71697998046875,286.8441162109375,271.37139892578125,327.5146789550781,297.3876037597656,325.5267813546317,307.0304391043527,287.4616628011068,278.9686058892144,0.10084672151007505,0.05846066694992937,0.03772930521289913,0.0372327703376973,46.60626220703125,2452690963.571429,1540512617.6190476,1041346682.0833334,1212491141.3555555,-0.228792979887671,-0.11894477120099722,-0.05246919062895328,-0.17428858315782825,0
2022-11-11,289.820556640625,304.91278076171875,280.6268615722656,303.98687744140625,1625174426.0,-0.04689387244902821,304.0800476074219,354.4063720703125,298.0141906738281,270.97100830078125,323.8701477050781,312.0077209472656,316.3002362932478,307.97244553338913,287.39769337972007,278.8453438652886,0.0946914684381687,0.05965469915127737,0.038230498223985256,0.03722449194511612,24.285919189453125,2407875888.428571,1589625129.0,1051789180.3833333,1212569397.85,-0.33970240124506623,-0.054863512494682465,-0.01873623226252097,-0.13249212369588192,0
2022-11-12,282.3412780761719,290.3691711425781,272.0461120605469,289.8576354980469,1189401392.0,-0.0258065840848114,289.820556640625,349.25372314453125,304.21795654296875,271.8514099121094,317.98663330078125,297.7101135253906,306.74131556919644,308.53729248046875,287.4770991007487,278.7599614461263,0.0945924886863297,0.060034788486820874,0.03769979827670051,0.03711568682357777,18.32305908203125,2401848309.428571,1627622371.6666667,1052663269.15,1209431715.038889,-0.26813923910466453,-0.035218383877055115,-0.02147429478005214,-0.12290538480304125,0
2022-11-13,276.5794372558594,286.08447265625,274.0527038574219,282.3652648925781,956106804.0,-0.020407362535059592,282.3412780761719,339.3893737792969,313.7547912597656,269.5671691894531,319.8872985839844,305.96343994140625,297.76846749441967,308.56449526832216,287.4303253173828,278.59671698676215,0.09460740345664939,0.060131668021284945,0.03779323995251561,0.03709113945772968,12.031768798828125,2375077034.285714,1650114814.7142856,1052658153.0833334,1205940653.8666666,-0.19614453923558217,-0.04463202123369259,-0.01673207027950596,-0.12742946423103718,0
2022-11-14,278.57843017578125,290.7196350097656,268.2330322265625,276.62225341796875,1541330420.0,0.0072275543683049115,276.5794372558594,337.0145568847656,326.3607177734375,268.4040832519531,316.4236755371094,287.43878173828125,289.42044939313615,308.7835911342076,287.5598510742187,278.54749281141494,0.09520556833758664,0.06010369227225269,0.03757801560904083,0.03681466335789604,22.486602783203125,2336478769.428571,1697990224.5238094,1060344254.45,1206058652.1333334,0.6120902116286999,-0.0876240543583593,-0.037141760415614566,-0.130357394425214,0
2022-11-15,276.8740234375,281.8825378417969,274.0931091308594,278.6280212402344,1116291060.0,-0.006118229387701679,278.57843017578125,327.6902770996094,324.5794372558594,272.5199584960937,306.63641357421875,306.79156494140625,282.1609845842634,308.4236624581473,287.59684193929036,278.38128424750437,0.09537073433942223,0.059567672857181064,0.03755029301754038,0.03647543875775718,7.7894287109375,1725862703.0,1706383338.857143,1065558231.55,1203110919.411111,-0.2757613516769494,-0.03810282556019173,-0.06717969077910124,-0.08349892335257958,0
2022-11-16,272.08160400390625,279.7919921875,269.6501770019531,276.8630065917969,908816092.0,-0.01730902514469934,276.8740234375,266.8531188964844,320.1505432128906,275.5125732421875,298.1412353515625,302.3592224121094,282.9079110281808,307.55245390392486,287.47737986246744,278.2130752563477,0.06191620994410528,0.05949627323244495,0.037563490528783335,0.036482439890824836,10.141815185546875,1399770840.142857,1701216197.952381,1071355972.0166667,1198400615.9555554,-0.1858609957872457,0.09469893680381625,-0.15013571762657918,-0.10777179697989014,1
2022-11-17,267.91131591796875,273.22247314453125,264.39849853515625,272.0883178710937,854777255.0,-0.015327343063875842,272.08160400390625,304.0800476074219,329.71697998046875,273.2145690917969,279.7187194824219,312.4660339355469,277.74094935825894,306.65089198521207,287.50401560465497,277.9655490451389,0.016765809949019723,0.05952902275155446,0.037122143470196774,0.03641447007043903,8.823974609375,1170271064.142857,1700275778.952381,1072444974.5166667,1195823061.9333334,-0.05946069559692613,0.12137042400897236,-0.09474043384389752,-0.08646874250334724,1
2022-11-18,273.91998291015625,274.5059509277344,267.9135437011719,267.91412353515625,685307608.0,0.022427820831678824,267.91131591796875,289.820556640625,354.4063720703125,271.9813537597656,283.6931457519531,319.6090087890625,275.4694388253348,305.5035487583705,287.5348515828451,277.7117211235894,0.017188025626562613,0.059075578609938215,0.03713000443788589,0.03641295653099031,6.5924072265625,1036004375.8571428,1681825845.0952382,1065963019.2666667,1190717563.0555556,-0.1982617646979855,0.09731935056557561,-0.08310308484693851,-0.10575797616036886,1
2022-11-19,272.3976745605469,274.262451171875,269.6495361328125,273.88720703125,551451228.0,-0.005557492861368529,273.91998291015625,282.3412780761719,349.25372314453125,269.2712707519531,302.0562744140625,316.76055908203125,274.0489240373884,303.9882972353981,287.635319519043,277.4652606540256,0.01526931577353002,0.058839959613011764,0.03703009758734105,0.036409322435417356,4.6129150390625,944868638.1428572,1641543964.1904762,1061058823.95,1181402602.661111,-0.19532306140690037,0.14313919439403877,-0.1165203345265986,-0.09475077490550843,1
2022-11-20,264.2351379394531,273.6504821777344,262.5552978515625,272.4302978515625,720361905.0,-0.029965515066390336,272.3976745605469,276.5794372558594,339.3893737792969,270.0384216308594,300.5591125488281,328.1893310546875,272.2854527064732,301.6302185058594,287.6260370890299,277.1099595811632,0.017183208734465376,0.0585430733120285,0.03723658832458924,0.03637478818101078,11.095184326171875,911190795.4285715,1606725482.5714285,1055445234.4,1174278041.1944444,0.30630211417354936,0.16346861802281865,-0.04727077815365954,-0.04011598140407702,1
2022-11-21,254.1682586669922,264.7425537109375,250.6569366455078,264.2357788085937,1094850661.0,-0.03809818539261667,264.2351379394531,278.57843017578125,337.0145568847656,270.4794921875,299.0299377441406,325.7348022460937,268.7982853480748,298.1924823579334,287.2705034891764,276.7123676723904,0.019576575685802372,0.057914254331810494,0.03719531859666507,0.03647890215315217,14.085617065429688,847407972.7142857,1555603811.2380953,1059636989.0666667,1169202315.0222223,0.5198619657712189,0.15485408656728095,-0.03195236454017314,-0.10891153125581765,1
2022-11-22,266.3243408203125,266.89215087890625,252.38995361328125,254.0190887451172,800429058.0,0.0478269089030785,254.1682586669922,276.8740234375,327.6902770996094,276.0081787109375,296.4496765136719,304.96392822265625,267.29118783133373,295.4184301467169,287.0988049825033,276.49770329793296,0.030331687842729126,0.05928256801576688,0.03771449235313923,0.036349176530242326,14.502197265625,802284829.5714285,1530428506.8095238,1058483832.8166667,1158724620.661111,-0.2689148515753602,0.10954247754876989,-0.07672492779809037,-0.11334954982951595,1
2022-11-23,297.8474426269531,300.02020263671875,265.03497314453125,266.4203491210937,1920236928.0,0.11836357769457151,266.3243408203125,272.08160400390625,266.8531188964844,273.9774169921875,301.5836486816406,300.9720458984375,270.9720219203404,294.3563777378627,287.47733942667645,276.48034439086916,0.054766811708879044,0.06530697511939172,0.040677224843762974,0.037391951117393775,34.9852294921875,946773520.4285715,1554676467.6666667,1076849405.0,1154986415.6833334,1.3990095172182015,0.009893989312352192,-0.1735763250823653,-0.2151491849528656,1
2022-11-24,300.4278259277344,303.06463623046875,294.53155517578125,297.94586181640625,1219177799.0,0.008663439504542403,297.8474426269531,267.91131591796875,304.0800476074219,284.4325256347656,279.5981750488281,307.8154296875,275.61723763602123,292.96165611630397,287.9167823791504,276.43930214775935,0.05334032219769934,0.06496276650599453,0.040677857554202786,0.037360203145036866,8.5330810546875,998830741.0,1540597589.5714285,1086493469.65,1153583884.4944444,-0.3650899109258251,-0.02799880825877077,-0.18570948676605492,-0.2247690290305604,0
2022-11-25,300.57769775390625,304.16326904296875,294.9123229980469,300.3338317871094,949045515.0,0.0004988613345286996,300.4278259277344,273.91998291015625,289.820556640625,290.3769836425781,277.80157470703125,305.9750671386719,279.4254826136998,290.3983859107608,288.32761306762694,276.4093167622884,0.053657042789109904,0.06252235350977456,0.04067432299721189,0.037356979797015334,9.250946044921875,1036507584.8571428,1493462616.3809524,1090361075.55,1152140609.5777779,-0.22156922823034442,-0.02345550407997299,-0.1910860434161511,-0.22003547449420413,0
2022-11-26,311.3884582519531,316.9621276855469,300.38946533203125,300.5717468261719,1221554861.0,0.035966608896239594,300.57769775390625,272.3976745605469,282.3412780761719,286.8441162109375,276.2508850097656,321.7528991699219,284.995594569615,288.59527805873324,288.97739486694337,276.35173653496634,0.05336027315689572,0.06314208096383198,0.040855288703935316,0.03725605792394603,16.572662353515625,1132236675.2857144,1492984540.952381,1095263137.7833333,1147458373.3888888,0.287140439202223,-0.06687889942909242,-0.21577604598857836,-0.2547983417971953,0
2022-11-27,307.4292907714844,316.2198791503906,307.1563720703125,311.3720397949219,793779029.0,-0.012714560785889062,311.3884582519531,264.2351379394531,276.5794372558594,298.0141906738281,286.2214050292969,320.485107421875,291.16618783133373,287.0733693440755,289.40486272176105,276.279204220242,0.05098862920717208,0.06292841321070465,0.04069494915557902,0.037267663403090664,9.063507080078125,1142724835.857143,1476330888.5238094,1094201666.1833334,1142359740.4388888,-0.3501896195229499,-0.04925032085570524,-0.19787513067257456,-0.26024785178804144,0
2022-11-28,293.5272521972656,309.0960998535156,289.4936828613281,307.3995666503906,1154829072.0,-0.045220279887228765,307.4292907714844,254.1682586669922,278.57843017578125,304.21795654296875,281.42535400390625,300.5040588378906,296.78890119280135,285.0025453113374,289.56716639200846,276.2404441833496,0.05245920629694613,0.06360611819200436,0.041147999767442094,0.03712799654604019,19.6024169921875,1151293180.2857144,1445059974.142857,1100100682.7166667,1138977541.1333334,0.45484956116168695,-0.017214682717872964,-0.16824785375296536,-0.2174731275305274,0
2022-11-29,295.4981689453125,304.82281494140625,289.7636413574219,293.4918212890625,986451640.0,0.006714595436345672,293.5272521972656,266.3243408203125,276.8740234375,313.7547912597656,279.23809814453125,308.1017761230469,300.9565909249442,283.4695877801804,289.7555976867676,276.1704241434733,0.05136427868602228,0.06342447776644022,0.041153692680755624,0.037084705966379056,15.059173583984375,1177867834.857143,1235338455.8095238,1101450183.85,1137634601.0777779,-0.1458029037218419,-0.017406900671328884,-0.16588410023294708,-0.23064579726453405,0
2022-11-30,300.7943420410156,304.6509704589844,294.3822631835937,295.5482177734375,1009620336.0,0.017922862651251315,295.4981689453125,297.8474426269531,272.08160400390625,326.3607177734375,278.417236328125,298.3978881835937,301.37757655552457,285.0858365013486,290.0543047587077,276.18373777601454,0.025566096386367136,0.04771434894615831,0.04119967232162956,0.03702967971477942,10.268707275390682,1047779750.2857143,1131441370.2857144,1108387595.3166666,1137047985.5722222,0.023486905044833195,-0.05488772860840374,-0.18289945577652922,-0.24305821104174752,0
2022-12-01,292.0162048339844,301.47967529296875,290.5537109375,300.7543640136719,1433086340.0,-0.02918318591855118,300.7943420410156,300.4278259277344,267.91131591796875,324.5794372558594,277.4161071777344,301.6311340332031,300.17591639927457,284.51136779785156,290.18068974812826,276.13032150268555,0.027753885929994507,0.03731289513398669,0.04139081361388529,0.037088797325632375,10.92596435546875,1078338113.2857144,1082479972.8095238,1122999976.5166667,1140532048.738889,0.41943093745290794,-0.005064905300954048,-0.156385182364285,-0.21735288913840378,0
2022-12-02,293.5274963378906,293.5274963378906,286.14068603515625,292.028564453125,854253818.0,0.005175368623003163,292.0162048339844,300.57769775390625,273.91998291015625,320.1505432128906,277.77557373046875,298.9347229003906,299.1687447684152,284.6878887358166,290.28894831339517,276.1002813551161,0.027928003804961708,0.035831220182287404,0.04138125641733394,0.03708361850327464,7.386810302734375,1064796442.2857143,1045769467.6666666,1125561428.9166667,1140946773.7222223,-0.40390624475563697,-0.025336886140796655,-0.16826538843782202,-0.2188096681027819,0
2022-12-03,290.5631408691406,294.04302978515625,289.7044677734375,293.5003662109375,634607105.0,-0.01009907250848352,293.5274963378906,311.3884582519531,272.3976745605469,329.71697998046875,278.84185791015625,295.3960266113281,296.1936994280134,285.07940601167223,290.19335962931314,276.0734319898817,0.02200088870140456,0.0354007564607717,0.041203584656939525,0.037080588993276195,4.33856201171875,980946762.8571428,1019350692.0952381,1122895446.4166667,1136300473.7333333,-0.2571211370342391,-0.008390352743301688,-0.15496541234992778,-0.21497886867510962,0
2022-12-04,292.2882995605469,292.3376159667969,288.5040588378906,290.5531005859375,633441009.0,0.005937293650687847,290.5631408691406,307.4292907714844,264.2351379394531,354.4063720703125,276.6859130859375,290.34112548828125,294.03070068359375,285.8274470738002,290.1625368754069,276.08424962361653,0.022683809955920415,0.03503403812436409,0.04119643220886707,0.03705886440103213,3.83355712890625,958041331.4285715,1003985654.2380953,1122505506.7666667,1130082015.6944444,-0.0018375085794225532,-0.027020883817341135,-0.15790894747936957,-0.2018315351812433,0
2022-12-05,288.4742736816406,296.91217041015625,286.5386962890625,292.2088928222656,705616866.0,-0.013048848977672445,292.2882995605469,293.5272521972656,254.1682586669922,349.25372314453125,262.6683959960937,288.6160888671875,293.308846609933,286.29867771693637,290.19320551554364,276.0834617614746,0.015879741649386065,0.03519642836640018,0.04109309795262331,0.037069797865577736,10.37347412109375,893868159.1428572,964189770.7142857,1117430617.4166667,1127687488.8833334,0.11394250762820435,-0.04227786167480807,-0.10175806447347191,-0.19832937063122014,0
2022-12-06,290.3544616699219,290.60162353515625,287.1078796386719,288.4617614746094,610280514.0,0.0065176972777691855,288.4742736816406,295.4981689453125,266.3243408203125,339.3893737792969,278.7613220214844,289.9196472167969,292.5740312848772,286.9406033470517,290.31273523966473,276.0858773973253,0.01586113397791908,0.035154536570528035,0.0410634558975744,0.03707125158800015,3.493743896484375,840129426.8571428,940094030.4285715,1111725191.55,1126628022.4944444,-0.13511064799292938,-0.06338036236899369,-0.11686271294840889,-0.20984714118222647,0
2022-12-07,284.284423828125,290.4856872558594,282.02081298828125,290.3846130371094,759320494.0,-0.020905612425881626,290.3544616699219,300.7943420410156,297.8474426269531,337.0145568847656,280.5774841308594,286.04669189453125,290.21547154017856,287.52169000534786,290.4429827372233,276.0760870191786,0.014281451081826171,0.03526615437940763,0.041036177315526716,0.03709150538005457,8.464874267578125,804372306.5714285,932975192.4285715,1114302083.1666667,1123275371.6388888,0.2442155313515384,-0.05646769790171835,-0.08589027325839527,-0.18047767403594384,0
2022-12-08,290.53717041015625,291.51171875,282.8092041015625,284.295166015625,646645162.0,0.02199468580737851,284.284423828125,292.0162048339844,300.4278259277344,327.6902770996094,293.4071350097656,269.48699951171875,290.0041809082031,288.59911164783296,290.64796778361,276.1930324130588,0.014690071417534756,0.03525469053198334,0.04111827029400856,0.03686423544521548,8.7025146484375,692023566.8571428,923064140.3809524,1115573655.6333334,1120088059.7222223,-0.14838968905796446,-0.11104760952413162,-0.10069050185487427,-0.17767497780012065,0
2022-12-09,286.0904235839844,291.5705871582031,285.5756225585937,290.5220031738281,644239750.0,-0.015305259633024981,290.53717041015625,293.5274963378906,300.57769775390625,266.8531188964844,296.96905517578125,255.9508819580078,288.9417419433594,289.1786564418248,290.8860404968262,276.3604743109809,0.01536456766595969,0.035253578253937636,0.04105108938729091,0.036684015778997374,5.994964599609432,662021557.1428572,921108528.0952381,1115390952.6666667,1115999389.0833333,-0.003719832980054072,-0.1917505163680926,-0.04091487102771518,-0.16890402172420804,0
2022-12-10,288.1252136230469,289.4926147460937,286.10650634765625,286.10650634765625,439735200.0,0.007112401783924582,286.0904235839844,290.5631408691406,311.3884582519531,304.0800476074219,295.161865234375,222.5057830810547,288.59346662248885,289.9275868733724,291.1652707417806,276.7250267028809,0.015519812849208657,0.03521462907706613,0.04105462653842256,0.03532736798931523,3.386108398437443,634182713.5714285,915788717.2380953,1112981514.8666666,1104711414.0277777,-0.3174354733622071,-0.15825040590334782,-0.05353115523339136,-0.16795496207243776,0
2022-12-11,284.3904113769531,290.9364318847656,284.18829345703125,288.1442565917969,496833486.0,-0.012962427685971223,288.1252136230469,292.2882995605469,307.4292907714844,289.820556640625,293.6587219238281,223.22125244140625,287.46519688197543,290.8873617989676,291.3889274597168,277.0648553636339,0.015734068497573903,0.03460300803305239,0.041097138395605595,0.03534499593256352,6.748138427734375,614667353.1428572,905144506.8095238,1112146634.7833333,1096209228.3166666,0.12984697608924645,-0.11686056462642325,-0.024968384161014656,-0.13351203816328205,0
2022-12-12,276.2781982421875,285.5374450683594,273.5308532714844,284.43438720703125,974762447.0,-0.028524917895396462,284.3904113769531,288.4742736816406,293.5272521972656,282.3412780761719,277.5769348144531,233.39671325683597,285.722900390625,291.9402160644531,291.4627072652181,277.30308583577477,0.018151868374453956,0.034078994587778,0.041280546722959645,0.03526569878486311,12.006591796875,653116721.8571428,899426020.4285715,1109651339.45,1089155645.7722223,0.9619499781461993,-0.12892943443361393,0.031737251084823725,-0.0788452310836838,0
2022-12-13,271.9516906738281,280.6873474121094,257.4403686523437,276.28448486328125,1925504273.0,-0.015659967365816985,276.2781982421875,290.3544616699219,295.4981689453125,276.5794372558594,279.3858642578125,209.5387420654297,283.09393310546875,292.20818510509673,291.50244928995767,277.6498244391547,0.017525385191821452,0.032837645798696545,0.04131955019392037,0.034422690587828965,23.246978759765682,841005830.2857143,953001030.6666666,1128257328.5,1091612819.75,0.9753574616318801,-0.07430420186116238,0.05832159637979273,-0.0718082172627088,0
2022-12-14,268.2315368652344,277.8570861816406,266.146240234375,271.95806884765625,1026628081.0,-0.013679465641034061,271.9516906738281,284.284423828125,300.7943420410156,278.57843017578125,270.806884765625,215.8917999267578,280.80066353934154,290.7979038783482,291.4995735168457,277.9406007554796,0.016921938329696976,0.019112896014283565,0.041357650308044724,0.03437696499722921,11.710845947265625,879192628.4285715,910448228.4285715,1137173224.8833334,1091157759.788889,-0.466826381329978,-0.08270673654924088,0.09507258222422421,-0.05476732172383336,0
2022-12-15,258.2737121582031,268.1503601074219,257.0812072753906,268.1503601074219,709349174.0,-0.037123989309408745,268.2315368652344,290.53717041015625,292.0162048339844,276.8740234375,274.6545715332031,197.04299926757807,276.1915980747768,288.7905651274182,291.2621360778809,278.28077138264973,0.013844594706909451,0.020087060652749032,0.04159998644026173,0.03384974143087067,11.06915283203125,888150344.4285715,886170674.8571428,1139606633.35,1086322302.9666667,-0.30904951157282834,-0.04794559637807039,0.18185128805440742,-0.05178720879657406,0
2022-12-16,231.23243713378903,264.2475891113281,227.34523010253903,258.2687683105469,1264053277.0,-0.10470006722112779,258.2737121582031,286.0904235839844,293.5274963378906,272.08160400390625,279.24932861328125,214.9205322265625,268.35474286760603,285.48840985979353,290.52413380940754,278.3713930765788,0.03598562003102288,0.029185625615910357,0.043708452240300344,0.034123432617724214,36.90235900878909,976695134.0,901171044.4761904,1150760108.05,1085937851.088889,0.7819902007808639,0.06450540050385234,0.3063506657527637,0.0567330882987116,1
2022-12-17,242.5292816162109,243.5819549560547,221.0031890869141,231.2207489013672,1196953526.0,0.048854929794670765,231.23243713378903,288.1252136230469,290.5631408691406,267.91131591796875,266.31317138671875,216.93426513671875,261.8410382952009,282.2094014485677,290.0127123514811,278.513587612576,0.045292435502721634,0.030356522624081547,0.044187889139302786,0.03430403018721566,22.578765869140597,1084869180.5714285,899999552.3333334,1160710420.55,1085721821.2333333,-0.053083008620688044,0.008684505780935936,0.2328376807452739,-0.01328084188650347,1
2022-12-18,251.1563873291016,253.33969116210935,240.0365295410156,242.51690673828125,925487110.0,0.03557139845300239,242.5292816162109,284.3904113769531,292.2882995605469,273.91998291015625,272.06982421875,219.4986267089844,257.09332057407926,279.5297393798828,289.6656295776367,278.68946406046547,0.050564397571866725,0.03203249814000959,0.04443621458096462,0.03439063633396684,13.30316162109375,1146105412.5714285,906271365.7142857,1167839188.4666667,1084387224.5222223,-0.22679779131207467,-0.03191195996788543,0.1937762249020869,-0.039051178372014106,0
2022-12-19,240.6578063964844,252.9330139160156,238.6507873535156,251.24267578125,751196285.0,-0.04180097127635629,251.1563873291016,276.2781982421875,288.4742736816406,272.3976745605469,266.3695983886719,214.2619171142578,252.00469316755022,277.01214672270277,289.1887385050456,278.8361078898112,0.05133519535768698,0.031847748693681226,0.04474219458696879,0.03448995296984831,14.2822265625,1114167389.4285715,887050756.8095238,1171362532.9333334,1082721736.738889,-0.18832334142395568,0.014711683865138436,0.1925275254806853,0.04977767210360273,1
2022-12-20,251.7445373535156,252.628662109375,239.8014373779297,240.6682281494141,667866377.0,0.04606844516302866,240.6578063964844,271.9516906738281,290.3544616699219,264.2351379394531,264.7920837402344,228.9537506103516,249.11795697893416,274.9286404564267,288.8838404337565,278.9627233717177,0.05687929536397633,0.03390475184946562,0.045149037723085275,0.03428473711638508,12.827224731445312,934504832.8571428,871880030.0,1172596777.7666667,1080051321.1388888,-0.11092960610155311,-0.020448736326646233,0.1712357553764534,0.03321948342650427,0
2022-12-21,246.04698181152344,251.6943206787109,245.7572479248047,251.6943206787109,479296549.0,-0.02263229066214567,251.7445373535156,268.2315368652344,284.284423828125,254.1682586669922,275.5002746582031,240.23831176757807,245.948734828404,272.32162330264134,288.47663192749025,278.9949937608507,0.05708804878405781,0.03356508898004745,0.04524143754872046,0.03413900184315899,5.937072753906222,856314614.0,846626516.3333334,1174060731.9833333,1076448091.4055555,-0.282346640726308,-0.007742666869664849,0.23949163205929191,0.10241783920369296,0
2022-12-22,245.890625,248.0320281982422,240.4832000732422,246.06832885742188,543367184.0,-0.0006354754298234511,246.04698181152344,258.2737121582031,290.53717041015625,266.3243408203125,276.6262512207031,239.69065856933597,244.17972237723214,270.12516712007067,287.9746726989746,279.0294380187988,0.055940638099878266,0.033282466900900906,0.045157458632329096,0.03413841511814173,7.548828125,832602901.1428572,804258937.4761904,1175054093.3833334,1074380389.35,0.1336763954042155,0.0023957646589249926,0.21704993605833356,0.10364718199942802,1
2022-12-23,246.14817810058597,248.27471923828125,244.45294189453125,245.8941345214844,388929772.0,0.001047429525163679,245.890625,231.23243713378903,286.0904235839844,297.8474426269531,275.1353759765625,233.85874938964844,246.310542515346,267.86900910877046,287.51085205078124,279.0977126227485,0.03512887455359274,0.03321529155547728,0.04515012056857321,0.034086712013959485,3.82177734375,707585257.5714285,782100649.5714285,1172603809.35,1071964022.0277778,-0.2842229279712998,-0.0014989244380290145,0.23115454313892747,0.1025511656741096,0
2022-12-24,244.63552856445312,246.1817169189453,243.9530487060547,246.15164184570312,280627376.0,-0.00614528024462857,246.14817810058597,242.5292816162109,288.1252136230469,300.4278259277344,274.0612487792969,233.65402221679688,246.61143493652344,265.6819799514044,286.847568766276,279.15872099134657,0.030734421881092343,0.033212863000441135,0.044864206542180374,0.03409048132418749,2.228668212890625,576681521.8571428,765244472.0,1161613671.3,1068850089.4388889,-0.2784626012122312,0.007004987514684258,0.24881324944172545,0.08208772292466637,1
2022-12-25,243.14149475097656,245.73098754882807,241.70050048828125,244.6363983154297,298063868.0,-0.006107182477719797,244.63552856445312,251.1563873291016,284.3904113769531,300.57769775390625,275.9278564453125,226.9273376464844,245.46645028250558,263.3416559128534,286.06031061808267,279.24879964192706,0.0268578639058038,0.03307073130218148,0.044771073692160886,0.03402220382717795,4.030487060546818,487049630.14285713,749274131.9523809,1149625968.25,1064494185.2888889,0.06213396657352499,0.0040942554846801205,0.23636788328936897,0.09842774690246414,1
2022-12-26,244.1982879638672,244.595947265625,242.22442626953125,243.1479339599609,276115280.0,0.004346412421182944,243.14149475097656,240.6578063964844,276.2781982421875,311.3884582519531,272.40155029296875,219.2844696044922,245.97223336356026,261.2332756405785,285.3495468139648,279.3872097439236,0.021188320580809782,0.03316076987728567,0.0447579443226634,0.03392379389811474,2.37152099609375,419180915.14285713,728821675.4761904,1139652455.35,1060124770.1944444,-0.07363719778339584,0.0054775812637752885,0.2584348984074325,0.21906357242248853,1
2022-12-27,246.5966796875,247.6796875,242.5621795654297,244.20265197753903,391342277.0,0.009821492786172614,244.1982879638672,251.7445373535156,271.9516906738281,307.4292907714844,281.7812194824219,219.3000946044922,245.23682512555803,259.1495717366536,284.492588297526,279.5388574388292,0.010370135789343806,0.03323767522015375,0.044467021201714016,0.03392980277259668,5.1175079345703125,379677472.28571427,718396045.1428572,1128295556.3166666,1056249715.8166667,0.4173148150294326,-0.0018788487812605448,0.23629623487713602,0.3125778419103815,0
2022-12-28,244.1419219970703,246.8400421142578,242.1092834472656,246.60711669921875,414698978.0,-0.00995454477951807,246.5966796875,246.04698181152344,268.2315368652344,293.5272521972656,283.7890319824219,216.0154571533203,244.9646737234933,257.23802403041293,283.4913210550944,279.69511557685007,0.006864140924013408,0.03309763349529285,0.04437490641143399,0.03391846065696071,4.730758666992216,370449247.85714287,701985496.7619047,1111917693.8333333,1051696843.8388889,0.05968356186571677,0.06134861158550087,0.2620655452767908,0.3254544585231891,1
2022-12-29,246.47972106933597,246.6009979248047,243.5799102783203,244.17141723632807,345312528.0,0.00957557412976251,244.1419219970703,245.890625,258.2737121582031,295.4981689453125,284.1922912597656,218.0352325439453,245.04883030482702,255.14005025227866,282.3700698852539,279.85314051310223,0.00797227556971583,0.03266769749973347,0.044180592179633126,0.03391876525046271,3.021087646484375,342155725.5714286,687636323.7142857,1093480402.3166666,1049352128.7555555,-0.16731762960843366,0.0403405620958448,0.24247269674701033,0.2734465630696399,1
2022-12-30,245.7792205810547,246.4972381591797,243.12747192382807,246.4580078125,342300809.0,-0.0028420207765661454,246.47972106933597,246.14817810058597,231.23243713378903,300.7943420410156,282.8719177246094,218.98031616210935,244.9961220877511,253.22046915690103,281.02704493204754,280.0020233154297,0.008052259914208085,0.03262775536090556,0.043815008356488716,0.03391934894477179,3.3697662353516193,335494445.14285713,673258278.9047619,1063045319.8166667,1047228657.2722223,-0.008721719473786416,0.05731947708216123,0.29114337415497626,0.2904516418460672,1
2022-12-31,246.3491973876953,247.5836181640625,245.10824584960935,245.78868103027344,307551853.0,0.002319060192693012,245.7792205810547,244.63552856445312,242.5292816162109,292.0162048339844,284.43310546875,231.5741271972656,245.24093191964286,251.23113505045572,279.72320760091145,280.0841070387099,0.007632924495848272,0.03254306816544284,0.04382137457949365,0.033656088970934986,2.4753723144531534,339340799.0,666963833.8095238,1046019343.1833333,1043162986.2333333,-0.10151584538031289,0.0606198018289672,0.24647809463155834,0.26826351689382943,1
2023-01-01,244.1369781494141,246.48580932617188,243.5752868652344,246.33290100097656,278651737.0,-0.00898001398721715,246.3491973876953,243.14149475097656,251.1563873291016,293.5274963378906,287.031982421875,230.8463592529297,245.38314383370536,249.3143048967634,278.4563148498535,280.157943810357,0.008140527921821223,0.03251764443861325,0.043807424119636035,0.0336628308152556,2.9105224609374716,336567637.4285714,656574226.7142857,1027146376.3,1037433099.3444444,-0.09396827142511155,0.1238980382269459,0.27944998678417754,0.28783561204445474,1
2023-01-02,245.5359039306641,247.71527099609372,241.69248962402344,244.1522216796875,357733262.0,0.005730085593153467,244.1369781494141,244.1982879638672,240.6578063964844,290.5631408691406,296.2984619140625,238.49993896484372,245.57423182896204,247.85038612002418,277.0532969156901,280.19703250461157,0.00826220159200798,0.03222717657362114,0.04360559483221597,0.03357790008336094,6.022781372070284,348227349.14285713,627191884.5714285,1007861360.0166667,1032383197.1111112,0.2838005815122553,0.11063813365129938,0.2929782982145597,0.27111276112561944,1
2023-01-03,246.13336181640625,246.8314514160156,244.78404235839844,245.55213928222656,377452410.0,0.0024332811461693638,245.5359039306641,246.5966796875,251.7445373535156,292.2882995605469,294.1376647949219,241.5445098876953,245.50804356166296,246.6209418887184,275.2487467447917,280.22252612643774,0.007339540890727797,0.032172323277361,0.042371452710331665,0.03356603768894554,2.047409057617159,346243082.4285714,553475129.1904762,981837567.65,1028323833.1111112,0.05512248956039212,0.12658292353239764,0.31371785642638383,0.28654353503119157,1
2023-01-04,259.11968994140625,260.5160522460937,245.70497131347656,246.14089965820312,632924961.0,0.052761348681722664,246.13336181640625,244.1419219970703,246.04698181152344,288.4742736816406,286.6341552734375,240.75071716308597,247.64772469656808,246.18704441615515,273.7465128580729,280.3245759752062,0.020317387515043337,0.0343872801114097,0.04300484243903615,0.03378834676004041,14.81108093261713,377418222.85714287,534727361.5714286,971859742.9166666,1024386647.45,0.676833805353104,0.10005730885799902,0.2822980640064332,0.24884375315781693,1
2023-01-05,256.4228515625,259.07647705078125,255.5965576171875,259.07647705078125,342934041.0,-0.010407693755407288,259.11968994140625,246.47972106933597,245.890625,290.3544616699219,283.18267822265625,243.24107360839844,249.06817190987724,246.09890819731214,272.36373748779295,280.3978080749512,0.02154306956824481,0.033468505310645005,0.04289614504590226,0.033791629661375916,3.47991943359375,377078439.0,517279021.9047619,958516881.4333333,1021560428.6555556,-0.4581758310524271,0.122413020752008,0.289343340239244,0.23799530709087247,1
2023-01-06,259.8671569824219,260.22174072265625,255.0677032470703,256.4501953125,417893264.0,0.013432131336712727,256.4228515625,245.7792205810547,246.14817810058597,284.284423828125,276.4695739746094,234.65557861328125,251.0807342529297,247.46246628534226,271.0779474894206,280.53787239922417,0.021324584142318168,0.023353751182339903,0.04295085012922588,0.03369534542995207,5.1540374755859375,387877361.14285713,476985687.95238096,935289797.9333333,1018987080.05,0.21858204213678523,0.13031983387132406,0.26168061426178935,0.18443014578300976,1
2023-01-07,261.2828369140625,262.9636535644531,259.5932922363281,259.8548889160156,327712514.0,0.005447706236061167,259.8671569824219,246.3491973876953,244.63552856445312,290.53717041015625,278.2380676269531,225.85850524902344,253.214111328125,248.3554927280971,269.9711568196615,280.73467424180774,0.02121366930787694,0.021174678534323473,0.04284628508097485,0.03357211948122247,3.370361328125,390757455.5714286,435593258.8095238,850908281.0833334,1015135114.5111111,-0.21579852505112407,0.1682402219368173,0.24243586215660495,0.15924389456506138,1
2023-01-08,274.38507080078125,274.38507080078125,260.51690673828125,261.2529296875,491734030.0,0.05014578853117757,261.2828369140625,244.1369781494141,243.14149475097656,286.0904235839844,271.8060607910156,220.4645538330078,257.5352674211775,249.4616205124628,270.09668935139973,281.0342326694065,0.024542624194561394,0.022468620611361286,0.036072660729405785,0.033714094599371705,13.8681640625,421197783.14285713,414938350.2380952,805912862.7166667,1011533449.7222222,0.5005042804071864,0.10090045100405409,0.21445337307655943,0.10975570150316138,1
2023-01-09,272.7015380859375,283.0254211425781,271.8993835449219,274.44244384765625,783671054.0,-0.0061356571256971915,274.38507080078125,245.5359039306641,244.1982879638672,288.1252136230469,271.37139892578125,230.52476501464844,261.4160723005022,250.98751249767486,269.57371419270834,281.26854807535807,0.025832847540257012,0.02001064881924155,0.031167362327336887,0.033558436946934264,11.12603759765625,482046039.14285713,416484767.8095238,777952785.5,1007932865.9,0.5936888768914366,0.09643399578597922,0.20310525517117273,0.103683194634129,1
2023-01-10,277.2896423339844,278.2676696777344,271.1498413085937,272.6551818847656,470259383.0,0.01682463648811905,272.7015380859375,246.13336181640625,246.5966796875,284.3904113769531,270.97100830078125,238.1644744873047,265.8669695172991,252.20394606817337,269.36486562093097,281.48591011895076,0.0251953325904199,0.01801200864119175,0.030670441802739118,0.03349447132301601,7.117828369140682,495304178.14285713,407074910.95238096,758704201.45,1001604520.3944445,-0.39992758364659464,0.08126838565666472,0.10339649229542691,0.10028210829423467,1
2023-01-11,285.0465087890625,285.1723937988281,274.5263977050781,277.29351806640625,466458216.0,0.027973877386070045,277.2896423339844,259.11968994140625,244.1419219970703,276.2781982421875,271.8514099121094,238.5739898681641,269.57080078125,254.06106640043714,269.4099527994792,281.7440907796224,0.020753860524060128,0.017542570142794495,0.030697553360762762,0.033552941602541346,10.64599609375,471523214.5714286,406463561.7619048,746655148.5166667,997800063.95,-0.008083128455089184,0.006821867662255343,0.07334811213733361,0.08298645326262122,1
2023-01-12,287.8123474121094,287.9513854980469,279.74102783203125,286.9006652832031,655903255.0,0.009703113484170522,285.0465087890625,256.4228515625,246.47972106933597,271.9516906738281,269.5671691894531,249.5938720703125,274.05501447405135,256.05733889625185,269.59716796875,281.95641564263235,0.018043553003863608,0.017457315115148857,0.03059393378932466,0.0333916054313121,8.210357666015625,516233102.28571427,411822422.28571427,741651756.0333333,995716271.1,0.4061350674119115,0.024459881656679228,0.07923107060889922,0.03063841879496798,1
2023-01-13,293.7330017089844,295.2747802734375,285.19122314453125,287.8114929199219,561853825.0,0.020571231047281646,287.8123474121094,259.8671569824219,245.7792205810547,268.2315368652344,268.4040832519531,247.84848022460935,278.8929922921317,258.3232828776042,269.84974416097003,282.2113296508789,0.01802517961371191,0.017606445652040323,0.030687432256593514,0.03341631341547879,10.08355712890625,536798896.71428573,420056901.0,725327146.1166667,992999560.8555555,-0.14338918016194324,0.03826663423737431,0.06535409763883648,0.028918416260582003,1
2023-01-14,305.2411193847656,314.0033569335937,293.6006164550781,293.7196655273437,1087358891.0,0.03917883795428234,293.7330017089844,261.2828369140625,246.3491973876953,258.2737121582031,272.5199584960937,264.88604736328125,285.17274693080356,261.20926339285717,270.32252909342446,282.43552449544273,0.01867281778945259,0.018466093261677703,0.03105572807914705,0.03315564066000983,20.402740478515568,645319807.7142857,458472687.4285714,724844943.3,989971973.9388889,0.9353056660244325,-0.01959090558711396,-0.03526974874679334,-0.020278358403465813,0
2023-01-15,302.0706481933594,305.76385498046875,292.9245910644531,305.3287353515625,562889882.0,-0.010386776191217417,305.2411193847656,274.38507080078125,244.1369781494141,231.23243713378903,275.5125732421875,268.8173217773437,289.1278294154576,264.0154135567801,270.82234649658204,282.6202651977539,0.01779051752149284,0.018683808797067287,0.030995207318589207,0.03315157814392636,12.839263916015625,655484929.4285715,471083450.0,719079506.4666667,982400220.8055556,-0.48233293840791336,0.003230368678264428,-0.019698328522887554,0.051301285449318224,1
2023-01-16,298.9992370605469,307.5973815917969,294.18194580078125,302.0799865722656,602126315.0,-0.010167856927451147,302.0706481933594,272.7015380859375,245.5359039306641,242.5292816162109,273.2145690917969,258.3388061523437,292.8846435546875,266.62498256138394,271.340478515625,282.84615648057724,0.018596689383105467,0.0191864777646549,0.030952845583397032,0.03302580204062627,13.415435791015625,629549966.7142857,486607785.0,714868657.4666667,976439709.4333333,0.06970534425061836,0.02175541435781203,0.06076932867382823,0.054271109261679884,1
2023-01-17,299.82452392578125,304.78814697265625,296.97479248046875,299.0591125488281,529752305.0,0.0027601637828502668,298.9992370605469,277.2896423339844,246.13336181640625,251.1563873291016,271.9813537597656,265.4625549316406,296.1039123535156,269.1596418108259,271.7722208658854,283.03705630832246,0.01892012591515982,0.019248947172749862,0.03084000969125195,0.03296750798576783,7.8133544921875,638048955.5714285,493198738.71428573,712276069.0833334,972604691.5444444,-0.12019738748671027,0.0026275745191941535,0.016473563943753655,0.03088761431704934,1
2023-01-18,286.9910583496094,304.8897705078125,282.63104248046875,299.8314514160156,844268123.0,-0.04280325507778904,299.82452392578125,285.0465087890625,259.11968994140625,240.6578063964844,269.2712707519531,262.87744140625,296.3817051478795,271.2000768752325,272.01544392903645,283.1710208468967,0.02611548758587684,0.022042818034490066,0.031364524630490866,0.033120692714380215,22.25872802734375,692021799.4285715,513654412.28571427,717156350.6666666,970774078.3611112,0.5937035384867273,0.07079171550606045,0.09194339546601005,0.09164682341989794,1
2023-01-19,294.8522033691406,295.1185302734375,286.8704528808594,286.885498046875,431382130.0,0.02739160259813711,286.9910583496094,287.8123474121094,256.4228515625,251.7445373535156,270.0384216308594,259.4630126953125,297.3873988560268,273.50352841331846,272.5257283528646,283.3676274617513,0.027865181138201932,0.022447297936783586,0.03126779041976753,0.03316186879258203,8.248077392578125,659947353.0,517752964.7619048,712340021.0833334,967014131.8388889,-0.48904605273128376,0.03396394243383449,0.07403880697395704,0.06595929067266204,1
2023-01-20,304.9731750488281,305.0209350585937,287.2264404296875,294.84552001953125,669836014.0,0.03432557587849039,294.8522033691406,293.7330017089844,259.8671569824219,246.04698181152344,270.4794921875,261.8648681640625,298.9931379045759,276.3222881498791,273.3724769592285,283.60711805555553,0.029671930585091953,0.02294267874556272,0.031078898840399462,0.03324815065287735,17.794494628906193,675373380.0,533349879.28571427,705256443.6333333,965662406.5055555,0.552767181153285,0.010328557129078098,0.022830457140495586,0.039305795117378306,1
2023-01-21,299.2611694335937,309.6165771484375,299.0642395019531,305.0204772949219,755028964.0,-0.018729534537979986,304.9731750488281,305.2411193847656,261.2828369140625,245.890625,276.0081787109375,245.14849853515625,298.1388593401228,278.84190586635043,273.9214241027832,283.90774400499134,0.026727158367233324,0.023766481261123514,0.030655360606346816,0.032922078115653404,10.552337646484375,627897676.1428572,554658313.1428572,704499775.4,964272320.3277777,0.12718478585715465,0.023334648828954085,0.05385353536898663,0.06368191927751776,1
2023-01-22,303.04644775390625,310.6024169921875,299.10357666015625,299.2391052246094,571771274.0,0.012648745333305067,299.2611694335937,302.0706481933594,274.38507080078125,246.14817810058597,273.9774169921875,248.9583740234375,298.27825927734375,281.6471187046596,274.0080741882324,284.2082333034939,0.02701311002706261,0.023387826803006346,0.02665459622974495,0.03291596766708302,11.49884033203125,629166446.4285715,568616386.3333334,682025347.8333334,962300053.2111111,-0.24271610592146764,0.0471537102982349,0.027802891897928506,0.007888440806885999,1
2023-01-23,305.50408935546875,307.42926025390625,302.3316955566406,303.02032470703125,520678637.0,0.008109785215361764,303.04644775390625,298.9992370605469,272.7015380859375,244.63552856445312,284.4325256347656,271.5043640136719,299.20752389090404,284.50274658203125,274.0926785786947,284.3971206665039,0.026660128572006666,0.023368784976762223,0.0266518682658491,0.03223831548844481,5.097564697265625,617531063.8571428,576375689.9047619,670383695.1333333,957384322.1,-0.08935852380719633,0.005121989763412493,0.023819774686392403,-0.023240897442531327,1
2023-01-24,300.6123352050781,322.7462158203125,299.6996154785156,305.3908996582031,887528741.0,-0.016012074210564275,305.50408935546875,299.82452392578125,277.2896423339844,243.14149475097656,290.3769836425781,277.2939147949219,299.320068359375,287.0969834100632,274.09325586954753,284.52666744656034,0.027659030284344778,0.02403295589162686,0.026738382744417533,0.03222809454021718,23.046600341796875,668641983.2857143,600665039.0,669358415.5666667,953156190.5944444,0.7045614663848787,0.039082621987895916,0.026351547871090286,-0.02501861587244869,1
2023-01-25,307.3076477050781,313.20074462890625,294.71466064453125,300.6381530761719,667706772.0,0.022272248061385946,300.6123352050781,286.9910583496094,285.0465087890625,244.1982879638672,286.8441162109375,293.9533386230469,302.2224382672991,289.3916480654762,274.02524236043297,284.6008580525716,0.02064546953027054,0.02215816770428606,0.026486542033473066,0.031962844360141414,18.486083984375,643418933.1428572,602321315.7142857,660127614.0833334,942630531.0611111,-0.24767870475081322,0.03307743099033056,-0.01709666780769581,-0.05007479252187985,1
2023-01-26,304.8665466308594,309.2630920410156,302.3926696777344,307.0964050292969,540954388.0,-0.007943509028976226,307.3076477050781,294.8522033691406,287.8123474121094,246.5966796875,298.0141906738281,287.5361328125,303.65305873325894,291.69849068777904,273.9825299580892,284.69713812934026,0.019994211996657917,0.02205996387044533,0.026454467959293383,0.03192474191519513,6.87042236328125,659072112.8571428,611750856.0476191,655913870.0666667,936864136.9555556,-0.18983240745085628,0.06062733367721518,-0.008141049325281258,-0.008359570753044054,1
2023-01-27,308.12310791015625,309.8944702148437,300.3205871582031,304.8744506835937,484897937.0,0.010681923993582698,304.8665466308594,304.9731750488281,293.7330017089844,244.1419219970703,304.21795654296875,283.5794677734375,304.1030491420201,293.99639311290923,274.2257942199707,284.83349168565536,0.015752379242139528,0.022037403189923165,0.025803748922414597,0.03191427341405626,9.573883056640568,632652387.5714285,614941554.7619047,644748351.15,932260617.0333333,-0.10362509713110968,0.07836338212808336,0.0028364065527943794,-0.007458962828792104,1
2023-01-28,306.24432373046875,313.0773620605469,304.09332275390625,308.1571350097656,434715822.0,-0.006097511453880711,308.12310791015625,299.2611694335937,305.2411193847656,246.47972106933597,313.7547912597656,283.5394897460937,305.1006426130022,296.13741629464283,274.4048967997233,284.95962965223526,0.013617471995636576,0.02225697623682455,0.02580986020657977,0.03191852558292184,8.984039306640625,586893367.2857143,620036950.3809524,635552754.1833333,927374829.3,-0.10349005671269751,0.07958603744847781,-0.004534024566383299,-0.004142794419619178,1
2023-01-29,317.3362121582031,320.1185607910156,305.1980895996094,306.2362976074219,664644693.0,0.036219082504518774,306.24432373046875,303.04644775390625,302.0706481933594,245.7792205810547,326.3607177734375,283.82098388671875,307.1420375279018,298.1827087402344,274.68059463500975,285.1458253648546,0.01837455565772333,0.021110874735357266,0.026120268924527273,0.0320266434530596,14.92047119140625,600160998.5714285,628270791.4761904,629803160.1333333,921243165.8944445,0.5289176500228694,0.03319237353407556,-0.04998291576080449,-0.020887009082968255,1
2023-01-30,307.0688781738281,320.2548217773437,303.58074951171875,317.3753967285156,630938594.0,-0.032354750548469924,317.3362121582031,305.50408935546875,298.9992370605469,246.3491973876953,324.5794372558594,298.3567810058594,307.3655787876674,299.81924874441967,274.9314725240072,285.19422590467667,0.023519265776951688,0.022655405453974712,0.026185991639218673,0.03190214521817663,16.674072265624943,615912421.0,620997817.1904762,616434031.0333333,912895133.1944444,-0.050712958901185434,0.057180293485421974,-0.013552032675702819,0.001282643378331283,1
2023-01-31,312.3610534667969,313.8247985839844,305.6813659667969,307.0965576171875,487472184.0,0.01723448929257132,307.0688781738281,300.6123352050781,299.82452392578125,244.1369781494141,320.1505432128906,310.7060546875,309.0439671107701,301.48931594122024,275.24536514282227,285.2034203423394,0.022867031129072634,0.022665450057514004,0.026263340543456117,0.03178048185018059,8.1434326171875,558761484.2857143,621817474.3809524,610321003.8,904900050.8777778,-0.2273856938921064,0.06680353090588032,-0.03974530863185555,-0.03844902914352444,1
2023-02-01,317.4725952148437,319.2076721191406,306.1482849121094,312.2771301269531,616638893.0,0.016364209594363466,312.3610534667969,307.3076477050781,286.9910583496094,245.5359039306641,329.71697998046875,315.185546875,310.496102469308,303.03341529482884,275.693856048584,285.21612616644967,0.022254944135449095,0.022238507851456566,0.02628947311247881,0.0317855626032933,13.05938720703125,551466073.0,628968935.1904762,610021533.6,899519925.85,0.26497247071640095,0.033439290539157174,-0.08564442635554426,-0.054482472362145096,1
2023-02-02,323.34979248046875,333.4955444335937,316.7110595703125,317.34619140625,909077028.0,0.018512455418861595,317.4725952148437,304.8665466308594,294.8522033691406,246.13336181640625,354.4063720703125,315.06890869140625,313.1365661621094,304.72567458379837,276.21154759724936,285.26213107638887,0.021960313392769947,0.022406598598367463,0.02637282994483795,0.03181365402214697,16.784484863281193,604055021.5714285,641024829.1428572,614615467.25,898173079.4222223,0.4742453619447582,-0.05377883080084933,-0.10467276471220022,-0.06864029213839884,0
2023-02-03,332.2686767578125,334.545166015625,318.9032287597656,323.2913513183594,861598551.0,0.027582774087855588,323.34979248046875,308.12310791015625,304.9731750488281,259.11968994140625,349.25372314453125,322.921142578125,316.58593314034596,306.5607067289807,276.9414543151855,285.3140618218316,0.02311925630474855,0.02268820045658735,0.026500386447816,0.03182560708279978,15.641937255859375,657869395.0,655298387.5238096,617215162.0,897332080.1555556,-0.05222712216637382,-0.07919658552983255,-0.13112572076217555,-0.09790857273016174,0
2023-02-04,330.6170959472656,333.8709411621094,327.7414245605469,332.24969482421875,440935963.0,-0.00497061843644897,332.2686767578125,306.24432373046875,299.2611694335937,256.4228515625,339.3893737792969,324.8004150390625,320.0677577427455,307.7690865652902,277.61249821980795,285.34637671576604,0.02298334929255217,0.021486632007150876,0.026513900342548764,0.03182601585013873,6.1295166015625,658757986.5714285,624516343.3333334,614392752.8166667,892455205.8833333,-0.4882350225772374,-0.06049617022352827,-0.12873542932532223,-0.07828673981953105,0
2023-02-05,327.8693542480469,337.3205261230469,324.8794860839844,330.5582580566406,662969265.0,-0.00831094862576931,330.6170959472656,317.3362121582031,303.04644775390625,259.8671569824219,337.0145568847656,324.9123229980469,321.57249232700894,308.9975963774182,278.33891372680665,285.36280466715493,0.020989049635875414,0.021421666679729355,0.02637480753294877,0.03183295772848272,12.4410400390625,658518639.7142857,629282028.2380953,612786899.0,889810573.7833333,0.5035499950817122,-0.04556600692336277,-0.1175030992803826,-0.08239659935945254,0
2023-02-06,324.6271667480469,330.9574279785156,321.9461364746094,327.8618469238281,521894604.0,-0.009888656740840607,327.8693542480469,307.0688781738281,305.50408935546875,261.2828369140625,327.6902770996094,328.4711608886719,324.080819266183,310.2179739815848,278.90708033243817,285.34144914415145,0.015294233125059932,0.021412434274193592,0.026301121581448778,0.03183285556081328,9.01129150390625,642940926.8571428,625461470.5714285,610707723.0333333,883053217.3222222,-0.212792158622919,-0.09288139761443204,-0.11631855316293493,-0.06751444410716434,0
2023-02-07,333.2278747558594,333.5267333984375,324.2054748535156,324.5574035644531,521804212.0,0.026494110440509644,324.6271667480469,312.3610534667969,300.6123352050781,274.38507080078125,266.8531188964844,323.8002319335937,327.0617937360491,311.8086097353981,279.69270451863605,285.3938249376085,0.016566047400908838,0.021955303836748433,0.026383153250510046,0.031872682645248354,9.321258544921875,647845502.2857143,625082989.9523809,608667130.7333333,877554475.1222222,-0.00017319972137519457,-0.11135777117962098,-0.16784839124365303,-0.07680417568632014,0
2023-02-08,328.0886535644531,334.7283935546875,324.49053955078125,333.2173156738281,515127902.0,-0.015422542892522206,333.2278747558594,317.4725952148437,307.3076477050781,272.7015380859375,304.0800476074219,327.5146789550781,328.57837350027904,313.76563807896207,280.35876185099283,285.39701368543837,0.018573134835714083,0.01964943286920537,0.026482278028687044,0.03188481166710607,10.23785400390625,633343932.1428572,609409646.0952381,609923675.7666667,874968275.45,-0.012794664831107139,-0.033281960455255,-0.1544371218947337,-0.02809230449541056,0
2023-02-09,305.9604187011719,329.0126037597656,303.3585510253906,328.1722106933594,778492045.0,-0.06744590104800485,328.0886535644531,323.34979248046875,304.8665466308594,277.2896423339844,289.820556640625,323.8701477050781,326.09417724609375,314.29460071382067,280.71826197306314,285.2975151909722,0.03176842779658919,0.024839245016970445,0.027917274825210666,0.03227372567117497,25.654052734375,614688934.5714285,625938689.6666666,614617985.0833334,873783718.3277777,0.5112597123500409,-0.003911343544612422,-0.09151181397508867,0.05844503197828055,0
2023-02-10,305.9541320800781,309.0569152832031,303.0165710449219,306.0072631835937,492880078.0,-2.0547171168172618e-05,305.9604187011719,332.2686767578125,308.12310791015625,285.0465087890625,282.3412780761719,317.98663330078125,322.33495657784596,314.34131295340404,281.21286087036134,285.2306679619683,0.0282132796457703,0.023713793073524017,0.02763691344485776,0.032244330524533134,6.04034423828125,562014867.0,617512216.5238096,606586612.2666667,871320951.2611111,-0.36687846566242044,0.024264613104277633,-0.053205200137050435,0.0561513858902869,1
2023-02-11,310.61602783203125,311.1468811035156,305.4541015625,305.9799194335937,348569462.0,0.015237237425945072,305.9541320800781,330.6170959472656,306.24432373046875,287.8123474121094,276.5794372558594,319.8872985839844,319.4776611328125,314.8820204961868,281.8572664896647,285.17916090223525,0.029956767108905994,0.023499416455580995,0.02758849667184372,0.0322608038036779,5.692779541015625,548819652.5714285,598157002.1428572,580304365.4166666,866915486.6833333,-0.29279052337757505,0.019531126421730383,-0.005485315475150632,0.03274624577506602,1
2023-02-12,312.9296569824219,320.23486328125,306.5174865722656,310.6056213378906,520994815.0,0.007448518244659752,310.61602783203125,327.8693542480469,317.3362121582031,293.7330017089844,278.57843017578125,316.4236755371094,317.34341866629467,315.35264950706846,282.6022351582845,285.15974968804255,0.03055771584613292,0.02340928779265368,0.027511930184881392,0.03225414757555968,13.717376708984375,528537588.28571427,595739075.5238096,571877144.3166667,864459500.3722222,0.4946656887573244,-0.003175809353526571,-0.011372742495937449,0.047981881161633266,0
2023-02-13,294.475341796875,315.123046875,283.6963806152344,312.9018249511719,1322505522.0,-0.05897272685338195,312.9296569824219,324.6271667480469,307.0688781738281,305.2411193847656,276.8740234375,306.63641357421875,313.03601510184154,314.8274710518973,283.2055956522624,285.0921881781684,0.03657651070251065,0.02683133717513203,0.028187647917114825,0.03247360787424065,31.426666259765625,642910576.5714285,633921308.1428572,582096416.7833333,865630174.8611112,1.5384235772096888,0.07098081449479388,0.0429563884391182,0.10321028278743238,1
2023-02-14,296.120361328125,301.1332702636719,290.1734924316406,294.47039794921875,662196432.0,0.005586272593189445,294.475341796875,333.2278747558594,312.3610534667969,302.0706481933594,272.08160400390625,298.1412353515625,307.7349417550223,314.61356753394716,284.2870610555013,285.0809611002604,0.033516703585491525,0.026656593653407525,0.024416521340695673,0.03240790878838214,10.95977783203125,662966608.0,623191198.1904762,572065469.3666667,863521185.5222223,-0.49928645212870426,0.05184261556308023,0.11394187445224668,0.12875038440641462,1
2023-02-15,317.1692199707031,317.3873291015625,294.3832702636719,296.1449279785156,667519216.0,0.07108210508785073,296.120361328125,328.0886535644531,317.4725952148437,298.9992370605469,267.91131591796875,279.7187194824219,306.1750226702009,315.08316621326264,285.5310600280762,285.28901943630643,0.0470699099037383,0.03057031018064003,0.02525622446087862,0.03249444432740406,23.004058837890625,684736795.7142857,623182266.9523809,563241564.2,858350072.8777778,0.008038074116352156,-0.013835176192131593,0.06908591657019958,0.11836456091941105,0
2023-02-16,304.7637023925781,326.6348876953125,304.50274658203125,317.150390625,1036335164.0,-0.03911324553899298,317.1692199707031,305.9604187011719,323.34979248046875,299.82452392578125,273.91998291015625,283.6931457519531,306.00406319754467,315.0782688685826,286.42451527913414,285.4060780843099,0.04159112982765246,0.031806536937461924,0.025552407522941818,0.03261829445859346,22.13214111328125,721571527.0,646771827.7142857,565089031.7666667,856799891.9555556,0.5525173495529752,0.012371004567467425,0.08780766669233464,0.18416457742890224,1
2023-02-17,313.37799072265625,316.4135437011719,303.5519104003906,304.74273681640625,701575686.0,0.028265466859900945,304.7637023925781,305.9541320800781,332.2686767578125,286.9910583496094,272.3976745605469,302.0562744140625,307.06461443219865,315.32850138346356,287.636518351237,285.46897650824656,0.042921412711590126,0.03231620194712395,0.025040580982987445,0.03233186362303025,12.86163330078125,751385185.2857143,657089815.7619047,564262021.7833333,853757503.5055555,-0.3230224059057404,-0.03613616820709786,0.07530921424863934,0.12614198195110027,0
2023-02-18,316.6827087402344,318.6784973144531,313.300537109375,313.3858642578125,467884011.0,0.01054546941844059,313.37799072265625,310.61602783203125,330.6170959472656,294.8522033691406,264.2351379394531,300.5591125488281,307.9312831333705,315.8255673363095,288.7188212076823,285.5585520426432,0.04275699717843091,0.03232962948205363,0.024459556077135087,0.032337270435419646,5.377960205078125,768430120.8571428,658669253.3333334,560928982.35,848225173.1333333,-0.333095458784186,-0.045149593926371634,0.05128254546880773,0.10419657438586394,0
2023-02-19,311.93585205078125,318.42645263671875,311.3098449707031,316.6196594238281,522437732.0,-0.014989314409795673,316.6827087402344,312.9296569824219,327.8693542480469,304.9731750488281,254.1682586669922,299.0299377441406,307.78931100027904,315.5684073311942,289.81696904500325,285.63025156656903,0.04325409048464425,0.03154918777020047,0.024337433711371575,0.03235579058887881,7.116607666015625,768636251.8571428,651897493.2857143,561648002.0666667,845377827.8055556,0.11659667720511191,-0.009421109240764114,0.07493009352626245,0.1278187360502563,0
2023-02-20,315.37744140625,319.30078125,309.4282531738281,312.0279235839844,676396150.0,0.011033003525700691,311.93585205078125,294.475341796875,324.6271667480469,299.2611694335937,266.3243408203125,296.4496765136719,310.7753252301897,315.96405319940476,290.9750826517741,285.73540581597223,0.034451036812613016,0.030758549443417972,0.02434432036772379,0.0323570931556531,9.872528076171875,676334913.0,654062138.8095238,563865151.5,843938885.5444444,0.2946923787656286,-0.03336204680961086,0.020642834803907162,0.12520388438951957,0
2023-02-21,311.4720153808594,316.9972839355469,309.95526123046875,315.3993530273437,579359973.0,-0.01238333981015427,315.37744140625,296.120361328125,333.2278747558594,303.04644775390625,297.8474426269531,301.5836486816406,312.96841866629467,315.92171805245533,292.063813273112,285.79034118652345,0.03551764605075276,0.030690854624112945,0.0244376914495618,0.03234849271772775,7.042022705078125,664501133.1428572,658437747.8095238,567038988.1833333,841749056.3222222,-0.1434605696676422,-0.03209659901737305,0.05896192700303682,0.21531728150659668,0
2023-02-22,312.7811279296875,312.80938720703125,304.2212219238281,311.4826354980469,549179249.0,0.004202986092433969,311.4720153808594,317.1692199707031,328.0886535644531,305.50408935546875,300.4278259277344,279.5981750488281,312.34154837472096,315.6983148484003,293.19957326253257,285.97469092475046,0.022118259495908916,0.030486955878655235,0.024399752324084138,0.031875377579730954,8.588165283203125,647595423.5714285,655225383.8095238,571514852.7333333,838077401.6777778,-0.052093215628481127,-0.03156730488158499,0.030622744460744977,0.2213325278079914,0
2023-02-23,308.533935546875,314.8948974609375,306.1802062988281,312.8053283691406,472852406.0,-0.013578800009210412,312.7811279296875,304.7637023925781,305.9604187011719,300.6123352050781,300.57769775390625,277.80157470703125,312.8801531110491,314.9927978515625,294.2894472757975,286.14542626274954,0.01626574874627301,0.030302498567284123,0.024473225998772517,0.031889313932986246,8.714691162109375,567097886.7142857,634452782.7619047,574427995.0333333,835356196.7555555,-0.1389834796907995,-0.02783411341597064,0.04582682165451368,0.21645967770651753,0
2023-02-24,302.0537109375,311.7994384765625,300.0581359863281,308.459716796875,479926281.0,-0.021003279907893524,308.533935546875,313.37799072265625,305.9541320800781,307.3076477050781,311.3884582519531,276.2508850097656,311.2623988560268,313.55398995535717,295.25370432535806,286.28877529568143,0.013336778768728002,0.029798218167529797,0.024689783429514466,0.031928048842324766,11.741302490234375,535433686.0,616277912.7619047,577824845.05,833809757.7333333,0.014960006357670919,-0.03896947329964473,0.08883946324477932,0.26382422737574474,0
2023-02-25,302.3846130371094,303.0292358398437,297.22412109375,302.1002502441406,310503640.0,0.0010955074797205366,302.0537109375,316.6827087402344,310.61602783203125,304.8665466308594,307.4292907714844,286.2214050292969,309.21981375558033,312.2095860072545,296.1835032145182,286.3785708957248,0.011879859513090039,0.02981880252321757,0.024679710587922624,0.03181959966555689,5.805114746093693,512950775.85714287,610066849.7619047,576477534.4333333,829928325.0388889,-0.3530180523704223,-0.042597198234775036,0.028323247251688777,0.28495866040392026,0
2023-02-26,308.9970703125,309.5875549316406,300.9662475585937,302.3690185546875,312320211.0,0.02186770420947015,302.3846130371094,311.93585205078125,312.9296569824219,308.12310791015625,293.5272521972656,281.42535400390625,308.79998779296875,311.31090581984745,297.2644223531087,286.5317470974392,0.015202409242883725,0.030314440638779187,0.024723092907504084,0.03183066348672642,8.621307373046932,482933987.14285713,593369275.7619047,574771221.65,826221099.8611112,0.005850401624921453,-0.06568788260912162,0.013798026629752824,0.2998307394133617,0
2023-02-27,304.8558044433594,309.325439453125,300.93609619140625,308.9851989746094,404806423.0,-0.013402281985885556,308.9970703125,315.37744140625,294.475341796875,306.24432373046875,295.4981689453125,279.23809814453125,307.2968967982701,310.3694123767671,298.2373570760091,286.67406768798827,0.014708696048345378,0.030367610884540357,0.02481675160364368,0.031842126673036326,8.38934326171875,444135454.71428573,587793648.0952381,575762786.5666667,823178430.6722223,0.2961262471739301,-0.055110783656664,0.02947610569682313,0.295680220711416,0
2023-02-28,301.4748229980469,305.6327209472656,300.5692749023437,304.85498046875,337673265.0,-0.011090428314087353,304.8558044433594,311.4720153808594,296.120361328125,317.3362121582031,300.7943420410156,278.417236328125,305.8687264578683,308.8573622930618,299.1656171162923,286.80216539171005,0.014604513421774833,0.029670036492708305,0.02487723439361682,0.03185355372469815,5.063446044921932,409608782.14285713,579025507.7619047,575685660.8333334,819749286.2388889,-0.165840150219158,-0.04023929399000514,0.05006302937615348,0.379125468291613,0
2023-03-01,302.907470703125,306.1851501464844,301.0980224609375,301.5103454589844,377974810.0,0.004752130512362562,301.4748229980469,312.7811279296875,317.1692199707031,307.0688781738281,292.0162048339844,277.4161071777344,304.4582039969308,307.65825834728423,300.10825500488284,286.9437840779622,0.014660785866687643,0.029619694727763768,0.02487690417934233,0.03185296871530828,5.087127685546875,385151005.14285713,572494408.1428572,576859376.7833333,817365514.3777778,0.11935071318127588,-0.052955003953384705,0.04665628684889045,0.31980474470645404,0
2023-03-02,299.9461669921875,303.5541687011719,296.5191650390625,302.9161071777344,370516889.0,-0.00977626502266038,302.907470703125,308.533935546875,304.7637023925781,312.3610534667969,293.5274963378906,277.77557373046875,303.2313799176897,307.37186540876115,301.0384081522624,287.0669540405273,0.014334270734424327,0.02581094518556101,0.02488402435962325,0.03186308517062526,7.035003662109375,370531645.5714286,553067019.7619047,578390462.65,816701151.2444445,-0.019731264631100642,-0.07551373354349478,0.05091296493226527,0.3596131752157674,0
2023-03-03,290.2828369140625,300.087646484375,287.979248046875,299.9775695800781,450262903.0,-0.03221688136583756,299.9461669921875,302.0537109375,313.37799072265625,317.4725952148437,290.5631408691406,278.84185791015625,301.5498264857701,306.6256132579985,301.78419036865233,287.1305150349935,0.016947786583216412,0.026713428240057752,0.02531119518263467,0.0319579482396348,12.1083984375,366294020.14285713,551037630.4761904,579932623.3333334,816358086.9777777,0.21522909310619842,-0.04431281872937598,0.08145773522842958,0.41581181557419966,0
2023-03-04,289.5038757324219,291.3275451660156,286.6190795898437,290.2898864746094,289197235.0,-0.002683455866428819,290.2828369140625,302.3846130371094,316.6827087402344,323.34979248046875,292.2882995605469,276.6859130859375,299.70972115652904,305.62027268182663,302.5070322672526,287.20172593858507,0.016760394119632132,0.026414367845377866,0.025322128961876706,0.03195268743226857,4.708465576171932,363250248.0,548210381.5714285,578461703.75,814268772.8333334,-0.3577147193936161,-0.03986975967755313,0.06583159603321076,0.4313489653625382,0
2023-03-05,288.69970703125,292.4590759277344,287.8759155273437,289.5206298828125,287599378.0,-0.002777747617842441,289.5038757324219,308.9970703125,311.93585205078125,332.2686767578125,288.4742736816406,262.6683959960937,296.81009783063615,304.46646554129467,303.0000325520833,287.3463443332248,0.01175158481385031,0.02630584761261167,0.02447408085293471,0.0317206061692259,4.583160400390682,359718700.4285714,537096313.1428572,572706277.3666667,809346233.4444444,-0.005525146186131424,0.0033809324879028324,0.077226041298454,0.4514577628679237,1
2023-03-06,288.0549621582031,289.7183837890625,283.9531555175781,288.7044982910156,374160712.0,-0.0022332716568260746,288.69970703125,304.8558044433594,315.37744140625,330.6170959472656,290.3544616699219,278.7613220214844,294.4099775041853,304.16073317754837,303.52723439534503,287.3979756673177,0.011906389472074617,0.0230340390335025,0.024425987946574825,0.031398446959743684,5.765228271484375,355340741.71428573,491937036.47619045,573226721.8833333,806070823.1777778,0.30097886373036586,0.07240714970942319,0.0902890512062473,0.37009180542187536,1
2023-03-07,289.3436889648437,290.2167358398437,284.37408447265625,287.9955444335937,373176525.0,0.004473892055130824,288.0549621582031,301.4748229980469,311.4720153808594,327.8693542480469,284.284423828125,280.5774841308594,292.6769583565848,303.8380344935826,304.0185099283854,287.4466768052843,0.012663124235370176,0.023019891125755653,0.024383725355725302,0.03139669643613618,5.842651367187443,360412636.0,478174183.7619048,572481442.9,803308041.4166666,-0.002630385736490659,0.06921560888721645,0.07987373768802208,0.4827071723093692,1
2023-03-08,286.86700439453125,293.6416320800781,285.5854797363281,289.32745361328125,436665040.0,-0.008559663351127678,289.3436889648437,302.907470703125,312.7811279296875,324.6271667480469,290.53717041015625,293.4071350097656,290.38546316964283,302.3950718470982,304.4449127197266,287.4103427463108,0.011787055962811509,0.016094833235740374,0.02441801872015565,0.031221714527510675,8.05615234375,368796954.5714286,467181127.7619048,574297318.3333334,799402401.9388889,0.17012998071087138,0.07061786214510568,0.08307852994098552,0.656832755712784,1
2023-03-09,277.2961120605469,291.3664855957031,272.7283630371094,286.9457702636719,505668979.0,-0.033363517544253485,286.86700439453125,299.9461669921875,308.533935546875,333.2278747558594,286.0904235839844,296.96905517578125,287.14974103655135,301.08709135509673,304.493430074056,287.3010486178928,0.015325832417948944,0.015517742852726321,0.023994962336595788,0.03130995475359049,18.63812255859375,388104396.0,441911309.4285714,574529567.4833333,797482811.5277778,0.1580248764590817,0.1895618294471575,0.12022751707241963,0.7601912036167304,1
2023-03-10,277.4195861816406,278.1007385253906,265.7124328613281,277.3235168457031,558776711.0,0.00044527894811152713,277.2961120605469,290.2828369140625,302.0537109375,328.0886535644531,288.1252136230469,295.161865234375,285.3121337890625,299.3747863769531,304.5720642089844,287.20248040093315,0.012523899565576424,0.01366954040755374,0.023979337678366224,0.03130651363847115,12.3883056640625,403606368.5714286,435111358.2380952,570781328.4333333,796693598.6722223,0.10502469838079587,0.2222682288128741,0.12779439160836858,0.764698143168379,1
2023-03-11,277.96142578125,281.64410400390625,272.2830810546875,277.4346618652344,523623578.0,0.001953141114032997,277.4195861816406,289.5038757324219,302.3846130371094,305.9604187011719,284.3904113769531,293.6587219238281,283.66321236746654,297.53091575985866,304.58326059977213,287.1152732001411,0.012870152806920492,0.013282156460715228,0.023885147597927033,0.03130432552612298,9.36102294921875,437095846.14285713,437765623.3333333,571670731.6833333,794054704.5055555,-0.06291087711420384,0.19269891878123535,0.14540734543665956,0.9044900002634977,1
2023-03-12,289.67578125,289.7134094238281,276.6386108398437,277.94403076171875,483074620.0,0.042143817027219255,277.96142578125,288.69970703125,308.9970703125,305.9541320800781,276.2781982421875,277.5769348144531,283.80265154157365,296.47091238839283,304.66041514078773,287.1824890136719,0.022316421157558938,0.016766117828283706,0.024230744791483086,0.031187039194494334,13.074798583984432,465020880.71428573,435891189.4285714,571947671.75,790422029.8055556,-0.0774391370130395,0.16329449259678785,0.11420522927707433,0.8044933384575967,1
2023-03-13,308.9122009277344,313.75372314453125,287.5561828613281,289.7408142089844,1122664621.0,0.0664067240786439,289.67578125,288.0549621582031,304.8558044433594,310.61602783203125,271.9516906738281,279.3858642578125,286.7822570800781,296.16304379417784,305.01207936604817,287.34652421739366,0.033228080697071685,0.02251570016301434,0.025657270333980062,0.03156630188629075,26.197540283203125,571950010.5714285,457142069.0,579727027.85,791345645.6555556,1.3239983524698524,0.07772695008661445,0.032506210215229814,0.7411605014010958,1
2023-03-14,309.37078857421875,319.8389587402344,304.0131225585937,308.93798828125,866173920.0,0.0014845242276191328,308.9122009277344,289.3436889648437,301.4748229980469,312.9296569824219,268.2315368652344,270.806884765625,289.64327130998885,296.062985374814,305.2727091471354,287.5607681274414,0.03333746643616674,0.022360239501285028,0.02553487873644015,0.031476377132001646,15.825836181640682,642378209.8571428,470799876.0,584799029.4333333,790156810.0,-0.2284660050759718,0.08384258308440518,0.050351557421374205,1.0382058152227844,1
2023-03-15,307.1249389648437,313.9241638183594,301.69415283203125,309.4461364746094,596861029.0,-0.007259410688789991,309.37078857421875,286.86700439453125,302.907470703125,294.475341796875,258.2737121582031,274.6545715332031,292.5372619628906,295.79364304315476,305.3041061401367,287.7411590576172,0.03321976084344933,0.022390124276567027,0.025063177144702922,0.031467635324386914,12.230010986328125,665263351.1428572,473070436.95238096,576624065.0666667,789009079.9722222,-0.310922419599057,0.04806769165340996,0.0717913685292042,0.9633335883710743,1
2023-03-16,329.8608703613281,333.0071716308594,304.4295349121094,307.21343994140625,1337194824.0,0.07402828136690975,307.1249389648437,277.2961120605469,299.9461669921875,296.120361328125,231.23243713378903,279.24932861328125,300.04651314871654,296.80921136765255,305.7672765096029,288.02233428955077,0.03449013389394618,0.027447982261920773,0.026758729673265397,0.03191308047756089,28.57763671875,784052757.5714285,514229599.71428573,589529147.4333333,793321541.9722222,1.240378847049838,-7.234791464538759e-05,0.010751251679059104,0.9183930325442569,0
2023-03-17,339.0811462402344,340.2700500488281,327.1355895996094,329.8863220214844,934568148.0,0.02795201464425401,329.8608703613281,277.4195861816406,290.2828369140625,317.1692199707031,242.5292816162109,266.31317138671875,308.85530744280135,298.57242257254467,306.43530832926433,288.42660081651474,0.032665172169520036,0.027338197680168964,0.02692137236247682,0.03177192645244676,13.13446044921875,837737248.5714285,535879212.4285714,595069844.65,794127825.5444444,-0.30109799168651286,-0.049315044328549384,0.026954522860251018,0.70099462596158,0
2023-03-18,331.5242919921875,346.44512939453125,330.7912292480469,339.0407409667969,828471428.0,-0.0222862707992999,339.0811462402344,277.96142578125,289.5038757324219,304.7637023925781,251.1563873291016,272.06982421875,316.5071454729353,299.9600263323103,306.96363779703773,288.7569034152561,0.03706431737861111,0.028010195074046625,0.027110056206460256,0.03178786240029822,15.653900146484375,881286941.4285715,560544345.1904762,600048496.7,792762528.35,-0.11352486196651335,-0.026698576908051108,0.0255481070914525,0.7226055076003914,0
2023-03-19,336.9782409667969,341.81658935546875,331.5301818847656,331.5301818847656,705888292.0,0.016451129242553097,331.5242919921875,289.67578125,288.69970703125,313.37799072265625,240.6578063964844,266.3695983886719,323.264639718192,301.29246303013394,307.79675750732423,289.1491736518012,0.03647438741192109,0.02786932001000392,0.026521845794066606,0.03176180917902231,10.286407470703125,913117466.0,579285682.3809524,597742166.1833333,791985780.2666667,-0.14796302184605936,-0.02400819843828661,0.018443950396043185,0.6456763716114584,0
2023-03-20,332.9230041503906,339.79803466796875,332.8540954589844,337.0009460449219,682276624.0,-0.012034120674295434,336.9782409667969,308.9122009277344,288.0549621582031,316.6827087402344,251.7445373535156,264.7920837402344,326.6947544642857,302.62899634951634,308.43127085367837,289.52767876519096,0.03253688091495402,0.02782695083690833,0.02639597599466884,0.031773392338398404,6.943939208984375,850204895.0,592498549.0952381,601923741.0833334,789902998.8555555,-0.03344958156637057,-0.06600287958232764,-0.030684225757274475,0.52310462864397,0
2023-03-21,335.3092346191406,339.5476989746094,328.9939880371094,333.01580810546875,638610697.0,0.007167514527389285,332.9230041503906,309.37078857421875,289.3436889648437,311.93585205078125,246.04698181152344,275.5002746582031,330.4002467564174,304.2401588076637,308.9368718465169,289.859950764974,0.03232453169959171,0.027597723082235816,0.02606948695254382,0.03164375428975126,10.5537109375,817695863.1428572,606828903.0,601403319.1333333,788765583.9444444,-0.06400032694070434,-0.06575606104912957,-0.05194999041175574,0.6602599720243518,0
2023-03-22,321.8877258300781,339.685791015625,317.6002502441406,335.29412841796875,1280612242.0,-0.04002725664357931,335.3092346191406,307.1249389648437,286.86700439453125,315.37744140625,245.890625,276.6262512207031,332.50921630859375,305.1439804803757,309.31398111979166,290.1114034016927,0.03753210082814871,0.029328539893256598,0.02649682156352855,0.03179483100411376,22.085540771484375,915374607.8571428,649811637.8571428,610163040.4333333,791048882.8833333,1.0053097262791386,-0.024996167380745837,-0.0006609075775125817,0.7187614984503135,0
2023-03-23,329.8370056152344,331.968505859375,319.8922119140625,321.863525390625,547390925.0,0.024695815177968594,321.8877258300781,329.8608703613281,277.2961120605469,311.4720153808594,246.14817810058597,275.1353759765625,332.5058070591518,306.5673537481399,309.76049041748047,290.4153013441298,0.025678669956239266,0.02952414966863227,0.026627604151591447,0.03183824260846746,12.0762939453125,802545479.4285715,658234211.0,609756701.2833333,789543818.0388889,-0.5725552926582127,-0.04023029396751454,0.006542871230176495,0.6728825300360406,0
2023-03-24,322.3593444824219,330.1739807128906,317.7767944335937,329.8080749511719,468651735.0,-0.02267077679432805,329.8370056152344,339.0811462402344,277.4195861816406,312.7811279296875,244.63552856445312,274.0612487792969,330.11697823660717,308.09480648949034,310.041411336263,290.68362409803603,0.023631446152784407,0.028992129389709957,0.026799143599106692,0.03188679057241886,12.397186279296932,735985991.8571428,659109869.6666666,608889586.25,788588917.0111111,-0.1438445293918601,-0.01650126180161049,0.025621999511316274,0.7120009891062931,0
2023-03-25,322.6730651855469,325.0028381347656,319.9109191894531,322.3198547363281,439062620.0,0.0009732018273851395,322.3593444824219,331.5242919921875,277.96142578125,308.533935546875,243.14149475097656,275.9278564453125,328.8525172642299,309.6742917015439,310.4090901692708,290.9433197021484,0.022735141267185167,0.028952134123185046,0.026703284676786634,0.031884240049837996,5.0919189453125,680356162.1428572,666246316.5714285,601415150.9,787044880.6722223,-0.06313668080200319,-0.023106203511072287,0.026568114498421558,0.7602795934798723,0
2023-03-26,328.88800048828125,329.5675354003906,322.0966491699219,322.6365051269531,363216136.0,0.019260781184697207,322.6730651855469,336.9782409667969,289.67578125,302.0537109375,244.1982879638672,272.40155029296875,327.696768624442,311.58801996140255,310.76876271565754,291.2571333143446,0.023169505667119873,0.02903373869659289,0.026666441020977604,0.03189417119716646,7.47088623046875,631402997.0,669847114.5714285,596340306.9666667,783910352.9444444,-0.17274639321379714,-0.04548472757080313,0.02869536444365517,0.7861022944971152,0
2023-03-27,310.9491271972656,329.3305053710937,306.4544372558594,328.90447998046875,656817420.0,-0.05454401882824189,328.88800048828125,332.9230041503906,308.9122009277344,302.3846130371094,246.5966796875,281.7812194824219,324.5576433454241,312.67821829659596,310.870139058431,291.41917724609374,0.030326320550247393,0.031930722241060756,0.02760756624390669,0.032070862097584814,22.876068115234318,627765967.8571428,683306957.8095238,598271357.5,782795631.25,0.8083376670247933,-0.007675690519188927,0.06390965083454692,0.8657409265769251,0
2023-03-28,313.2606201171875,314.98614501953125,307.37127685546875,310.9465637207031,478328374.0,0.007433669104513818,310.9491271972656,335.3092346191406,309.37078857421875,308.9970703125,244.1419219970703,283.7890319824219,321.40784127371654,313.8171197800409,310.9557642618815,291.5829082912869,0.03035057450888992,0.031938855833609746,0.027590845484832094,0.03207119568416372,7.6148681640625,604868493.1428572,688314188.7142857,598161864.7833333,781003632.8833333,-0.27174834370257717,-0.007232883555689296,0.057250984030666086,0.8339732471472756,0
2023-03-29,313.8417663574219,319.5325012207031,312.7904052734375,313.2275390625,482942200.0,0.0018551525564145521,313.2606201171875,321.8877258300781,307.1249389648437,304.8558044433594,246.47972106933597,284.1922912597656,320.25841849190846,315.1016322544643,311.08238830566404,291.74762759738496,0.027245724247686134,0.03181029337476995,0.02757698692143637,0.032071238736801976,6.742095947265625,490915630.0,690517863.0,598965637.75,778656191.9277778,0.009645729274676107,0.0007054670634396576,0.03396131084434639,0.858487099384897,1
2023-03-30,316.56756591796875,317.79571533203125,311.0036315917969,313.86260986328125,594180917.0,0.008685267076411263,313.8417663574219,329.8370056152344,329.8608703613281,301.4748229980469,245.7792205810547,282.8719177246094,318.362784249442,316.9717014857701,311.06957753499347,291.93482564290366,0.025092207195609808,0.03059026151281376,0.02720384897491424,0.03207335783098481,6.792083740234375,497599914.5714286,694732717.1904762,597791241.4833333,778660665.6444445,0.23033546664590498,-0.01299221866629341,0.017586037828321688,0.9353150004733313,0
2023-03-31,317.0400085449219,319.6335754394531,313.7864990234375,316.6324157714844,419430009.0,0.0014923911285198432,316.56756591796875,322.3593444824219,339.0811462402344,302.907470703125,246.3491973876953,284.43310546875,317.6028791155134,318.85838826497394,311.23576304117836,292.11597510443795,0.02398562433129942,0.030580292979960372,0.02686356111722051,0.03207169354841601,5.847076416015625,490568239.4285714,688097159.9523809,594266098.4,777900035.3166667,-0.29410387139713545,-0.019999100952018622,0.06499346842604137,0.8957113967422698,0
2023-04-01,315.2173156738281,318.4306335449219,313.5613098144531,317.0597839355469,463135728.0,-0.005749094189907211,317.0400085449219,322.6730651855469,331.5242919921875,299.9461669921875,244.1369781494141,287.031982421875,316.5377720424107,320.63247825985866,311.28336741129556,292.272560289171,0.023975685723957987,0.030687549881130725,0.026790261317582657,0.032070102389214566,4.86932373046875,494007254.85714287,685216786.1428572,593860490.8,776580974.5055555,0.10420265136536755,-0.014537845284959161,0.04284947653901261,0.9253657720983004,0
2023-04-02,313.9286193847656,316.1884155273437,311.5365600585937,314.94207763671875,442429679.0,-0.004088278863449202,315.2173156738281,328.88800048828125,336.9782409667969,290.2828369140625,245.5359039306641,296.2984619140625,314.40071759905135,321.7873753138951,311.22430114746095,292.3705056084527,0.021882205330053677,0.029639315892204622,0.026715040676694134,0.03198661346157718,4.65185546875,505323475.28571427,683281312.7619047,590957003.9,774624661.3055556,-0.044708381902248795,-0.0033649877760973945,0.025560200229167274,0.8360755658725398,0
2023-04-03,308.5623779296875,314.0332336425781,300.5087585449219,313.9376525878906,701865645.0,-0.01709382682469296,313.9286193847656,310.9491271972656,332.9230041503906,289.5038757324219,246.13336181640625,294.1376647949219,314.05975341796875,321.77071707589283,310.97784423828125,292.4506429036458,0.008854065490790269,0.026296087382624317,0.026695976716885724,0.032008864397938215,13.52447509765625,511758936.0,663243266.2857143,587503480.85,774874818.2888889,0.5863891558685419,0.031814250894968366,0.05720241337825871,0.7846681802699087,1
2023-04-04,310.9948425292969,312.0874938964844,308.4649658203125,308.58984375,575672802.0,0.00788321834933381,308.5623779296875,313.2606201171875,335.3092346191406,288.69970703125,259.11968994140625,286.6341552734375,313.73607090541293,321.8480529785156,310.62328033447267,292.5859800550673,0.008927321987288782,0.02634785193467547,0.02646575068941213,0.031952346193812174,3.622528076171875,525665282.85714287,649409879.7142857,582738051.7,772461277.0388889,-0.1797962956286313,0.037825153750795204,0.041551500150284415,0.8071671181086166,1
2023-04-05,314.06317138671875,316.3108215332031,310.514404296875,311.0009155273437,592856922.0,0.00986617280359825,310.9948425292969,313.8417663574219,321.8877258300781,288.0549621582031,256.4228515625,283.18267822265625,313.7677001953125,322.1784449986049,310.3473815917969,292.7575383504232,0.009823194852354734,0.026358192064313137,0.026495032893347786,0.03194423831246809,5.796417236328125,541367386.0,649219207.9523809,585270067.6833333,770462670.6833333,0.029850498304416995,0.015572008844042085,0.04100173915206562,0.8640884435298355,1
2023-04-06,312.45465087890625,314.5912170410156,311.0617370605469,314.0839538574219,530706217.0,-0.005121646389515289,314.06317138671875,316.56756591796875,329.8370056152344,289.3436889648437,259.8671569824219,276.4695739746094,313.18014090401783,321.34957740420384,310.0904698689779,292.95745544433595,0.009187526141320056,0.020449092137111227,0.0264823175365495,0.03189364217606961,3.52947998046875,532299571.71428573,610814988.5714285,583065683.55,770051555.2388889,-0.10483255351111509,0.0399848063888959,0.03302676540755822,0.8529630374095303,1
2023-04-07,310.6994934082031,312.8652648925781,309.9834289550781,312.4539489746094,478098163.0,-0.005617319075795546,312.45465087890625,317.0400085449219,322.3593444824219,286.86700439453125,261.2828369140625,278.2380676269531,312.27435302734375,319.9980701264881,309.8583419799805,293.1377966986762,0.009151921668405392,0.01923584372735764,0.026462272567659827,0.03189526232301226,2.8818359375,540680736.5714285,589078322.6190476,582335742.8666667,769539040.5111111,-0.0991283921590087,0.059460557954959414,0.03511933649746224,0.8859599365524078,1
2023-04-08,310.6347351074219,312.6832580566406,310.3880310058594,310.6653137207031,461767801.0,-0.00020842744244897737,310.6994934082031,315.2173156738281,322.6730651855469,277.2961120605469,274.38507080078125,271.8060607910156,311.6196986607143,319.00332932245163,309.4817896525065,293.3535115559896,0.009098418765903699,0.018782988320137375,0.026225998322650133,0.03184364953271554,2.29522705078125,540485318.4285715,571616245.1428572,581335136.0166667,768464406.4722222,-0.03415692270710524,0.07330974265437273,0.010740868419793603,0.8803504786725533,1
2023-04-09,312.87225341796875,313.6131591796875,309.88458251953125,310.6590576171875,465627007.0,0.007203052516883135,310.6347351074219,313.9286193847656,328.88800048828125,277.4195861816406,272.7015380859375,271.37139892578125,311.46878923688615,317.8554251534598,309.2281829833984,293.584071858724,0.009661223368070099,0.018410749286192025,0.02617527511148024,0.03184600288389657,3.72857666015625,543799222.4285715,560175231.5714285,580510121.1,767805103.9111111,0.008357460159938768,0.11298113828858947,-0.001145998155712591,0.8758484765900931,1
2023-04-10,318.3790588378906,318.3790588378906,311.8117980957031,312.8681335449219,565754261.0,0.017600811065100475,312.87225341796875,308.5623779296875,310.9491271972656,277.96142578125,277.2896423339844,270.97100830078125,312.8711722237723,317.16285632905505,309.43516031901044,293.8474499172635,0.008527246849323503,0.01884360663340351,0.02475005615838538,0.03186844068454413,6.5672607421875,524354739.0,554626547.6190476,576964491.3666667,767909703.7444445,0.21503747096868886,0.06789093274045066,-0.011940500227890394,0.8243358227946989,1
2023-04-11,322.7582702636719,332.8777770996094,318.14306640625,318.4115295410156,896643000.0,0.013754709376193608,318.3790588378906,310.9948425292969,313.2606201171875,289.67578125,285.0465087890625,271.8514099121094,314.5516619001116,316.565191359747,309.71522928873696,294.1302658081055,0.009177732167595988,0.01905663457249445,0.02480462055394324,0.031881448117607174,14.734710693359375,570207624.4285715,566913800.1428572,583693873.4,766643941.7055556,0.5848630082169191,0.06331419686742135,-0.046667863700405765,0.8902193361039086,1
2023-04-12,318.9537658691406,323.48980712890625,317.3410339355469,322.7652282714844,639928192.0,-0.011787472994644665,322.7582702636719,314.06317138671875,313.8417663574219,308.9122009277344,287.8123474121094,269.5671691894531,315.2503182547433,316.42547898065476,309.8541915893555,294.40463578965927,0.01089241391072342,0.0171091455095234,0.024790606018080558,0.03188829957350447,6.148773193359375,576932091.5714285,536405035.85714287,588549852.2333333,765703848.7166667,-0.2863065991704614,0.01176895858834115,-0.03245187259178772,0.8964936726167985,1
2023-04-13,324.9480895996094,325.2355041503906,318.1626281738281,320.0234680175781,684442464.0,0.018793707339163745,318.9537658691406,312.45465087890625,316.56756591796875,309.37078857421875,293.7330017089844,268.4040832519531,317.03509521484375,316.1926734561012,310.0544987996419,294.7187691582574,0.011895455878430423,0.016722210730352897,0.024885718384383484,0.03191147807312277,7.0728759765625,598894412.5714285,542931299.6190476,591273979.7166667,766774782.9722222,0.06956135478400682,-0.021720904753134818,-0.042656678092081846,0.8353089186890297,0
2023-04-14,329.1738586425781,335.52276611328125,324.037109375,324.9757080078125,941862415.0,0.013004443411794187,324.9480895996094,310.6994934082031,317.0400085449219,307.1249389648437,305.2411193847656,272.5199584960937,319.6742902483259,316.5171741303943,310.632807413737,295.03351304796007,0.010996985243083983,0.016168227254021613,0.023653481278731812,0.03190633782114443,11.48565673828125,665146448.5714285,565465141.5238096,584929927.9333333,768877659.3555555,0.37610166601235306,-0.022780882055861484,-0.051759771986291225,0.6839119818726764,0
2023-04-15,333.40728759765625,335.97052001953125,327.572021484375,329.1726989746094,730957108.0,0.012860768994644944,329.1738586425781,310.6347351074219,315.2173156738281,329.8608703613281,302.0706481933594,275.5125732421875,322.9275120326451,317.02832757859005,311.25425618489584,295.3551503499349,0.01039739468697678,0.01636954444363684,0.023690114470661813,0.03190974450520601,8.39849853515625,703602063.8571428,579364879.0476191,586075939.2,769633838.8722222,-0.22392368953378394,-0.00423566304716938,-0.059620378413358655,0.7012778842096494,0
2023-04-16,348.2209167480469,349.9566345214844,331.2898254394531,333.39019775390625,936315454.0,0.04443102985879288,333.40728759765625,312.87225341796875,313.9286193847656,339.0811462402344,298.9992370605469,273.2145690917969,327.9773210797991,317.94894263857884,311.77178446451825,295.7718522813585,0.0163966887027249,0.018502903268514174,0.022602557545850565,0.032060214075220306,18.66680908203125,770843270.5714285,606655322.7619047,590555876.5,771502620.4166666,0.2809444545411002,-0.05054860421140073,-0.10579743942926967,0.5877119527508998,0
2023-04-17,339.9941101074219,350.0722961425781,338.2606201171875,348.1757507324219,856381072.0,-0.02362525122687409,348.2209167480469,318.3790588378906,308.5623779296875,331.5242919921875,299.82452392578125,271.9813537597656,331.065185546875,319.332037062872,312.3589579264323,296.1497009277344,0.021979319789330227,0.014501936635378016,0.02221238178870954,0.03211306603312822,11.811676025390625,812361386.4285715,616158353.8095238,587556641.6333333,773494953.9555556,-0.08537120866532233,-0.02573053391338087,-0.07620891870128943,0.5818784199914424,0
2023-04-18,343.1934509277344,346.4930419921875,337.8593139648437,340.0447692871094,741280408.0,0.009409988953342996,339.9941101074219,322.7582702636719,310.9948425292969,336.9782409667969,286.9910583496094,269.2712707519531,333.9844970703125,320.75740995861236,312.8558822631836,296.56037970648873,0.021904751158935837,0.01452926325820126,0.02196744812977097,0.03210601512902355,8.633728027343807,790166730.4285715,628679879.2380953,588218387.0,774614313.9055556,-0.1344035590735242,-0.014184097601914636,-0.09830244510754849,0.5571859374948591,0
2023-04-19,322.70751953125,343.5299072265625,321.0520324707031,343.16961669921875,826810466.0,-0.05969208136433246,343.1934509277344,318.9537658691406,314.06317138671875,332.9230041503906,294.8522033691406,270.0384216308594,334.52074759347096,321.1795886811756,312.9562957763672,296.8529858059353,0.03376079956839253,0.02018621052386578,0.02332060595219837,0.03243209731852061,22.477874755859375,816864198.1428572,645054558.5714285,594200494.5833334,775908751.5666667,0.11538151700348198,0.025144309696552458,-0.04258724778901679,0.7110605911590924,1
2023-04-20,317.8899230957031,326.5525207519531,315.9021911621094,322.5877380371094,663981561.0,-0.014928677343945096,322.70751953125,324.9480895996094,312.45465087890625,335.3092346191406,304.9731750488281,270.4794921875,333.51243809291293,321.24255807059154,313.05553029378257,297.11637708875867,0.03339720141033455,0.020423652175503862,0.023319921112371567,0.03245526208942929,10.65032958984375,813941212.0,648378398.7619047,596559558.4,777422764.15,-0.19693619238728888,0.04185466356303591,-0.022554827541417688,0.7455390747303083,1
2023-04-21,321.67498779296875,331.41717529296875,316.116943359375,317.9211120605469,1057530805.0,0.011906840771816807,317.8899230957031,329.1738586425781,310.6994934082031,321.8877258300781,299.2611694335937,276.0081787109375,332.441170828683,321.46327136811755,313.16048940022785,297.3700815836589,0.03331393474176626,0.02057738117163139,0.02332683117799438,0.03243356189344008,15.30023193359375,830465267.7142857,678764150.9523809,602911802.65,780610349.1777778,0.5927111039157307,0.008782953151068806,-0.04715403591013301,0.7749608515455315,1
2023-04-22,331.9950866699219,332.9909973144531,320.3104553222656,321.65673828125,670641138.0,0.03208237901168487,321.67498779296875,333.40728759765625,310.6347351074219,329.8370056152344,303.04644775390625,273.9774169921875,332.2394278390067,322.262212844122,313.5025405883789,297.6924019707574,0.03553836891748805,0.021597337755122892,0.023612097549356077,0.0325073311254218,12.6805419921875,821848700.5714285,688645360.9523809,604433155.4,781358650.9777777,-0.36584245600297194,-0.02970029364411475,-0.06852345590949016,0.7458690123878382,0
2023-04-23,330.61883544921875,332.220703125,327.779541015625,332.0133361816406,639990072.0,-0.004145396350613506,331.9950866699219,348.2209167480469,312.87225341796875,322.3593444824219,305.50408935546875,284.4325256347656,329.724844796317,323.0569850376674,313.79983571370445,297.9489925808377,0.029659331890702603,0.02159823855067335,0.023619516892393288,0.03239426400007961,4.441162109375,779516503.1428572,698052998.7142857,605946669.1166667,779691731.05,-0.04570412440162597,0.021253183810027165,-0.05175933137635669,0.8316424702950547,1
2023-04-24,331.2458801269531,333.4481201171875,328.1448669433594,330.6213073730469,662758378.0,0.0018965788107092596,330.61883544921875,339.9941101074219,318.3790588378906,322.6730651855469,300.6123352050781,290.3769836425781,328.47509765625,324.13715180896577,314.1783681233724,298.17604200575084,0.028831976107737887,0.021120579268073054,0.023539786462870103,0.03236119673895758,5.303253173828125,751856118.2857143,696190747.9047619,609111768.65,777721910.6444445,0.03557602999816534,-0.007612675754645748,-0.07641788734658683,0.8319945201264203,0
2023-04-25,338.3255615234375,339.701171875,328.8067932128906,331.20050048828125,682400159.0,0.021372888905881737,331.2458801269531,343.1934509277344,322.7582702636719,328.88800048828125,307.3076477050781,286.8441162109375,327.7796848842076,325.4386146182106,314.78289896647135,298.4620500352648,0.030043652091466522,0.02145982705204932,0.02349019058742992,0.03238000847779755,10.894378662109375,743444654.1428572,701273003.0,612486333.2833333,776654544.5611111,0.029636412985487803,-0.048393812444458284,-0.09928874068531002,0.7973401650981775,0
2023-04-26,330.82177734375,344.8168334960937,325.43853759765625,338.3247985839844,910334786.0,-0.02217918192730961,338.3255615234375,322.70751953125,318.9537658691406,310.9491271972656,304.8665466308594,298.0141906738281,328.9388645717076,326.2366434733073,315.2568517049154,298.64431440565323,0.01943709227571977,0.02216749292966554,0.023699341041234435,0.03230500382396018,19.378295898437443,755376699.8571428,716390996.5238096,622483519.05,775752203.2666667,0.33401901214973195,-0.013931630365315972,-0.07235151057602474,0.8559993535274817,0
2023-04-27,331.1950988769531,336.4452819824219,329.1021728515625,330.84637451171875,750494420.0,0.0011284672254667782,330.82177734375,317.8899230957031,324.9480895996094,313.2606201171875,308.12310791015625,304.21795654296875,330.83960396902904,327.12904575892856,315.62681884765624,298.7941874186198,0.017743880048047254,0.022098869503058328,0.02355208773299925,0.03227120860965548,7.343109130859375,767735679.7142857,726857101.4285715,629786422.5333333,772158446.0055555,-0.1755841570136374,-0.021974824284058725,-0.07126715521928795,0.8046929026507101,0
2023-04-28,324.500244140625,331.1993103027344,319.5908508300781,331.1993103027344,1069178743.0,-0.020214232514399133,331.1950988769531,321.67498779296875,329.1738586425781,313.8417663574219,306.24432373046875,313.7547912597656,331.2432120186942,327.7862243652344,315.95422617594403,298.85388437906903,0.01997726383254152,0.022607588234533297,0.023641039692741596,0.03222911180100611,11.60845947265625,769399670.8571428,755003795.7142857,640859294.5333333,770034161.1388888,0.42463250159807986,0.00751945035673085,-0.03152599813565482,0.8358091581631311,1
2023-04-29,322.1347351074219,324.7434387207031,321.87060546875,324.4894714355469,536818146.0,-0.007289698778094045,324.500244140625,331.9950866699219,333.40728759765625,316.56756591796875,317.3362121582031,326.3607177734375,329.83459036690846,328.3338434128534,316.2985580444336,298.8304066975912,0.014769276643959228,0.022699767975416587,0.023612311928621968,0.0320983109136288,2.872833251953125,750282100.5714285,758577621.6666666,644178375.8833333,760969785.5111111,-0.4979154332102167,0.0019845181437800896,-0.032059706826001566,0.8627955994626983,1
2023-04-30,337.6455383300781,337.9449157714844,320.7230529785156,322.10662841796875,865228956.0,0.04815004882191265,322.1347351074219,330.61883544921875,348.2209167480469,317.0400085449219,307.0688781738281,324.5794372558594,330.8384050641741,329.5135236467634,316.8775258382162,298.90299614800347,0.024695083866410332,0.024829546251209884,0.02436995592138919,0.032291332146994464,17.22186279296875,782459084.0,777606285.9047619,652299278.3166667,758392666.0944444,0.6117729298964496,-0.0474891063053412,-0.07688841138293157,0.7557798652545031,0
2023-05-01,328.7242126464844,339.39166259765625,326.6700439453125,337.605224609375,912601797.0,-0.02642216369189032,337.6455383300781,331.2458801269531,339.9941101074219,315.2173156738281,312.3610534667969,320.1505432128906,330.47816685267856,330.0061500186012,317.3571599324544,298.95062764485675,0.0271540467332276,0.025467828862314065,0.024601116727967318,0.03233715297492717,12.72161865234375,818151001.0,794122835.2380953,661334026.7833333,755623621.9111111,0.054751797973807026,-0.044879537786046364,-0.06649194852963358,0.7597974680723958,0
2023-05-02,321.95269775390625,328.75897216796875,321.95269775390625,328.738037109375,686766524.0,-0.02059937975989723,328.7242126464844,338.3255615234375,343.1934509277344,313.9286193847656,317.4725952148437,329.71697998046875,328.1391863141741,329.9677894228981,317.8849909464518,298.9074927435981,0.02605928179244101,0.02576542117153264,0.02437331934511095,0.032301316479365356,6.8062744140625,818774767.4285715,784128717.3333334,665275753.8,751023245.7166667,-0.24746310355994183,-0.02931795703896567,-0.052800986867361566,0.7437598971577135,0
2023-05-03,326.212890625,327.4369201660156,320.9884948730469,321.9757080078125,822037855.0,0.013232356494649267,321.95269775390625,330.82177734375,322.70751953125,308.5623779296875,323.34979248046875,354.4063720703125,327.48077392578125,330.31346203031995,318.49680786132814,298.7508622911241,0.026007673417609897,0.02576197079275524,0.024407874973466356,0.031830518128071396,6.44842529296875,806160920.1428572,792800606.0476191,674156430.8,744818567.4,0.1969684401798244,-0.035668231839110054,-0.05759764116488342,0.718285050981613,0
2023-05-04,323.9171447753906,327.4441223144531,323.5232238769531,326.2037353515625,467074893.0,-0.007037569377503439,326.212890625,331.1950988769531,317.8899230957031,310.9948425292969,332.2686767578125,349.25372314453125,326.4410661969866,330.26436941964283,319.0837651570638,298.6101035224067,0.02604192193177015,0.025504806299859146,0.02442903042443152,0.03181621689890563,3.9208984375,765672416.2857143,782449769.3333334,677147689.3833333,740571236.5555556,-0.4318085351434333,-0.05007858873234583,-0.053090803502542916,0.8122240408693442,0
2023-05-05,326.9403076171875,328.9045715332031,323.9261779785156,323.9261779785156,519090054.0,0.009333136237333672,323.9171447753906,324.500244140625,321.67498779296875,314.06317138671875,330.6170959472656,339.3893737792969,326.7896466936384,330.1580098470052,319.7318542480469,298.5409420437283,0.025143682116446527,0.025424812210196227,0.02443899408638939,0.03175246275262572,4.9783935546875,687088317.8571428,762317752.1428572,679563178.4166666,737102260.5777777,0.1113636416333772,-0.0560872682060789,-0.06662839605047244,0.791906791447544,0
2023-05-06,322.7740173339844,328.7369079589844,320.5791015625,326.94537353515625,494274153.0,-0.012743275105990937,326.9403076171875,322.1347351074219,331.9950866699219,312.45465087890625,327.8693542480469,337.0145568847656,326.8809727260045,329.6516636439732,320.28902638753254,298.46182793511286,0.02553698617382605,0.025390345703130396,0.024515243543925994,0.03176272832289728,8.157806396484375,681010604.5714285,751047135.2380953,681581472.2166667,729784237.6833333,-0.047806543024228265,-0.03620840947977999,-0.14215755655921214,0.8345354615290139,0
2023-05-07,321.6110534667969,325.81414794921875,321.512939453125,322.7579650878906,437921018.0,-0.003603028139604336,322.7740173339844,337.6455383300781,330.61883544921875,310.6994934082031,324.6271667480469,327.6902770996094,324.59033203125,328.384527297247,320.8680938720703,298.42805447048613,0.014620858075850736,0.023134122641077167,0.024486989189955885,0.03169505517924075,4.30120849609375,619966613.4285715,727314066.8571428,681602405.1833333,702269334.8666667,-0.11401189938410561,-0.02946154551987268,-0.1247328973404408,0.82977526986395,0
2023-05-08,313.9712219238281,322.4250183105469,311.8853454589844,321.4257507324219,636404503.0,-0.023754878635592336,321.6110534667969,328.7242126464844,331.2458801269531,310.6347351074219,333.2278747558594,266.8531188964844,322.4827619280134,327.1453421456473,321.479345703125,298.6898217095269,0.014048855491608586,0.02313977140170825,0.024281015942016433,0.028524190936279295,10.5396728515625,580509857.1428572,716838992.1428572,683781330.5833334,688074586.9277778,0.4532403717603708,-0.0014071448198612613,-0.17383686509478957,0.8392966161554456,0
2023-05-09,312.5137023925781,315.7340393066406,311.5994567871094,314.0020751953125,461175016.0,-0.0046422074046124084,313.9712219238281,321.95269775390625,338.3255615234375,312.87225341796875,328.0886535644531,304.0800476074219,321.1343340192522,325.6844017392113,322.064247639974,298.7366753472222,0.012589761153664464,0.022949308672698576,0.024296694537532484,0.02657971896648634,4.13458251953125,548282498.8571428,703500640.1428572,682154635.6666666,676962916.5333333,-0.27534294018029604,-0.0036275753143245604,-0.16116158578593576,0.8821493081016272,0
2023-05-10,314.57745361328125,316.6778869628906,308.8152770996094,312.4984436035156,545212280.0,0.006603714348853318,312.5137023925781,326.212890625,330.82177734375,318.3790588378906,305.9604187011719,289.820556640625,319.47212873186385,325.29725574311755,322.6745147705078,298.87421366373695,0.011239203779843766,0.01918482597689974,0.024303065916757356,0.026344848793268514,7.86260986328125,508735988.14285713,690091202.7142857,682514447.3666667,670963126.8333334,0.18222423393378273,-0.0015701284255429382,-0.1712181150426355,0.8947066154162262,0
2023-05-11,307.6958312988281,314.5896301269531,304.9615173339844,314.5896301269531,484941644.0,-0.021875764570568612,314.57745361328125,323.9171447753906,331.1950988769531,322.7582702636719,305.9541320800781,282.3412780761719,317.15479823521207,324.81182280040923,322.97484893798827,299.0150722927517,0.012932686105648315,0.019493688344343667,0.023928961423308526,0.02632429251933054,9.62811279296875,511288381.14285713,681565492.3809524,682545564.4333333,667049461.5666667,-0.11054526504795525,0.005722743302629896,-0.22296938570367475,0.9032503297520069,1
2023-05-12,308.6031188964844,308.8200988769531,301.5823974609375,307.68902587890625,509746023.0,0.0029486509252545368,307.6958312988281,326.9403076171875,324.500244140625,318.9537658691406,310.61602783203125,276.5794372558594,314.5351998465402,324.1893528529576,322.9696975708008,299.19298163519966,0.011739099111173863,0.019285495397667992,0.022352361912266458,0.0262765894408191,7.237701416015625,509953519.5714286,655480502.7619047,672330254.4666667,664569679.45,0.0511492038411121,0.0011703560819502634,-0.23708225037076114,0.918411891569352,1
2023-05-13,311.0868835449219,311.89794921875,307.83953857421875,308.6343078613281,385073781.0,0.008048410713796583,308.6031188964844,322.7740173339844,322.1347351074219,324.9480895996094,312.9296569824219,278.57843017578125,312.8656093052455,323.19372413271947,322.99829915364586,299.3735841539171,0.012951656516927548,0.01783279400008433,0.022374665599509277,0.026277756056527424,4.05841064453125,494353466.4285714,641882057.1904762,664311918.8166667,658146031.4555556,-0.24457717446478244,-0.001179454554997017,-0.25727682650893513,0.9107991753726201,0
2023-05-14,312.1358947753906,314.6377258300781,310.005859375,311.0894470214844,404468149.0,0.0033720844110010084,311.0868835449219,321.6110534667969,337.6455383300781,329.1738586425781,294.475341796875,276.8740234375,311.5120152064732,322.31358410063245,323.0818150838216,299.5694834391276,0.013355420443077111,0.017882822481957078,0.022355570416396454,0.02627300446189589,4.631866455078125,489574485.14285713,630666727.5238096,661105370.8166667,654191459.7277777,0.05036532985869524,-0.018034391437914632,-0.2186399016275703,0.8953505299974023,0
2023-05-15,313.5294189453125,316.3658142089844,311.0141296386719,312.13360595703125,432273711.0,0.004464479072247229,312.1358947753906,313.9712219238281,328.7242126464844,333.40728759765625,296.120361328125,272.08160400390625,311.4489004952567,321.4699430919829,322.80962422688805,299.799749077691,0.010394833400080121,0.01792372863630099,0.02017602954444961,0.026238299992097567,5.3516845703125,460412943.4285714,619691267.1904762,646023352.2666667,651544002.0555556,0.06874598672045251,-0.01366309730485471,-0.24225846070347168,0.8075083134346897,0
2023-05-16,311.3800354003906,314.0379333496094,309.6927490234375,313.5429077148437,402988974.0,-0.006855444545370681,313.5294189453125,312.5137023925781,321.95269775390625,348.2209167480469,317.1692199707031,267.91131591796875,311.28694806780135,320.18682280040923,322.347939046224,300.0412419637044,0.010585991395989086,0.01708572921962873,0.019837425938484934,0.02621620474554961,4.345184326171875,452100651.71428573,606385972.6666666,637163699.3666667,649034067.1611111,-0.06774581996266715,0.006828280377105367,-0.2411822899275441,0.8693373840485545,1
2023-05-17,314.0835266113281,314.2699890136719,307.6412048339844,311.36981201171875,437721579.0,0.008682288212412903,311.3800354003906,314.57745361328125,326.212890625,339.9941101074219,304.7637023925781,273.91998291015625,311.2163870675223,319.38976324172245,322.05725962320963,300.2643727620443,0.010843518156381057,0.016750373748557187,0.019682415226033086,0.026173941169700867,6.6287841796875,436744837.28571427,583880581.8571428,630651201.8833333,647658589.2222222,0.0861874821418811,-0.02595092115742792,-0.23869082731071045,0.8122257245487199,0
2023-05-18,309.4566955566406,314.6662902832031,306.6496276855469,314.0912170410156,383049498.0,-0.014731212122478188,314.0835266113281,307.6958312988281,323.9171447753906,343.1934509277344,313.37799072265625,272.3976745605469,311.4679391043527,318.35460117885043,321.598567199707,300.47025621202255,0.008555110999382888,0.016942748265405403,0.019633261936336032,0.02619589863691919,8.01666259765625,422188816.4285714,566383204.6190476,625270555.3166667,646723024.0555556,-0.12490149817356844,-0.015262403581282835,-0.20954826973661556,0.8780603330658521,0
2023-05-19,308.9642944335937,311.1976013183594,307.9300537109375,309.44677734375,334636708.0,-0.0015911794125547107,309.4566955566406,308.6031188964844,326.9403076171875,322.70751953125,316.6827087402344,264.2351379394531,311.51953560965404,317.6147940499442,321.1992553710937,300.71875152587893,0.008541305191188812,0.016482875709646724,0.01958206470138968,0.02609339706208949,3.267547607421875,397173200.0,531405012.47619045,619476556.7166667,644580106.2944444,-0.1263878173781081,-0.0067256069699533905,-0.20998228788177786,0.8787968402655755,0
2023-05-20,310.719970703125,311.8423156738281,308.0879821777344,308.982421875,277393160.0,0.005682456844244399,308.9642944335937,311.0868835449219,322.7740173339844,317.8899230957031,311.93585205078125,254.1682586669922,311.4671194893973,317.07123384021577,320.78943430582683,301.0329277038574,0.008219654535039986,0.01652582134633477,0.01957243295702477,0.02592850417731428,3.75433349609375,381790254.14285713,519051441.71428573,613456264.4333333,640038675.7333333,-0.17106177126270317,-0.010067599899112878,-0.21825634335892963,0.8493553907452529,0
2023-05-21,306.5067138671875,311.5177001953125,306.478515625,310.7096252441406,302803530.0,-0.01355965896367517,310.719970703125,312.1358947753906,321.6110534667969,321.67498779296875,315.37744140625,266.3243408203125,310.66295078822543,315.5884326753162,320.5330841064453,301.25616310967337,0.009417986202685387,0.012145412684007819,0.018968682196642037,0.025717951333936964,5.0391845703125,367266737.14285713,492269278.5714286,597159452.5666667,637274089.4666667,0.09160416933135629,0.025328437617861077,-0.19194449168287264,0.9595535948620875,1
2023-05-22,309.2456359863281,310.8353881835937,305.0476379394531,306.5234680175781,355156561.0,0.008935928628067247,306.5067138671875,313.5294189453125,313.9712219238281,331.9950866699219,311.4720153808594,297.8474426269531,310.0509817940848,314.66088140578495,320.1898946126302,301.3194864061144,0.010100599017043924,0.011385246590944885,0.01871941395213989,0.02417798930315759,5.787750244140568,356250001.4285714,465724267.3333333,593955546.5,628579198.5388889,0.17289438798814527,0.008283233963538805,-0.19388887852707504,0.9997710532566637,1
2023-05-23,313.5062255859375,315.2126770019531,309.2388916015625,309.2491760253906,361568579.0,0.013777363699960965,309.2456359863281,311.3800354003906,312.5137023925781,330.61883544921875,312.7811279296875,300.4278259277344,310.35472324916293,314.25866844540553,320.0423426310221,301.3921441819933,0.011353019921667847,0.011173870629726874,0.018591922358466413,0.024190635894401246,5.973785400390625,350332802.14285713,450238650.9047619,592170827.2333333,623814702.8722222,0.018054060389440574,-0.005810781923673347,-0.23193731083857716,0.9606369023491936,0
2023-05-24,305.9327697753906,313.5504150390625,304.16552734375,313.5191345214844,418835791.0,-0.02415727405856849,313.5062255859375,314.0835266113281,314.57745361328125,331.2458801269531,308.533935546875,300.57769775390625,309.1903294154576,313.29294840494794,319.76333770751955,301.42189458211266,0.014112605117457008,0.011723644699331457,0.01884427474898207,0.024260514526913975,9.3848876953125,347634832.4285714,431038552.61904764,591833713.4166666,620869093.2944444,0.15838547740621012,0.003052727708918068,-0.20059253022876755,0.956870582520059,1
2023-05-25,304.733642578125,306.6758728027344,302.9423522949219,305.9226989746094,401117895.0,-0.003919577488040948,305.9327697753906,309.4566955566406,307.6958312988281,338.3255615234375,302.0537109375,311.3884582519531,308.51560756138394,312.3794483003162,319.3607650756836,301.3849233839247,0.013265641267649658,0.011689459803294363,0.018664626150442194,0.02411549258102412,3.7335205078125,350216032.0,427897743.1904762,592465409.4,616311110.15,-0.0423027267027426,0.000720744214217639,-0.22338849525192106,0.9696738634934292,1
2023-05-26,306.8863220214844,308.41436767578125,301.8935546875,304.7257080078125,475658791.0,0.0070641345180897375,304.733642578125,308.9642944335937,308.6031188964844,330.82177734375,302.3846130371094,307.4292907714844,308.21875435965404,311.42449660528274,319.29305165608724,301.3819068908691,0.01371866192080246,0.01158132715218155,0.017320812293305003,0.02410151035676125,6.52081298828125,370362043.85714287,425829587.8095238,589446098.9166666,614543775.4944445,0.18583288586513946,0.001751383321345612,-0.2215586913789518,0.9622720688270177,1
2023-05-27,307.5917663574219,307.59844970703125,304.4021301269531,306.8948974609375,331579600.0,0.0022987154699194434,306.8863220214844,310.719970703125,311.0868835449219,331.1950988769531,308.9970703125,293.5272521972656,307.77186802455356,310.7015322730655,319.1985707600912,301.4600430806478,0.013506768394756759,0.011408925563482306,0.017295769522563075,0.02385936849474782,3.196319580078125,378102963.85714287,418082228.14285713,587000286.0166667,609970167.3166667,-0.30290450576367045,-0.0028337659252991587,-0.23231279926208193,0.950071469199786,0
2023-05-28,314.2700500488281,314.45098876953125,306.9979858398437,307.5807189941406,405623337.0,0.02171151643781677,307.5917663574219,306.5067138671875,312.1358947753906,324.500244140625,304.8558044433594,295.4981689453125,308.8809160505022,310.35196068173366,319.20570882161456,301.56433130900064,0.01472381572585362,0.012537989714417688,0.017523389393589824,0.023907171393972238,7.453002929687557,392791507.71428573,416544243.3333333,585711638.3,606743343.4111111,0.22330606888964222,-0.028998152165648494,-0.244303821683451,0.9204070770628203,0
2023-05-29,311.80718994140625,316.79559326171875,310.7929382324219,314.2846374511719,543284868.0,-0.007836763659277213,314.2700500488281,309.2456359863281,313.5294189453125,322.1347351074219,301.4748229980469,300.7943420410156,309.2468523297991,310.24891153971356,319.1263692220052,301.62551379733617,0.015084930590444759,0.011536179359896466,0.017517190133996434,0.023880147662634143,6.002655029296875,419666980.14285713,412109975.0,584863370.8166667,604152590.8111111,0.33938266969092057,-0.11198567370747137,-0.260278891738305,0.9281571311710788,0
2023-05-30,311.6845092773437,314.276611328125,311.3135070800781,311.8103332519531,392038878.0,-0.00039345040146643306,311.80718994140625,313.5062255859375,311.3800354003906,337.6455383300781,302.907470703125,292.0162048339844,308.98660714285717,310.2094261532738,319.03711090087893,301.7347821553548,0.01404262018104119,0.011492761690459504,0.01751597398640782,0.02377651839935173,2.963104248046875,424019880.0,408817777.95238096,584406851.9666667,598368993.8,-0.2783916852990649,-0.0968573458981532,-0.25170341980312305,0.9088919345972961,0
2023-05-31,306.86669921875,311.8466491699219,305.3764038085937,311.6957092285156,474410245.0,-0.015457329174825007,311.6845092773437,305.9327697753906,314.0835266113281,328.7242126464844,299.9461669921875,293.5274963378906,309.1200256347656,309.8422473725818,318.89793395996094,301.80888883802623,0.011837232342193457,0.01185542088825002,0.017613304166327323,0.02380427228256072,6.470245361328182,431959087.71428573,405446252.47619045,584594760.5833334,596258751.7277777,0.2101101998358439,-0.15470968457968093,-0.21669642842935855,0.9390399673489132,0
2023-06-01,304.9532775878906,307.61376953125,303.6445617675781,306.8828125,354897855.0,-0.006235351166257952,306.86669921875,304.733642578125,309.4566955566406,321.95269775390625,290.2828369140625,290.5631408691406,309.15140206473217,309.71164957682294,318.74834493001305,301.8888340420193,0.012012250136422278,0.010941995314932186,0.017623320722874796,0.023796374890536265,3.969207763671875,425356224.85714287,399253691.0952381,583135896.85,594704811.45,-0.25191781008017644,-0.1403650401507739,-0.1875495423713428,0.9462730276644702,0
2023-06-02,307.4237976074219,308.3961486816406,303.7401428222656,304.95068359375,382256220.0,0.008101306662687824,304.9532775878906,306.8863220214844,308.9642944335937,326.212890625,289.5038757324219,292.2882995605469,309.22818429129467,309.6554914202009,318.72936859130857,301.97292014227975,0.012117474961783652,0.011077051329568459,0.01751696568838521,0.023799657533865825,4.656005859375,412013000.4285714,393182748.0952381,577809073.1,593309340.4,0.0770879976155392,-0.15193261875049824,-0.19896273083584393,0.9559455185268755,0
2023-06-03,306.7201232910156,308.1976623535156,305.64898681640625,307.43389892578125,260995871.0,-0.002288938988727285,307.4237976074219,307.5917663574219,310.719970703125,323.9171447753906,288.69970703125,288.4742736816406,309.1036638532366,309.4475504557292,318.65812327067056,302.0742859734429,0.012116218304384722,0.010924368945138496,0.01748946113625566,0.023778780304881394,2.548675537109375,401929610.5714286,387274276.1904762,572564457.5833334,590839223.7611111,-0.31722269686023685,-0.22049757203670828,-0.19671974970660966,0.9660484120110182,0
2023-06-04,305.15679931640625,307.5839233398437,305.0121154785156,306.71844482421875,273449324.0,-0.005096907101612258,306.7201232910156,314.2700500488281,306.5067138671875,326.9403076171875,288.0549621582031,290.3544616699219,307.80177089146207,309.1152125767299,318.50968373616536,302.15652118259004,0.007238317357839874,0.01092610430140398,0.01745187452108915,0.023778454408467087,2.571807861328068,383047608.71428573,381035284.52380955,567240997.6166667,588967939.3722222,0.04771513416011097,-0.22846616059518898,-0.2053497727558654,1.052823285608365,0
2023-06-05,276.8892517089844,305.1672668457031,272.8895568847656,305.1672668457031,928515688.0,-0.09263286176400176,305.15679931640625,311.80718994140625,309.2456359863281,322.7740173339844,289.3436889648437,284.284423828125,302.81349400111606,307.3704427083333,317.91692708333335,302.11543689303926,0.03439712418704901,0.022695400831258802,0.021128681678756832,0.024722440733878994,32.2777099609375,438080583.0,404665854.85714287,573871155.4666667,589907912.6722223,2.395567684782428,-0.16554566148068128,-0.1365461688041375,1.4782522679386454,0
2023-06-06,281.4955749511719,285.5967102050781,273.72393798828125,276.9336242675781,691784529.0,0.016635977069376473,276.8892517089844,311.6845092773437,313.5062255859375,321.6110534667969,286.86700439453125,290.53717041015625,298.5007890973772,305.94737316313245,317.43019510904946,302.065205807156,0.03626025151072794,0.023205847375212942,0.0212552558990724,0.024699216472245086,11.872772216796875,480901390.28571427,418418024.14285713,577432594.9,590158686.9333333,-0.25495655276424367,-0.13359016926084621,-0.17469598756381,1.4827722582072704,0
2023-06-07,259.3914489746094,281.4814453125,256.095703125,281.4814453125,958739195.0,-0.0785238843644227,281.4955749511719,306.86669921875,305.9327697753906,313.9712219238281,277.2961120605469,286.0904235839844,291.71861049107144,303.3429885137649,316.5761403401693,301.91687817043726,0.04378037970848889,0.02802642359223009,0.02346911667583643,0.025360553227109957,25.3857421875,550091240.2857143,443228386.8095238,585715451.4666667,591905906.0722222,0.38589279581879743,-0.08410911205626437,-0.09163869619996567,1.738964808213523,0
2023-06-08,262.14849853515625,266.8072204589844,257.7645263671875,259.4009094238281,562863852.0,0.010628914605495643,259.3914489746094,304.9532775878906,304.733642578125,312.5137023925781,277.4195861816406,288.1252136230469,285.60364205496654,301.09021722702755,315.7307444254557,301.77256308661566,0.04528599639529501,0.02829756852705679,0.02349782276739588,0.025367587275860207,9.042694091796875,579800668.4285715,451790975.0952381,587336065.55,592589954.1388888,-0.41291244278377504,-0.098676182602215,-0.09865062987757278,1.6067704592342658,0
2023-06-09,260.7160949707031,263.9214172363281,256.5093994140625,262.1507873535156,491429998.0,-0.005464092193764869,262.14849853515625,307.4237976074219,306.8863220214844,314.57745361328125,277.96142578125,284.3904113769531,278.93111310686385,298.7926839192708,314.7696950276693,301.64103910658093,0.044136036413095735,0.028269949957085923,0.023348855278836962,0.02535266670152254,7.412017822265625,595396922.4285715,459257322.2380952,586097327.8333334,592559934.7611111,-0.12691142582025328,-0.08285420650123576,-0.10159607498175449,1.618423543086299,0
2023-06-10,239.08908081054688,260.7160949707031,233.169189453125,260.6986694335937,1068424942.0,-0.08295235536795875,260.7160949707031,306.7201232910156,307.5917663574219,307.6958312988281,289.67578125,276.2781982421875,269.26953560965404,295.3816891624814,313.3752085367839,301.4344328986274,0.04834235603174701,0.03248208497590769,0.025415591282315568,0.02600893961944938,27.546905517578125,710743932.5714285,496925502.3333333,588960360.2,593080281.9555556,1.1741142102603188,0.023093901298505193,0.02837932516439201,1.8161692091272021,1
2023-06-11,235.4387969970703,239.3482666015625,234.43069458007807,239.08741760253903,376213808.0,-0.015267463495620803,239.08908081054688,305.15679931640625,314.2700500488281,308.6031188964844,308.9122009277344,271.9516906738281,259.30982099260603,291.99750264485675,311.983292388916,301.2315834893121,0.04747696051420958,0.032488652194577375,0.025436091754692504,0.026007674729367148,4.917572021484432,725424573.1428572,500421229.85714287,584565120.4666667,584473112.7055556,-0.6478799836928555,0.03673340217451826,0.05563880400398791,1.6520133843025118,1
2023-06-12,231.0514373779297,238.4732208251953,222.0713348388672,235.40391540527344,1014433334.0,-0.01863482006831363,235.4387969970703,276.8892517089844,311.80718994140625,311.0868835449219,309.37078857421875,268.2315368652344,252.76156180245536,288.2739693777902,310.41834818522136,301.02502738104926,0.04029651831002109,0.03215757797182165,0.025308310104056767,0.026024363596953256,16.401885986328125,737698522.5714285,531815361.9047619,590064968.3,584405364.1111112,1.6964277026216963,0.05129562856409042,0.056127955624904136,1.6078959399986275,1
2023-06-13,243.8905334472656,245.64219665527344,229.3116912841797,231.07504272460935,864407068.0,0.05556812896314112,231.0514373779297,281.4955749511719,311.6845092773437,312.1358947753906,307.1249389648437,258.2737121582031,247.38941301618303,284.95893641880576,308.99695943196616,300.94512083265516,0.04876503895574181,0.035075669978684956,0.026404119719382772,0.026211762680975154,16.33050537109375,762358885.2857143,555760051.8571428,588774045.85,585266796.8555555,-0.14789169575927996,0.015514767940409069,0.051659043232411106,1.5388227065099813,1
2023-06-14,237.5742645263672,251.63015747070312,234.0425567626953,243.8905334472656,738634212.0,-0.025897966729668598,243.8905334472656,259.3914489746094,306.86669921875,313.5294189453125,329.8608703613281,231.23243713378903,244.27267238071985,281.7037695021856,307.399742380778,300.9803532070584,0.041636852731750995,0.03510966643714475,0.026442950741305944,0.025086760832914622,17.587600708007812,730915316.2857143,570988548.0952381,588901997.5833334,582347802.05,-0.145501882916117,0.04929861377253597,0.04469067964009765,1.5234849274554172,1
2023-06-15,236.2806854248047,240.15533447265625,231.06581115722656,237.6096954345703,502420772.0,-0.005444946253506888,237.5742645263672,262.14849853515625,304.9532775878906,311.3800354003906,339.0811462402344,242.5292816162109,240.5772705078125,278.444104875837,305.53407185872396,300.9456387837728,0.04063014260514055,0.03509507509514456,0.02562505401266096,0.024826759215705627,9.089523315429688,722280590.5714285,575812494.6190476,581670419.55,578489286.75,-0.31979758879622544,0.019094871252241852,0.06271784541460468,1.5528135780871817,1
2023-06-16,239.1146697998047,242.80198669433597,232.8285217285156,236.27345275878903,488582672.0,0.011994143194162588,236.2806854248047,260.7160949707031,307.4237976074219,314.0835266113281,331.5242919921875,251.1563873291016,237.49135262625558,275.2168833414713,303.852747853597,300.87874035305447,0.04176244269819372,0.03524118863955332,0.025625020467360152,0.024700783360387148,9.97346496582037,721873829.7142857,576427917.5238096,575540446.2166667,576062039.8722222,-0.027542850079454895,0.02279354759374863,0.014813645842579826,1.5418888685890457,1
2023-06-17,244.61058044433597,249.13011169433597,237.41790771484372,239.1290283203125,451849200.0,0.022984414336153725,239.1146697998047,239.08908081054688,306.7201232910156,309.4566955566406,336.9782409667969,240.6578063964844,238.28013828822546,272.217779250372,302.209700012207,300.9007002088759,0.028720525795248072,0.035919902213107105,0.025818240659815774,0.024559406051030932,11.712203979492244,633791580.8571428,582155041.3333334,570716592.75,574399000.5111111,-0.07518373881257912,-0.03250443100184863,-0.0010530354725302171,1.4939804934239396,0
2023-06-18,244.08726501464844,248.27256774902344,242.76914978027344,244.59580993652344,372246652.0,-0.002139381823700881,244.61058044433597,235.4387969970703,305.15679931640625,308.9642944335937,332.9230041503906,251.7445373535156,239.51563371930803,268.87574186779204,300.89936243693035,300.8581598069933,0.02769226524804323,0.035230412787585014,0.02481236993079477,0.024320217161498188,5.50341796875,633224844.2857143,580565675.3809524,563140529.1833333,572756668.7055556,-0.17617060736192514,-0.021280401097664936,-0.015659672617196363,1.4764395068097071,0
2023-06-19,242.9033660888672,244.41200256347656,239.14566040039065,244.0900421142578,359118142.0,-0.004850310095900312,244.08726501464844,231.0514373779297,276.8892517089844,310.719970703125,335.3092346191406,246.04698181152344,241.2087663922991,265.5946073986235,299.6495864868164,300.84069527520074,0.026137270357715126,0.0352513256240043,0.024773499902980178,0.024263309642435303,5.266342163085909,539608388.2857143,571795831.2857143,558059472.2,572089010.8888888,-0.03526830914250911,-0.027867477149039477,-0.0071738557558728155,1.4236061314480288,0
2023-06-20,247.6744384765625,247.82269287109372,239.01873779296875,242.88185119628903,477391843.0,0.019641853731865444,242.9033660888672,243.8905334472656,281.4955749511719,306.5067138671875,321.8877258300781,245.890625,241.74932425362724,262.5465087890625,298.4162439982096,300.8506053500705,0.017070934491166357,0.03582510408713064,0.02487845001086303,0.024306332920874637,8.803955078124972,484320499.0,575860258.1904762,548390489.5,571722481.2166667,0.3293448232420404,-0.04110946110523228,-0.019950784864478988,1.4175757990959852,0
2023-06-21,249.28634643554688,253.54193115234372,245.5482482910156,247.6829376220703,717670519.0,0.006508172457760253,247.6744384765625,237.5742645263672,259.3914489746094,309.2456359863281,329.8370056152344,246.14817810058597,243.42247881208147,259.8045872279576,297.03776499430336,300.8680396185981,0.011685623528015159,0.03598588445407729,0.0244648118152169,0.02431063289556533,7.993682861328125,481325685.71428573,587444080.7619047,549174312.5166667,573548818.7,0.5033154200751604,-0.07475734870599238,-0.022052391990563858,1.3551517607330008,0
2023-06-22,240.7924346923828,256.22003173828125,240.0522003173828,249.27647399902344,709030407.0,-0.03407291199303675,249.28634643554688,236.2806854248047,262.14849853515625,313.5062255859375,322.3593444824219,244.63552856445312,244.06701442173548,256.74930899483815,295.54065831502277,300.8466890970866,0.01928663953743966,0.03638145661816168,0.024761547673811574,0.02444119341028434,16.167831420898438,510841347.85714287,604307535.6190476,550324984.7666667,575928835.5388889,-0.01203910676453468,-0.03139626172002774,0.0009896979026045027,1.4332655094336562,0
2023-06-23,244.56494140625,248.80978393554688,240.0948181152344,240.79205322265625,493157882.0,0.015667048338485534,240.7924346923828,239.1146697998047,260.7160949707031,305.9327697753906,322.6730651855469,243.14149475097656,244.84562465122767,253.7560301281157,294.09597600301106,300.8545971340603,0.019623367345377635,0.03661194818687034,0.024889662295280564,0.02446361907701967,8.714965820312472,511494949.28571427,609588567.1428572,547498309.8333334,577012691.1722223,-0.3044615898962426,-0.017153562109054388,-0.00862338755243397,1.415568491960972,0
2023-06-24,236.6596527099609,248.4286193847656,231.9947509765625,244.5535125732422,558809140.0,-0.032323883590320124,244.56494140625,244.61058044433597,239.08908081054688,304.733642578125,328.88800048828125,244.1982879638672,243.70977783203125,250.41981724330353,292.40154418945315,300.81271582709417,0.02146756844630811,0.0368742636163904,0.0249005398766897,0.024582405725761713,16.433868408203097,526774940.71428573,623770151.3809524,545438459.5166667,578583212.6166667,0.1331242192333042,0.046901857137782166,0.009661807715893422,1.4389914793471221,1
2023-06-25,238.8929901123047,241.8727569580078,235.6361389160156,236.6367645263672,414941211.0,0.009436916587893585,236.6596527099609,244.08726501464844,235.4387969970703,306.8863220214844,310.9491271972656,246.5966796875,242.96773856026786,247.26439775739397,290.8693977355957,300.76991755167643,0.022116695415456345,0.037137939190771276,0.024878812734284817,0.02458157529207984,6.236618041992216,532874163.4285714,630507860.2857143,537181899.9333333,578714317.8055556,-0.2574545022652994,0.03082940690623226,-0.004539383425913868,1.3758676415460283,1
2023-06-26,236.1342620849609,241.17384338378903,234.2963409423828,238.87911987304688,427457532.0,-0.01154796558093596,238.8929901123047,242.9033660888672,231.0514373779297,307.5917663574219,313.2606201171875,244.1419219970703,242.00072370256697,245.3236839657738,289.28505045572916,300.7254305521647,0.022360872772171553,0.03208851345470523,0.024878861268789555,0.024585512610494655,6.877502441406222,542636933.4285715,606647948.0952381,531797951.8,578785198.6611111,0.03016408268977644,0.04339884958574314,0.011976637602062024,1.4481981118938285,1
2023-06-27,237.49267578125,240.8228454589844,234.9900665283203,236.13107299804688,348181738.0,0.0057527174764682165,236.1342620849609,247.6744384765625,243.8905334472656,314.2700500488281,313.8417663574219,246.47972106933597,240.54618617466517,243.22830781482514,287.8349243164063,300.6755025227865,0.020468948783189687,0.03177317512629707,0.02484102127035676,0.02457894718919094,5.832778930664091,524178347.0,590285910.4285715,519781335.05,578801138.7166667,-0.185458877351119,0.021054308829425272,0.012657732557541879,1.4101871459851765,1
2023-06-28,230.65036010742188,237.5801544189453,226.9770965576172,237.5026397705078,480872336.0,-0.028810638691571522,237.49267578125,249.28634643554688,237.5742645263672,311.80718994140625,316.56756591796875,245.7792205810547,237.88390241350447,241.85968453543526,286.3101847330729,300.59145329793296,0.021267603317335484,0.02782944940100574,0.02503109367957696,0.024672327992918852,10.603057861328125,490350035.14285713,567530345.7142857,518848904.8833333,579570980.5333333,0.38109580003302757,0.03655197023637724,0.04910755573832093,1.5180896250848939,1
2023-06-29,233.23245239257807,236.42100524902344,230.5876922607422,230.6324005126953,332343168.0,0.011194833096959567,230.65036010742188,240.7924346923828,236.2806854248047,311.6845092773437,317.0400085449219,246.3491973876953,236.8039049421038,240.48272995721726,284.56996663411456,300.5185824924045,0.019862590749627748,0.02784581401198044,0.02413378976167252,0.024685950420058216,5.83331298828125,436537572.4285714,556553170.2857143,509967475.0833333,579708710.0611111,-0.3088744285759869,-0.0039146563566843096,0.04006268317649053,1.4287549683934486,0
2023-06-30,240.36978149414065,241.3129425048828,232.2005157470703,233.19444274902344,626872820.0,0.030601783878467348,233.23245239257807,244.56494140625,239.1146697998047,306.86669921875,315.2173156738281,244.1369781494141,236.20459638323103,239.51385788690476,283.09739278157554,300.49765362209746,0.02293828132282333,0.028918579536785283,0.02443096559402604,0.024781605891578472,9.1124267578125,455639706.4285714,563002828.4761904,505205325.46666664,581643271.6333333,0.8862214733416756,-0.019755506201598605,0.008970363122310143,1.3677172813037162,0
2023-07-01,247.75942993164065,248.4702606201172,240.38690185546875,240.38690185546875,603755323.0,0.030742834609100544,240.36978149414065,236.6596527099609,244.61058044433597,304.9532775878906,313.9286193847656,245.5359039306641,237.790278843471,239.9267316545759,281.86083831787107,300.5100065443251,0.021493824059016294,0.023409616088656753,0.024768618070261685,0.02488258945385332,8.083358764648438,462060589.71428573,540875703.7619047,503821805.45,583010060.8611112,-0.036877491354625924,-0.04630316554087477,-0.026795261388659064,1.3481290634410126,0
2023-07-02,246.25791931152344,248.056396484375,243.24127197265625,247.78602600097656,519491311.0,-0.0060603570993503775,247.75942993164065,238.8929901123047,244.08726501464844,307.4237976074219,308.5623779296875,246.13336181640625,238.8424115862165,240.44192795526413,280.5282554626465,300.51069853040906,0.021965945897048457,0.023155730177892356,0.024665530228405615,0.024886689836152488,4.81512451171875,476996318.28571427,547698442.0,498779363.05,583799165.8666667,-0.1395664912423472,-0.0488494189670966,0.005064205990064075,1.341800630395435,0
2023-07-03,246.38221740722656,251.37985229492188,245.88482666015625,246.254638671875,669962148.0,0.0005047476079169666,246.25791931152344,236.1342620849609,242.9033660888672,306.7201232910156,310.9948425292969,259.11968994140625,240.30640520368303,241.17196509951637,279.2360066731771,300.43993479410807,0.020941998355677543,0.02265789689875897,0.024670908145252263,0.02457427854884828,5.495025634765625,511639834.85714287,531295052.1904762,502160817.3,584004928.0166667,0.2896503441228875,-0.0020616334833207794,-0.023896096496511365,1.3499304665507106,0
2023-07-04,242.492919921875,246.8387908935547,241.22853088378903,246.3452911376953,439591635.0,-0.015785625790205593,246.38221740722656,237.49267578125,247.6744384765625,305.15679931640625,314.06317138671875,256.4228515625,241.0207257952009,241.10541207449776,277.82855021158855,300.36254628499347,0.022551926774232033,0.019568441599962655,0.024649769794308614,0.024590294972878374,5.610260009765653,524698391.5714286,511065745.85714287,500835843.65,584541914.65,-0.34385601289223877,0.024930254286177345,-0.005902838255385623,1.2952330277039743,1
2023-07-05,239.08108520507807,243.86111450195312,237.1201171875,242.49948120117188,455501209.0,-0.014069832298180707,242.492919921875,230.65036010742188,249.28634643554688,276.8892517089844,312.45465087890625,259.8671569824219,242.22511509486608,241.17716544015067,276.4336680094401,300.2470681084527,0.019553828353543804,0.018948900924607198,0.02465773652545349,0.02459176642603589,6.740997314453125,521073944.85714287,497583221.9047619,500189627.9166667,584750847.6777778,0.03619171233774732,0.020657414169063193,0.010017220628145251,1.1498752458608141,1
2023-07-06,232.3194274902344,244.1026763916016,232.17181396484372,239.0685272216797,536134671.0,-0.028281859725723058,239.08108520507807,233.23245239257807,240.7924346923828,281.4955749511719,310.6994934082031,261.2828369140625,242.09468296595983,240.98853410993303,274.9454742431641,300.08616027832034,0.022966626922655754,0.019935122110572145,0.02484455703020968,0.02467715914717035,11.93086242675787,550187016.7142857,499188645.6666667,501826522.1333333,585908748.55,0.17702140061718263,0.10403889949916167,0.04579867990657105,1.1435823274518455,1
2023-07-07,235.62115478515625,236.07911682128903,231.64573669433597,232.3334197998047,418416864.0,0.014212015459019733,232.3194274902344,240.36978149414065,244.56494140625,259.3914489746094,310.6347351074219,274.38507080078125,241.4163077218192,240.82217625209265,273.63963979085287,299.8708051893446,0.01992040976365283,0.020010993443279838,0.02484470130718133,0.024410306913773844,4.433380126953068,520407594.4285714,495847416.71428573,498193394.81666666,585501430.9611111,-0.2195676074827102,0.05335032458928657,0.03046179985219233,1.2395034007984114,1
2023-07-08,236.28738403320312,237.4119110107422,234.63714599609372,235.6102600097656,319300746.0,0.002827544278247718,235.62115478515625,247.75942993164065,236.6596527099609,262.14849853515625,312.87225341796875,272.7015380859375,239.7774440220424,240.42583356584822,272.3692011515299,299.6685043334961,0.01404181271144002,0.019298483424015595,0.024862484868936694,0.024407984275006858,2.774765014648466,479771226.28571427,489535585.5714286,495828823.65,582921595.9166666,-0.2368836596414049,0.06268771798857387,0.0233195547011269,1.076340768972957,1
2023-07-09,234.22836303710935,237.0195159912109,233.47604370117188,236.2945556640625,289327973.0,-0.008714053881964556,236.28738403320312,246.25791931152344,238.8929901123047,260.7160949707031,318.3790588378906,277.2896423339844,238.0589359828404,239.95636204310827,271.03004964192706,299.429275004069,0.014058587391048531,0.019363122400142183,0.024826865569594198,0.024380944948190514,3.543472290039034,446890749.4285714,485587077.04761904,491564085.2,581916421.4166666,-0.09387003749750089,0.03598397174273771,0.04662774040268691,1.1799847430586459,1
2023-07-10,245.874267578125,246.29969787597656,232.007568359375,234.2329559326172,834091613.0,0.04972030026598695,234.22836303710935,246.38221740722656,236.1342620849609,239.08908081054688,322.7582702636719,285.0465087890625,237.98637172154017,240.09783354259673,269.999690246582,299.21165144178605,0.0258361114829021,0.02236056932296641,0.025687694694533334,0.02457661414621474,14.292129516601562,470337815.85714287,508204861.38095236,497383251.35,583958829.1777778,1.8828585233270894,-0.006187189765475387,-0.008055423438165454,1.100944195269392,0
2023-07-11,248.538330078125,249.2053985595703,244.9390106201172,245.89627075195312,536228377.0,0.010835060237255334,245.874267578125,242.492919921875,237.49267578125,235.4387969970703,318.9537658691406,287.8123474121094,238.8500017438616,240.13897123790923,268.9986104329427,298.99346245659723,0.025075549986941694,0.02207054949550855,0.025740842559401563,0.02457938877536314,4.266387939453125,484143064.71428573,511006601.0952381,497824623.9166667,583293968.7444445,-0.35711093524686954,-0.03328819229223989,-0.02927461388017627,1.1104050242973322,0
2023-07-12,244.01988220214844,250.3406524658203,242.8033599853516,248.5380859375,505389150.0,-0.01818008463546139,248.538330078125,239.08108520507807,230.65036010742188,231.0514373779297,324.9480895996094,293.7330017089844,239.55554417201452,239.88818722679503,267.8808270772298,298.717278459337,0.025605975308383547,0.02238405693227299,0.025768124813580477,0.024563398032519508,7.537292480468722,491269913.4285714,500897964.47619045,499829880.06666666,582980276.1055555,-0.05751136702711279,-0.011716544563570741,-0.017674741264226523,1.1520298132445128,0
2023-07-13,256.4896850585937,257.265625,243.0497283935547,244.00222778320312,761150982.0,0.05110158542784293,244.01988220214844,232.3194274902344,233.23245239257807,243.8905334472656,329.1738586425781,305.2411193847656,243.00843811035153,240.63567533947173,266.95339024861653,298.44643715752494,0.026884858552625356,0.023726048384708688,0.026709795428497118,0.02468737160791659,14.215896606445312,523415100.71428573,503379896.61904764,505774593.95,581168009.9444444,0.5060690994256605,-0.053633915209358674,-0.06322306664854949,1.0810089267208385,0
2023-07-14,248.19161987304688,261.10260009765625,244.27566528320312,256.4642028808594,799468588.0,-0.03235243235474039,256.4896850585937,235.62115478515625,240.36978149414065,237.5742645263672,333.40728759765625,302.0706481933594,244.80421883719305,240.8083743140811,265.8644269307454,298.1471092224121,0.03221312942561268,0.02476355695941793,0.02695928532600579,0.024789792897445314,16.826934814453125,577851061.2857143,517966120.71428573,511894508.56666666,582482336.0888889,0.05034166270050222,-0.017738848995966006,-0.032870889932215874,1.1449105178904584,0
2023-07-15,251.0997009277344,252.53726196289065,247.5080718994141,248.17552185058597,422767368.0,0.011717079956910181,248.19161987304688,236.28738403320312,247.75942993164065,236.2806854248047,348.2209167480469,298.9992370605469,246.92026410784038,241.4959956577846,264.8597546895345,297.8810006883409,0.03215541191538661,0.023640549054165252,0.027026900726940327,0.024797173138375053,5.0291900634765625,592632007.2857143,511487941.0952381,512224148.46666664,581485897.4944445,-0.47118951970630774,-0.040099428356831446,-0.04285330580144597,1.1697306829637935,0
2023-07-16,242.6568298339844,251.8824157714844,242.58013916015625,251.0982360839844,441487283.0,-0.03362358084281358,251.0997009277344,234.22836303710935,246.25791931152344,239.1146697998047,339.9941101074219,299.82452392578125,248.12433079310827,241.67522612072173,263.66930974324544,297.56340238783093,0.03565152752693291,0.024896418418942058,0.027262152540758602,0.024917127404647955,9.302276611328153,614369051.5714285,512752039.7619048,512286910.2,580995536.2611111,0.04427947002759214,-0.0008277809421487481,-0.024632519717649126,1.415514340342725,0
2023-07-17,244.35299682617188,244.6820373535156,240.59759521484372,242.65809631347656,671028354.0,0.006989982492344948,242.6568298339844,245.874267578125,246.38221740722656,244.61058044433597,343.1934509277344,286.9910583496094,247.9070063999721,242.06659444173178,262.58424809773766,297.3265242682563,0.030057995373415424,0.02475612309158149,0.02726034154967138,0.024724568324496623,4.084442138671875,591074300.2857143,524350650.3333333,517086557.8,580033093.1,0.5199268016061971,-0.022126939828216896,-0.05109105716664708,1.3596354121458596,0
2023-07-18,240.2649383544922,246.5308532714844,238.7042236328125,244.33457946777344,751858394.0,-0.016730134374361105,244.35299682617188,248.538330078125,242.492919921875,244.08726501464844,322.70751953125,294.8522033691406,246.725093296596,242.1986069452195,261.4392588297526,297.0232616848416,0.03013078725326821,0.025066296408466585,0.0273118647981954,0.024664279099721152,7.826629638671903,621878588.4285715,543573348.2380953,524040252.56666666,581813516.7888889,0.12045696656210159,-0.010223610398143568,-0.09043806228158346,1.3678557663173314,0
2023-07-19,241.1608123779297,243.92770385742188,239.99359130859372,240.2741851806641,499664149.0,0.003728692290989599,240.2649383544922,244.01988220214844,239.08108520507807,242.9033660888672,317.8899230957031,304.9731750488281,246.316654750279,242.69910467238654,260.2799395243327,296.66874855889216,0.02959881159197642,0.024129371969007683,0.027301520913860334,0.0245256706758485,3.9341125488281534,621060731.1428572,544468196.4761904,527744769.05,580868117.5388889,-0.33542785052686397,-0.009116140341663859,-0.10386539712990717,1.3716603557862324,0
2023-07-20,242.73313903808597,243.14259338378903,240.3877410888672,241.13888549804688,485038743.0,0.006519826520124061,241.1608123779297,256.4896850585937,232.3194274902344,247.6744384765625,321.67498779296875,299.2611694335937,244.3514338902065,243.15151832217262,259.21704661051433,296.35470394558376,0.019523283769641363,0.024065645008491572,0.02730342980368509,0.02449589953513828,2.7548522949218466,581616125.5714285,551739414.3333334,530782022.6,579368171.8666667,-0.029270473035278743,-0.009204942066321165,-0.1060163785483551,1.4459047940064966,0
2023-07-21,243.7889862060547,245.1633453369141,242.3674774169922,242.75428771972656,413015398.0,0.004349827024661135,242.73313903808597,248.19161987304688,235.62115478515625,249.28634643554688,331.9950866699219,303.04644775390625,243.72248622349335,243.31433759416853,258.12610244750977,296.02549582587346,0.01648435622397347,0.02318081865191072,0.027274413376826113,0.02447813245426851,2.7958679199219034,526408527.0,541555727.5714285,531746336.55,578486194.7777778,-0.14848988052898693,-0.00743245505792578,-0.11137985930360317,1.434778592040849,0
2023-07-22,241.0307464599609,244.85873413085935,240.5126190185547,243.80908203125,310128851.0,-0.011314045761536051,243.7889862060547,251.0997009277344,236.28738403320312,240.7924346923828,330.61883544921875,305.50408935546875,242.28406415666853,242.99392409551712,256.91817779541014,295.6673105875651,0.015455108212477005,0.02227507200515945,0.027195980477300954,0.024480971692458754,4.346115112304659,510317310.28571427,527573514.61904764,530889007.75,577316473.7444445,-0.249110680856504,0.006412558571873506,-0.12609096711985812,1.4969893058396169,1
2023-07-23,242.4559631347656,243.9764862060547,240.7612152099609,241.05465698242188,279600847.0,0.005913007762440969,241.0307464599609,242.6568298339844,234.22836303710935,244.56494140625,331.2458801269531,300.6123352050781,242.25536891392298,242.81287856329055,255.8602310180664,295.3442196316189,0.009721271571695717,0.022294352413285114,0.02709511264063025,0.02446047517160017,3.2152709960937784,487190676.5714286,516150159.1904762,528568425.35,573939096.5555556,-0.09843651727842628,0.00028880536532294165,-0.13042208630377838,1.4248435800184702,1
2023-07-24,238.9462127685547,242.89187622070312,236.2923889160156,242.44943237304688,451906472.0,-0.01447582612872289,242.4559631347656,244.35299682617188,245.874267578125,236.6596527099609,338.3255615234375,307.3076477050781,241.48297119140625,242.45878310430618,254.76377385457357,294.96443388197156,0.010476587021834417,0.022499113691137527,0.027132135997670163,0.024419364815708552,6.599487304687528,455887550.5714286,505766555.5714286,529414901.6333333,572740206.0,0.6162557333025533,0.009100116931623825,-0.09435981644206404,1.4361112134623797,1
2023-07-25,237.80856323242188,239.63720703125,236.99940490722656,238.96409606933597,366519529.0,-0.004761111393863149,238.9462127685547,240.2649383544922,248.538330078125,238.8929901123047,330.82177734375,304.8665466308594,241.13206045968192,242.23571850004652,253.61247787475585,294.591889529758,0.008718965238543925,0.022269697932366345,0.027095728819444123,0.024415532575232164,2.6378021240234375,400839141.28571427,502286931.47619045,527595913.93333334,571771123.45,-0.18894826317070312,0.04077421257409841,-0.08057813457048713,1.416138777346609,1
2023-07-26,238.9623565673828,240.2377166748047,236.64112854003903,237.81907653808597,417581395.0,0.00485177370939871,237.80856323242188,241.1608123779297,244.01988220214844,236.1342620849609,331.1950988769531,308.12310791015625,240.81799534388952,242.23006475539435,252.4686543782552,294.2076631334093,0.008839306382515571,0.02208348707022618,0.027107585903794102,0.02440370595081727,3.5965881347656534,389113033.5714286,500481226.04761904,529029277.18333334,571397142.6611111,0.13931553971848532,0.0064122551336831535,-0.08633703724822939,1.3882982537683493,1
2023-07-27,240.4987945556641,243.16351318359372,238.6384429931641,238.96011352539065,433186880.0,0.006429623520422645,238.9623565673828,242.73313903808597,256.4896850585937,237.49267578125,324.500244140625,306.24432373046875,240.4988032749721,242.6195584251767,251.23913345336913,293.84241019354926,0.00882610694198591,0.02112271617676834,0.026934780223306552,0.024407272889761706,4.525070190429631,381705624.5714286,495578950.28571427,529488669.56666666,571388648.5388889,0.03737112138341314,0.0023398407583521408,-0.10035207056460804,1.416136608784703,1
2023-07-28,241.9770355224609,242.7969970703125,239.9878692626953,240.505126953125,388148322.0,0.006146562894537411,240.4987945556641,243.7889862060547,248.19161987304688,230.65036010742188,322.1347351074219,317.3362121582031,240.2399531773158,242.9222194126674,250.0752975463867,293.42374810112847,0.009040858057967676,0.02095957529814045,0.026962243802405823,0.024253224149805824,2.8091278076171875,378153185.14285713,494137591.14285713,526903060.46666664,569852557.5888889,-0.1039702725992071,-0.0020705367258732066,-0.09760857579926885,1.4034876073947076,0
2023-07-29,242.5763702392578,242.7262725830078,241.32313537597656,241.97134399414065,317500344.0,0.0024768247759663353,241.9770355224609,241.0307464599609,251.0997009277344,233.23245239257807,337.6455383300781,307.0688781738281,240.46075657435827,243.22169494628906,248.9234952290853,293.06545639038086,0.007850575774777463,0.020958583571692897,0.026971027759601876,0.02414204296195732,1.40313720703125,379206255.5714286,494051857.71428573,525660751.56666666,568111233.9777777,-0.18201283889615782,0.0015788031880514808,-0.09835172041363771,1.4078998659221882,1
2023-07-30,242.52598571777344,243.7857208251953,240.92518615722656,242.58221435546875,425584373.0,-0.00020770581006990252,242.5763702392578,242.4559631347656,242.6568298339844,240.36978149414065,328.7242126464844,312.3610534667969,240.47075980050224,243.6168198358445,247.851150004069,292.67748379177516,0.007539068039946568,0.0208339794243684,0.026931169271950266,0.024103351305124626,2.86053466796875,400061045.0,500540257.71428573,524846987.03333336,567767412.8055556,0.34042176974775185,0.0011240590346797141,-0.06458318744662739,1.369406216098053,1
2023-07-31,241.1206512451172,244.20257568359372,240.7644500732422,242.51959228515625,1092564922.0,-0.005794572769169726,242.52598571777344,238.9462127685547,244.35299682617188,247.75942993164065,321.95269775390625,317.4725952148437,240.7813938685826,243.3904571533203,246.78727289835612,292.2533063252767,0.005052147868513806,0.017752068395986562,0.02693048425844379,0.024070151249325926,3.438125610351534,491583680.71428573,512848510.52380955,537141438.15,570411446.3,1.567211089773731,0.0028070982793850785,-0.07183628892469429,1.4372242570805382,1
2023-08-01,247.5050201416016,247.5050201416016,238.53024291992188,241.1280517578125,830645013.0,0.02647790167916475,241.1206512451172,237.80856323242188,240.2649383544922,246.25791931152344,326.212890625,323.34979248046875,242.1666019984654,243.34125191824776,245.78862660725912,291.83194647894965,0.010087571018124675,0.018573030706061387,0.027168590333336923,0.024113944655574197,8.974777221679716,557887321.2857143,526868350.3333333,544614584.7,569975712.8833333,-0.23972937783920545,-0.009515434460699801,-0.12487515018813544,1.3287130246196646,0
2023-08-02,240.49464416503903,248.5115509033203,236.8917694091797,247.4903106689453,650256385.0,-0.028324176909833243,247.5050201416016,238.9623565673828,241.1608123779297,246.38221740722656,323.9171447753906,332.2686767578125,242.38550022670202,243.17338344029017,244.68486862182618,291.32209074232316,0.016405276380073983,0.019190207081973668,0.027360445646029706,0.024101287615520495,11.619781494140625,591126605.5714285,533766790.0952381,551102259.9333333,568801589.7388889,-0.21716693073073323,0.014133379506209742,-0.11170348536903318,1.3915157466913546,1
2023-08-03,241.0615234375,241.583251953125,238.5096435546875,240.50997924804688,400525696.0,0.0023571388644811897,240.49464416503903,240.4987945556641,242.73313903808597,242.492919921875,326.9403076171875,330.6170959472656,242.46589006696428,242.43870907738096,243.6166140238444,290.82455978393557,0.0162533492362172,0.015158839773215806,0.02737077602246049,0.02410158631482179,3.0736083984375,586460722.1428572,516594157.4285714,553220199.4666667,568577088.2555555,-0.38404957607605805,0.0008335755548984913,-0.11039910349325699,1.2521850579508764,1
2023-08-04,241.47601318359372,243.1554718017578,240.4522857666016,241.04286193847656,370373499.0,0.0017194355207881262,241.0615234375,241.9770355224609,243.7889862060547,239.08108520507807,322.7740173339844,327.8693542480469,242.3943154471261,242.1189182826451,243.02639338175456,290.3445967780219,0.016079832509054794,0.013583602465993688,0.024750677470130465,0.024097258264923493,2.7031860351562216,583921461.7142857,496161057.95238096,543917829.65,566951556.2222222,-0.07528155446985352,-0.007326273278125628,-0.11212734841241001,1.1926870344659197,0
2023-08-05,242.9593505859375,243.02772521972656,240.09039306640625,241.4896697998047,300760369.0,0.006142793989297735,241.47601318359372,242.5763702392578,241.0307464599609,232.3194274902344,321.6110534667969,324.6271667480469,242.44902692522322,241.73128255208334,242.3841229756673,289.8908866882324,0.016239878921992856,0.013371019934852455,0.02465384309191465,0.024095359180979593,2.9373321533203125,581530036.7142857,490351200.85714287,537400760.3166667,565723032.6944444,-0.18795386329733055,-0.011054235920501365,-0.11426537300729578,1.0457705859802657,0
2023-08-06,242.7985992431641,245.17901611328125,242.6147308349609,242.96029663085935,417704185.0,-0.0006616388395249695,242.9593505859375,242.52598571777344,242.4559631347656,235.62115478515625,313.9712219238281,333.2278747558594,242.48797171456474,241.73803347632997,242.10757548014323,289.388501824273,0.016243330299713275,0.011161441989204737,0.022522588602873327,0.024005097681402698,2.564285278320341,580404295.5714285,489218672.38095236,528383510.15,565144699.2111111,0.38882721280342625,-0.011389105199462346,-0.11664179767168903,0.9136309849221804,0
2023-08-07,241.7975006103516,244.32424926757807,239.93536376953125,242.79168701171875,425652309.0,-0.004123164779092914,242.7985992431641,241.1206512451172,238.9462127685547,236.28738403320312,312.5137023925781,328.0886535644531,242.58466448102678,241.61634318033853,241.76839218139648,288.90910653008353,0.016151282744359074,0.011080967048031881,0.02247562663519832,0.023983167102134467,4.388885498046818,485131065.14285713,477534098.8095238,526096651.1,564647612.5833334,0.019028116752050295,-0.006030881003501132,-0.11026930274122759,1.0030141783886992,0
2023-08-08,245.14990234375,247.6473693847656,241.3302001953125,241.7918701171875,504987528.0,0.013864501183577849,241.7975006103516,247.5050201416016,237.80856323242188,234.22836303710935,314.57745361328125,305.9604187011719,242.2482190813337,241.84896051316034,241.50895563761392,288.57127032809785,0.013206892359999738,0.010841004325904978,0.022550349931498504,0.023493079712169167,6.317169189453097,438608567.28571427,465778343.28571427,526322609.93333334,563128143.0444444,0.18638503145063412,-0.03455160118071887,-0.11528752636600292,0.9344277008845432,0
2023-08-09,243.8936462402344,245.34027099609372,242.76649475097656,245.1363067626953,399576464.0,-0.005124440562713661,245.14990234375,240.49464416503903,238.9623565673828,245.874267578125,307.6958312988281,305.9541320800781,242.73379080636164,241.97909545898438,241.58903172810872,288.22648985120986,0.006499566142377986,0.010902165792311392,0.019815773428648188,0.023495026996197703,2.573776245117159,402797150.0,461012263.04761904,515175135.3,562609789.6333333,-0.20873993545440594,-0.04930387703460515,-0.12026397454324755,1.1211603188075134,0
2023-08-10,241.2624664306641,243.9261016845703,240.39459228515625,243.8855438232422,365863690.0,-0.010788226139268109,243.8936462402344,241.0615234375,240.4987945556641,248.538330078125,308.6031188964844,310.61602783203125,242.76249694824222,241.90906343005952,241.68609288533528,287.8411922878689,0.008091635579176751,0.011084448466319166,0.019763643569016134,0.023474727040322437,3.5315093994140625,397845434.85714287,455337260.52380955,515002633.3333333,562705868.6777778,-0.08437127067624284,-0.09419875321422044,-0.11207512160389332,1.1104928432229526,0
2023-08-11,239.70689392089844,241.91390991210935,238.35980224609372,241.2607269287109,386856576.0,-0.006447635775176486,241.2624664306641,241.47601318359372,241.9770355224609,244.01988220214844,311.0868835449219,312.9296569824219,242.50976562500003,241.71467808314733,241.83035049438476,287.4343991597494,0.008409676482565099,0.011111742664816073,0.01962476712862869,0.02346921749734494,3.554107666015625,400200160.14285713,454091602.3333333,504543020.7,561960656.2388889,0.05737898177323908,-0.09842998132777692,-0.11425983538168871,1.183156347292273,0
2023-08-12,240.27362060546875,241.0026092529297,239.40377807617188,239.7035675048828,284512149.0,0.0023642485841786076,239.70689392089844,242.9593505859375,242.5763702392578,256.4896850585937,312.1358947753906,294.475341796875,242.1260899135045,241.67862447102866,241.77006861368815,287.1332784864638,0.007983798239231581,0.010859252387889606,0.018262958770394033,0.023067613405991547,1.5988311767578125,397878985.85714287,452871759.38095236,494878105.3833333,556194026.3888888,-0.2645539286373666,-0.0968652732797971,-0.1425017457767953,1.096795035770325,0
2023-08-13,240.0333404541016,241.6295928955078,239.902587890625,240.26968383789065,296580783.0,-0.0010000271805189476,240.27362060546875,242.7985992431641,242.52598571777344,248.19161987304688,313.5294189453125,296.120361328125,241.73105294363842,241.56326148623512,241.81105321248373,286.8216839260525,0.00797847851948942,0.010772498332524092,0.017946638420765056,0.023062549040081724,1.7270050048828125,380575642.71428573,453680327.7619048,487510548.23333335,554162828.3388889,0.04241869474614246,-0.0974761972115259,-0.12097890606500294,1.1602671188574023,0
2023-08-14,240.33924865722656,241.02493286132807,239.7473602294922,240.0412750244141,381157536.0,0.0012744404695874678,240.0333404541016,241.7975006103516,241.1206512451172,251.0997009277344,311.3800354003906,317.1692199707031,241.5227312360491,241.62959652855284,241.8786959330241,286.39485075208876,0.007955660142598582,0.010282297823790903,0.017930952970278927,0.02242342526701674,1.2775726318358807,374219246.5714286,450311330.8095238,485489494.3,552571930.1166667,0.285172734876757,-0.12357657889819817,-0.1152398346428164,1.1807862967341558,0
2023-08-15,236.67958068847656,240.41030883789065,235.36053466796875,240.3504638671875,482870297.0,-0.015227092491952643,240.33924865722656,245.14990234375,247.5050201416016,242.6568298339844,314.0835266113281,304.7637023925781,240.31268528529577,241.5758354550316,241.83811111450194,286.0166056315104,0.006452496738614641,0.010782725484065876,0.01797800504166862,0.022268467443786622,5.049774169921903,371059642.14285713,455851843.5714286,485394288.05,549497125.3,0.2668522891280314,-0.10919923901909045,-0.1030792081997376,1.214028427378112,0
2023-08-16,231.8687438964844,237.01422119140625,231.2051696777344,236.689697265625,461572144.0,-0.020326370268182514,236.67958068847656,243.8936462402344,240.49464416503903,244.35299682617188,309.4566955566406,313.37799072265625,238.59484209333147,241.23804437546502,241.62574717203776,285.5637764824761,0.0086785079647796,0.011567542224745875,0.01790836430452218,0.02220425994584598,5.809051513671847,379916167.85714287,457946641.14285713,485556337.1166667,548163772.2888889,-0.044107399300230665,-0.06671641741934431,-0.07630705953967387,1.2420890051494657,0
2023-08-17,218.5358428955078,232.1050567626953,214.5474395751953,231.87257385253903,786294218.0,-0.057501933106296255,231.8687438964844,241.2624664306641,241.0615234375,240.2649383544922,308.9642944335937,316.6827087402344,235.34818158830916,240.19218953450522,241.19989013671875,285.0185161166721,0.021059033399149815,0.016690536488846556,0.01935020081398407,0.022575490176133268,17.5576171875,439977671.85714287,474761276.28571427,492457129.8833333,549932717.8833333,0.7035131522148355,0.0005058663388717299,-0.01636025503483618,1.379328814167609,1
2023-08-18,216.112548828125,220.1370086669922,214.02224731445312,218.56573486328125,567051050.0,-0.01108877168740463,218.5358428955078,239.70689392089844,241.47601318359372,241.1608123779297,310.719970703125,311.93585205078125,231.9775608607701,238.9605473109654,240.75337651570638,284.48616443210176,0.020859702369666715,0.016568564658329944,0.01938438146010478,0.022564631550586762,6.1147613525390625,465719739.5714286,483280453.8095238,495922678.35,550180569.65,-0.278830955361292,0.010265511518904757,0.0016344525568885437,1.5090364065852007,1
2023-08-19,216.99945068359372,218.99758911132807,214.32884216308597,216.1444854736328,477267428.0,0.004103888738890671,216.112548828125,240.27362060546875,242.9593505859375,242.73313903808597,306.5067138671875,315.37744140625,228.65267944335938,237.74259876069567,240.24212671915691,283.93962003919813,0.02110306176340514,0.01661018328085816,0.01919648497171333,0.022548553208528256,4.668746948242102,493256208.0,490888410.1904762,495920604.76666665,549074298.9722222,-0.158334284011995,-0.002927233815024799,-0.004587703663159304,1.4498150517576627,0
2023-08-20,216.63580322265625,217.88243103027344,215.6808624267578,217.01585388183597,297744717.0,-0.0016757989930016315,216.99945068359372,240.0333404541016,242.7985992431641,243.7889862060547,309.2456359863281,311.4720153808594,225.31017412458147,236.50973292759485,239.69795099894205,283.4127521938748,0.021033765491422673,0.01659138688043256,0.0191639107721282,0.022534648930119246,2.201568603515625,493422484.28571427,484800807.52380955,488921841.4,547509769.7722223,-0.37614699949731323,0.007949740812501327,0.0026549145043288647,1.5841474000531361,1
2023-08-21,210.63894653320312,216.74118041992188,207.5687713623047,216.63079833984372,582113967.0,-0.027681743277170212,216.63580322265625,240.33924865722656,241.7975006103516,241.0307464599609,313.5062255859375,312.7811279296875,221.06727382114954,235.0582231794085,239.19539286295574,282.845295630561,0.020283068007533628,0.01730106622634539,0.01900056597682604,0.0226126945543023,9.172409057617188,522130545.85714287,460493619.1904762,486806567.4,547692740.4277778,0.955077399408568,0.038357675512085354,0.01768134789155429,1.7025722315018492,1
2023-08-22,210.8343505859375,211.87425231933597,204.39913940429688,210.5799560546875,637832641.0,0.0009276729491407565,210.63894653320312,236.67958068847656,245.14990234375,242.4559631347656,305.9327697753906,308.533935546875,217.3750980922154,233.31200081961495,238.63321634928386,282.30252015855575,0.021592381635385165,0.015708025008952516,0.018862405790998592,0.022596817743277178,7.475112915039091,544268023.5714285,451312077.6666667,489217813.3833333,548609297.2888889,0.09571780984255263,0.07602430007729488,-0.0001916446410425987,1.7036377742588247,1
2023-08-23,216.3992919921875,218.31671142578125,210.81869506835935,210.81869506835935,566160608.0,0.02639485164909927,210.8343505859375,231.8687438964844,243.8936462402344,238.9462127685547,304.733642578125,302.0537109375,215.16517639160156,232.16460309709822,238.2955436706543,281.82666227552625,0.026710628802576436,0.016592167827124846,0.018801179735414394,0.022648563674586175,7.498016357421903,559209232.7142857,447307516.85714287,489340337.85,549088376.8833333,-0.11236808590985858,0.03419672225472059,-0.024253445084820635,1.6943335836046174,1
2023-08-24,218.6463928222656,220.3855133056641,215.8997344970703,216.44483947753903,394620698.0,0.010384048900489162,216.3992919921875,218.5358428955078,241.2624664306641,237.80856323242188,306.8863220214844,302.3846130371094,215.18096923828125,231.0972159249442,237.95810038248698,281.36144994099936,0.01690168321379978,0.01685758164664087,0.018810756687320986,0.022665299956234623,4.485778808593778,503255872.71428573,447026326.47619045,489001662.6333333,549555693.8722222,-0.3029880701272668,-0.009369462796622874,-0.036981103633766166,1.7066809684553443,0
2023-08-25,218.3310546875,219.25498962402344,214.26516723632807,218.68109130859372,423891092.0,-0.0014422288458330046,218.6463928222656,216.112548828125,239.70689392089844,238.9623565673828,307.5917663574219,308.9970703125,215.4978986467634,229.99507504417784,237.66138025919597,280.8577498541938,0.01620733913446227,0.016813331769510845,0.01876263178962741,0.02259729003016343,4.989822387695369,482804450.14285713,449574783.28571427,488942221.96666664,550175532.1,0.07417348899423426,-0.021529234560833,-0.04602257224774231,1.6600073354773204,0
2023-08-26,216.3642425537109,218.78643798828125,216.2140350341797,218.3318023681641,273738258.0,-0.009008393865930886,218.3310546875,216.99945068359372,240.27362060546875,240.4987945556641,314.2700500488281,304.8558044433594,215.4071546282087,228.72864132835753,237.30923970540366,280.36613006591796,0.0166185874059232,0.016651377439886806,0.018767596454794203,0.022586917879805584,2.5724029541015625,453728854.4285714,448288016.0952381,487701497.3,549447375.6277778,-0.3542250281588838,-0.00885402859464679,-0.02907336127620086,1.6540889205492917,0
2023-08-27,218.3580017089844,219.5391845703125,216.0803985595703,216.3699493408203,325410553.0,0.009214827421303529,216.3642425537109,216.63580322265625,240.0333404541016,241.9770355224609,311.80718994140625,301.4748229980469,215.65318298339844,227.56480335053942,237.1043670654297,279.9043699476454,0.016974319213634684,0.01692820715812888,0.01846514520752142,0.022590195921470164,3.4587860107421875,457681116.71428573,443893081.2380952,485110467.5833333,549379249.45,0.1887653387492514,-0.018126441705316076,-0.027384172669914553,1.5134320640153844,0
2023-08-28,218.71856689453125,218.9700164794922,215.8501892089844,218.35824584960935,332786869.0,0.0016512570307700702,218.3580017089844,210.63894653320312,240.33924865722656,242.5763702392578,311.6845092773437,302.907470703125,216.80741446358817,226.46580650692894,236.8624689737956,279.43665381537545,0.011318387139928507,0.016988254296674107,0.018401549051321808,0.022586557337945096,3.119827270507784,422062959.85714287,439470917.4285714,485117862.6,549128205.3333334,0.022667722149748437,-0.016098574432431012,-0.03078455749082243,1.4413834577234175,0
2023-08-29,226.8628845214844,233.0600128173828,217.04786682128903,218.7215118408203,593296661.0,0.037236516966026256,218.71856689453125,210.8343505859375,236.67958068847656,242.52598571777344,306.86669921875,299.9461669921875,219.09720502580916,225.5949961344401,236.6373540242513,279.0306355794271,0.01617881064809569,0.0189163240514258,0.018612803810069186,0.022762053508341217,16.01214599609378,415700677.0,443676114.2380952,484558259.95,550365870.7333333,0.7828127136831231,-0.05459134662919307,-0.051956034045916866,1.3662582058835513,0
2023-08-30,223.7994384765625,227.04901123046875,221.9781494140625,226.87014770507807,359750612.0,-0.013503513593171257,226.8628845214844,216.3992919921875,231.8687438964844,241.1206512451172,304.9532775878906,290.2828369140625,220.1543688092913,224.63812909807478,236.23802083333334,278.6612833658854,0.01671947997784325,0.01903999251913786,0.018214425741618745,0.022662528192101346,5.07086181640625,386213534.71428573,441779645.0952381,480491514.76666665,549863024.6722223,-0.3936412664220269,-0.03871671762033202,-0.03806988788375476,1.3977972198662023,0
2023-08-31,216.5977935791016,225.58888244628903,215.44842529296875,223.81857299804688,428616639.0,-0.03217901236251364,223.7994384765625,218.6463928222656,218.5358428955078,247.5050201416016,307.4237976074219,289.5038757324219,219.86171177455358,223.46362086704798,235.74368540445963,278.25624957614474,0.02147110452557976,0.01997548928344406,0.018631842460741677,0.022779747028744086,10.140457153320284,391070097.71428573,444767880.7619048,478976936.9,550637576.9166666,0.1914271295249388,0.0013360382383793556,-0.008201788339841865,1.4714739104807175,1
2023-09-01,213.63055419921875,217.9657440185547,211.5917205810547,216.59848022460935,438229562.0,-0.013699305661667327,216.5977935791016,218.3310546875,216.112548828125,240.49464416503903,306.7201232910156,288.69970703125,219.1902117047991,222.22189040411087,235.19782435099285,277.8391987270779,0.021992633236804813,0.02006551305778647,0.01869006458246837,0.022798108656305403,6.3740234375,393118450.5714286,447214213.4285714,475114727.1333333,551474411.2722223,0.022427787736910565,0.004360203912833871,0.020673916316655383,1.494479194016896,1
2023-09-02,214.44854736328125,215.59950256347656,213.29054260253903,213.62692260742188,291979876.0,0.0038290082948513326,213.63055419921875,216.3642425537109,216.99945068359372,241.0615234375,305.15679931640625,288.0549621582031,218.91654096330916,220.99212501162575,234.73041814168295,277.43027420043944,0.02193336303879982,0.02009591998836286,0.018619865985733744,0.02280136442568861,2.3089599609375284,395724396.0,447569819.47619045,472654531.15,551017851.0722222,-0.3337284808732278,-0.0010520061761336574,0.0014427106680612312,1.3902946471136537,0
2023-09-03,214.3999481201172,215.11489868164065,213.41195678710935,214.45481872558597,264565518.0,-0.00022662425911301742,214.44854736328125,218.3580017089844,216.63580322265625,241.47601318359372,276.8892517089844,289.3436889648437,218.35110473632812,219.771487281436,234.3190658569336,277.0139200846354,0.021481546213877913,0.020104719449226666,0.018551849419850233,0.022797317316632454,1.7029418945313068,387032248.14285713,446045283.04761904,469472269.6333333,550414456.5888889,-0.09389125845097623,-0.009710470812754779,-0.004496290810954484,1.4554050750431555,0
2023-09-04,215.197509765625,216.26751708984372,213.28237915039065,214.3931121826172,364530693.0,0.003719971261658017,214.3999481201172,218.71856689453125,210.63894653320312,242.9593505859375,281.4955749511719,286.86700439453125,217.8480965750558,218.57426161993118,234.03370056152343,276.6157562255859,0.02156086403448325,0.020150936548856295,0.01823030229449533,0.022794155191025282,2.985137939453068,391567080.14285713,445253528.61904764,466612203.3333333,550013710.2166667,0.3778465756070297,-0.04258088102658264,-0.00829202823986408,1.4101995691185762,0
2023-09-05,214.47813415527344,215.7220001220703,213.6724395751953,215.2110137939453,298056096.0,-0.003342862150844783,215.197509765625,226.8628845214844,210.8343505859375,242.7985992431641,259.3914489746094,277.2961120605469,216.07884652273995,217.51704988025483,233.68131688435872,276.26676745944553,0.012953389673611346,0.020017337088662157,0.01812074254531765,0.022667977087079825,2.049560546875,349389856.5714286,436452852.38095236,464606190.53333336,548860305.3111111,-0.18235665274967672,-0.016242982820408924,-0.01771025251139402,1.3677028784567264,0
2023-09-06,215.13465881347656,217.1808319091797,212.31671142578125,214.48904418945312,367874698.0,0.0030610330549025733,214.47813415527344,223.7994384765625,216.3992919921875,241.7975006103516,262.14849853515625,277.4195861816406,214.84102085658483,216.7201886858259,233.32877146402996,275.92074008517795,0.013271355756552475,0.01974067983277344,0.01812169178916351,0.022669855609697774,4.8641204833984375,350550440.28571427,431991069.2380952,465415756.4,547799738.5722222,0.23424651579681166,-0.011583746865483802,-0.007340203056018235,1.333744684487943,0
2023-09-07,216.88717651367188,217.6039581298828,213.5731201171875,215.13946533203125,414939879.0,0.008146143024377883,215.13465881347656,216.5977935791016,218.6463928222656,245.14990234375,260.7160949707031,277.96142578125,214.88236127580916,216.64168076288132,233.0397516886393,275.5814387003581,0.007104107802355107,0.015478014843601427,0.01813707486951678,0.02267929462381066,4.0308380126953125,348596617.4285714,414307529.28571427,467509288.1666667,547195940.2444445,0.127938075806453,-0.021229192401419517,-0.02085280075486573,1.2449586384274904,0
2023-09-08,214.56202697753903,218.2228240966797,213.61947631835935,216.8837432861328,350437594.0,-0.010720548690375309,216.88717651367188,213.63055419921875,218.3310546875,243.8936462402344,239.08908081054688,289.67578125,215.0154288155692,216.5678463890439,232.51788101196288,275.16414006551105,0.006158136197718762,0.015465321436901578,0.016901950726830806,0.022457120787022302,4.603347778320341,336054907.71428573,403992602.8095238,459448387.85,546459067.8777778,-0.15544971275224184,-0.0018013678021112645,-0.01417789534671765,1.2987578100459438,0
2023-09-09,214.2229461669922,215.33013916015625,214.2229461669922,214.5670318603516,218159197.0,-0.0015803393327484816,214.56202697753903,214.44854736328125,216.3642425537109,241.2624664306641,235.4387969970703,308.9122009277344,214.9832000732422,216.43563188825334,231.94595794677736,274.6380886501736,0.00602901845941674,0.015435407286734442,0.01681635704837874,0.02187426321111873,1.1071929931640625,325509096.4285714,391654115.61904764,454147234.85,541434037.7444445,-0.37746634283763514,0.0034431167047681566,-0.03954751353609498,1.348021823002048,1
2023-09-10,212.31802368164065,214.22784423828125,211.5386199951172,214.22056579589844,334977578.0,-0.0088922429619962,214.2229461669922,214.3999481201172,218.3580017089844,239.70689392089844,231.0514373779297,309.37078857421875,214.68578229631697,216.23002333868118,231.4175936381022,274.0989066229926,0.006880553713087603,0.015542854868427915,0.01671043005148142,0.021879256572697358,2.6892242431640625,335567962.14285713,393427109.0,451307041.98333335,538482946.9555556,0.5354730976572122,0.019535557003448112,-0.017620500782135284,1.4423048977632926,1
2023-09-11,206.03421020507807,212.61009216308597,204.3567352294922,212.32261657714844,466832593.0,-0.029596231952426333,212.31802368164065,215.197509765625,218.71856689453125,240.27362060546875,243.8905334472656,307.1249389648437,213.37673950195312,216.01075018019904,230.5766690572103,273.53729146321615,0.012221006716561924,0.015712830541830005,0.01555713482183377,0.021973260756283478,8.253356933593778,350182519.28571427,387937519.7619048,446401735.5,537760566.7555555,0.3936234054447667,0.04838862096633134,0.0024229303593412688,1.5116403007467127,1
2023-09-12,210.99436950683597,213.4874420166016,205.26248168945312,206.04315185546875,435525863.0,0.02407444519442059,206.03421020507807,214.47813415527344,226.8628845214844,240.0333404541016,237.5742645263672,329.8608703613281,212.87905883789062,216.01837012881325,229.95671488444012,272.8769220140245,0.01679974864205516,0.016634799019964265,0.015490265037062672,0.021313567510986817,8.224960327148466,369821057.4285714,378303863.6666667,440336023.4166667,532751294.75,-0.0670620056727701,0.029463266088489926,-0.02732278414232514,1.5128349728050021,1
2023-09-13,212.64259338378903,213.1578521728516,209.4974365234375,211.02386474609372,329580406.0,0.007811696022057335,210.99436950683597,215.13465881347656,223.7994384765625,240.33924865722656,236.2806854248047,339.0811462402344,212.5230494907924,215.83947971888952,229.315763092041,272.17448560926647,0.017140921028340854,0.01563402044458417,0.01543727093521751,0.021206727375734535,3.660415649414091,364350444.28571427,367038139.7619048,438782907.3833333,529390251.73888886,-0.24325870401868643,0.008092140032700312,-0.03106845023355409,1.5597118776211825,1
2023-09-14,212.2828369140625,214.8835601806641,211.3829345703125,212.6405792236328,370840987.0,-0.001691836353205245,212.64259338378903,216.88717651367188,216.5977935791016,236.67958068847656,239.1146697998047,331.5242919921875,211.86528669084822,215.5364532470703,228.80952987670898,271.5120330810547,0.016609769263114027,0.015425982336541315,0.014892105475611636,0.0211541211790752,3.500625610351591,358050602.5714286,365905772.5714286,437605469.1166667,526847860.4,0.1251912439236451,-0.007013716338100551,-0.02676117769710673,1.623943011614006,0
2023-09-15,214.17552185058597,214.9447479248047,211.19467163085935,212.30435180664065,477731080.0,0.008915864155752073,212.2828369140625,214.56202697753903,213.63055419921875,231.8687438964844,244.61058044433597,336.9782409667969,211.81007167271204,215.33857073102678,228.30657196044922,270.8297957526313,0.016734851694009262,0.015585720465107639,0.014914124700472478,0.021124346257972375,3.750076293945341,376235386.28571427,368469581.52380955,434383847.8833333,525580320.3333333,0.2882369984631714,-0.01412233376153571,-0.02069804185703461,1.584632728770671,0
2023-09-16,214.9605407714844,215.70355224609372,213.5628967285156,214.1683807373047,483436741.0,0.0036653064463925134,214.17552185058597,214.2229461669922,214.44854736328125,218.5358428955078,244.08726501464844,332.9230041503906,211.91544233049666,215.27172778901598,227.88483200073242,270.1744487338596,0.01677684103216957,0.015497067819872574,0.014806695009142933,0.021116295208521305,2.140655517578125,414132178.28571427,378455223.5714286,429910153.6666667,524475654.31666666,0.011943248490343228,-0.02046856062762481,-0.0006353790347207733,1.5770882788575014,0
2023-09-17,216.4657745361328,216.6350250244141,213.70974731445312,214.948974609375,432102186.0,0.007002372431917925,214.9605407714844,212.31802368164065,214.3999481201172,216.112548828125,242.9033660888672,335.3092346191406,212.50797816685267,215.1816217331659,227.47324803670247,269.51420728895397,0.016346129573797715,0.015437299039345225,0.014833211946055377,0.021115889431359586,2.925277709960966,428007122.28571427,383535777.52380955,428784120.95,523328384.8111111,-0.10618670582176537,-0.037802172673482626,-0.022278534763924718,1.4660207054679018,0
2023-09-18,216.00392150878903,221.0098571777344,215.3173065185547,216.47091674804688,572231452.0,-0.002133607626117695,216.4657745361328,206.03421020507807,215.197509765625,216.99945068359372,247.6744384765625,321.8877258300781,213.9322226388114,215.05235290527344,227.02776107788085,268.9259639316135,0.008809979902403004,0.015435462058409326,0.014794054874537294,0.020924713547697833,5.692550659179716,443064102.14285713,394937900.52380955,430237332.76666665,519392935.9777778,0.32429659126973265,-0.02745373650937366,-0.025475851885906065,1.5277946159068718,0
2023-09-19,217.21095275878903,219.7490234375,215.6417694091797,216.00177001953125,385547582.0,0.005588006187891681,216.00392150878903,210.99436950683597,214.47813415527344,216.63580322265625,249.28634643554688,329.8370056152344,214.82030596051897,214.59273710704986,226.58479385375978,268.30026363796657,0.004475291678653321,0.012906561515634291,0.014803687229763433,0.020836847296545825,4.1072540283203125,435924347.71428573,385045087.2380952,429779535.8333333,518493806.29444444,-0.32623839418040235,-0.022247976960109495,-0.02793039504993866,1.5737401754545814,0
2023-09-20,214.3633270263672,217.75669860839844,213.76046752929688,217.21060180664065,372917826.0,-0.01310995461441633,217.21095275878903,212.64259338378903,215.13465881347656,210.63894653320312,240.7924346923828,322.3593444824219,215.06612505231584,214.14339846656435,226.14033686319988,267.70028576321073,0.007558450489599653,0.0128892788956491,0.01482502281619606,0.02079625964632731,3.9962310791015625,442115407.71428573,385672097.4285714,430826018.75,517961951.24444443,-0.03275796967648992,-0.011092916226376981,-0.009621443974683452,1.6414196803007295,0
2023-09-21,210.7939453125,215.109375,209.58688354492188,214.35374450683597,384479845.0,-0.016651083762233898,214.3633270263672,212.2828369140625,216.88717651367188,210.8343505859375,244.56494140625,322.6730651855469,214.85342625209265,213.86702473958334,225.6126365661621,267.07873509724936,0.010168667337978065,0.01143267593053256,0.014910879876506451,0.020823439180278725,5.522491455078125,444063816.0,383570345.3333333,432574002.05,517658713.60555553,0.031004200373087043,0.020313882596026067,0.016659485853798728,1.6973501642321396,1
2023-09-22,211.1508636474609,212.02658081054688,209.94168090820312,210.7893829345703,274805031.0,0.001693209614876734,210.7939453125,214.17552185058597,214.56202697753903,216.3992919921875,236.6596527099609,328.88800048828125,214.42133222307478,213.74894423711868,225.1493807474772,266.4246398925781,0.009331477368065012,0.011081294940144296,0.014831512967137498,0.020763642227086255,2.08489990234375,415074380.4285714,375788224.8095238,429622311.3666667,517167540.8,-0.2852550411322601,0.019552632778924606,0.031240752355310875,1.7896545327451268,1
2023-09-23,210.56060791015625,211.58322143554688,210.1420135498047,211.1380615234375,215040995.0,-0.0027954218472444614,211.1508636474609,214.9605407714844,214.2229461669922,218.6463928222656,238.8929901123047,310.9491271972656,213.7927703857422,213.56380426316034,224.69524815877278,265.86692589653865,0.0089919682255519,0.011046220781269253,0.014827368171005802,0.02039030955636114,1.4412078857421875,376732131.0,372124468.5714286,427097669.1333333,514713227.3277778,-0.21747795439742146,0.020235011920894497,0.08449899632590063,1.79295790366178,1
2023-09-24,208.28289794921875,211.23727416992188,207.9329376220703,210.5747833251953,287192497.0,-0.01081736030088487,210.56060791015625,216.4657745361328,212.31802368164065,218.3310546875,236.1342620849609,313.2606201171875,212.62378801618303,213.27251615978423,224.18392384847004,265.2837163289388,0.008204218190815998,0.01125786950137234,0.014844109404076154,0.020388747593130814,3.3043365478515625,356030746.85714287,373201943.7619048,424924520.8333333,513651361.34444445,0.3355244054744073,0.04687968405632592,0.08094789256109958,1.9016593958635104,1
2023-09-25,210.0738067626953,210.5183868408203,207.47808837890625,208.2601318359375,294180845.0,0.008598443900627917,208.28289794921875,216.00392150878903,206.03421020507807,216.3642425537109,237.49267578125,313.8417663574219,211.77662876674108,213.02853030250185,223.67684071858724,264.70722766452366,0.009780894107084432,0.011416222011115683,0.01486804693670399,0.020402162857027974,3.0402984619140625,316309231.5714286,369851951.0,422607753.5833333,512602687.15,0.024333323721893674,0.02229753380395727,0.05762795973705126,1.8871903672132069,1
2023-09-26,212.37844848632807,213.1878204345703,209.86691284179688,210.0501708984375,615780140.0,0.010970628652605674,210.0738067626953,217.21095275878903,210.99436950683597,218.3580017089844,230.65036010742188,316.56756591796875,211.08627101353233,212.92854527064733,223.18353093465169,264.12839923434785,0.010811015403550419,0.011698446620305284,0.014926556638704153,0.020409570209647367,3.3209075927734375,349199597.0,384981667.38095236,426401617.21666664,512722682.8333333,1.0932027032555434,0.004979295802961969,0.05112378303478704,1.765593887933083,1
2023-09-27,211.98541259765625,215.72874450683597,210.8860015869141,212.37139892578125,753741988.0,-0.0018506392313960562,212.37844848632807,214.3633270263672,212.64259338378903,218.71856689453125,233.23245239257807,317.0400085449219,210.7465689522879,212.77858116513207,222.673681640625,263.5447625901964,0.009881325995920563,0.011674804335873246,0.014914705734123127,0.02040789108443487,4.842742919921875,403603048.71428573,403356300.2380952,433672311.28333336,514579971.60555553,0.22404400375757483,0.006734771616353719,0.05892147776281553,1.815179163467139,1
2023-09-28,215.07598876953125,216.77532958984372,211.6513214111328,211.99095153808597,358321830.0,0.014579192662378393,211.98541259765625,210.7939453125,212.2828369140625,226.8628845214844,240.36978149414065,315.2173156738281,211.3582894461495,212.6923341296968,222.21618169148763,262.9884218851725,0.008931579744833898,0.01199674333408665,0.015068446608863141,0.02044337418059013,5.124008178710909,399866189.4285714,400660202.6666667,432551268.9,513997672.1722222,-0.5246094343891056,-0.02044075934962364,0.04974097601882077,1.8262894796959537,0
2023-09-29,215.2794189453125,217.25770568847656,214.50637817382807,215.09397888183597,335321479.0,0.0009458525656216299,215.07598876953125,211.1508636474609,214.17552185058597,223.7994384765625,247.75942993164065,313.9286193847656,211.9480830601283,212.72649565197173,221.78549448649088,262.44037077162,0.008953006241821387,0.011759318320175124,0.015063948235321492,0.020443821515213203,2.7513275146484943,408511396.28571427,399940387.6666667,419930544.85,513402626.6166667,-0.06418908666547052,-0.00800769632489573,0.05513315611694236,1.794355366872518,0
2023-09-30,214.82130432128903,216.31216430664065,214.4836883544922,215.2777862548828,243788424.0,-0.002128000095261484,215.2794189453125,210.56060791015625,214.9605407714844,216.5977935791016,246.25791931152344,308.5623779296875,212.55675397600444,212.75498889741442,221.2407658894857,261.91958702935113,0.008886739881794451,0.011764128721994161,0.014600146195654085,0.020412019912977673,1.828475952148466,412618171.85714287,401160827.04761904,410149601.7,510857753.1666667,-0.2729710463909769,-0.01143663517687099,0.0626852421868791,1.7763130650936616,0
2023-10-01,218.0471343994141,219.1338348388672,213.5065155029297,214.80032348632807,387408083.0,0.015016341551024492,214.82130432128903,208.28289794921875,216.4657745361328,213.63055419921875,246.38221740722656,310.9948425292969,213.9516448974609,213.0278036934989,220.86664072672525,261.403210873074,0.00749620461420554,0.011994953534525628,0.01435848445021841,0.02043783066775405,5.6273193359375,426934684.14285713,403657517.7619048,405768796.6666667,509811838.0611111,0.5891159910037402,-0.029934561642924074,0.03849079250664289,1.6015479284478298,0
2023-10-02,214.7579345703125,221.18829345703125,213.54632568359372,218.04934692382807,466879383.0,-0.015084811080692817,218.0471343994141,210.0738067626953,216.00392150878903,214.44854736328125,242.492919921875,314.06317138671875,214.62080601283478,213.44321913946243,220.4282475789388,260.85151511298284,0.010975778822710973,0.01044113842924822,0.014454705833612877,0.02044315233884753,7.641967773437528,451605903.85714287,403659745.85714287,406874691.45,509111962.84444445,0.20513588509716252,-0.04194011869513803,0.06166092194780082,1.5516967857047446,0
2023-10-03,213.4359436035156,215.72119140625,212.77056884765625,214.7349090576172,305437646.0,-0.00615572583821844,214.7579345703125,212.37844848632807,217.21095275878903,214.3999481201172,239.08108520507807,312.45465087890625,214.7718767438616,213.55948457263764,219.9609130859375,260.30141118367516,0.010864998730911131,0.009267654519364222,0.014457775296803557,0.020444208500504553,2.95062255859375,407271261.85714287,397465068.85714287,405792427.23333335,507860470.78333336,-0.34578896151428473,-0.022765939710909566,0.08567947154858069,1.5427410779355464,0
2023-10-04,213.4130859375,213.7624053955078,210.9364013671875,213.44146728515625,357560724.0,-0.00010709379886852943,213.4359436035156,211.98541259765625,214.3633270263672,215.197509765625,232.3194274902344,310.6994934082031,214.975830078125,213.59617469424293,219.46847534179688,259.7609311421712,0.010815037518332913,0.009118988865996092,0.014420938181688835,0.020442742596687692,2.8260040283203125,350673938.4285714,398797464.95238096,406739099.81666666,507190818.34444445,0.17065047050552495,-0.03223639805980738,0.08056153762555174,1.5510384492186606,0
2023-10-05,210.6796722412109,213.7835998535156,210.4712371826172,213.42274475097656,351872670.0,-0.012808088521289673,213.4130859375,215.07598876953125,210.7939453125,214.47813415527344,235.62115478515625,310.6347351074219,214.34778485979353,213.51983351934524,218.93315989176432,259.20562523735896,0.010011840566642853,0.0095475925823686,0.014486147932533142,0.020458574921664974,3.312362670898409,349752629.85714287,397894211.7619048,405641907.9,506580289.8388889,-0.01590793847928329,-0.025869872919757175,0.12708835445060407,1.636154738615335,0
2023-10-06,213.55552673339844,214.39295959472656,210.5572509765625,210.66526794433597,271152975.0,0.013650365322834368,210.6796722412109,215.2794189453125,211.1508636474609,215.13465881347656,236.28738403320312,312.87225341796875,214.1015145438058,213.4903099423363,218.46246032714845,258.6538656446669,0.011815004914338505,0.00982829818839913,0.01462838577520747,0.020480310105547933,3.8357086181640625,340585700.71428573,388057159.14285713,403066919.0,505499878.55,-0.22940029698811215,-0.03521055762267733,0.14407003642222627,1.6372961453888104,0
2023-10-07,212.36447143554688,213.85986328125,211.76080322265625,213.54396057128903,211771782.0,-0.005577262813424966,213.55552673339844,214.82130432128903,210.56060791015625,216.88717651367188,234.22836303710935,318.3790588378906,213.7505384172712,213.36668759300596,217.9160364786784,258.06489571465386,0.011936898668346027,0.009858528646374591,0.014486518549352349,0.020429770801296224,2.09906005859375,336011894.71428573,375120732.52380955,398179989.9,503533309.2222222,-0.21899517421853842,-0.02713529811852955,0.19904612302279734,1.68662041608281,0
2023-10-08,211.51998901367188,212.8467712402344,209.7017822265625,212.38101196289065,267193041.0,-0.00397657110987748,212.36447143554688,218.0471343994141,208.28289794921875,214.56202697753903,245.874267578125,322.7582702636719,212.8180890764509,213.1311739966983,217.37647552490233,257.44690526326497,0.009431112385321943,0.009729253362875622,0.014483463801427298,0.020395924905614156,3.1449890136719034,318838317.28571427,367267916.0952381,395973599.51666665,500036365.00555557,0.26170275603574034,-0.008403371650074543,0.16487947705749484,1.6671224874251327,0
2023-10-09,205.7509613037109,212.1028594970703,203.6554412841797,211.52261352539065,416312027.0,-0.02727414906204484,211.51998901367188,214.7579345703125,210.0738067626953,214.2229461669922,248.538330078125,318.9537658691406,211.53137860979353,212.64293779645647,216.78461710611978,256.81800079345703,0.012410285294862936,0.01129015884484207,0.014800768381002855,0.02046940228634749,8.447418212890625,311614409.28571427,359843181.5714286,396814405.1333333,498794052.9777778,0.5580945725304276,0.044096989823937394,0.20107964234900466,1.8209047770725442,1
2023-10-10,208.57687377929688,210.45428466796875,205.7500915527344,205.7500915527344,441959353.0,0.013734625868476957,205.7509613037109,213.4359436035156,212.37844848632807,212.31802368164065,244.01988220214844,324.9480895996094,210.83722577776228,212.2317911783854,216.2657834370931,256.17149403889977,0.014482268715797053,0.01170534394539858,0.014939177613847507,0.02044384379955061,4.704193115234347,331117510.28571427,362529456.38095236,397732784.75,497446924.5833333,0.06160601744998351,0.014701344487871859,0.20584245243390042,1.7341341842526763,1
2023-10-11,206.53341674804688,208.7305450439453,204.8092498779297,208.5822906494141,323117665.0,-0.00979714094963502,208.57687377929688,213.4130859375,211.98541259765625,206.03421020507807,256.4896850585937,329.1738586425781,209.8544158935547,211.8589383079892,215.70344670613608,255.49015825059678,0.014600655135321536,0.011567720748320307,0.014958620927636515,0.02041942928890075,3.921295166015625,326197073.28571427,360158020.14285713,398376210.01666665,494009453.75,-0.2688973254968088,0.019210551551807953,0.21569850969762627,1.7246233462038063,1
2023-10-12,205.2294158935547,206.6591033935547,203.658447265625,206.53587341308597,302337006.0,-0.00631375239428178,206.53341674804688,210.6796722412109,215.07598876953125,210.99436950683597,248.19161987304688,333.40728759765625,209.07580784388952,211.59396071661087,215.1233812967936,254.77805896335178,0.014191148549677656,0.011110893487792485,0.014965873728354414,0.020389492444409053,3.0006561279296875,319120549.85714287,356246456.38095236,398472147.06666666,491628230.9611111,-0.06431297713172068,0.028820182134980055,0.22507592055414483,1.791301803766046,1
2023-10-13,206.0361175537109,207.94253540039065,204.61761474609372,205.22579956054688,296977151.0,0.003930731160754375,205.2294158935547,213.55552673339844,215.2794189453125,212.64259338378903,251.0997009277344,348.2209167480469,208.00160653250558,211.35040137881325,214.55166244506836,253.98814341227214,0.012602845843198303,0.011150824595901684,0.014981138218760926,0.020090171658781013,3.324920654296932,322809717.85714287,357302271.61904764,397069140.65,488076351.5,-0.017728081226020986,0.0304059540910937,0.2019252623699872,1.7978093108657678,1
2023-10-14,206.60189819335935,207.02554321289065,205.8272857666016,206.040283203125,203846460.0,0.002746026504313992,206.0361175537109,212.36447143554688,214.82130432128903,212.2828369140625,242.6568298339844,339.9941101074219,207.17838178362166,211.1618913922991,214.0503677368164,253.24707556830512,0.012931948492202965,0.011174429142445303,0.014900840479762721,0.020032849110326864,1.1982574462890625,321677529.0,356769198.52380955,392418743.3666667,484451159.2111111,-0.3135954759024542,0.037287972358950316,0.16811641063993132,1.7677466727504316,1
2023-10-15,209.7425079345703,210.2316131591797,206.47857666015625,206.60028076171875,352524312.0,0.015201262760285328,206.60189819335935,211.51998901367188,218.0471343994141,214.17552185058597,244.35299682617188,343.1934509277344,206.92445591517858,211.2313966296968,213.68159713745118,252.50568144056533,0.014797557643224792,0.011452269117513443,0.014872275303284596,0.020056818187415688,3.7530364990234375,333867710.5714286,359880237.3333333,390601279.5,482291403.12222224,0.729361952128087,0.03816521330148337,0.15505280384353348,1.8077305714484218,1
2023-10-16,214.82395935058597,217.1212310791016,209.74880981445312,209.74880981445312,521099239.0,0.024227093811621803,209.7425079345703,205.7509613037109,214.7579345703125,214.9605407714844,240.2649383544922,322.70751953125,208.22059849330358,211.4575943719773,213.61973241170247,251.9063283284505,0.01219519039398312,0.012474218598273086,0.013323922143690737,0.019692674871658506,7.372421264648466,348837312.28571427,370685875.14285713,386181363.18333334,480593007.4166667,0.47819376213689346,0.06297625569628118,0.18122457729238262,1.7659354700500463,1
2023-10-17,211.6432342529297,215.01222229003903,210.38235473632807,214.81211853027344,352621995.0,-0.014806193439836135,214.82395935058597,208.57687377929688,213.4359436035156,216.4657745361328,241.1608123779297,317.8899230957031,208.65864998953683,211.4225841703869,213.5452438354492,251.31606894599068,0.013923235002702886,0.012724179574766105,0.013383930469875238,0.01969222991012584,4.629867553710966,336074832.5714286,358154534.9047619,382607545.6,478863232.05,-0.3233112455188214,0.0637852912683412,0.14701932935460227,1.8388236088878278,1
2023-10-18,210.50103759765625,213.57627868652344,210.09669494628903,211.63619995117188,275336939.0,-0.005396802119875144,211.6432342529297,206.53341674804688,213.4130859375,216.00392150878903,242.73313903808597,321.67498779296875,209.22545296805245,211.35189964657738,213.4369369506836,250.69843588935004,0.013381699002495811,0.012772181879064112,0.01338762567357175,0.01966587723204734,3.4795837402344034,329249014.5714286,335373342.0952381,379242037.45,474517710.57222223,-0.21917253346604204,0.055481408435104074,0.16268007094540815,1.8125258600767968,1
2023-10-19,211.1441650390625,211.4120178222656,208.53712463378903,210.4916229248047,281310969.0,0.0030552221915196576,210.50103759765625,205.2294158935547,210.6796722412109,217.21095275878903,243.7889862060547,331.9950866699219,210.07041713169642,211.1646699451265,213.3454096476237,250.02704188028972,0.01277311849994319,0.012343237189404435,0.013394025524122595,0.0195018653707755,2.8748931884765625,326245295.0,331706158.2380952,378968141.65,472354765.1888889,0.02169716138233091,0.05726832738526433,0.1601114330693365,1.8386528707695526,1
2023-10-20,212.30084228515625,216.1024169921875,210.74655151367188,211.14505004882807,335590168.0,0.00547813976237399,211.1441650390625,206.0361175537109,213.55552673339844,214.3633270263672,241.0307464599609,330.61883544921875,210.9653778076172,211.02283296130952,213.37310791015625,249.3697196960449,0.012782345326097542,0.012414809534415823,0.01292253506893365,0.019510020037381722,5.355865478515625,331761440.28571427,331718952.95238096,374859411.6666667,470663654.6111111,0.19295087992107418,0.057348166667002154,0.16150167450709918,1.8166393883053886,1
2023-10-21,214.3056640625,215.6127777099609,211.6225128173828,212.29852294921875,267943731.0,0.009443305809644142,212.30084228515625,206.60189819335935,212.36447143554688,210.7939453125,242.4559631347656,331.2458801269531,212.06591578892298,210.99827866327195,213.43096313476562,248.72005182902018,0.012891772128803278,0.012598553668065247,0.012977164479889903,0.01952711553551771,3.9902648925780966,340918193.28571427,332869205.6666667,368694596.5,468470239.90555555,-0.2015745497049246,0.053514284640167054,0.18352021711194855,1.825486787362895,1
2023-10-22,217.74737548828125,218.00485229492188,213.83428955078125,214.3217315673828,286771903.0,0.016059824834016023,214.3056640625,209.7425079345703,211.51998901367188,211.1508636474609,238.9462127685547,338.3255615234375,213.209468296596,210.9840044294085,213.45343119303385,248.05017301771375,0.013005096602272077,0.012662795193906088,0.012691107367844713,0.019495237580809024,4.170562744140625,331524992.0,328077006.61904764,364038118.0833333,466272305.15,0.07026912676676877,0.04317423918165075,0.04013379684171836,1.7500564108989503,1
2023-10-23,228.35276794433597,229.98146057128903,218.3049774169922,218.45591735839844,611625206.0,0.0487050300021894,217.74737548828125,214.82395935058597,205.7509613037109,210.56060791015625,237.80856323242188,330.82177734375,215.14215523856026,211.6313774472191,213.61520411173504,247.48090074327257,0.020200013497649223,0.01605676811048406,0.01409932062734205,0.019803966482197816,11.676483154296847,344457273.0,334969664.85714287,367654859.8833333,464612807.48333335,1.1327933441233955,-0.0002861280612178607,0.034086859578811524,1.598438644207373,0
2023-10-24,225.14295959472656,236.7500762939453,223.1171417236328,228.3383026123047,658304834.0,-0.014056358407671388,228.35276794433597,211.6432342529297,208.57687377929688,208.28289794921875,238.9623565673828,331.1950988769531,217.07068743024553,212.18885439918154,213.7287358601888,246.89172219170464,0.02005460309702326,0.016372663699080164,0.014227111756294738,0.019823500339060142,13.6329345703125,388126250.0,351772864.28571427,371561755.5833333,464100643.1166667,0.07632064137003547,0.005760703394225963,0.03829943661691182,1.5871268180909088,1
2023-10-25,222.179931640625,228.8148193359375,222.0341796875,225.16864013671875,414309192.0,-0.013160651167752335,225.14295959472656,210.50103759765625,206.53341674804688,210.0738067626953,240.4987945556641,324.500244140625,218.73910086495536,212.6063232421875,213.82566401163737,246.3232760111491,0.021169859816541348,0.01672741085005878,0.014284679245244212,0.019794131745813813,6.7806396484375,407979429.0,354475172.28571427,373904604.48333335,460462478.9444444,-0.3706423367992464,0.026195773524282817,0.04825378908168676,1.6742054548711112,1
2023-10-26,223.2360382080078,227.85787963867188,219.92672729492188,222.18551635742188,438534864.0,0.004753384158435514,222.179931640625,211.1441650390625,205.2294158935547,212.37844848632807,241.9770355224609,322.1347351074219,220.46651131766183,213.2042454310826,213.90696461995444,245.77383880615236,0.021114316671422464,0.016382857630312095,0.01425033896279116,0.019796180831403654,7.93115234375,430439985.4285714,358601943.4285714,375790009.6666667,459916460.7111111,0.058472446346302664,0.0380179845559776,0.05018859539068932,1.5724054488869683,1
2023-10-27,224.4759063720703,229.85179138183597,220.20350646972656,223.21908569335935,554008090.0,0.0055540681245525025,223.2360382080078,212.30084228515625,206.0361175537109,211.98541259765625,242.5763702392578,337.6455383300781,222.205806187221,213.7242635091146,214.0029202779134,245.14511862860786,0.021112719967716895,0.016211263988058257,0.014264733433623378,0.019446802291123614,9.648284912109403,461642545.71428573,372071234.61904764,379477030.01666665,458187455.9,0.26331595382573725,0.02730834688248507,0.033728738129920055,1.59629686200081,1
2023-10-28,225.77407836914065,227.9706115722656,224.3576202392578,224.4715118408203,244363054.0,0.005783123979990146,224.4759063720703,214.3056640625,206.60189819335935,215.07598876953125,242.52598571777344,328.7242126464844,223.84415108816964,214.3628162202381,213.9847735087077,244.57317343817817,0.02112169998876431,0.016117475631534737,0.013447563307486742,0.019369537451214728,3.612991333007784,458273877.5714286,373623199.95238096,373661469.9,454475018.4388889,-0.5589178959462487,0.05173546413198382,0.007296674242869727,1.6075438977097698,1
2023-10-29,227.14845275878903,228.1461334228516,224.25831604003903,225.7879943847656,207847188.0,0.0060873878860499,225.77407836914065,217.74737548828125,209.7425079345703,215.2794189453125,241.1206512451172,321.95269775390625,225.1871621268136,215.1070287795294,214.04059041341145,244.0464831882053,0.020794705779450393,0.01604780914919397,0.01335141996006842,0.019327660231874755,3.887817382812557,446998918.28571427,370797206.95238096,371129746.1666667,451814355.4611111,-0.1494328434772304,0.07560705908701526,0.011201968830478526,1.6440685025211939,1
2023-10-30,228.2874298095703,229.1914978027344,225.02120971679688,227.13491821289065,282899321.0,0.005014240849752882,227.14845275878903,228.35276794433597,214.82395935058597,214.82130432128903,247.5050201416016,326.212890625,225.1778281075614,216.18019394647507,214.23541768391928,243.5024528503418,0.00930832622065637,0.014413269644653039,0.012661864752747732,0.019301767032727395,4.170288085937528,400038077.5714286,364444220.95238096,368701124.2,448819141.3833333,0.36109284769346983,0.11541312789313829,-0.004138079926903626,1.6530951547836397,1
2023-10-31,226.43994140625,229.2413024902344,224.3313140869141,228.2823638916016,319329197.0,-0.008092817045868173,228.2874298095703,225.14295959472656,211.6432342529297,218.0471343994141,240.49464416503903,323.9171447753906,225.3631112234933,217.03081621442522,214.44890747070312,242.96091283162434,0.007986904025461426,0.014542817084967873,0.012572257932966062,0.019303529116065823,4.9099884033203125,351612986.5714286,358604689.71428573,366719451.45,447998331.9611111,0.12877328892563877,0.0881264703535749,0.005493138529678809,1.630842600199677,1
2023-11-01,228.00010681152344,229.14108276367188,222.8603973388672,226.4181671142578,384772000.0,0.006889974425820844,226.43994140625,222.179931640625,210.50103759765625,214.7579345703125,241.0615234375,326.9403076171875,226.19456481933594,218.05303955078125,214.6747667948405,242.41124504937065,0.005252916208336677,0.014202009890537635,0.01258993090362441,0.01929651588706648,6.2806854248046875,347393387.71428573,361540610.4285714,368265986.85,447252120.55,0.20493836334044957,0.08387357563788234,0.0023926840833170537,1.526465855296554,1
2023-11-02,231.7230224609375,233.3360748291016,227.9074859619141,228.0166473388672,487639810.0,0.016328569760239775,228.00010681152344,223.2360382080078,211.1441650390625,213.4359436035156,241.47601318359372,322.7740173339844,227.40699114118303,219.31463986351378,214.96348470052084,241.90540618896483,0.007123829566569617,0.0141743946715745,0.012740885638986286,0.019326153827905524,5.4285888671875,354408380.0,370364553.47619045,371983891.71666664,447215263.0888889,0.267347442121568,0.08539430535617853,-0.010452911195690806,1.4717538291343457,1
2023-11-03,230.60597229003903,232.21131896972656,226.34674072265625,231.7032623291016,332547803.0,-0.004820626621538149,231.7230224609375,224.4759063720703,212.30084228515625,213.4130859375,242.9593505859375,321.6110534667969,228.28271484375,220.48463294619606,215.22029240926108,241.3998224046495,0.008091733476127197,0.014362358069567321,0.012761936814490357,0.01932705407865471,5.8645782470703125,322771196.14285713,372058394.04761904,371450843.55,446629856.3388889,-0.3180462378574055,0.08879386101747011,-0.010874682466934127,1.4632354425096343,1
2023-11-04,237.45460510253903,238.5099639892578,229.65533447265625,230.5974884033203,267965564.0,0.029698419102027085,230.60597229003903,225.77407836914065,214.3056640625,210.6796722412109,242.7985992431641,313.9712219238281,229.95136151994978,221.9538094656808,215.6032335917155,240.9747300889757,0.01274045980795318,0.015281090627608114,0.013264141141630149,0.019396161546143556,8.854629516601562,326142983.28571427,375111684.71428573,370949334.68333334,444582973.34444445,-0.1942043772876767,0.058819707842750146,-0.017516197489690244,1.3484135054853787,1
2023-11-05,244.32247924804688,245.59402465820312,236.7861785888672,237.44223022460935,419858434.0,0.028922893041144038,237.45460510253903,227.14845275878903,217.74737548828125,213.55552673339844,241.7975006103516,312.5137023925781,232.40479387555803,223.60047476632255,216.089697265625,240.59588996039497,0.015085683356475655,0.015939301243541266,0.013718769035928653,0.01952535023220452,8.807846069335938,356430304.14285713,378318071.47619045,371815730.28333336,444353436.7777778,0.566837274658172,0.013578510706837355,-0.053458555058800594,1.2596001303529034,1
2023-11-06,254.63479614257807,255.34230041503903,242.1800994873047,244.3204498291016,524115628.0,0.04220781045718547,244.32247924804688,228.2874298095703,228.35276794433597,212.36447143554688,245.14990234375,314.57745361328125,236.16870335170202,225.49622889927454,216.7188242594401,240.26287519666883,0.018878792988444856,0.01731156537894323,0.014642062698279636,0.019783221645304685,13.162200927734347,390889776.5714286,378461709.04761904,373635326.1,444236233.15555555,0.24831511185029576,-0.052230600825299955,-0.0990060610941702,1.213413363314615,0
2023-11-07,246.39529418945312,255.5460968017578,242.69497680664065,254.65328979492188,549207441.0,-0.03235811475078754,254.63479614257807,226.43994140625,225.14295959472656,211.51998901367188,243.8936462402344,307.6958312988281,239.01946803501673,227.15108889625185,217.249378712972,239.9223166571723,0.025187229048761743,0.01883777064606583,0.015234733081949373,0.019860364750998498,12.851119995117159,423729525.71428573,387822920.7619048,376948156.8833333,444593265.3611111,0.04787457511188742,-0.016768267949453297,-0.054456648543618646,1.4026239673336778,0
2023-11-08,247.123291015625,247.8090667724609,244.58038330078125,246.3901214599609,369346518.0,0.0029545890012498965,246.39529418945312,228.00010681152344,222.179931640625,205.7509613037109,241.2624664306641,308.6031188964844,241.75135149274553,228.89500572567894,217.79771779378254,239.5807620578342,0.02537419780010486,0.018640494588509894,0.015225788577139583,0.019860371408988938,3.228683471679659,421525885.4285714,392299567.38095236,379467945.56666666,443813268.1111111,-0.32749178101539955,0.02683700728203542,-0.03321138155158432,1.421608706433502,1
2023-11-09,251.51084899902344,255.45465087890625,243.3295440673828,247.0521697998047,1116630429.0,0.01775453040207786,247.123291015625,231.7230224609375,223.2360382080078,208.57687377929688,239.70689392089844,311.0868835449219,244.57818385532923,230.81722877139137,218.45093154907227,239.24978408813476,0.02542184625383666,0.01872798061557489,0.015276482196344273,0.019898310130500446,12.125106811523438,511381688.14285713,432076684.52380955,392495493.0833333,447877471.7111111,2.0232596615409273,-0.03479757799164762,-0.0546387902941301,1.3774259745562327,0
2023-11-10,251.08236694335935,257.7880249023437,248.9433135986328,251.52682495117188,873515280.0,-0.0017036324968461303,251.51084899902344,230.60597229003903,224.4759063720703,206.53341674804688,240.27362060546875,312.1358947753906,247.50338309151783,232.66396804082962,219.20173416137695,238.91059782240126,0.025102355648634715,0.01885167617517275,0.014682399216510928,0.01989570388287628,8.84471130371088,588662756.2857143,457692166.04761904,399273537.8666667,450483289.10555553,-0.21772212424635617,-0.025238752097091255,-0.045201153647896675,1.4867325508567828,0
2023-11-11,251.42161560058597,255.07839965820312,246.72113037109372,251.09848022460935,872206327.0,0.0013511448906451395,251.08236694335935,237.45460510253903,225.77407836914065,205.2294158935547,240.0333404541016,313.5294189453125,249.49867030552454,234.43139430454798,219.8755215962728,238.56555447048612,0.024132602805333296,0.018907373575047546,0.014431157895210631,0.01989227224109304,8.357269287109403,674982865.2857143,486466575.38095236,406551545.6,452927359.1944444,-0.0014984889560260006,-0.02573706997082703,-0.01988988762449284,1.498999494269858,0
2023-11-12,247.6400146484375,251.6469268798828,245.83245849609372,251.43441772460935,758715918.0,-0.015040874441583418,251.42161560058597,244.32247924804688,227.14845275878903,206.0361175537109,240.33924865722656,311.3800354003906,249.97260393415178,235.85485331217447,220.45881195068358,238.21144324408638,0.02363119339481461,0.019438894338401663,0.014603293769425083,0.019915016320490336,5.814468383789091,723391077.2857143,508940099.9047619,413703804.1333333,454903619.99444443,-0.13011876374522102,-0.0042490339715685055,0.027681169457579813,1.6727797119980754,0
2023-11-13,241.33506774902344,250.1243133544922,241.12713623046875,247.64047241210935,888039233.0,-0.02546012973050782,247.6400146484375,254.63479614257807,228.2874298095703,206.60189819335935,236.67958068847656,314.0835266113281,248.07264273507255,236.47305806477866,220.94301579793293,237.8072851392958,0.017589709560237726,0.018040702440254675,0.015038858004098963,0.01998407302118572,8.997177124023438,775380163.7142857,522102672.61904764,422323774.9,457405384.73888886,0.1704502461750117,0.050966560414412276,0.045945485417265175,1.59806355977614,1
2023-11-14,242.263671875,248.66522216796875,236.2857360839844,241.36984252929688,917236070.0,0.0038477794985942726,241.33506774902344,246.39529418945312,226.43994140625,209.7425079345703,231.8687438964844,309.4566955566406,247.48241097586495,237.288330078125,221.41115163167316,237.43399056328667,0.014023745164381913,0.01762294591138175,0.015015000355680505,0.01996207956646838,12.379486083984347,827955682.1428572,534432731.47619045,429648858.06666666,460373087.9166667,0.03287786835877338,-0.0651243636074138,0.04655069423729641,1.5633240855698611,0
2023-11-15,253.75534057617188,254.1817779541016,242.26116943359372,242.281005859375,921052035.0,0.047434551834503624,242.263671875,247.123291015625,228.00010681152344,214.82395935058597,218.5358428955078,308.9642944335937,248.42984662737166,238.79192097981772,222.05773162841797,237.12727415296766,0.023614147480937184,0.01958546476637959,0.01611222595509772,0.020287931662298662,11.92060852050787,906770756.0,558563343.0476191,436942446.3,463630950.84444445,0.004160286675163105,-0.06943201217550576,-0.03490331693536608,1.4499193330651452,0
2023-11-16,242.7588806152344,255.5850372314453,240.67567443847656,253.74478149414065,950453378.0,-0.04333489074936958,253.75534057617188,251.51084899902344,231.7230224609375,211.6432342529297,216.112548828125,310.719970703125,247.1795654296875,239.72158014206659,222.49595006306967,236.74971254136827,0.02848169602473152,0.022410859755738942,0.017170520556983166,0.02052684491140399,14.90936279296875,883031177.2857143,582940415.1428572,445581632.8333333,467370174.2777778,0.03192147879028351,-0.03704528743489888,0.006558305047202673,1.5493051109384948,0
2023-11-17,244.745361328125,245.9875946044922,238.9996490478516,242.83995056152344,788884171.0,0.00818293735683806,242.7588806152344,251.08236694335935,230.60597229003903,210.50103759765625,216.99945068359372,306.5067138671875,246.2742789132255,240.6867922828311,222.9749740600586,236.40659391615125,0.028897195752655504,0.022425910344425905,0.017179501381613883,0.02051742849289004,6.987945556640597,870941018.8571428,594124990.4285715,449192511.48333335,470070622.28333336,-0.1699917226239791,-0.048394813546844495,-0.02221522289289435,1.542941633573638,0
2023-11-18,244.9507598876953,245.35305786132807,239.28082275390625,244.7462615966797,679630905.0,0.0008392337180802567,244.745361328125,251.42161560058597,237.45460510253903,211.1441650390625,216.63580322265625,309.2456359863281,245.34987095424108,241.59996759323846,223.4373041788737,236.04940016004775,0.028884142078653717,0.02243621692995712,0.017174699965830667,0.02050431323991801,6.072235107421818,843430244.2857143,614852030.9523809,454093900.2,471873257.5277778,-0.13849088372695972,-0.04290992396293969,-0.014706324818525629,1.5245893735244667,0
2023-11-19,246.58778381347656,246.93626403808597,242.4235076904297,244.9676818847656,618053586.0,0.00668307347375352,244.9507598876953,247.6400146484375,244.32247924804688,212.30084228515625,210.63894653320312,313.5062255859375,245.19955226353235,242.52565002441406,223.97437845865886,235.67763103908962,0.02858564509017354,0.02243919345173155,0.017066384427065717,0.020482397945129623,4.512756347656278,823335625.4285715,634385668.9523809,458179496.2,473298174.23333335,-0.09060405956671436,-0.058967188698629935,0.024532472231309832,1.5120282775581289,0
2023-11-20,253.6350860595703,263.8700256347656,243.14175415039065,246.5845489501953,1289010990.0,0.028579283762996344,246.58778381347656,241.33506774902344,254.63479614257807,214.3056640625,210.8343505859375,305.9327697753906,246.95669773646765,243.73268127441406,224.68839747111002,235.3870883517795,0.02793480142273631,0.023064706821156182,0.017205425385860843,0.020528173281972747,20.72827148437497,880617305.0,682295748.4285715,473255015.28333336,478132480.89444447,1.085597461447299,-0.10335166240339955,0.025518057776727554,1.428636496344744,0
2023-11-21,226.4864044189453,269.9175720214844,224.9817047119141,253.64385986328125,2480554399.0,-0.10703835207660772,253.6350860595703,242.263671875,246.39529418945312,217.74737548828125,216.3992919921875,304.733642578125,244.70280238560267,243.73489379882812,224.94398981730143,234.9523814731174,0.051676540480788166,0.03362278954605352,0.022332597397141735,0.02200096095647042,44.935867309570284,1103948494.857143,785211234.2380953,510017504.75,489684905.9166667,0.9243857641586128,0.014157839786302251,0.19762854078211745,1.6761760567076238,1
2023-11-22,236.1365966796875,238.17669677734372,225.6582489013672,226.46131896972656,1338117919.0,0.04260826289109909,226.4864044189453,253.75534057617188,247.123291015625,228.35276794433597,218.6463928222656,306.8863220214844,242.1858389718192,244.12234569731214,225.37025629679363,234.55932744344076,0.05083307361869796,0.034840018027673246,0.022948067125549008,0.0222356262452465,12.518447875976534,1163529335.4285715,830608658.9523809,528735453.48333335,494476345.51666665,-0.46055691439807045,-0.0372404727798511,0.14923522730973615,1.6375681014210381,0
2023-11-23,233.76580810546875,238.7913360595703,230.7522430419922,236.0960235595703,766695224.0,-0.010039903206679357,236.1365966796875,242.7588806152344,251.51084899902344,225.14295959472656,218.3310546875,307.5917663574219,240.90111432756697,244.21962120419457,225.79497146606445,234.1491832309299,0.048601114891561215,0.03478306619117122,0.022940823499258876,0.022243785398531443,8.039093017578125,1137278170.5714285,843897012.0,536727165.6,496893654.5388889,-0.42703463341036085,-0.02601749495237493,0.16095233470121162,1.7100345977395937,0
2023-11-24,232.9009552001953,236.3793029785156,232.1928558349609,233.7527008056641,709881299.0,-0.0036996552758615797,233.76580810546875,244.745361328125,251.08236694335935,222.179931640625,216.3642425537109,314.2700500488281,239.2090563092913,244.3289061046782,226.1754239400228,233.69713270399305,0.048298526357600395,0.03477452551203849,0.02293754046902405,0.02217763922783847,4.1864471435546875,1125992046.0,861865273.7142857,543655506.5,498583976.55,-0.0741023593489869,-0.018700293257129963,0.1366080565158594,1.7960265987971091,0
2023-11-25,234.43994140625,235.7812957763672,232.683349609375,232.9174346923828,553022191.0,0.006607899932105532,232.9009552001953,244.9507598876953,251.42161560058597,223.2360382080078,218.3580017089844,311.80718994140625,237.70751081194197,244.1853506905692,226.54311548868816,233.2673146565755,0.048483722617623654,0.03418396340288244,0.022915479482008113,0.02218040090042908,3.0979461669921875,1107905086.857143,875439398.8095238,542609540.6833333,498638072.7888889,-0.2209652630953446,-0.02192074904245278,0.1391973682292198,1.8165745220595126,0
2023-11-26,232.0471954345703,234.49465942382807,229.3850555419922,234.4282073974609,606332049.0,-0.010206221505291269,234.43994140625,246.58778381347656,247.6400146484375,224.4759063720703,218.71856689453125,311.6845092773437,235.63028390066964,243.60081336611793,226.87747853597006,232.8248851352268,0.04821413815678337,0.03358792709460899,0.022964075871968463,0.022190134785661175,5.109603881835881,1106230581.5714285,884319094.7619047,540152708.3666667,499828590.40555555,0.0963973216040439,-0.017018046095185646,0.28289952717238176,1.7435785564241724,0
2023-11-27,227.4214782714844,232.80938720703125,223.48683166503903,231.98388671875,795547656.0,-0.01993438082465515,232.0471954345703,253.6350860595703,241.33506774902344,225.77407836914065,226.8628845214844,306.86669921875,231.88548278808594,242.30494108654204,227.08323669433594,232.38352279663087,0.04556085092845146,0.032217416846842616,0.023069894125573136,0.022208494625461837,9.322555541992216,1035735819.5714285,897244429.4285715,547439805.4666667,501612687.1333333,0.3120659831722008,0.02582792583130722,0.4232487630745876,1.6980181684553455,1
2023-11-28,229.6929626464844,231.75552368164065,224.6786346435547,227.4279937744141,674267936.0,0.009987994063992645,227.4214782714844,226.4864044189453,242.263671875,227.14845275878903,223.7994384765625,304.9532775878906,232.34356253487724,241.5095919654483,227.3234624226888,231.96540993584526,0.02058063664148154,0.031731541122374494,0.02309773308968291,0.022221729432957922,7.076889038085966,777694896.2857143,903199691.0952381,553088913.0833334,503386965.3611111,-0.1524480891689033,0.006828201763377395,0.4088328841031228,1.807872208608984,1
2023-11-29,227.3427581787109,231.19744873046875,226.5194396972656,229.6932373046875,602240832.0,-0.01023193937112754,229.6929626464844,236.1365966796875,253.75534057617188,228.2874298095703,216.5977935791016,307.4237976074219,231.08729989188058,240.56766183035714,227.5321533203125,231.52051527235244,0.010512564067819561,0.03174162405933935,0.023142062039979257,0.022220308853685332,4.678009033203153,672569598.1428572,914289896.5238096,559063119.8833333,504609102.09444445,-0.10682267412460789,0.009156437605270629,0.380641090908969,1.8783042773959702,1
2023-11-30,227.68380737304688,229.1439666748047,226.2265472412109,227.3430328369141,572448874.0,0.0015001542035830706,227.3427581787109,233.76580810546875,242.7588806152344,226.43994140625,213.63055419921875,306.7201232910156,230.21844264439173,239.43304080054872,227.69276453653973,231.08142462836372,0.010560989765588061,0.03139453958459928,0.023071106333508583,0.02222128008674945,2.9174194335937784,644820119.5714285,888376489.1428572,562147133.0666667,506339396.5555556,-0.04946851229110949,0.02324989615645512,0.39301166117101216,1.8759610135344427,1
2023-12-01,228.54563903808597,229.8910675048828,227.232666015625,227.68881225585935,611750028.0,0.0037852128132547236,227.68380737304688,232.9009552001953,244.745361328125,228.00010681152344,214.44854736328125,305.15679931640625,229.59625462123327,238.35986328125,227.9225596110026,230.65580707126193,0.010934616019552649,0.03143953960961321,0.022976703742874364,0.022222894239076217,2.6584014892578125,630801366.5714285,875911477.1428572,564561643.8166667,508218844.9111111,0.06865443498103563,0.0453753837219697,0.3670604294962059,1.863013117868399,1
2023-12-02,229.30084228515625,230.0343017578125,226.68960571289065,228.5385589599609,628871423.0,0.003304387037306178,228.54563903808597,234.43994140625,244.9507598876953,231.7230224609375,214.3999481201172,276.8892517089844,228.86209760393416,237.3064931233724,228.18697458902994,230.39142701890734,0.0105327851133115,0.03145898306697924,0.022957101508681455,0.021145829823255576,3.3446960449218466,641636971.1428572,864324100.7619047,569952206.7666667,506554154.55,0.027987567170164374,0.036928596050164186,0.37116066188164876,1.8605760387983064,1
2023-12-03,228.09820556640625,231.6390380859375,226.4960174560547,229.2895355224609,719496781.0,-0.005244798522172078,229.30084228515625,232.0471954345703,246.58778381347656,230.60597229003903,215.197509765625,281.4955749511719,228.29795619419642,236.3759307861328,228.43172658284504,230.09477496676976,0.010135391733270988,0.0313577869231613,0.022972625724499537,0.021107772983959404,5.1430206298828125,657803361.4285715,862456522.8095238,575984474.3833333,506708111.50555557,0.14410792840240094,0.05100850618959152,0.36828704998259365,1.8391038009868987,1
2023-12-04,233.29530334472656,236.8349456787109,227.1553192138672,228.07546997070312,2139028703.0,0.02278447463194655,228.09820556640625,227.4214782714844,253.6350860595703,237.45460510253903,214.47813415527344,259.3914489746094,229.13707406180245,235.99308486211868,228.80865376790365,229.94979637993706,0.010668235240175288,0.03142954940287772,0.02305954685815961,0.020365161105265882,9.679626464843722,849729225.2857143,922027449.9523809,605770408.2666667,513265275.4388889,1.972951039512712,0.05626158944057469,0.3573410217027777,2.162072204892316,1
2023-12-05,231.2613525390625,234.48468017578125,228.40753173828125,233.30865478515625,851959167.0,-0.008718352990838452,233.29530334472656,229.6929626464844,226.4864044189453,244.32247924804688,215.13465881347656,262.14849853515625,229.3611297607422,235.4691648937407,229.1037508646647,229.7782011244032,0.011161517746163826,0.031449793773985,0.02304830014539932,0.02035778875712703,6.0771484375,875113686.8571428,918919026.0,615450511.4666667,514871360.5222222,-0.6017074638572533,0.10046480773483979,0.39928268407431444,2.196611705612003,1
2023-12-06,229.4244079589844,234.5861053466797,229.4244079589844,231.2634429931641,850327297.0,-0.007943154184259171,231.2613525390625,227.3427581787109,236.1365966796875,254.63479614257807,216.88717651367188,260.7160949707031,229.65850830078125,234.31054905482702,229.38808314005533,229.60435841878254,0.010804589360295477,0.02937528870489023,0.02306279907655711,0.020362012637856582,5.161697387695284,910554610.4285715,915551181.3333334,626093103.3833333,516865234.40555555,-0.0019154321746971403,0.10024616312876433,0.3836814037763012,2.1135395174558864,1
2023-12-07,232.97743225097656,234.53843688964844,229.2009735107422,229.5322113037109,813730268.0,0.015486688289187311,229.4244079589844,227.68380737304688,233.76580810546875,246.39529418945312,214.56202697753903,239.08908081054688,230.41474042619978,233.84476579938615,229.7457071940104,229.57040481567384,0.012057090111377948,0.028256030013958166,0.023120465407366283,0.019436047072370916,5.33746337890625,945023381.0,909040557.0476191,635202057.1666666,515450263.99444443,-0.043038755934469264,0.08826512310483703,0.32113437621431284,2.141962204444484,1
2023-12-08,238.91598510742188,239.8386993408203,232.6486053466797,232.9604949951172,828993280.0,0.025489820190171653,232.97743225097656,228.54563903808597,232.9009552001953,247.123291015625,214.2229461669922,235.4387969970703,231.8962184361049,233.56717645554315,230.29845759073893,229.589722527398,0.014690680441953074,0.028801460238929415,0.022995868009601815,0.01949397535521449,7.190093994140625,976058131.2857143,910950514.6190476,642080078.05,517965705.50555557,0.01875684437487335,0.025039983782953135,0.26777006281550975,2.140319990333128,1
2023-12-09,237.7686004638672,245.0052795410156,237.07989501953125,238.9132537841797,856746249.0,-0.004802460760584104,238.91598510742188,229.30084228515625,234.43994140625,251.51084899902344,212.31802368164065,231.0514373779297,233.10589817592077,233.22516886393228,230.7849863688151,229.62704010009764,0.015287532105200905,0.028812368237401517,0.022970434516448136,0.019446231680129586,7.925384521484347,1008611677.8571428,919384578.6190476,648993192.9833333,517089666.14444447,0.033477917939214175,0.027683920124514705,0.2806585736487499,2.126130417753924,1
2023-12-10,239.733154296875,241.2505798339844,237.5577545166016,237.7937164306641,640133489.0,0.008262461187789949,237.7686004638672,228.09820556640625,232.0471954345703,251.08236694335935,206.03421020507807,243.8905334472656,234.76803370884485,232.8987579345703,231.33831532796225,229.60394354926214,0.014571409851568,0.028835483667507964,0.022925497146641483,0.01901057605493805,3.6928253173828125,997274064.7142857,920436002.5714285,654276790.05,515843701.81666666,-0.2528318743768436,-0.0017722443268323174,0.2554629985121397,1.8778847025348617,0
2023-12-11,246.42086791992188,246.755859375,230.53103637695312,239.76890563964844,1442275453.0,0.02789649034010999,239.733154296875,233.29530334472656,227.4214782714844,251.42161560058597,210.99436950683597,237.5742645263672,236.6431143624442,232.5552237374442,232.02483952840169,229.65309134589302,0.01557486544815443,0.028800914280437184,0.02312078480049635,0.019022642683523196,16.224822998046875,897737886.1428572,927734310.3333334,673275764.1666666,519752819.82222223,1.253085454493383,-0.020584431483002708,0.23811280615461672,1.7472629078485578,0
2023-12-12,254.49497985839844,256.7091979980469,245.991943359375,246.36578369140625,1394681963.0,0.032765536484922864,246.42086791992188,231.2613525390625,229.6929626464844,247.6400146484375,212.64259338378903,236.2806854248047,239.9622039794922,233.8889654250372,232.8324872334798,229.7542818705241,0.01605893313063097,0.016648923692656754,0.02343123659353861,0.019169851748651018,10.717254638671875,975269714.1428572,876026099.0952381,691570844.3666667,524709826.4388889,-0.032998890677230386,-0.007299900716985497,0.2129964517968943,1.7969565520044477,0
2023-12-13,252.4233245849609,255.5629730224609,244.81398010253903,254.40396118164065,1052163656.0,-0.008140259876993294,254.49497985839844,229.4244079589844,227.3427581787109,241.33506774902344,212.2828369140625,239.1146697998047,243.24776349748885,234.6645238967169,233.59617767333984,229.82821884155274,0.016103684754733495,0.014577768913437615,0.023481653210952688,0.019161720671476482,10.748992919921875,1004103479.7142857,862409229.4285715,705709464.3,527840831.90555555,-0.24558882676250682,0.030441070640033097,0.17513095564449,1.7966679189726782,1
2023-12-14,253.5412139892578,254.08792114257807,248.7257080078125,252.40560913085935,876150236.0,0.004428629589341426,252.4233245849609,232.97743225097656,227.68380737304688,242.263671875,214.17552185058597,244.61058044433597,246.1854466029576,235.60620989118303,234.32615610758464,229.87783347235785,0.01645505458827308,0.014255028292889068,0.023432745108982068,0.01908978232924224,5.362213134765568,1013020618.0,867621372.8571428,714436563.0333333,530198059.8833333,-0.16728711260484752,0.06983230758981196,0.1920243268010855,1.8644448385741113,1
2023-12-15,244.8984375,253.5497131347656,243.86737060546875,253.51744079589844,769388533.0,-0.03408825079469724,253.5412139892578,238.91598510742188,228.54563903808597,253.75534057617188,214.9605407714844,244.08726501464844,247.04008265904017,236.1775185721261,234.82739741007487,229.88233998616536,0.022701073917211732,0.016446539972777716,0.023763070325140228,0.019261120002884793,9.682342529296847,1004505654.1428572,870455050.6666666,718574717.9333333,532404403.6666667,-0.12185319208200274,0.10811852509809561,0.2211238814719112,1.9224183135547261,1
2023-12-16,244.35096740722656,248.0863800048828,243.45065307617188,244.89642333984372,651447427.0,-0.0022354985126168403,244.8984375,237.7686004638672,229.30084228515625,242.7588806152344,216.4657745361328,242.9033660888672,247.9804207938058,236.64947219122024,235.3725262959798,229.8903822157118,0.022559993750679297,0.016449942550028865,0.02366337700852171,0.01925827183354723,4.6357269287109375,975177251.0,875141966.6666666,723555141.8,534028455.25,-0.15329199869944,0.11066047158744796,0.2996357825461,1.943038388488418,1
2023-12-17,239.30828857421875,244.4321746826172,239.2306365966797,244.3507080078125,650163942.0,-0.020637032406767064,244.35096740722656,239.733154296875,228.09820556640625,244.745361328125,216.00392150878903,247.6744384765625,247.9197256905692,236.99523853120348,235.8526471455892,229.84390360514323,0.024257522999190744,0.016988830064083263,0.023832726187955153,0.019265342151077645,5.2015380859375,976610172.8571428,877229199.6666666,729802258.5166667,534988300.24444443,-0.0019702050339052146,0.10617606948738101,0.3172391946903039,2.0100351277931927,1
2023-12-18,241.3484344482422,241.3484344482422,232.7528076171875,239.2471466064453,871708609.0,0.008525178489130036,239.30828857421875,246.42086791992188,233.29530334472656,244.9507598876953,217.21095275878903,249.28634643554688,247.1950923374721,237.6584269205729,236.35605163574218,229.79980409410265,0.021491722171334052,0.01630606167006931,0.023845634430531212,0.01926973732405631,8.595626831054688,895100623.7142857,880855911.7142857,739642219.1833333,535844067.4111111,0.34075200528423033,0.10658834339813006,0.28066042313557205,1.9694930350620607,1
2023-12-19,252.6371917724609,254.5745849609375,241.34768676757807,241.34768676757807,1254351945.0,0.046773691944704154,241.3484344482422,254.49497985839844,231.2613525390625,246.58778381347656,214.3633270263672,240.7924346923828,246.92969403948103,238.75100925990515,237.02832412719727,229.86560830010308,0.02560957479473339,0.018872610855625863,0.024519012718024855,0.019412625679681817,13.226898193359432,875053478.2857143,908478959.7619047,754954915.4666667,538873631.5111111,0.4389578490442556,0.1783428845773689,0.24009008728783932,1.7217836553383918,1
2023-12-20,260.1073608398437,261.5574035644531,250.7650451660156,252.6297607421875,1053279744.0,0.029568762283072036,252.6371917724609,252.4233245849609,229.4244079589844,253.6350860595703,210.7939453125,244.56494140625,248.02741350446428,240.31122843424478,237.79168574015299,229.95195507473414,0.02768244253497248,0.019290644041792593,0.02474244355421097,0.019500932082425843,10.792358398437528,875212919.4285715,929957003.1904762,768043849.0166667,541985419.6333333,-0.16029966852724098,0.2443989920215397,0.2083489084730874,1.5626700212760523,1
2023-12-21,271.24658203125,274.44061279296875,256.5984802246094,260.14862060546875,1183480386.0,0.0428254746633836,260.1073608398437,253.5412139892578,232.97743225097656,226.4864044189453,211.1508636474609,236.6596527099609,250.55675179617745,242.3856462751116,238.6833391825358,230.14410468207464,0.03121687626955043,0.020792902937916923,0.025208879152252138,0.019597758367841025,17.842132568359375,919117226.5714285,959053741.8571428,782988990.4,545455815.4444444,0.12361449343508868,0.19300673431584858,0.16853228457299818,1.4998899665714394,1
2023-12-22,271.3764953613281,276.1597900390625,265.41949462890625,271.2765197753906,1014769310.0,0.00047894918750768234,271.24658203125,244.8984375,238.91598510742188,236.1365966796875,210.56060791015625,238.8929901123047,254.3393314906529,244.42521086193267,239.40040130615233,230.3245686001248,0.025218727419716157,0.020843444372111334,0.024518257717228976,0.01958745963361229,10.74029541015625,954171623.2857143,978245136.2380953,789708058.8,548788193.7722223,-0.142555024988813,0.15661731589609862,0.17297813373457194,1.4441301708806278,1
2023-12-23,271.3909606933594,272.1670837402344,266.16845703125,271.3812866210937,695725248.0,5.330355531341091e-05,271.3764953613281,244.35096740722656,237.7686004638672,233.76580810546875,208.28289794921875,236.1342620849609,258.20218767438615,246.42950221470423,240.17120132446288,230.52043914794922,0.024970991020440585,0.02089533453974669,0.024417569466579758,0.019565342134504667,5.998626708984375,960497026.2857143,981428651.7142857,790331732.3666667,550278569.9722222,-0.3144005823353093,0.16866898558508048,0.1254502026832749,1.3902959415329397,1
2023-12-24,264.71710205078125,272.59014892578125,262.775634765625,271.3775329589844,803502105.0,-0.024591307778002336,271.3909606933594,239.30828857421875,239.733154296875,232.9009552001953,210.0738067626953,237.49267578125,261.83201817103793,248.17325919015067,240.88015416463216,230.67168596055774,0.02594695372699522,0.021921945712739182,0.024593071840970163,0.019654386106253464,9.81451416015625,982402478.1428572,985428905.2380953,796818280.9166666,552808127.5666667,0.15491295926060733,0.18026261636452712,0.12725584344467822,1.6178918062080294,1
2023-12-25,267.0733642578125,267.9342041015625,262.48712158203125,264.7352905273437,738674209.0,0.008901057728333939,264.71710205078125,241.3484344482422,246.42086791992188,234.43994140625,212.37844848632807,230.65036010742188,265.50700814383373,249.78173828125,241.61077626546225,230.87403598361544,0.02593217673270002,0.021640491781005335,0.024603261353847796,0.019537666473406157,5.44708251953125,963397563.8571428,918745357.9047619,801820603.3333334,554240360.1944444,-0.08068167537656923,0.1772356841029954,0.0974191734864811,1.608800588701771,1
2023-12-26,297.6932373046875,302.70758056640625,265.0900573730469,267.0721740722656,1941843757.0,0.11464966988365366,267.0733642578125,252.6371917724609,254.49497985839844,232.0471954345703,211.98541259765625,233.23245239257807,271.94358607700894,252.94516136532738,242.8310651143392,231.2321514553494,0.04530708632254389,0.031671422536383755,0.028496206145783083,0.021282808819513846,37.617523193359375,1061610679.8571428,970644624.0952381,824951197.7833333,563182030.1333333,1.6288230093058522,0.04840749365543906,-0.019395658265889737,1.3592305008030907,1
2023-12-27,323.6773376464844,323.7694091796875,286.40338134765625,297.7483215332031,1893987416.0,0.08728481902060237,297.6932373046875,260.1073608398437,252.4233245849609,227.4214782714844,215.07598876953125,240.36978149414065,281.02501133510043,257.4333961123512,244.46278610229493,231.6949712117513,0.05123539175427215,0.03520938015052014,0.030407059774034927,0.022117580744750176,37.36602783203125,1181711775.857143,1020342725.0,852444937.15,570221555.6666666,-0.02464479483866111,-0.021676068819364125,-0.06598961990273855,1.1266861388167118,0
2023-12-28,323.5989990234375,337.4258117675781,321.3273010253906,323.8037109375,1987714005.0,-0.00024202690128538595,323.6773376464844,271.24658203125,253.5412139892578,229.6929626464844,215.2794189453125,247.75942993164065,288.5039280482701,261.7487088158017,246.07029520670574,232.11630215115017,0.05240341749453342,0.035411908687504545,0.030419397114096098,0.02201214040187407,16.0985107421875,1296602292.857143,1076246712.4761906,882109384.1,577910215.0111111,0.049486384232660496,3.1121235886111265e-06,-0.05492652936354625,1.1335955438916936,1
2023-12-29,313.8787536621094,325.5014343261719,309.1914367675781,323.5130310058594,1415732360.0,-0.030037933957342444,323.5989990234375,271.3764953613281,244.8984375,227.3427581787109,214.82130432128903,246.25791931152344,294.57567923409596,265.318364461263,247.4968172709147,232.49197345309787,0.05608346677042193,0.036742738468495885,0.03078027490617298,0.022131737663280117,16.30999755859375,1353882728.5714285,1104186668.6666667,900989934.75,582889331.95,-0.2877585223836062,0.011378703277794111,-0.02836489282296395,1.2969348418729512,1
2023-12-30,317.16619873046875,320.111572265625,313.56005859375,313.8419494628906,901159404.0,0.010473614508799578,313.8787536621094,271.3909606933594,244.35096740722656,227.68380737304688,218.0471343994141,246.38221740722656,301.114998953683,269.0992024739583,249.0089215596517,232.88521779378254,0.055530491473580516,0.036508643621865525,0.030731698254632987,0.022141475799853337,6.551513671875,1383230465.142857,1106301580.8095238,910687104.8666667,584173761.15,-0.36346767972443605,-0.0295482435993335,-0.02036216640934363,1.1873532532107007,0
2023-12-31,312.4356994628906,325.00653076171875,310.6978454589844,317.0681457519531,953254184.0,-0.014914890951535975,317.16619873046875,264.71710205078125,239.30828857421875,228.54563903808597,214.7579345703125,242.492919921875,307.9319414411272,272.5612284342448,250.4161814371745,233.27378879123265,0.05423100134428213,0.03705055444304013,0.030850806220850756,0.022137740878777106,14.308685302734375,1404623619.2857144,1121212090.0952382,920161807.9333333,587027441.9777777,0.057808618285250635,-0.030550817438705358,-0.01591675162067041,1.2537318958109838,0
2024-01-01,314.4082946777344,315.74566650390625,308.09674072265625,312.38592529296875,910568057.0,0.006313603785466304,312.4356994628906,267.0733642578125,241.3484344482422,229.30084228515625,213.4359436035156,239.08108520507807,314.69407435825894,275.7987249465216,251.7942693074544,233.69227328830294,0.05436892780425228,0.03692515552231341,0.0308195648877526,0.022108990005338794,7.64892578125,1429179883.2857144,1095892690.2857144,927210612.05,589555591.1333333,-0.04477937544515409,-0.03151283893249146,-0.04471008143532884,1.2295432064218006,0
