Date,Close,High,Low,Open,Volume,Daily_Return,Close_Lag_1,Close_Lag_7,Close_Lag_14,Close_Lag_30,Close_Lag_90,Close_Lag_180,MA_7,MA_21,MA_60,MA_180,Volatility_7,Volatility_21,Volatility_60,Volatility_180,HL_Spread,Volume_MA_7,Volume_MA_21,Volume_MA_60,Volume_MA_180,Volume_Change,Target_Return_7,Target_Return_30,Target_Return_365,Target_Up
2021-06-30,35040.8359375,36074.7578125,34086.15234375,35908.38671875,34059036099.0,-0.02305527321430456,35867.77734375,33723.02734375,38347.0625,37332.85546875,59095.80859375,29374.15234375,34068.441127232145,35676.12220982143,40954.474609375,46005.90980902778,0.05250129306258397,0.05072075299013785,0.055117096066185166,0.049304328954035116,1988.60546875,36186331236.0,40105404786.14286,52056741048.65,61510016645.94444,-0.10137931205128536,-0.033832178393646495,0.20532361015395661,-0.4353808625516613,0
2021-07-01,33572.1171875,35035.984375,32883.78125,35035.984375,37838957079.0,-0.04191448950075438,35040.8359375,34662.4375,38053.50390625,36684.92578125,59384.3125,32127.267578125,33912.68108258928,35527.05171130953,40570.15859375,46013.936751302084,0.05440158047878669,0.05137866101592986,0.05527557799817792,0.048932567487476916,2152.203125,36859986802.14286,39832210701.61905,52051100244.38333,61343202958.8,0.11098144319213366,-0.020694140017141316,0.23990378920751532,-0.4260306229755859,0
2021-07-02,33897.046875,33939.58984375,32770.6796875,33549.6015625,38728974942.0,0.00967855812266083,33572.1171875,31637.779296875,35787.24609375,37575.1796875,57603.890625,32782.0234375,34235.43359375,35363.36830357143,40181.771158854164,46020.13132595486,0.039852898073744245,0.05125686397449958,0.0552736322526485,0.048915914501146684,1168.91015625,36645425475.85714,39833602985.28571,51834697509.566666,61121334846.244446,0.023521204909052518,-0.0029216455526407392,0.17930316108842437,-0.4323323819230197,0
2021-07-03,34668.546875,34909.26171875,33402.6953125,33854.421875,24383958643.0,0.022760094790705843,33897.046875,32186.27734375,35615.87109375,39208.765625,58758.5546875,31971.9140625,34590.04352678572,35321.27455357143,39870.68795572917,46035.11261935764,0.040058541890034376,0.050506022443079536,0.05482822334871497,0.04890246872743993,1506.56640625,34616650207.57143,39188828227.809525,51098351704.166664,60805893086.79444,-0.37039493868564577,-0.033114377360242364,0.13076401655499148,-0.44338376103699906,0
2021-07-04,35287.78125,35937.56640625,34396.4765625,34665.56640625,24924307911.0,0.017861561294527206,34668.546875,34649.64453125,35698.296875,36894.40625,59057.87890625,33992.4296875,34681.20591517857,35139.84226190476,39501.75084635417,46042.30901692708,0.028662250468507008,0.045320189773186914,0.053847768025411684,0.04869996590560104,1541.08984375,33104174067.142857,38439075612.2381,50359734890.23333,60569098548.62222,0.02216003053118376,-0.02968715268829769,0.08119522161087978,-0.42667798875141805,0
2021-07-05,33746.00390625,35284.34375,33213.66015625,35284.34375,26721554282.0,-0.043691535402215154,35287.78125,34434.3359375,31676.693359375,35551.95703125,58192.359375,36824.36328125,34582.872767857145,34831.62927827381,39124.24231770833,46025.207020399306,0.03371687438997443,0.04547386583298577,0.0540418184778479,0.04842560668684718,2070.68359375,32079749857.142857,37656820355.52381,49646372709.833336,60299276995.683334,0.07210817557773841,-0.017488181760409782,0.1778432793605076,-0.4017035234611691,0
2021-07-06,34235.1953125,35038.53515625,33599.91796875,33723.5078125,26501259870.0,0.014496276584600176,33746.00390625,35867.77734375,32505.66015625,35862.37890625,56048.9375,39371.04296875,34349.646763392855,34537.76860119047,38738.8888671875,45996.67453342014,0.029049726485485462,0.04565350093389306,0.05402372961333833,0.048164462945489296,1438.6171875,30451149832.285713,36708301816.71429,48947493318.066666,59975605433.67778,-0.008244071795943109,-0.044783443116949484,0.19378768879339958,-0.39979176674223915,0
2021-07-07,33855.328125,34997.6640625,33839.2890625,34225.6796875,24796027477.0,-0.011095808977648836,34235.1953125,35040.8359375,33723.02734375,33560.70703125,58323.953125,40797.609375,34180.28850446428,34323.87648809524,38323.081380208336,45958.10630425347,0.028238106410895542,0.04454243077334311,0.0538584117868542,0.04809674816658145,1158.375,29127862886.285713,36021844310.85714,48271044098.78333,59623874922.55,-0.06434533306585777,-0.030511607063326895,0.26469014986101236,-0.36088086901018623,0
2021-07-08,32877.37109375,33907.90625,32133.18359375,33889.60546875,29910396946.0,-0.028886355129662422,33855.328125,33572.1171875,34662.4375,33472.6328125,58245.00390625,40254.546875,34081.0390625,34077.39397321428,37900.49895833333,45917.121994357636,0.025678965331510196,0.04484698254812851,0.05392730107155862,0.04813502641139985,1774.72265625,27995211438.714287,35679640829.85714,47671105875.433334,59445687334.26667,0.20625761419823907,-0.033355483985411216,0.35521178546176624,-0.33902509645513923,0
2021-07-09,33798.01171875,34042.29296875,32318.880859375,32861.671875,27436021028.0,0.02800225791699673,32877.37109375,33897.046875,31637.779296875,37345.12109375,59793.234375,38356.44140625,34066.89118303572,33982.66852678572,37532.8025390625,45891.79738498264,0.027981454447332816,0.043669181159532916,0.05395087977068503,0.048049391654911615,1723.412109375,26381932308.142857,35262266246.666664,46932097120.933334,59153772186.14445,-0.08272628151566219,-0.07031397811284901,0.29587851356363304,-0.361139725883006,0
2021-07-10,33520.51953125,34209.0703125,33116.01171875,33811.2421875,22971873468.0,-0.008210311003178261,33798.01171875,34668.546875,32186.27734375,36702.59765625,60204.96484375,35566.65625,33902.88727678572,33882.88988095238,37146.401627604166,45880.42995876736,0.026157333271033742,0.043687330417438996,0.05387356487844397,0.047740116150042984,1093.05859375,26180205854.57143,34870104044.2381,46293155073.316666,58596279442.083336,-0.16271118743654867,-0.059290583787705575,0.38319462204412336,-0.37768120809396954,0
2021-07-11,34240.1875,34584.703125,33346.73828125,33509.078125,20108729370.0,0.021469475378479208,33520.51953125,35287.78125,34649.64453125,37334.3984375,59893.453125,33922.9609375,33753.23102678572,33813.45610119047,36897.895833333336,45882.19232855903,0.02670136015688426,0.04397975026353848,0.05138852339603836,0.04763416958121091,1237.96484375,25492266063.0,34081756202.142857,45374710497.7,58292587505.755554,-0.12463694360794653,-0.07135991743985048,0.33133123905936546,-0.41675095556573694,0
2021-07-12,33155.84765625,34592.15625,32697.30859375,34254.015625,24321499537.0,-0.031668630428790756,34240.1875,33746.00390625,34434.3359375,35552.515625,63503.45703125,37316.359375,33668.92299107143,33883.89202008928,36621.89010416667,45859.07837456597,0.023968633496656393,0.03664108899562218,0.0514599731366729,0.04711590313893005,1894.84765625,25149401099.42857,32725206723.238094,44168049607.88333,58042349636.63333,0.20949957053402812,-0.07051593580836335,0.3751310837066002,-0.41717930837285133,0
2021-07-13,32702.025390625,33327.1015625,32261.419921875,33125.46875,19120856669.0,-0.013687548281983153,33155.84765625,34235.1953125,35867.77734375,39097.859375,63109.6953125,39187.328125,33449.898716517855,33893.24274553572,36335.58160807292,45823.04891493056,0.023031588359898655,0.03640270844343141,0.05145790364791653,0.046979808619824655,1065.681640625,24095057785.0,30827897371.38095,43557772261.48333,57795154451.27778,-0.21382903879295456,-0.08851677227321963,0.3585791256598032,-0.38193203701247236,0
2021-07-14,32822.34765625,33061.3984375,31639.125,32723.845703125,21376531210.0,0.003679352094793975,32702.025390625,33855.328125,35040.8359375,40218.4765625,63314.01171875,36825.3671875,33302.330078125,33850.353236607145,36103.28427734375,45800.80991753472,0.023194928130289432,0.03544161947657933,0.050925259477063216,0.04676206480837169,1422.2734375,23606558318.285713,29640250813.52381,42928030323.75,57537464303.10555,0.11796932428540452,-0.021682004722154202,0.45612132358848023,-0.37329528840213555,0
2021-07-15,31780.73046875,33159.640625,31175.708984375,32827.875,21300524237.0,-0.031734999531688124,32822.34765625,32877.37109375,33572.1171875,40406.26953125,61572.7890625,36178.140625,33145.66713169643,33713.12909226191,35858.695475260414,45776.37986111111,0.023719573210397665,0.0354277921736835,0.051045293245292216,0.04680444061821576,1983.931640625,22376576502.714287,29077258247.857143,42215574535.11667,57335210616.227776,-0.0035556270684573565,0.01675150294369354,0.48193400899990135,-0.344372271572286,1
2021-07-16,31421.5390625,32218.40625,31100.673828125,31841.55078125,23699476918.0,-0.011302175908234458,31780.73046875,33798.01171875,33897.046875,38347.0625,60683.8203125,35791.27734375,32806.17103794643,33702.831938244046,35656.76259765625,45752.10353732639,0.018874968433073822,0.029896744509643493,0.0504867032787452,0.04680526647010233,1117.732421875,21842784487.0,28290047423.666668,41362171842.916664,57175986297.23889,0.11262411451981569,0.0687430273371894,0.49728515247676697,-0.325611760642891,1
2021-07-17,31533.068359375,31935.9453125,31223.990234375,31397.30859375,18895018942.0,0.003549453661488622,31421.5390625,33520.51953125,34668.546875,38053.50390625,56216.18359375,36630.07421875,32522.249441964286,33671.72674851191,35467.15703125,45723.78683810764,0.01959210493804824,0.029649533460108773,0.05047808285726249,0.046773962800535925,711.955078125,21260376697.57143,27352410919.904762,40740632740.55,57005893611.2,-0.2027242201430599,0.08750740402668811,0.458928254323292,-0.3410300731542303,1
2021-07-18,31796.810546875,32398.99609375,31215.4921875,31533.884765625,18787986667.0,0.008363987433579023,31533.068359375,34240.1875,35287.78125,35787.24609375,55724.265625,36069.8046875,32173.19559151786,33535.87751116072,35380.39651692708,45700.04798177083,0.016653635126878095,0.023975380325264663,0.04734038600780842,0.04676326608839027,1183.50390625,21071699168.57143,26556046432.904762,38947797539.21667,56792248006.65,-0.005664576221307116,0.11175262210298098,0.40565542915412545,-0.29283192035954375,1
2021-07-19,30817.83203125,31885.859375,30563.734375,31800.01171875,20434789545.0,-0.030788575922789052,31796.810546875,33155.84765625,33746.00390625,35615.87109375,56473.03125,35547.75,31839.193359375,33363.66303943453,35214.31474609375,45673.77065972222,0.016468607835576524,0.02468782478011261,0.04548461769427364,0.04680801659057958,1322.125,20516454884.0,25915201946.857143,37817011642.316666,56534471431.005554,0.08765190795523137,0.2115561898834697,0.45374234808504865,-0.24104221315657215,1
2021-07-20,29807.34765625,31006.1875,29360.955078125,30838.28515625,23148267245.0,-0.03278895069501786,30817.83203125,32702.025390625,34235.1953125,35698.296875,53906.08984375,30825.69921875,31425.66796875,33075.07114955357,35089.35901692708,45668.11315104167,0.01857607740417935,0.02294265604277677,0.04437909236723162,0.045801507289485587,1645.232421875,21091799252.0,25212668956.42857,36835289148.71667,56242833650.76667,0.1327871615229792,0.3220546108532121,0.5673175172700837,-0.22060383601411193,1
2021-07-21,32110.693359375,32752.326171875,29526.18359375,29796.28515625,28203024559.0,0.07727442675168827,29807.34765625,32822.34765625,33855.328125,31676.693359375,51762.2734375,33005.76171875,31324.003069196428,32935.54055059524,34998.92669270833,45663.140549045136,0.0390905105101275,0.02932388116025185,0.04555544221928976,0.04585991527192384,3226.142578125,22067012587.57143,24933811264.04762,36349051670.7,55970587828.81111,0.2183643924834946,0.24556345770474763,0.536534114323165,-0.2786007873764307,1
2021-07-22,32313.10546875,32576.400390625,31745.298828125,32138.873046875,19555230518.0,0.006303573302191001,32110.693359375,31780.73046875,32877.37109375,32505.66015625,51093.65234375,32067.642578125,31400.056640625,32875.587611607145,34957.96875,45664.504231770836,0.03693175210562529,0.02804558771845652,0.044569296353973616,0.04580894253406013,831.1015625,21817684913.42857,24063157618.285713,35367150939.98333,55810590565.16111,-0.3066264762812597,0.23814846312720195,0.5134878396258291,-0.29703511358285717,1
2021-07-23,33581.55078125,33581.55078125,32057.892578125,32305.958984375,22552046192.0,0.03925482537500802,32313.10546875,31421.5390625,33798.01171875,33723.02734375,50050.8671875,32289.37890625,31708.629743303572,32860.56398809524,34872.56158854167,45671.68296440972,0.03858767084889722,0.02934483485958677,0.04234675724220747,0.045895296090972454,1523.658203125,21653766238.285713,23292827677.809525,34620358641.55,55665636207.344444,0.1532488032417476,0.25770090696889114,0.4687127662754742,-0.331017240330413,1
2021-07-24,34292.4453125,34490.390625,33424.859375,33593.73046875,21664706865.0,0.021169199000986128,33581.55078125,31533.068359375,33520.51953125,34662.4375,49004.25390625,32366.392578125,32102.82645089286,32842.654389880954,34804.06529947917,45682.383257378475,0.0386586709696143,0.02928502347337016,0.04243842369153038,0.0459192198951546,1065.53125,22049435941.57143,23163339497.904762,34044571825.916668,55453234274.16111,-0.03934628899947756,0.21385905651139914,0.4448123482007813,-0.34069548390418536,1
2021-07-25,35350.1875,35364.92578125,33881.8359375,34290.29296875,20856685287.0,0.030844758309330533,34292.4453125,31796.810546875,34240.1875,31637.779296875,54021.75390625,32569.849609375,32610.451729910714,32845.62611607143,34738.331770833334,45697.829578993056,0.03917036868657121,0.029815762790228458,0.042523436069534196,0.04597038422427564,1483.08984375,22344964315.857143,22969643182.47619,33536404328.033333,55234352406.477776,-0.03729667717338858,0.13082553045157108,0.3495293960604877,-0.3957118000611737,1
2021-07-26,37337.53515625,40499.67578125,35287.3125,35384.03125,51022126212.0,0.05621887171744144,35350.1875,30817.83203125,33155.84765625,32186.27734375,55033.1171875,30432.546875,33541.837890625,33016.65141369047,34720.00787760417,45736.190625,0.035522266289977476,0.030377175711053337,0.04306194435958099,0.045873445393819635,5212.36328125,26714583839.714287,24126813274.38095,33666590286.216667,55170159985.35,1.4463199933213815,0.04993393775051902,0.3113021215141558,-0.4311420446645462,1
2021-07-27,39406.94140625,39406.94140625,36441.7265625,37276.03515625,35097370560.0,0.055424286615063156,37337.53515625,29807.34765625,32702.025390625,34649.64453125,54824.703125,33466.09765625,34913.20842633928,33262.92503720238,34781.83014322917,45769.1953125,0.02400954058031069,0.03225432070124858,0.042590276461694034,0.04546470699036829,2965.21484375,28421598599.0,24536151878.666668,33331543263.016666,54940050056.76111,-0.3121147007051741,-0.0318208136118151,0.1912170058078877,-0.418108891229803,0
2021-07-28,39995.90625,40816.0703125,38862.4375,39503.1875,38702404695.0,0.014945713184850051,39406.94140625,32110.693359375,32822.34765625,34434.3359375,53555.109375,34316.38671875,36039.66741071428,33555.33351934524,34871.494140625,45800.74819878472,0.019397919157704818,0.03201508719716007,0.042399121513263666,0.04544120848679363,1953.6328125,29921510047.0,25198360317.61905,33222733119.016666,54500093568.89445,0.10271521990050747,-0.006210694219486501,0.22659223326762357,-0.4038418189674099,0
2021-07-29,40008.421875,40593.0703125,39352.05859375,39995.453125,27167146027.0,0.00031292265067750513,39995.90625,32313.10546875,31780.73046875,35867.77734375,57750.17578125,34269.5234375,37138.998325892855,33894.90736607143,34943.665690104164,45832.630967881945,0.020803001582120652,0.03092812084106918,0.04224763989604976,0.04544071242283432,1241.01171875,31008926548.285713,25067729321.47619,33148084204.116665,54289123109.05556,-0.29805017954065915,0.0215237885460835,0.22230270657857587,-0.4050094530878069,1
2021-07-30,42235.546875,42235.546875,38397.35546875,40027.484375,33072782960.0,0.055666404612466414,40008.421875,33581.55078125,31421.5390625,35040.8359375,57828.05078125,33114.359375,38375.283482142855,34296.69475446428,35025.377213541666,45883.30423177083,0.02270430439669453,0.03229918198401109,0.042426687544005505,0.045537837436171937,3838.19140625,32511888943.714287,25336146556.333332,33049133126.133335,54179779999.55,0.21738157284282633,0.013755075238385928,0.1561311654319617,-0.43989817152687216,1
2021-07-31,41626.1953125,42231.44921875,41110.83203125,42196.3046875,25802845343.0,-0.014427457617713135,42235.546875,34292.4453125,31533.068359375,33572.1171875,56631.078125,33537.17578125,39422.96205357143,34682.67931547619,35107.731705729166,45928.24322916667,0.029033668135380452,0.03251336163824505,0.04240462217075501,0.045548288056753664,1120.6171875,33103051583.42857,25470954740.857143,32901856826.9,53982015803.344444,-0.21981632527848205,0.07037889114670692,0.13041761375846384,-0.43936993738730856,1
2021-08-01,39974.89453125,42541.6796875,39540.94140625,41460.84375,26688438115.0,-0.039669750474507826,41626.1953125,35350.1875,31796.810546875,33897.046875,57200.29296875,35510.2890625,40083.634486607145,34955.76060267857,35147.726953125,45953.04659288195,0.038683861114715126,0.03420904726764624,0.04266347998546826,0.04545603626248079,3000.73828125,33936159130.285713,25784274204.904762,32795483008.983334,53779792762.68889,0.03432151610520928,0.09564059395481905,0.1799077409229406,-0.4167789685967941,1
2021-08-02,39201.9453125,40419.1796875,38746.34765625,39907.26171875,25595265436.0,-0.019335866368471732,39974.89453125,37337.53515625,30817.83203125,34668.546875,53333.5390625,37472.08984375,40349.978794642855,35243.670014880954,35147.61328125,45962.656901041664,0.03685505445965024,0.033595260322337624,0.042396470038533605,0.045304708386951366,1672.83203125,30303750448.0,25844929723.904762,32631058259.133335,53582173025.33889,-0.04096053408181999,0.18273218265436042,0.24603580139617587,-0.41385262888540486,1
2021-08-03,38152.98046875,39750.03125,37782.05078125,39178.40234375,26189830450.0,-0.02675797936526192,39201.9453125,39406.94140625,29807.34765625,35287.78125,57424.0078125,36926.06640625,40170.841517857145,35503.23930431547,35168.589518229164,45969.47309027778,0.03181081999523157,0.03414417565628848,0.04182447795094795,0.045337601686876776,1967.98046875,29031244718.0,26181547523.0,32370370596.85,53345238336.772224,0.023229492012367903,0.19479607333265547,0.29289303352467866,-0.4011868134073323,1
2021-08-04,39747.50390625,39952.296875,37589.1640625,38213.33203125,25372562724.0,0.041792893187100555,38152.98046875,39995.90625,32110.693359375,33746.00390625,56396.515625,38144.30859375,40135.35546875,35833.00864955357,35238.515299479164,45978.37973090278,0.03586168439489845,0.034912132023955045,0.041844582268492456,0.04537681186761961,2363.1328125,27126981579.285713,26371834737.95238,32193922085.6,53160652205.227776,-0.03120553710953866,0.1470817595562457,0.2585790322328614,-0.4306319942850185,1
2021-08-05,40869.5546875,41341.93359375,37458.00390625,39744.515625,35185031017.0,0.02822946527400849,39747.50390625,40008.421875,32313.10546875,34235.1953125,57356.40234375,39266.01171875,40258.37444196428,36265.80980282738,35321.96822916667,45987.28830295139,0.03746359764026559,0.0337852631860401,0.04196758836790357,0.0453728147613536,3883.9296875,28272393720.714287,27033001727.47619,32298448592.8,52959868857.25,0.3867354038982571,0.08707543799317308,0.2220496499629252,-0.43015492507316055,1
2021-08-06,42816.5,43271.66015625,39932.1796875,40865.8671875,38226483046.0,0.04763803587748594,40869.5546875,42235.546875,33581.55078125,33855.328125,58803.77734375,38903.44140625,40341.36774553572,36808.42699032738,35476.2314453125,46009.02751736111,0.03568622535370326,0.03414791364650381,0.04141077280105814,0.04549731168690098,3339.48046875,29008636590.142857,27724763924.04762,32374157699.183334,52808345756.71111,0.08644164694726264,0.11623603780084779,0.20872584532248073,-0.4637282520319269,1
2021-08-07,44555.80078125,44689.859375,42618.56640625,42832.796875,40030862141.0,0.04062220829002827,42816.5,41626.1953125,34292.4453125,32877.37109375,58232.31640625,46196.46484375,40759.8828125,37428.55710565476,35660.950911458334,45999.91271701389,0.03736166167052679,0.034461944276887965,0.04165308935834982,0.0434140425371112,2071.29296875,31041210418.42857,28731232647.809525,32209637894.166668,52467032642.566666,0.047202330720006236,0.05703285513206091,0.1812947861639438,-0.47984571663780096,1
2021-08-08,43798.1171875,45282.3515625,43331.91015625,44574.4375,36302664750.0,-0.017005273846830926,44555.80078125,39974.89453125,35350.1875,33798.01171875,55859.796875,46481.10546875,41306.05747767857,38000.04789806547,35768.50084635417,45985.0072265625,0.03303500327401424,0.035221867265974295,0.03915832542116511,0.04343221875133694,1950.44140625,32414671366.285713,29565264937.47619,31915133656.533333,52158659408.477776,-0.09313307762066769,0.07417868455033116,0.0687931790732299,-0.456381053409295,1
2021-08-09,46365.40234375,46456.83203125,42848.6875,43791.92578125,38734079049.0,0.058616336068955555,43798.1171875,39201.9453125,37337.53515625,33520.51953125,56704.57421875,44918.18359375,42329.408482142855,38740.40838913691,35929.547591145834,45993.04733072917,0.0332211221798543,0.03468941749107698,0.03970118161446732,0.04356995683482134,3608.14453125,34291644739.57143,30436659675.761906,31834434426.45,51888842681.55,0.06697619350381157,-0.007784208709636031,-0.0059098315748129515,-0.5003964769325997,0
2021-08-10,45585.03125,46637.98828125,44705.5546875,46280.84765625,33546019517.0,-0.016830892309838696,46365.40234375,38152.98046875,39406.94140625,34240.1875,49150.53515625,47909.33203125,43391.13002232143,39491.726655505954,36067.05813802083,45980.13454861111,0.030778787340019317,0.03362904224488135,0.039762270169301596,0.043312618355358656,1932.43359375,35342528892.0,30931790736.333332,31748539135.316666,51623048835.477776,-0.13394043848149628,-0.01951675474610981,0.01768981182830709,-0.4746599503949007,0
2021-08-11,45593.63671875,46735.6328125,45351.7109375,45599.703125,34319709073.0,0.00018877838873909702,45585.03125,39747.50390625,39995.90625,33155.84765625,49716.19140625,47504.8515625,44226.29185267857,40133.771577380954,36234.41015625,45969.51668836806,0.031268108033392736,0.031302034303631814,0.03918033517761909,0.04330726079583115,1383.921875,36620692656.14286,31223061427.47619,31688463810.7,51388408101.46111,0.02306352786827426,-0.017380697741623985,-0.015566351218658792,-0.4745422602575007,0
2021-08-12,44428.2890625,46228.91015625,43861.4453125,45576.87890625,33723620826.0,-0.02555943636254754,45593.63671875,40869.5546875,40008.421875,32702.025390625,49880.53515625,47105.515625,44734.68247767857,40710.68508184524,36323.250651041664,45954.64320746528,0.035315723132882886,0.03260652645316049,0.03733701809415406,0.04334628546655418,2367.46484375,36411919771.71429,31897746680.238094,31572705610.5,51185481238.522224,-0.01736868589800944,0.05152773403629207,0.017402605075841127,-0.45073693193437947,1
2021-08-13,47793.3203125,47831.9765625,44282.41796875,44439.69140625,31744259539.0,0.07574073458615982,44428.2890625,42816.5,42235.546875,32822.34765625,46760.1875,48717.2890625,45445.65680803572,41387.43601190476,36449.498046875,45949.51004774305,0.04109688678752235,0.034817156622944274,0.038369604876181976,0.04363565114979977,3549.55859375,35485887842.14286,32335471125.333332,31382628024.933334,50966012262.47222,-0.058693617070737725,0.03234459247949961,-0.03619858946685317,-0.4889648134995329,1
2021-08-14,47096.9453125,48098.68359375,46177.6328125,47810.6875,31211354442.0,-0.01457055076832292,47793.3203125,44555.80078125,41626.1953125,31780.73046875,46456.05859375,47945.05859375,45808.677455357145,41997.174107142855,36561.00930989583,45944.79830729167,0.04100069514844289,0.03549649457915073,0.038440926529419654,0.043633017937617605,1921.05078125,34225958170.857143,32790073390.904762,31129148112.55,50711242547.33889,-0.01678744770673546,0.038400513302929484,-0.0453080572336747,-0.48363245592659687,1
2021-08-15,47047.00390625,47357.10546875,45579.58984375,47096.66796875,30988958446.0,-0.0010603958689597848,47096.9453125,43798.1171875,39974.89453125,31421.5390625,43537.51171875,49199.87109375,46272.80412946428,42554.165364583336,36706.00833333333,45932.837934027775,0.03976176045548519,0.03550376109401044,0.037781439850936384,0.04359192579071349,1777.515625,33466857270.285713,33272562588.95238,30992103501.65,50455350189.33889,-0.007125483657342668,0.048348422824813,0.0009668688220962895,-0.4869604724596819,1
2021-08-16,46004.484375,47998.09765625,45700.3203125,47019.9609375,32776876610.0,-0.02215910567498447,47047.00390625,46365.40234375,39201.9453125,31533.068359375,42909.40234375,52149.0078125,46221.244419642855,42966.877232142855,36838.524674479166,45898.70169270833,0.035059777947080664,0.03499213042776473,0.03790425814951735,0.04339769001554947,2297.77734375,32615828350.42857,32403741179.333332,30920106944.366665,50188440918.26111,0.05769532935789212,0.07698519200064391,0.047209816841904395,-0.480848631604188,1
2021-08-17,44695.359375,47139.5703125,44512.41796875,45936.45703125,33451362600.0,-0.028456465011732934,46004.484375,45585.03125,38152.98046875,31796.810546875,37002.44140625,51679.796875,46094.1484375,43218.70665922619,36986.99322916667,45859.89926215278,0.03621277925304079,0.034397489421492705,0.03722877222490793,0.04344505065421185,2627.15234375,32602305933.714287,32325359847.904762,30874281533.116665,50085088912.82222,0.020578104437023015,0.06736175420896262,0.06908994676810343,-0.4778876739510499,1
2021-08-18,44801.1875,45952.0625,44364.02734375,44686.75,32194123075.0,0.002367765389513554,44695.359375,45593.63671875,39747.50390625,30817.83203125,40782.73828125,55888.1328125,45980.94140625,43447.529575892855,37140.0818359375,45798.30512152778,0.03624676730175704,0.03435379069358465,0.03721030345648129,0.043016104212307685,1588.03515625,32298650791.142857,32015441675.52381,30890728922.383335,49911192391.47222,-0.03758410501938714,0.09284578812782596,0.05505059505956167,-0.48187225436267733,1
2021-08-19,46717.578125,46970.76171875,43998.31640625,44741.8828125,37204312299.0,0.04277544261522093,44801.1875,44428.2890625,40869.5546875,29807.34765625,37304.69140625,56099.51953125,46307.982700892855,43767.01320684524,37323.7365234375,45746.18322482639,0.03799070368663174,0.03524240928911117,0.037534938548339516,0.04313481427000898,2972.4453125,32795892430.142857,32493401974.190475,30899733559.8,49739297126.32222,0.15562434213002718,0.004808481818105781,0.033408948384992865,-0.5531114074767762,1
2021-08-20,49339.17578125,49342.15234375,46650.70703125,46723.12109375,34706867452.0,0.056115872471717454,46717.578125,47793.3203125,42816.5,32110.693359375,37536.6328125,57539.9453125,46528.81919642857,44105.28125,37618.11123046875,45700.62339409722,0.03246390828655752,0.035272934409358116,0.034776382342086604,0.043295749640713414,2691.4453125,33219122132.0,32571215521.42857,30598030707.433334,49643793138.88333,-0.06712783257297639,-0.005685295874087171,-0.042136030817929715,-0.5710090366990164,0
2021-08-21,48905.4921875,49717.01953125,48312.19921875,49327.07421875,40585205312.0,-0.008789842693618932,49339.17578125,47096.9453125,44555.80078125,32313.10546875,34770.58203125,54207.3203125,46787.18303571428,44451.91443452381,37891.44176432292,45671.16879340278,0.031952545031392485,0.035114709146136465,0.034759719230905504,0.04308239600440656,1404.8203125,34558243684.85714,33275137424.714287,30291711578.333332,49357864166.55,0.16937102918117897,-6.317989272353053e-05,-0.12394704838078163,-0.5596788800082046,0
2021-08-22,49321.65234375,49471.609375,48199.94140625,48869.10546875,25370975378.0,0.00850947690403503,48905.4921875,47047.00390625,43798.1171875,33581.55078125,38705.98046875,48824.42578125,47112.1328125,44896.998139880954,38151.41884765625,45673.931163194444,0.031813140305314055,0.033355014598246975,0.03453602002612797,0.04243370905357128,1271.66796875,33755674675.142857,33212401103.904762,29942609352.55,48909355736.29444,-0.37487133099463577,-0.009971691724199205,-0.1749328368475338,-0.5661356182071087,0
2021-08-23,49546.1484375,50482.078125,49074.60546875,49291.67578125,34305053719.0,0.004551674225862445,49321.65234375,46004.484375,46365.40234375,34292.4453125,38402.22265625,49705.33203125,47618.08482142857,45389.57924107143,38399.480696614584,45673.04680989583,0.0292000842225143,0.03268455064941749,0.03442765407341434,0.042415269012568084,1407.47265625,33973985690.714287,33627152926.904762,29962304112.6,48746075360.35555,0.3521377561521355,-0.050279671398524184,-0.1205268383784247,-0.5654942196408745,0
2021-08-24,47706.1171875,49878.76953125,47687.1171875,49562.34765625,35361168834.0,-0.037137725293038826,49546.1484375,44695.359375,45585.03125,35350.1875,39294.19921875,47093.8515625,48048.193080357145,45844.490513392855,38667.286328125,45676.448285590275,0.031266900787003754,0.03336677209556606,0.032676350475727256,0.0423223386750012,2191.65234375,34246815152.714287,34063883326.142857,29881141856.066666,48639712043.05,0.030785992164619858,-0.011307348392657346,-0.05892367052639835,-0.5515246095765693,0
2021-08-25,48960.7890625,49202.87890625,47163.61328125,47727.2578125,32646349931.0,0.02630002081428562,47706.1171875,44801.1875,45593.63671875,37337.53515625,38436.96875,46339.76171875,48642.421875,46283.21837797619,38946.8615234375,45691.00954861111,0.031628897575106465,0.03282380566898899,0.032743037040021405,0.04234501542710631,2039.265625,34311418989.285713,34410254145.52381,29782157929.566666,46871258756.672226,-0.07677401490161384,-0.0023235270698921395,-0.12501920781314002,-0.558812169687446,0
2021-08-26,46942.21875,49347.58203125,46405.78125,49002.640625,32666549568.0,-0.04122830434622349,48960.7890625,46717.578125,44428.2890625,39406.94140625,35697.60546875,46188.453125,48674.513392857145,46572.392857142855,39151.73776041667,45695.19713541667,0.034351527201922305,0.03440716323113117,0.032059267624197335,0.042461759702233044,2941.80078125,33663167170.57143,34290326457.47619,29734739740.8,46797678774.37222,0.0006187410550548833,0.05081787716414654,-0.09001758145486038,-0.568405157004855,1
2021-08-27,49058.66796875,49112.78515625,46394.28125,46894.5546875,34511076995.0,0.04508626296557394,46942.21875,49339.17578125,47793.3203125,39995.90625,34616.06640625,45137.76953125,48634.44084821428,46869.638950892855,39395.47662760417,45716.979904513886,0.03155098583944541,0.03426130675383128,0.03242163981137541,0.04255083890544346,2718.50390625,33635197105.285713,34113402359.809525,29745048961.516666,46692496494.06111,0.05646532772493651,0.01970512187297424,-0.11924761002431794,-0.5914740633802689,1
2021-08-28,48902.40234375,49283.50390625,48499.23828125,49072.5859375,28568103401.0,-0.003185280633781984,49058.66796875,48905.4921875,47096.9453125,40008.421875,35678.12890625,49631.2421875,48633.99944196428,47076.61997767857,39612.720377604164,45712.93079427083,0.03137281904954185,0.03343885163973843,0.032111671071898266,0.04191069845099854,784.265625,31918468260.857143,33567556705.52381,29589493017.466667,46551812067.888885,-0.17220481397497456,0.02131229972965132,-0.1363260607963166,-0.5988578574272816,1
2021-08-29,48829.83203125,49644.11328125,47925.85546875,48911.25,25889650240.0,-0.0014839825657210204,48902.40234375,49321.65234375,47047.00390625,42235.546875,37332.85546875,48378.98828125,48563.73939732143,47316.22544642857,39842.53697916667,45715.43548177083,0.03116973920959195,0.03309875711174515,0.03190458457076771,0.04186566529278444,1718.2578125,31992564669.714287,33071698871.714287,29453336586.483334,46431582915.22222,-0.09375677213861677,0.05987278684737185,-0.15964193891781542,-0.5843116124660281,1
2021-08-30,47054.984375,48925.60546875,46950.2734375,48834.8515625,31847007016.0,-0.0363476092875793,48829.83203125,49546.1484375,46004.484375,41626.1953125,36684.92578125,50538.2421875,48207.85881696428,47349.06268601191,40067.25143229167,45696.08404947917,0.03368443349263519,0.03197639672665158,0.03177057892805076,0.04182847708406034,1975.33203125,31641415140.714287,32743743060.61905,29353470752.1,46312839554.33889,0.23010572644955118,0.1185538759675766,-0.11668521765926099,-0.5792834944757115,1
2021-08-31,47166.6875,48189.55078125,46750.09375,47024.33984375,34730363427.0,0.0023738850726162664,47054.984375,47706.1171875,44695.359375,39974.89453125,37575.1796875,48561.16796875,48130.79743303572,47424.37965029762,40288.412109375,45688.33693576389,0.030965256011210095,0.03170897673695258,0.03177075588261641,0.04172323675224735,1439.45703125,31551300082.57143,32800140389.666668,29286827226.85,46214987036.26667,0.09053775161827282,-0.007538341414160099,-0.07157155076344934,-0.5749168590252389,0
2021-09-01,48847.02734375,49111.08984375,46562.4375,47099.7734375,39139399125.0,0.03562556399047523,47166.6875,48960.7890625,44801.1875,39201.9453125,39208.765625,48927.3046875,48114.54575892857,47579.303013392855,40524.7201171875,45687.890950520836,0.032508348458124725,0.03253454207583426,0.031928737549771664,0.04180137167622311,2548.65234375,32478878538.857143,33029649439.761906,29532751234.883335,46162284093.166664,0.12695046244671127,-0.05641360116671634,-0.014946373959712766,-0.587955670600797,0
2021-09-02,49327.72265625,50343.421875,48652.3203125,48807.84765625,39508070319.0,0.009840830417728652,48847.02734375,46942.21875,46717.578125,38152.98046875,36894.40625,48912.3828125,48455.33203125,47812.609375,40758.719140625,45690.19839409722,0.02693504927218602,0.03184798881097776,0.03189596648607262,0.04180662675339701,1691.1015625,33456238646.142857,33305099415.61905,29775813941.683334,46190864680.155556,0.009419439292426723,-0.059526380362462605,-0.03276523398947584,-0.5951612924939125,0
2021-09-03,50025.375,50982.2734375,48386.0859375,49288.25,43206179619.0,0.014143210068944922,49327.72265625,49058.66796875,49339.17578125,39747.50390625,35551.95703125,51206.69140625,48593.43303571428,47918.89769345238,41030.0419921875,45683.63552517361,0.021765360593754713,0.02760656378852799,0.031233006056301763,0.04167641269164571,2596.1875,34698396163.85714,33850905133.714287,30050557697.3,46191246459.272224,0.09360389586584095,-0.1027771374777301,-0.036489918866175364,-0.6035594357738447,0
2021-09-04,49944.625,50545.58203125,49548.78125,50009.32421875,37471327794.0,-0.0016141808032423821,50025.375,48902.40234375,48905.4921875,40869.5546875,35862.37890625,52246.5234375,48742.321986607145,48054.50148809524,41291.8658203125,45670.84720052083,0.02169900482222112,0.027348697704310487,0.031237203236700324,0.041650932408548405,996.80078125,35970285362.85714,34148999102.857143,30233392162.7,46129434791.19444,-0.1327322127429681,-0.09496853702976049,-0.01665289620754984,-0.5998225456568149,0
2021-09-05,51753.41015625,51868.6796875,49538.59765625,49937.859375,30322676319.0,0.03621581213694158,49944.625,48829.83203125,49321.65234375,42816.5,33560.70703125,54824.1171875,49159.97600446428,48278.61607142857,41590.1671875,45653.78771701389,0.024794698368811964,0.028256153886089593,0.03137497961137284,0.041576615108692615,2330.08203125,36603574802.71429,34117271382.52381,30325502976.733334,46015048396.38333,-0.1907765722714705,-0.10994716305303853,-0.004610278927120848,-0.6171774761521225,0
2021-09-06,52633.53515625,52700.94140625,51053.6796875,51769.00390625,38884105426.0,0.017006125728580734,51753.41015625,47054.984375,49546.1484375,44555.80078125,33472.6328125,56008.55078125,49956.911830357145,48594.28515625,41919.43658854167,45635.03763020833,0.014898578230678977,0.027665207157216168,0.0310285120756205,0.04156501389292309,1647.26171875,37608874575.57143,34408091802.333336,30475064784.733334,45912762439.78333,0.2823441116124523,-0.1457333412002284,0.051828440829630784,-0.6420976110985562,0
2021-09-07,46811.12890625,52853.765625,43285.20703125,52660.48046875,65210059683.0,-0.1106216071695616,52633.53515625,47166.6875,47706.1171875,43798.1171875,37345.12109375,57805.12109375,49906.11774553572,48695.03608630953,42136.321875,45573.95989583333,0.050673039107196755,0.037100929353152394,0.03450581244657872,0.04231382939767517,9568.55859375,41963116897.85714,35920410711.04762,31104632095.65,45959638640.272224,0.6770363871968379,0.006010606619069048,0.14942719033242713,-0.5879115785183628,1
2021-09-08,46091.390625,47334.0546875,44561.39453125,46827.76171875,49007762488.0,-0.015375366885328479,46811.12890625,48847.02734375,48960.7890625,46365.40234375,36702.59765625,57332.08984375,49512.455357142855,48756.474330357145,42345.83639322917,45511.51156684028,0.04832331840355237,0.03731462407904834,0.03456827213089299,0.04232473334977812,2772.66015625,43372883092.57143,36721060206.90476,31538563579.316666,45922515405.75,-0.24846315543587627,0.04523528153474965,0.1708878149356119,-0.5806194232314943,1
2021-09-09,46391.421875,47261.94921875,45669.73828125,45774.7421875,38672657013.0,0.006509485739778498,46091.390625,49327.72265625,46942.21875,45585.03125,37334.3984375,61243.0859375,49092.98381696428,48740.943080357145,42548.35696614583,45429.00232204861,0.04814358450138301,0.03615613264858901,0.034508045670056935,0.04201532422135953,1592.2109375,43253538334.57143,36790981383.7619,31847962373.366665,45800308890.18889,-0.21088711155769757,0.030004199995217418,0.1848790236341511,-0.5391140974001457,1
2021-09-10,44883.91015625,47031.7421875,44344.484375,46396.6640625,39154666597.0,-0.032495484247323514,46391.421875,50025.375,49058.66796875,45593.63671875,35552.515625,59302.31640625,48358.48883928572,48528.78757440476,42743.82467447917,45348.900065104164,0.04784690644403445,0.03444792242146454,0.034523367816151514,0.04201869222358365,2687.2578125,42674750760.0,37002781343.04762,32095181824.366665,45773939118.15,0.012463834171982713,0.05310609897181795,0.22029426434392674,-0.5169641195023864,1
2021-09-11,45201.45703125,45969.29296875,44818.265625,44869.83984375,34499835245.0,0.0070748487352050304,44883.91015625,49944.625,48902.40234375,44428.2890625,39097.859375,55907.19921875,47680.89341517857,48352.404947916664,42952.14853515625,45289.423719618055,0.04834220124436206,0.03450946731495513,0.03443021095569271,0.04180773156904504,1151.02734375,42250251824.42857,36713001816.04762,32351498133.966667,45596608370.12222,-0.11888318191826075,0.06807095284279852,0.2717463736347685,-0.5183948197881135,1
2021-09-12,46063.26953125,46364.87890625,44790.4609375,45206.62890625,27881980161.0,0.019066033632592516,45201.45703125,51753.41015625,48829.83203125,47793.3203125,40218.4765625,56804.90234375,46868.01618303572,48197.243861607145,43172.83056640625,45229.74798177083,0.04579386092964948,0.034763825755069915,0.0344699620210662,0.04181491123072483,1574.41796875,41901580944.71429,36832573472.38095,32459922283.15,45419564934.35555,-0.19182280254393724,0.025984894926704527,0.2166105264354048,-0.5143538561982979,1
2021-09-13,44963.07421875,46598.6796875,43591.3203125,46057.21484375,40969943253.0,-0.023884438158555232,46063.26953125,52633.53515625,47054.984375,47096.9453125,40406.26953125,58870.89453125,45772.236049107145,47979.002232142855,43392.536295572914,45152.482313368055,0.043499672614253374,0.035022049851464974,0.03433798058295369,0.041760956350430825,3007.359375,42199557777.14286,37149949164.47619,32787745933.416668,45312407323.58889,0.46940579601684185,-0.04713364186775837,0.27662751387922735,-0.548591652507913,0
2021-09-14,47092.4921875,47218.125,44752.33203125,44960.05078125,38652152880.0,0.0473592610325122,44963.07421875,46811.12890625,47166.6875,47047.00390625,38347.0625,57858.921875,45812.43080357143,47949.78199404762,43653.71884765625,45092.66881510417,0.027543697028852804,0.03586894071734513,0.03465958482538232,0.04189482800131221,2465.79296875,38405571091.0,37306662690.47619,33036957199.45,45217441278.477776,-0.056572945651573,-0.135877633758964,0.21721150813749346,-0.5701843562842339,0
2021-09-15,48176.34765625,48450.46875,46773.328125,47098.0,30484496466.0,0.023015462091804384,47092.4921875,46091.390625,48847.02734375,46004.484375,38053.50390625,58346.65234375,46110.28180803572,47912.427641369046,43931.1068359375,45036.16712239583,0.02752014405214892,0.0357555863039891,0.034714389763287924,0.04192583143662254,1677.140625,35759390230.71429,37203717287.38095,33230115158.183334,45114222515.58889,-0.21131181073813454,-0.09552072889761698,0.27851014481707637,-0.591060512140253,0
2021-09-16,47783.359375,48486.828125,47079.55859375,48158.90625,31764293754.0,-0.008157286726135138,48176.34765625,46391.421875,49327.72265625,44695.359375,35787.24609375,58313.64453125,46309.13002232143,47952.48195684524,44197.54931640625,44977.665538194444,0.0280863376375244,0.03456379748819194,0.034774366832769285,0.041930036765348885,1407.26953125,34772481193.71429,37160752724.809525,33446386942.966667,45010903418.54444,0.041981906751432874,-0.06044492803620505,0.2743386083348185,-0.5862035603398803,0
2021-09-17,47267.51953125,48160.921875,46832.5234375,47771.00390625,28727713711.0,-0.010795386730801604,47783.359375,44883.91015625,50025.375,44801.1875,35615.87109375,57523.421875,46649.64564732143,47867.189174107145,44471.710774739586,44920.68830295139,0.02424905667072264,0.033157696536943684,0.034496839050819475,0.04192564659984966,1328.3984375,33282916495.714287,36885354473.190475,33584602345.733334,44881927302.833336,-0.09559727870913581,-0.09367467502335647,0.30223920776729196,-0.5741774399951738,0
2021-09-18,48278.36328125,48791.78125,47087.28515625,47273.52734375,28575630451.0,0.021385589090024082,47267.51953125,45201.45703125,49944.625,46717.578125,35698.296875,54529.14453125,47089.20368303572,47837.47302827381,44779.56103515625,44885.96174045139,0.024787947225670664,0.03351664947564207,0.03412501899783965,0.04177538240222853,1704.49609375,32436601525.142857,36885712904.14286,33675058399.166668,44726672722.15,-0.0052939562657144945,-0.11520211443062822,0.2847593395754002,-0.5977596476035258,0
2021-09-19,47260.21875,48328.3671875,46919.8046875,48268.85546875,26967722648.0,-0.021089044077959085,48278.36328125,46063.26953125,51753.41015625,49339.17578125,31676.693359375,54738.9453125,47260.19642857143,47762.72953869047,45032.053125,44844.41325954861,0.0268252779045116,0.03383001195002859,0.03311998812241155,0.04180455007410343,1408.5625,32305993309.0,36937049685.47619,33654470033.983334,44562965492.89445,-0.05626849793418054,-0.08573129356283393,0.3597480901947794,-0.5864570790576377,0
2021-09-20,42843.80078125,47328.19921875,42598.9140625,47261.40625,43909845642.0,-0.09344895316951951,47260.21875,44963.07421875,52633.53515625,48905.4921875,32505.66015625,52774.265625,46957.443080357145,47562.196986607145,45207.564713541666,44789.24401041667,0.04535364035929812,0.0387509783827135,0.035568884839662,0.04229828864968999,4729.28515625,32725979364.57143,37511470572.42857,34060380286.05,44414868947.64445,0.6282370675173223,-0.014192725701546838,0.5403123610447946,-0.559077656089576,0
2021-09-21,40693.67578125,43607.609375,39787.609375,43012.234375,48701090088.0,-0.050185206746199196,42843.80078125,47092.4921875,46811.12890625,49321.65234375,33723.02734375,51704.16015625,46043.326450892855,47253.958333333336,45326.10013020833,44728.07465277778,0.041018447163355315,0.04001523092523325,0.035995149327781535,0.04243587741423932,3820.0,34161541822.857143,38176743270.57143,34496197684.316666,44307653821.23889,0.10911549280002819,0.008376416751643134,0.5287429970546906,-0.5442190946247503,1
2021-09-22,43574.5078125,43978.62109375,40625.6328125,40677.953125,38139709246.0,0.07079311406361999,40693.67578125,48176.34765625,46091.390625,49546.1484375,34662.4375,55137.3125,45385.92075892857,47002.88597470238,45480.801171875,44663.83684895833,0.051884708540886046,0.04251164278913227,0.036957070730982054,0.04247577123085986,3352.98828125,35255143648.57143,38129138990.61905,34770781057.333336,44204806661.61667,-0.21686128222009415,-0.04613120450836994,0.3928388103924725,-0.5544745825980177,0
2021-09-23,44895.09765625,44942.17578125,43109.33984375,43560.296875,34244064430.0,0.0303064775724482,43574.5078125,47783.359375,46391.421875,47706.1171875,31637.779296875,55973.51171875,44973.31194196428,46791.80859375,45639.8830078125,44602.29010416667,0.05446443669228765,0.043088373058069236,0.03695067587595393,0.04252173899324662,1832.8359375,35609396602.28571,37878472043.52381,34993904043.05,44132459562.71111,-0.10214143980157808,-0.024595182606675592,0.36749044756678884,-0.5701615615221073,0
2021-09-24,42839.75,45080.4921875,40936.55859375,44894.30078125,42839345714.0,-0.04578111561282838,44895.09765625,47267.51953125,44883.91015625,48960.7890625,32186.27734375,55950.74609375,44340.7734375,46449.63597470238,45731.586588541664,44529.45123697917,0.05638061750455038,0.043835031893176085,0.03688512623865872,0.04265655106848279,4143.93359375,37625344031.28571,37861003762.333336,34857524368.083336,44105530478.244446,0.25100061651764616,0.12318445850524329,0.4222967206274546,-0.5579569974439627,1
2021-09-25,42716.59375,42996.2578125,41759.921875,42840.890625,31604717236.0,-0.002874812528084303,42839.75,48278.36328125,45201.45703125,46942.21875,34649.64453125,57750.19921875,43546.23493303572,46105.444010416664,45786.7474609375,44445.93120659722,0.05466469887876748,0.04382899137828374,0.036242169937457415,0.042586239810032726,1236.3359375,38058070714.85714,37581641354.809525,34799313479.35,43960970090.51667,-0.2622502349359761,0.1169310118798974,0.47576898541330914,-0.5598408954073029,1
2021-09-26,43208.5390625,43919.30078125,40848.4609375,42721.62890625,30661222077.0,0.011516492054097771,42716.59375,47260.21875,46063.26953125,49058.66796875,34434.3359375,58917.69140625,42967.423549107145,45698.54538690476,45840.291341145836,44358.65813802083,0.055544823524147996,0.04294865785715587,0.036224103938679815,0.04256722782364851,3070.83984375,38585713490.42857,37597762581.38095,34665293769.05,43829009566.32222,-0.029852985298197576,0.11551915826823156,0.3970338798410977,-0.5551186804257622,1
2021-09-27,42235.73046875,44313.24609375,42190.6328125,43234.18359375,30980029059.0,-0.02251426719942695,43208.5390625,42843.80078125,44963.07421875,48902.40234375,35867.77734375,58918.83203125,42880.556361607145,45203.411830357145,45877.41315104167,44265.97424045139,0.04316921869443624,0.042679207249759696,0.03636110075681421,0.042597890451055165,2122.61328125,36738596835.71429,37221377992.47619,34728841819.583336,43637116248.73333,0.010397725870135766,0.1628282925067055,0.3846661599003436,-0.5475265453467226,1
2021-09-28,41034.54296875,42775.14453125,40931.6640625,42200.8984375,30214940550.0,-0.02844007873591181,42235.73046875,40693.67578125,47092.4921875,48829.83203125,35040.8359375,59095.80859375,42929.251674107145,44928.33630952381,45857.39641927083,44165.63387586806,0.03970415202938364,0.0362265656300914,0.03585758694730221,0.04264608154609542,1843.48046875,34097718330.285713,35554943748.04762,34681211112.75,43462370564.05556,-0.024696184356151618,0.2554011516402481,0.4773440212290654,-0.526576408614579,1
2021-09-29,41564.36328125,42545.2578125,40829.66796875,41064.984375,30602359905.0,0.012911568502261384,41034.54296875,43574.5078125,48176.34765625,47054.984375,33572.1171875,59384.3125,42642.088169642855,44712.763578869046,45856.365885416664,44066.63415798611,0.02692593524708853,0.03637129104082419,0.0358428025539516,0.04265658546566439,1715.58984375,33020954138.714287,34678496006.0,34761203022.11667,43306117782.30556,0.012822112105727701,0.3319450810334912,0.4971470733877814,-0.5290905661466117,1
2021-09-30,43790.89453125,44092.6015625,41444.58203125,41551.26953125,31141681925.0,0.05356827518164842,41564.36328125,44895.09765625,47783.359375,47166.6875,33897.046875,57603.890625,42484.34486607143,44588.92894345238,45919.96588541667,43989.89529079861,0.03296985042032625,0.038458607615246956,0.0360870467871275,0.04279455700889498,2648.01953125,32577756638.0,34319878144.666668,34835423752.28333,43147786323.64445,0.01762354346770101,0.22870256364831842,0.4132808359757294,-0.5562595998436819,1
2021-10-01,48116.94140625,48436.01171875,43320.0234375,43816.7421875,42850641582.0,0.09878873042688929,43790.89453125,42839.75,47267.51953125,48847.02734375,34668.546875,58758.5546875,43238.22935267857,44742.8828125,46068.549153645836,43930.77521701389,0.04489315082531575,0.04358744512815422,0.03806214557948367,0.04340494318829103,5115.98828125,32579370333.42857,34495876953.47619,35123013354.71667,43103902871.48889,0.37598995729258444,0.12159763440907345,0.27437354160846894,-0.5986424918393396,1
2021-10-02,47711.48828125,48282.0625,47465.49609375,48137.46875,30614346492.0,-0.008426411013467638,48116.94140625,42716.59375,48278.36328125,49327.72265625,35287.78125,59057.87890625,43951.78571428572,44862.408110119046,46227.8576171875,43867.73971354167,0.04536102586280398,0.04366785984943262,0.037883104860269266,0.04340748747124596,816.56640625,32437888798.57143,34310853679.52381,35196755288.75,42936725506.916664,-0.2855568700548937,0.1520961646013419,0.278610423770284,-0.6008485983582472,1
2021-10-03,48199.953125,49130.69140625,47157.2890625,47680.02734375,26638115879.0,0.010237887379882071,47711.48828125,43208.5390625,47260.21875,50025.375,33746.00390625,58192.359375,44664.84486607143,44964.154947916664,46368.731770833336,43812.22634548611,0.04538828195645109,0.04355267019189644,0.03757355571701765,0.04340096298609877,1973.40234375,31863159341.714287,34251622047.04762,35217847841.333336,42717725995.2,-0.1298812834054469,0.13634090022779466,0.31175236166269604,-0.5928713866747147,1
2021-10-04,49112.90234375,49456.77734375,47045.00390625,48208.90625,33383173002.0,0.018940873580984396,48199.953125,42235.73046875,42843.80078125,49944.625,34235.1953125,56048.9375,45647.29799107143,45161.76581101191,46506.1208984375,43773.69281684028,0.04201489121798841,0.04322930827203679,0.03749072613438971,0.043336316412690694,2411.7734375,32206465619.285713,33890347273.190475,35187816874.416664,42482936380.85555,0.2532107433438049,0.17046206432993238,0.28214876071182604,-0.5859164745007577,1
2021-10-05,51514.8125,51839.984375,49072.83984375,49174.9609375,35873904236.0,0.048905889117254686,49112.90234375,41034.54296875,40693.67578125,51753.41015625,33855.328125,58323.953125,47144.47935267857,45372.35249255953,46651.0927734375,43735.8642578125,0.03614201360016104,0.043306152622510405,0.03751622419385262,0.043384015740075575,2767.14453125,33014889003.0,33758049718.714287,35148607227.583336,42387492206.38333,0.07461038032097123,0.08786300238887601,0.19290408887249666,-0.6086423337583728,1
2021-10-06,55361.44921875,55568.46484375,50488.19140625,51486.6640625,49034730168.0,0.0746704982911468,51514.8125,41564.36328125,43574.5078125,52633.53515625,32877.37109375,58245.00390625,49115.49162946428,45714.50018601191,46831.1869140625,43719.84450954861,0.03776282394751018,0.045767250708383625,0.03833155756451813,0.04373691316289028,5080.2734375,35648084754.85714,34641394180.71429,35298671694.7,42400711770.95,0.3668634962456334,0.03684239604062256,0.10411986398195205,-0.6395426123957675,1
2021-10-07,53805.984375,55338.625,53525.46875,55338.625,36807860413.0,-0.02809653406297008,55361.44921875,43790.89453125,44895.09765625,46811.12890625,33798.01171875,59793.234375,50546.21875,46001.29185267857,46997.984700520836,43686.58200954861,0.0455445126662112,0.0463147907174136,0.03846280744078344,0.043745857661391475,1813.15625,36457538824.57143,34881564021.61905,35307091622.416664,42281652825.88333,-0.24935121929108195,0.06533732452506591,0.14350626948733347,-0.636716067247399,1
2021-10-08,53967.84765625,55922.98046875,53688.0546875,53802.14453125,34800873924.0,0.0030082765538104184,53805.984375,48116.94140625,42839.75,46091.390625,33520.51953125,60204.96484375,51382.0625,46320.35509672619,47124.692122395834,43651.93135850695,0.034807386945544555,0.04615197329387871,0.03779263569797815,0.043743586384242354,2234.92578125,35307572016.28571,35170762127.0,35241538203.666664,42217878500.01667,-0.05452602967085696,0.14130823988154395,0.17342067604054479,-0.6402197011255761,1
2021-10-09,54968.22265625,55397.9453125,53735.14453125,53929.78125,32491211414.0,0.01853649985027972,53967.84765625,47711.48828125,42716.59375,46391.421875,34240.1875,59893.453125,52418.73883928572,46638.919828869046,47281.07864583333,43624.56896701389,0.03296329790149436,0.04611279615408488,0.03775010141666469,0.04376255508203188,1662.80078125,35575695576.57143,35357218363.333336,35223958068.61667,42110448071.655556,-0.06636794567412196,0.10777057625268571,0.22919797766678407,-0.6462242211675566,1
2021-10-10,54771.578125,56401.3046875,54264.2578125,54952.8203125,39527792364.0,-0.003577422040362044,54968.22265625,48199.953125,43208.5390625,44883.91015625,33155.84765625,63503.45703125,53357.54241071428,46996.603608630954,47434.0443359375,43576.05852864583,0.03410105117060263,0.04573230026098942,0.03775938460456134,0.043533367006877745,2137.046875,37417077931.57143,35955316921.2381,35310759456.8,41941249949.44444,0.21656874717105934,0.1238240579269414,0.22274782684107652,-0.650521583816424,1
2021-10-11,57484.7890625,57793.0390625,54519.765625,54734.125,42637331698.0,0.04953684064585273,54771.578125,49112.90234375,42235.73046875,45201.45703125,32702.025390625,63109.6953125,54553.52622767857,47693.79352678572,47651.652669270836,43544.80904947917,0.03601250718355383,0.04017292648515687,0.03801464153932777,0.04368607092345785,3273.2734375,38739100602.42857,35894721019.14286,35459321304.666664,41747836349.505554,0.07866716424143183,0.07899983868015092,0.13065093442518005,-0.6685833195275979,1
2021-10-12,56041.05859375,57627.87890625,54477.97265625,57526.83203125,41083758949.0,-0.025114999851183484,57484.7890625,51514.8125,41034.54296875,46063.26953125,32822.34765625,63314.01171875,55200.1328125,48424.62127976191,47789.114973958334,43504.40375434028,0.038045093912321686,0.038480535705000214,0.03705198293681806,0.043727009606526784,3149.90625,39483365561.42857,35531990964.90476,35614979628.166664,41637444001.56111,-0.03643691307898789,0.1466948305410285,0.1589709860467119,-0.6581534005027425,1
2021-10-13,57401.09765625,57688.66015625,54370.97265625,56038.2578125,41684252783.0,0.02426861834211813,56041.05859375,55361.44921875,41564.36328125,44963.07421875,31780.73046875,61572.7890625,55491.51116071428,49083.03031994047,47960.850846354166,43481.22769097222,0.027737062311395083,0.03645683309969385,0.037073116382126396,0.04371352039413456,3317.6875,38433297363.57143,35700778752.38095,35789527933.85,41400728697.755554,0.014616331352382606,0.14967898928870937,0.11767795435640971,-0.6623251978045661,1
2021-10-14,57321.5234375,58478.734375,56957.07421875,57372.83203125,36615791366.0,-0.001386283921372633,57401.09765625,53805.984375,43790.89453125,47092.4921875,31421.5390625,60683.8203125,55993.73102678572,49674.76488095238,48132.09283854167,43462.548263888886,0.02391782552703639,0.0363964746259738,0.0370738916409029,0.04369931566176286,1521.66015625,38405858928.28571,35813718130.28571,35883308482.51667,41236712209.8,-0.12159175416638535,0.0852846914096812,0.12470017329605265,-0.6652975165442191,1
2021-10-15,61593.94921875,62757.12890625,56868.14453125,57345.90234375,51780081801.0,0.07453440740995654,57321.5234375,53967.84765625,48116.94140625,48176.34765625,31533.068359375,56216.18359375,57083.174107142855,50567.821986607145,48391.917252604166,43492.42473958333,0.033945926772796356,0.03626300484022653,0.038008312073560375,0.04368806026320337,5888.984375,40831460053.57143,36239467467.7619,36200028569.03333,40982885593.37222,0.4141461885507949,-0.01463915863793186,0.06287777734863997,-0.6904300664679484,0
2021-10-16,60892.1796875,62274.4765625,60206.12109375,61609.52734375,34250964237.0,-0.01139348166745524,61593.94921875,54968.22265625,47711.48828125,47783.359375,31796.810546875,55724.265625,57929.45368303572,51433.326078869046,48661.8642578125,43521.13537326389,0.03592122862050741,0.03655521866597081,0.037812591967163564,0.04369195584365893,2068.35546875,41082853314.0,36365479229.71429,36213355262.98333,40810141699.361115,-0.3385301249883593,0.008234842348777693,0.04377723740438233,-0.6835703065831396,1
2021-10-17,61553.6171875,61645.5234375,59164.46875,60887.65234375,29032367511.0,0.01086243756414218,60892.1796875,54771.578125,48199.953125,47267.51953125,30817.83203125,56473.03125,58898.31640625,52306.90122767857,48941.07141927083,43549.360850694444,0.03506307244166909,0.03656097651205773,0.03781514661681038,0.0436884302904832,2481.0546875,39583506906.42857,36287914726.57143,36160659336.916664,40594491941.33889,-0.15236349814533257,-0.010117703531588251,-0.02262045932262058,-0.6823784091689372,0
2021-10-18,62026.078125,62614.66015625,60012.7578125,61548.8046875,38055562075.0,0.007675599893030238,61553.6171875,57484.7890625,49112.90234375,48278.36328125,29807.34765625,53906.08984375,59547.071986607145,53249.298735119046,49196.2130859375,43594.47189670139,0.032098998093305166,0.03548196842096036,0.03750706683848113,0.043549136406893535,2601.90234375,38928968388.85714,36624844870.190475,36174846833.183334,40500763883.611115,0.3107977522184928,0.01634386897245088,-0.026731762774175882,-0.688285692081632,1
2021-10-19,64261.9921875,64434.53515625,61622.93359375,62043.1640625,40471196346.0,0.036047967727284025,62026.078125,56041.05859375,51514.8125,47260.21875,32110.693359375,51762.2734375,60721.49107142857,54355.36774553572,49444.92669270833,43663.914778645834,0.02865896209314361,0.03392287548208573,0.03713505170190063,0.04351216482374931,2811.6015625,38841459445.57143,37113238003.333336,36270918981.416664,40310055914.54444,0.06347651011537447,-0.06066103906919129,-0.11390645106974806,-0.7021639929803958,0
2021-10-20,65992.8359375,66930.390625,63610.67578125,64284.5859375,40788955582.0,0.026934175102288238,64261.9921875,57401.09765625,55361.44921875,42843.80078125,32313.10546875,51093.65234375,61948.88225446428,55518.62834821428,49729.71575520833,43746.68802083333,0.02874137347340174,0.033870543927145606,0.037194989649831006,0.04353645294918114,3319.71484375,38713559845.42857,37598313987.95238,36274314819.25,40055168627.111115,0.007851491052633719,-0.11380703847706952,-0.11930473513756168,-0.7112756261540226,0
2021-10-21,62210.171875,66600.546875,62117.41015625,66002.234375,45908121370.0,-0.057319313661295834,65992.8359375,57321.5234375,53805.984375,40693.67578125,33581.55078125,50050.8671875,62647.26060267857,56395.73679315476,49944.5244140625,43814.23971354167,0.04099330798122034,0.037301627657771556,0.03807100513222158,0.04373083541746646,4483.13671875,40041035560.28571,38301477771.04762,36616600585.78333,40037910997.05,0.1255037231269307,-0.025526937289947815,-0.04039494646549713,-0.6918113521929568,0
2021-10-22,60692.265625,63715.0234375,60122.796875,62237.890625,38434082775.0,-0.024399647264276236,62210.171875,61593.94921875,53967.84765625,43574.5078125,34292.4453125,49004.25390625,62518.44866071428,56994.56175595238,50130.29303385417,43879.173111979166,0.032128061094683545,0.03335782472777466,0.03825457307056698,0.043741891861593434,3592.2265625,38134464270.85714,38091165446.90476,36685417736.71667,39995227488.91111,-0.16280427889354077,0.025303046490942505,-0.0323235430791351,-0.6835150367955143,1
2021-10-23,61393.6171875,61743.87890625,59826.5234375,60694.62890625,26882546034.0,0.011555863919028075,60692.265625,60892.1796875,54968.22265625,44895.09765625,35350.1875,54021.75390625,62590.08258928572,57646.091703869046,50358.41803385417,43920.12790798611,0.03213972478071322,0.03304028645540228,0.03787932655106838,0.0430981944191255,1917.35546875,37081833099.0,37913460663.190475,36544107356.71667,39820774745.62778,-0.3005545054535258,0.008066226856084713,-0.08314102277784119,-0.6812859592106926,1
2021-10-24,60930.8359375,61505.8046875,59643.34375,61368.34375,27316183882.0,-0.007537937512081094,61393.6171875,61553.6171875,54771.578125,42839.75,37337.53515625,55033.1171875,62501.11383928572,58252.32421875,50557.91881510417,43952.89301215278,0.032010255508113254,0.0333300389603132,0.03780748705095515,0.04308449915300546,1862.4609375,36836664009.14286,37945749615.71429,36455271255.9,39697818974.1,0.01613083252797387,0.006369863268380405,-0.05517340550190941,-0.6824994771864155,1
2021-10-25,63039.82421875,63729.32421875,60691.80078125,60893.92578125,31064911614.0,0.0346128236844363,60930.8359375,62026.078125,57484.7890625,42716.59375,39406.94140625,54824.703125,62645.93470982143,58915.51097470238,50826.212239583336,43998.53257378472,0.03473139781650442,0.03367289715230625,0.03752427795440964,0.043153207689595734,3037.5234375,35837999657.57143,37835356216.28571,36428577290.0,39603731966.65,0.13723467919946986,-0.03228781161709848,-0.1072242589707213,-0.6812196469307751,0
2021-10-26,60363.79296875,63229.02734375,59991.16015625,63032.76171875,34878965587.0,-0.04244985266320056,63039.82421875,64261.9921875,56041.05859375,43208.5390625,39995.90625,53555.109375,62089.049107142855,59336.89099702381,51014.63098958333,44036.35859375,0.03489522775815942,0.03462111080422992,0.0376653697804797,0.043239187622638106,3237.8671875,35039109549.14286,37787978185.38095,36434708766.53333,39541454387.8,0.12277691372156108,0.04742262263873909,-0.05117493665199624,-0.6559122549339678,1
2021-10-27,58482.38671875,61435.18359375,58208.1875,60352.0,43657076893.0,-0.03116779376295975,60363.79296875,65992.8359375,57401.09765625,42235.73046875,40008.421875,57750.17578125,61016.12779017857,59485.50706845238,51174.29739583333,44040.426432291664,0.03187716764833434,0.03206095208476445,0.037930219609116016,0.042922765132587824,3226.99609375,35448841165.0,37531899458.0,36686191658.066666,39492905192.844444,0.25167349886292945,0.07673524300285117,-0.0840017203363379,-0.6531291372382351,1
2021-10-28,60622.13671875,62128.6328125,58206.91796875,58470.73046875,45257083247.0,0.03658793903693369,58482.38671875,62210.171875,57321.5234375,41034.54296875,42235.546875,57828.05078125,60789.265625,59810.08575148809,51370.83580729167,44055.94913194444,0.03167962993757533,0.032020995473362464,0.03815982584555149,0.043004678972012295,3921.71484375,35355835718.85714,37934243402.47619,37008982208.183334,39506353281.10555,0.036649415578635436,0.013692914749130924,-0.09579105765755558,-0.6602668154365796,1
2021-10-29,62227.96484375,62927.609375,60329.96484375,60624.87109375,36856881767.0,0.02648913766352501,60622.13671875,60692.265625,61593.94921875,41564.36328125,41626.1953125,56631.078125,61008.65122767857,60203.42466517857,51623.71881510417,44087.04294704861,0.031857643007226814,0.03231327267993366,0.037885747233830674,0.04301432963192275,2597.64453125,35130521289.14286,38032148537.85714,37092480120.7,39499017039.06111,-0.1856107569759664,-0.01771372509558633,-0.08002041887442712,-0.6654482174569951,0
2021-10-30,61888.83203125,62330.14453125,60918.38671875,62239.36328125,32157938616.0,-0.005449845794435637,62227.96484375,61393.6171875,60892.1796875,43790.89453125,39974.89453125,57200.29296875,61079.396205357145,60532.97749255953,51869.087890625,44113.09038628472,0.03183496434223623,0.03232015160372212,0.03790972302292124,0.04301253369009052,1411.7578125,35884148800.85714,38016278404.61905,37049606373.85,39390377036.755554,-0.12749160877758314,-0.00583872001846053,-0.06596126459356533,-0.6665698343571049,0
2021-10-31,61318.95703125,62406.171875,60074.328125,61850.48828125,32241199927.0,-0.009208042570786446,61888.83203125,60930.8359375,61553.6171875,48116.94140625,39201.9453125,53333.5390625,61134.842075892855,60844.75744047619,52076.953385416666,44157.45381944445,0.031920860520929316,0.03242812545108265,0.03774231143362481,0.04270861003554719,2331.84375,36587722521.57143,37669297812.38095,36934636387.21667,39188579775.422226,0.002589137071073777,0.03274731579300427,-0.07034580264960633,-0.6657514343067719,1
2021-11-01,61004.40625,62419.00390625,59695.18359375,61320.44921875,36150572843.0,-0.005129747739996526,61318.95703125,63039.82421875,62026.078125,47711.48828125,38152.98046875,57424.0078125,60844.068080357145,61012.35825892857,52271.564778645836,44177.344921875,0.02835247263027752,0.03090767605984451,0.03775589875696669,0.042339671759846216,2723.8203125,37314245554.28571,37360404533.57143,36878678095.95,39004742309.28889,0.12125395223662694,0.1075729160957124,-0.06187386054593391,-0.6642001013246481,1
2021-11-02,63226.40234375,64242.79296875,60673.0546875,60963.25390625,37746665647.0,0.03642353446805324,61004.40625,60363.79296875,64261.9921875,48199.953125,39747.50390625,56396.515625,61253.01227678572,61354.517485119046,52491.58190104167,44215.288736979164,0.026276091850855655,0.03099741922060083,0.037963821970428635,0.04239610169695725,3569.73828125,37723916991.42857,37201495328.71429,36787686196.416664,38828205534.51667,0.04415124515264934,0.05923831884165787,-0.10673683283146829,-0.6811537085939734,1
2021-11-03,62970.046875,63516.9375,61184.23828125,63254.3359375,36124731509.0,-0.004054563588107407,63226.40234375,58482.38671875,65992.8359375,49112.90234375,40869.5546875,57356.40234375,61894.10658482143,61619.70554315476,52708.672265625,44246.47565104167,0.02123882470826007,0.0307881686356989,0.037971924501070516,0.04238220233593444,2332.69921875,36647867650.85714,36936756220.42857,36765242925.0,38648709468.58889,-0.04296893805582813,0.03216106219152315,-0.14882950301519848,-0.6790539425614808,1
2021-11-04,61452.23046875,63123.2890625,60799.6640625,62941.8046875,32615846901.0,-0.024103783966732184,62970.046875,60622.13671875,62210.171875,51514.8125,42816.5,58803.77734375,62012.69140625,61816.40587797619,52870.31927083333,44261.18927951389,0.021348626387428838,0.03141170000272011,0.03791868976980208,0.04238686879594759,2323.625,34841976744.28571,36746282674.47619,36803462434.7,38466669836.73889,-0.09713247577011908,0.05691787656965008,-0.19936668287378456,-0.6558752984644896,1
2021-11-05,61125.67578125,62541.46875,60844.609375,61460.078125,30605102446.0,-0.005313959884109654,61452.23046875,62227.96484375,60692.265625,55361.44921875,44555.80078125,58232.31640625,61855.22154017857,61794.107142857145,53011.85494791667,44277.26349826389,0.018496180444914672,0.026933057601016875,0.037894193345817805,0.04238183338220984,1696.859375,33948865412.714287,35737950324.2381,36665479051.7,38270549903.95556,-0.06164930995363338,0.049574349670086004,-0.19233861997819168,-0.6518207588834812,1
2021-11-06,61527.48046875,61590.68359375,60163.78125,61068.875,29094934221.0,0.006573419146120196,61125.67578125,61888.83203125,61393.6171875,53805.984375,43798.1171875,55859.796875,61803.599888392855,61824.35956101191,53257.12747395833,44308.75062934028,0.018723188118109066,0.02683877565269166,0.03482353509894145,0.04226700291581357,1426.90234375,33511293356.285713,35492425085.38095,36063560294.0,38033429836.861115,-0.0493436748876942,0.04781679426145646,-0.17788564370531845,-0.65988390604173,1
2021-11-07,63326.98828125,63326.98828125,61432.48828125,61554.921875,24726754302.0,0.029247220896912562,61527.48046875,61318.95703125,60930.8359375,53967.84765625,46365.40234375,56704.57421875,62090.46149553572,61908.80580357143,53544.387434895834,44345.54181857639,0.021274332745184935,0.027474391311122465,0.03485404251651,0.042305652196711584,1894.5,32437801124.142857,35287395884.95238,35658876824.23333,37830198492.28889,-0.15013541140255116,0.03379051523809129,-0.19939211837567528,-0.6746597783120829,1
2021-11-08,67566.828125,67673.7421875,63344.06640625,63344.06640625,41125608330.0,0.06695154718111462,63326.98828125,61004.40625,63039.82421875,54968.22265625,45585.03125,49150.53515625,63027.95033482143,62172.651041666664,53897.310872395836,44447.85455729167,0.03092109897476237,0.030943348238338688,0.03573423173756839,0.041364728657027,4329.67578125,33148520479.42857,35433588563.7619,35699759346.183334,37640810739.083336,0.6632028541923756,-0.05933321339035402,-0.25252082602478976,-0.7255861789149955,0
2021-11-09,66971.828125,68530.3359375,66382.0625,67549.734375,42357991721.0,-0.008806096371717143,67566.828125,63226.40234375,60363.79296875,54771.578125,45593.63671875,49716.19140625,63563.01116071428,62301.69084821428,54265.44283854167,44543.71920572917,0.030445446909857943,0.030198643059973482,0.035420964957788514,0.04136806519543225,2148.2734375,33807281347.142857,35523435962.57143,35753148098.25,37338793176.833336,0.029966326117564224,-0.10169323761833626,-0.288176500053544,-0.7628737229063434,0
2021-11-10,64995.23046875,68789.625,63208.11328125,66953.3359375,48730828378.0,-0.029513867421399387,66971.828125,62970.046875,58482.38671875,57484.7890625,44428.2890625,49880.53515625,63852.32310267857,62254.185825892855,54595.3390625,44627.68973524305,0.033574843629352244,0.030417253456663892,0.035738523433985155,0.041436812403291945,5581.51171875,35608152328.42857,35901620381.42857,35990331317.13333,37299867237.52778,0.15045181317792533,-0.07119320474176616,-0.27312659180099697,-0.7294144299891236,0
2021-11-11,64949.9609375,65579.015625,64180.48828125,64978.890625,35880633236.0,-0.0006965054346836919,64995.23046875,61452.23046875,60622.13671875,56041.05859375,47793.3203125,46760.1875,64351.99888392857,62384.65197172619,54910.11725260417,44728.744032118055,0.03127975533305925,0.027476280609456387,0.035713634787973035,0.041151206761934386,1398.52734375,36074550376.28571,35424120946.47619,36123642201.71667,37170531602.87222,-0.2636974492270553,-0.12329220992843648,-0.2399917243984101,-0.7377320521386956,0
2021-11-12,64155.94140625,65460.81640625,62333.9140625,64863.98046875,36084893887.0,-0.01222509636324598,64949.9609375,61125.67578125,62227.96484375,57401.09765625,47096.9453125,46456.05859375,64784.89397321428,62549.58891369047,55229.998372395836,44827.07671440972,0.031886072396474355,0.02700674997517486,0.03557771270030583,0.04116054217636542,3126.90234375,36857377725.0,35312254808.95238,36042224712.28333,37015181726.93889,0.005692782779403771,-0.09408892066638652,-0.2191161903421236,-0.7381507436622472,0
2021-11-13,64469.52734375,64915.67578125,63303.734375,64158.12109375,30474228777.0,0.0048878705639170406,64155.94140625,61527.48046875,61888.83203125,57321.5234375,47047.00390625,43537.51171875,65205.18638392857,62696.060825892855,55519.615625,44943.36569010417,0.03189937731694558,0.026940116895747292,0.03517240396447204,0.040867277219746846,1611.94140625,37054419804.42857,35483287320.52381,35905925977.23333,36768351673.2,-0.15548514920314915,-0.07402461640216529,-0.27504539905268954,-0.7463396133311286,0
2021-11-14,65466.83984375,65495.1796875,63647.80859375,64455.37109375,25122092191.0,0.015469517787564335,64469.52734375,63326.98828125,61318.95703125,61593.94921875,46004.484375,42909.40234375,65510.87946428572,62912.06101190476,55807.79049479167,45068.68478732639,0.03070945641563142,0.02697194389999321,0.03512344927637277,0.0408567381630235,1847.37109375,37110896645.71429,35378806763.809525,35816552572.65,36595766823.79444,-0.1756282866144081,-0.10289733393772649,-0.28799629058389586,-0.7461585245536102,0
2021-11-15,63557.87109375,66281.5703125,63548.14453125,65521.2890625,30558763548.0,-0.02915932332393234,65466.83984375,67566.828125,61004.40625,60892.1796875,44695.359375,37002.44140625,64938.17131696428,62936.72991071428,56070.6990234375,45216.214952256945,0.01681757756915005,0.026915454834881877,0.03536795485132616,0.039546552995478,2733.42578125,35601347391.14286,35354704474.95238,35796460402.55,36063548294.91111,0.21640997555719865,-0.11436163462002369,-0.23067400127160198,-0.7343426865833088,0
2021-11-16,60161.24609375,63721.1953125,59016.3359375,63721.1953125,46844335592.0,-0.05344145330150951,63557.87109375,66971.828125,63226.40234375,61553.6171875,44801.1875,40782.73828125,63965.23102678572,62927.08482142857,56285.594466145834,45323.87332899305,0.023892391885218717,0.027886511498899046,0.03611899425656614,0.039082041109039393,4704.859375,36242253658.42857,35924483999.0,36098404100.566666,35833339362.87222,0.5329264064764772,-0.043087070885476475,-0.20770547692824737,-0.7229206418505891,0
2021-11-17,60368.01171875,60823.609375,58515.41015625,60139.62109375,39178392930.0,0.003436857419438999,60161.24609375,64995.23046875,62970.046875,62026.078125,46717.578125,37304.69140625,63304.19977678572,63016.87648809524,56487.088606770834,45452.002886284725,0.023791501035251877,0.026946371390965156,0.036052433125667964,0.03851883025553629,2308.19921875,34877620023.0,35711213334.09524,36275116808.55,35595154785.477776,-0.1636471638485396,-0.0677111241719166,-0.23465850181545989,-0.7235701971456194,0
2021-11-18,56942.13671875,60948.5,56550.79296875,60360.13671875,41388338699.0,-0.05674983989800575,60368.01171875,64949.9609375,61452.23046875,64261.9921875,49339.17578125,37536.6328125,62160.224888392855,62841.638392857145,56648.45390625,45559.81124131945,0.028921374547204042,0.028579294289223036,0.03676607399016928,0.03877828060108929,4397.70703125,35664435089.14286,35526987403.2381,36515460409.4,35506327371.361115,0.05640725930102608,0.005840015635389717,-0.1772564212834753,-0.7067588554636777,1
2021-11-19,58119.578125,58351.11328125,55705.1796875,56896.12890625,38702407772.0,0.020677857806173483,56942.13671875,64155.94140625,61125.67578125,65992.8359375,48905.4921875,34770.58203125,61297.88727678572,62646.00093005953,56903.0501953125,45689.52788628472,0.032515104517624384,0.028310527597353776,0.034535597478701704,0.03837056978783112,2645.93359375,36038365644.14286,35614869593.95238,36428669778.23333,35285400334.755554,-0.0648958380894108,-0.0782836463508827,-0.19636347799109222,-0.7124626947728726,0
2021-11-20,59697.1953125,59859.87890625,57469.7265625,58115.08203125,30624264863.0,0.027144333086984274,58119.578125,64469.52734375,61527.48046875,62210.171875,49321.65234375,38705.98046875,60616.12555803572,62541.63727678572,57219.77552083333,45806.14574652778,0.03556422082023134,0.029045712649455532,0.03385182057506986,0.03752428314848195,2390.15234375,36059799370.71429,35541837510.47619,36127389357.816666,35081315227.89445,-0.20872455679215618,-0.08178134939075998,-0.21469882967962928,-0.7270921699760549,0
2021-11-21,58730.4765625,60004.42578125,58618.9296875,59730.5078125,26123447605.0,-0.01619370466132397,59697.1953125,65466.83984375,63326.98828125,60692.265625,49546.1484375,38402.22265625,59653.78794642857,62418.376302083336,57472.375,45919.080490451386,0.03369373066148132,0.029180333244192523,0.03292173815142675,0.03754305065125512,1385.49609375,36202850144.14286,35250515971.333336,35927118330.46667,34914157071.23889,-0.1469689893989211,-0.025234250051978657,-0.16675947232996713,-0.731190940313809,0
2021-11-22,56289.2890625,59266.359375,55679.83984375,58706.84765625,35036121783.0,-0.041565940596482776,58730.4765625,63557.87109375,67566.828125,61393.6171875,47706.1171875,39294.19921875,58615.41908482143,62193.84691220238,57662.27819010417,46013.49765625,0.034874565805972695,0.03045328332813668,0.03330959920008832,0.03765908554035368,3586.51953125,36842472749.14286,35197446873.2381,35940319286.35,34823542552.477776,0.3411752657139375,0.02695499213119068,-0.13609653757118811,-0.7123827676474307,1
2021-11-23,57569.07421875,57875.515625,55632.76171875,56304.5546875,37485803899.0,0.022735855747423095,56289.2890625,60161.24609375,66971.828125,60930.8359375,48960.7890625,38436.96875,58245.10881696428,61924.45033482143,57907.766927083336,46119.78713107639,0.033339509547992106,0.029695793170470955,0.032732524920198805,0.037643433223219495,2242.75390625,35505539650.14286,35185024885.2381,35851093589.433334,34791736081.244446,0.06991875788000645,-0.009790819900251657,-0.1178503432323792,-0.7114647533129869,0
2021-11-24,56280.42578125,57803.06640625,55964.22265625,57565.8515625,36635566789.0,-0.02238438701660228,57569.07421875,60368.01171875,64995.23046875,63039.82421875,46942.21875,35697.60546875,57661.16796875,61605.89694940476,58133.830794270834,46234.1361328125,0.033576385109364046,0.029964616466594988,0.03291310037878995,0.03727955401376217,1838.84375,35142278772.85714,35209350374.7619,35934941081.98333,34688599274.78333,-0.02268157599849907,0.01686913932456946,-0.09698275009441071,-0.7049690969238931,1
2021-11-25,57274.6796875,59367.96875,57146.68359375,57165.41796875,34284016248.0,0.017666069374003168,56280.42578125,56942.13671875,64949.9609375,60363.79296875,49058.66796875,34616.06640625,57708.674107142855,61406.96595982143,58368.26647135417,46360.017317708334,0.027310239881862174,0.03001286399940856,0.032942880603235455,0.03720997000170191,2221.28515625,34127375565.57143,35288787010.333336,35995320984.833336,34627782624.3,-0.0641876391470505,-0.013913011571567324,-0.11950866159088902,-0.711533230966618,0
2021-11-26,53569.765625,59183.48046875,53569.765625,58960.28515625,41810748221.0,-0.06468677053655503,57274.6796875,58119.578125,64155.94140625,58482.38671875,48902.40234375,35678.12890625,57058.700892857145,61047.16071428572,58557.16705729167,46459.415299479166,0.03509025260558707,0.03290693014827115,0.03397858623824397,0.03749847508727005,5613.71484375,34571424201.14286,35822389190.09524,36175832970.86667,34684252998.18889,0.21954055553334073,0.0005316519200282421,-0.05152626612784439,-0.692657209567547,1
2021-11-27,54815.078125,55329.2578125,53668.35546875,53736.4296875,30560857714.0,0.02324655494514305,53569.765625,59697.1953125,64469.52734375,60622.13671875,48829.83203125,37332.85546875,56361.255580357145,60727.52250744047,58786.84264322917,46556.53875868056,0.03440761563251177,0.03341618627935095,0.03378313397996452,0.03738831476706673,1660.90234375,34562366037.0,35892195070.71429,36181598256.933334,34637314165.272224,-0.2690669501424898,-0.10242391677700446,-0.0761589748486744,-0.6999981115483451,0
2021-11-28,57248.45703125,57393.84375,53576.734375,54813.0234375,28116886357.0,0.044392510044424904,54815.078125,58730.4765625,65466.83984375,62227.96484375,47054.984375,36684.92578125,56149.53850446428,60438.068638392855,59048.24420572917,46670.780598958336,0.04019260491361293,0.034341777805814204,0.03414441446434298,0.037485211032120186,3817.109375,34847143001.57143,36053629930.47619,36140173697.8,34601077848.93889,-0.07997064021800704,-0.13763880781448468,-0.1687312123928012,-0.716720360571945,0
2021-11-29,57806.56640625,58872.87890625,56792.52734375,57291.90625,32370840356.0,0.009748898117819094,57248.45703125,56289.2890625,63557.87109375,61888.83203125,47166.6875,37575.1796875,56366.29241071428,59973.294270833336,59281.83873697917,46783.17719184028,0.036482371802811414,0.030463110281755443,0.033571760138786065,0.03745517831875209,2080.3515625,34466388512.0,35636736217.42857,36160659671.65,34597188810.97222,0.15129534419236768,-0.12496748821720283,-0.1965495647830342,-0.7155170520541939,0
2021-11-30,57005.42578125,59113.40234375,56057.28125,57830.11328125,36708594618.0,-0.013858989986877734,57806.56640625,57569.07421875,60161.24609375,61318.95703125,48847.02734375,39208.765625,56285.771205357145,59498.70368303572,59429.980143229164,46882.047526041664,0.03603425749445544,0.030498412199770442,0.03132302596999948,0.03735350189996059,3056.12109375,34355358614.714287,35367717307.7619,36058292222.25,34604121278.7,0.13400190462451156,-0.11060946843807151,-0.1723923757531578,-0.6988257491114641,0
2021-12-01,57229.828125,59041.68359375,56553.08203125,56907.96484375,36858195307.0,0.003936508510805847,57005.42578125,56280.42578125,60368.01171875,61004.40625,49327.72265625,36894.40625,56421.400111607145,59128.92261904762,59588.619140625,46995.02209201389,0.0347621958226157,0.030145877195835058,0.03128515345544532,0.03706522385143068,2488.6015625,34387162688.71429,34802353828.190475,36162356369.166664,34576494084.922226,0.004075358660738271,-0.11750919879247845,-0.19086869855071753,-0.7035264062747,0
2021-12-02,56477.81640625,57349.234375,55895.1328125,57217.37109375,32379968686.0,-0.013140205787574133,57229.828125,57274.6796875,56942.13671875,63226.40234375,50025.375,35551.95703125,56307.5625,58725.48716517857,59726.58352864583,47111.276866319444,0.03453358763113667,0.03016694577759918,0.03134553859019758,0.03696715525818747,1454.1015625,34115155894.142857,34635655516.28571,36258053915.95,34556607947.62778,-0.12149880328377083,-0.15591423098159185,-0.15565410395854407,-0.6974270387273875,0
2021-12-03,53598.24609375,57482.16796875,52496.5859375,56509.1640625,39789134215.0,-0.05098586481791345,56477.81640625,53569.765625,58119.578125,62970.046875,49944.625,35862.37890625,56311.631138392855,58222.73976934524,59801.3392578125,47209.809461805555,0.030507748486554218,0.031701204800202575,0.03203984845046139,0.037185049745489016,4985.58203125,33826353893.285713,34812047912.85714,36364819936.166664,34617028467.79444,0.22881941612882017,-0.11856621940826972,-0.11666477542590992,-0.6845375070939748,0
2021-12-04,49200.703125,53904.6796875,42874.6171875,53727.87890625,61385677469.0,-0.08204639683653359,53598.24609375,54815.078125,59697.1953125,61452.23046875,51753.41015625,33560.70703125,55509.57756696428,57495.65290178572,59762.770768229166,47296.69832899306,0.0414169978208911,0.03539025000852405,0.03322602313741873,0.037388448470023074,11030.0625,38229899572.57143,36284021660.09524,36790016156.71667,34770927027.827774,0.542774897722162,0.0032886661617195223,-0.05574281998637598,-0.6518243594079733,1
2021-12-05,49368.84765625,49768.1484375,47857.49609375,49201.51953125,37198201161.0,0.003417522933012007,49200.703125,57248.45703125,58730.4765625,61125.67578125,52633.53515625,33472.6328125,54383.91908482143,56729.08184523809,59662.89407552083,47385.010633680555,0.033911051631558074,0.03501520488115937,0.031744195734835896,0.03738624263261511,1910.65234375,39527230258.85714,36859074468.190475,36592740673.26667,34700350087.37778,-0.3940247514611982,0.014776287393405418,-0.07031303346738216,-0.6561632086276573,1
2021-12-06,50582.625,50929.51953125,47281.03515625,49413.48046875,37707308001.0,0.02458589579002135,49368.84765625,57806.56640625,56289.2890625,61527.48046875,46811.12890625,37345.12109375,53351.927455357145,56111.212983630954,59609.17141927083,47458.552322048614,0.03647745439617081,0.035713268820025644,0.03172210263190368,0.03645524552199663,3648.484375,40289582779.57143,37199481346.90476,36607731466.4,34609985581.78333,0.013686329556542365,-0.07601710135150164,-0.1386567243939989,-0.6621467567914872,0
2021-12-07,50700.0859375,51934.78125,50175.80859375,50581.828125,33676814852.0,0.002322159783127109,50582.625,57005.42578125,57569.07421875,63326.98828125,46091.390625,36702.59765625,52451.16462053572,55660.681547619046,59554.708723958334,47536.316145833334,0.03730892563528378,0.03438527208365968,0.03172092875094664,0.03642576926654057,1758.97265625,39856471384.42857,36572456549.7619,36588997148.53333,34554989926.21667,-0.10688891259203948,-0.080620240566037,-0.1487010546548938,-0.6676903669572799,0
2021-12-08,50504.796875,51171.375,48765.98828125,50667.6484375,28479699446.0,-0.00385184874717448,50700.0859375,57229.828125,56280.42578125,67566.828125,46391.421875,37334.3984375,51490.44587053572,55191.00465029762,59480.31829427083,47609.485026041664,0.03672733478819684,0.03430564606020667,0.03162422586316037,0.03641193670116126,2405.38671875,38659543404.28571,36062994955.28571,36522138615.73333,34498211939.888885,-0.15432324668588282,-0.031840029427897765,-0.17714940134089985,-0.6587754891475346,0
2021-12-09,47672.12109375,50797.1640625,47358.3515625,50450.08203125,29603577251.0,-0.05608726213196957,50504.796875,56477.81640625,57274.6796875,66971.828125,44883.91015625,35552.515625,50232.48939732143,54749.57533482143,59361.99401041667,47676.81616753472,0.03944243071581014,0.03425873021956899,0.032415801759186076,0.03648142074829217,3438.8125,38262916056.42857,35501815838.71429,36356735030.51667,34451986099.33889,0.039462418033272106,-0.00014044503047883072,-0.124562942685563,-0.6406043626618447,0
2021-12-10,47243.3046875,50015.25390625,47023.69921875,47642.14453125,30966005122.0,-0.00899511908452133,47672.12109375,53598.24609375,53569.765625,64995.23046875,45201.45703125,39097.859375,49324.640625,54231.657552083336,59191.30260416667,47722.06864149305,0.03767186465646104,0.03362925696997763,0.03171818016116383,0.03575210104457365,2991.5546875,37002469043.14286,35133415712.52381,36162212920.916664,34398079945.361115,0.04602240666553148,-0.02203825839739526,-0.11285626948130711,-0.6374359346223497,0
2021-12-11,49362.5078125,49458.2109375,46942.34765625,47264.6328125,25775869261.0,0.044857216044006165,47243.3046875,49200.703125,54815.078125,64949.9609375,46063.26953125,40218.4765625,49347.755580357145,53739.529575892855,59079.993424479166,47772.868815104164,0.03127741484801703,0.0347902517051564,0.032165747433404716,0.03584062309466413,2515.86328125,31915353584.857143,34902539731.47619,35907081426.11667,34301563026.405556,-0.1676075373801651,-0.05092388089961364,-0.15277275057407724,-0.6534982901528409,0
2021-12-12,50098.3359375,50724.8671875,48725.8515625,49354.85546875,21939223599.0,0.014906619570362878,49362.5078125,49368.84765625,57248.45703125,64155.94140625,44963.07421875,40406.26953125,49451.96819196428,53328.475260416664,58958.28072916667,47826.71362847222,0.03173016267572421,0.03510347114334772,0.0320606685292592,0.03585335143334937,1999.015625,29735499647.42857,34703290969.28571,35577997606.38333,34165557884.261112,-0.14884641224515405,-0.0676932726214865,-0.14696057924828154,-0.656546725993737,0
2021-12-13,46737.48046875,50205.0,45894.84765625,50114.7421875,32166727776.0,-0.0670851717099511,50098.3359375,50582.625,57806.56640625,64469.52734375,47092.4921875,38347.0625,48902.661830357145,52873.627232142855,58781.88001302083,47873.32706163194,0.039159590866510836,0.036764408379029154,0.033151193056596466,0.036005812475351305,4310.15234375,28943988186.714287,34566653159.42857,35503846546.55,34126419510.238888,0.46617438993903937,0.0030552968103507716,-0.05966044549864835,-0.6195490603892503,1
2021-12-14,46612.6328125,48431.3984375,46424.49609375,46709.82421875,34638619079.0,-0.00267125345649466,46737.48046875,50700.0859375,57005.42578125,65466.83984375,48176.34765625,38053.50390625,48318.739955357145,52351.891927083336,58532.19140625,47920.87777777778,0.03893058452904727,0.03610913871026763,0.03155657967694777,0.036000456088533195,2006.90234375,29081388790.57143,34431072929.90476,35218155501.183334,34112763671.52778,0.07684621576100481,0.0498573096717847,-0.08626550909867681,-0.6177935182874412,1
2021-12-15,48896.72265625,49473.95703125,46671.96484375,48379.75390625,36541828520.0,0.04900151967252708,46612.6328125,50504.796875,57229.828125,63557.87109375,47783.359375,35787.24609375,48089.01506696428,52000.287016369046,58332.26712239583,47993.708203125,0.045226572630903655,0.038126243225988704,0.03227624874859635,0.035876347624580154,2801.9921875,30233121515.42857,34426609202.809525,35256336572.566666,34114657789.555557,0.05494472619302071,-0.00548525387653398,-0.11855648236904937,-0.6448664799796062,0
2021-12-16,47665.42578125,49425.57421875,47529.87890625,48900.46484375,27268150947.0,-0.025181582897818466,48896.72265625,47672.12109375,56477.81640625,60161.24609375,47267.51953125,35615.87109375,48088.05859375,51542.70349702381,58100.797265625,48060.65017361111,0.04052729622505114,0.037944287167905,0.03234673058680892,0.035931268252809144,1895.6953125,29899489186.285713,34092520378.95238,35226932963.166664,34092773740.822224,-0.2537825267261694,0.06543764647282257,-0.09415687094345526,-0.6507429839943113,1
2021-12-17,46202.14453125,48004.89453125,45618.21484375,47653.73046875,32902725329.0,-0.030699007215741814,47665.42578125,47243.3046875,53598.24609375,60368.01171875,48278.36328125,35698.296875,47939.32142857143,51191.86439732143,57837.0650390625,48119.0048828125,0.042187988785405674,0.036085171611412545,0.03249638310521335,0.03601518061302217,2386.6796875,30176163501.57143,33668328812.666668,35141052350.73333,34071877581.238888,0.20663573386225176,0.0999964574831611,-0.0668424735763331,-0.6364867482392466,1
2021-12-18,46848.77734375,47313.828125,45598.44140625,46219.25390625,26098292690.0,0.013995731563123393,46202.14453125,49362.5078125,49200.703125,56942.13671875,47260.21875,31676.693359375,47580.217075892855,50812.51674107143,57546.84479166667,48203.29423828125,0.03781058154700128,0.035760293705372856,0.03215439116263875,0.03498344506387393,1715.38671875,30222223991.42857,33455825716.285713,34901503956.46667,33923484548.43889,-0.20680452974522046,0.07643917801683564,-0.09815040697350108,-0.6422963946414357,1
2021-12-19,46707.015625,48089.6640625,46502.953125,46853.8671875,25154053861.0,-0.0030259427628138713,46848.77734375,50098.3359375,49368.84765625,58119.578125,42843.80078125,32505.66015625,47095.74274553572,50310.54334077381,57225.414453125,48282.190657552084,0.03668397678621002,0.03380797899316106,0.03188569542590907,0.03494208286743054,1586.7109375,30681485457.42857,33314738454.57143,34640922261.11667,33735649552.9,-0.036180099603289384,0.08783477053935629,-0.09273516525388148,-0.6480254739568366,1
2021-12-20,46880.27734375,47401.71875,45579.80859375,46707.0625,30961902129.0,0.003709543768351198,46707.015625,46737.48046875,50582.625,59697.1953125,40693.67578125,33723.02734375,47116.142299107145,49790.243861607145,56969.9162109375,48355.28649088542,0.026457088302883736,0.03366511212585611,0.031161348346970333,0.03484457607568696,1821.91015625,30509367507.857143,33247646158.04762,34391818607.1,33650342848.47778,0.23089114383287357,0.08020730332776704,-0.10955458264657036,-0.6393727672826168,1
2021-12-21,48936.61328125,49300.91796875,46698.7734375,46886.078125,27055803928.0,0.04386356169401262,46880.27734375,46612.6328125,50700.0859375,58730.4765625,43574.5078125,34662.4375,47448.13950892857,49406.01469494047,56773.988671875,48434.58746744792,0.030927852713579757,0.03558264131008604,0.031654407904603395,0.03493013325507498,2602.14453125,29426108200.57143,32787989458.52381,34202180626.316666,33616634158.544445,-0.12615821162167595,-0.027540888552179177,-0.16871202886578485,-0.6563404365644236,0
2021-12-22,48628.51171875,49544.796875,48450.94140625,48937.09765625,24447979559.0,-0.006295931447672265,48936.61328125,48896.72265625,50504.796875,56289.2890625,44895.09765625,31637.779296875,47409.82366071428,48996.42819940476,56561.2369140625,48528.980425347225,0.02502366655427789,0.035500716248972414,0.031598321229867166,0.03428277732944716,1093.85546875,27698415491.857143,32197026803.857143,34161604518.4,33528951243.72778,-0.09638687417826708,-0.044907826788537664,-0.25028928261045413,-0.6538997143442162,0
2021-12-23,50784.5390625,51332.33984375,48065.8359375,48626.34375,28223878108.0,0.04433669194360079,48628.51171875,47665.42578125,47672.12109375,57569.07421875,42839.75,32186.27734375,47855.41127232143,48725.31975446428,56392.13196614583,48632.3041015625,0.027296236746010703,0.03718845675810919,0.032186862896474815,0.03440481340098385,3266.50390625,27834947943.42857,31999117728.714287,34176732755.5,33471387313.655556,0.15444624124818462,-0.07101401586143419,-0.3102182150971452,-0.6692506531500036,0
2021-12-24,50822.1953125,51814.02734375,50514.49609375,50806.05078125,24367912228.0,0.0007414904357732066,50784.5390625,46202.14453125,47243.3046875,56280.42578125,42716.59375,34649.64453125,48515.41852678572,48593.126860119046,56188.50481770833,48722.15160590278,0.02158537806663348,0.035627294660524694,0.03181955203050618,0.033962319112918124,1299.53125,26615688929.0,31264773824.57143,34065116099.066666,33409477709.955555,-0.136620696321213,-0.08885389488260309,-0.2862015411880974,-0.6684961018354278,0
2021-12-25,50429.859375,51176.59765625,50236.70703125,50854.91796875,19030650914.0,-0.007719775485643066,50822.1953125,46848.77734375,49362.5078125,57274.6796875,43208.5390625,34434.3359375,49027.001674107145,48651.658110119046,56022.9392578125,48811.015625,0.023078729885446816,0.030606840046100592,0.03140443445190362,0.03396471370630186,939.890625,25606025818.142857,29247867798.142857,33800977521.183334,33326911749.744446,-0.219028255849806,-0.05439330803210274,-0.2731621983627631,-0.666031463564338,0
2021-12-26,50809.515625,51196.37890625,49623.10546875,50428.69140625,20964372926.0,0.0075284019171428795,50429.859375,46707.015625,50098.3359375,53569.765625,42235.73046875,35867.77734375,49613.07310267857,48720.26134672619,55895.05807291667,48894.025282118055,0.022358334685498703,0.030632013821541623,0.031202461889003715,0.03384122504409703,1573.2734375,25007499970.285713,28474828358.38095,33422765788.4,33232816821.31111,0.10161092338557087,-0.06818204882267065,-0.27269521364877214,-0.6669953555082725,0
2021-12-27,50640.41796875,51956.328125,50499.46875,50802.609375,24324345758.0,-0.003328070621613999,50809.515625,46880.27734375,46737.48046875,54815.078125,41034.54296875,35040.8359375,50150.236049107145,48723.013392857145,55728.69609375,48980.68962673611,0.022959619098579756,0.030197317878494414,0.030791696632187275,0.03378988388233446,1456.859375,24059277631.57143,27837544442.04762,33073886830.25,33178735208.305557,0.16027060975589524,-0.08258819632631942,-0.27227849666463466,-0.6698847580910351,0
2021-12-28,47588.85546875,50679.859375,47414.2109375,50679.859375,33430376883.0,-0.06025942562091624,50640.41796875,48936.61328125,46612.6328125,57248.45703125,41564.36328125,33572.1171875,49957.69921875,48574.85956101191,55484.7109375,49058.56039496528,0.030754987258180065,0.03296846125219303,0.031436244113865905,0.033952223042383566,3265.6484375,24969930910.857143,27825809300.666668,33016778415.516666,33154243096.105556,0.3743587274903428,-0.03553943950407901,-0.21960227853373304,-0.6521754494286058,0
2021-12-29,46444.7109375,48119.7421875,46201.49609375,47623.87109375,30049226299.0,-0.02404227880624954,47588.85546875,48628.51171875,48896.72265625,57806.56640625,43790.89453125,33897.046875,49645.72767857143,48381.522135416664,55227.308919270836,49128.269639756945,0.031732934989100285,0.03330291368240181,0.03154254865902014,0.03400546170822538,1918.24609375,25770109016.57143,27900548674.61905,32981633210.233334,33106022270.31111,-0.10114006778426066,-0.06191678176487736,-0.1864664184885153,-0.6416741226084846,0
2021-12-30,47178.125,47879.96484375,46060.3125,46490.60546875,26686491018.0,0.01579112126431248,46444.7109375,50784.5390625,47665.42578125,57005.42578125,48116.94140625,34668.546875,49130.525669642855,48357.99851190476,54991.62838541667,49197.76729600695,0.02536558942175187,0.03125315742312853,0.031641283132985504,0.033986029672682175,1819.65234375,25550482289.42857,27761639806.38095,32889054728.416668,33118814116.83889,-0.1119075495501829,-0.08514953301980521,-0.1916130688216202,-0.6480872027555143,0
2021-12-31,46306.4453125,48472.52734375,45819.953125,47169.37109375,36974172400.0,-0.018476352917798256,47178.125,50822.1953125,46202.14453125,57229.828125,47711.48828125,35287.78125,48485.41852678572,48313.38616071428,54746.662369791666,49258.982096354164,0.025023694776654008,0.03145700524174657,0.031697213657347276,0.03400092860583801,2652.57421875,27351376599.714287,28047743010.095238,32902781387.7,33185757808.444443,0.38550146495696924,-0.1025460481085162,-0.181159311482186,-0.6426524216644383,0
2022-01-01,47686.8125,47827.3125,46288.484375,46311.74609375,24582667004.0,0.029809396471367267,46306.4453125,50429.859375,46848.77734375,56477.81640625,48199.953125,33746.00390625,48093.5546875,48233.591145833336,54487.669205729166,49336.43103298611,0.02987579015556877,0.030530398041996993,0.03156517566717191,0.033889255938472404,1538.828125,28144521755.42857,27990923855.0,32683381410.316666,33173875101.344444,-0.335139493101947,-0.12483264830816698,-0.19300278247786007,-0.6513694414336249,0
2022-01-02,47345.21875,47881.40625,46856.9375,47680.92578125,27951569547.0,-0.007163274962024402,47686.8125,50809.515625,46707.015625,53598.24609375,49112.90234375,34235.1953125,47598.65513392857,48102.490327380954,54227.25540364583,49409.26449652778,0.02914560959274635,0.03032759134546273,0.031567493521829124,0.033884857400718234,1024.46875,29142692701.285713,28277226043.0,32547162044.283333,33181932377.327778,0.13704381800607002,-0.11476591155257887,-0.18168561767390712,-0.6475151843474163,0
2022-01-03,46458.1171875,47510.7265625,45835.96484375,47343.54296875,33071628362.0,-0.0187368774698079,47345.21875,50640.41796875,46880.27734375,49200.703125,51514.8125,33855.328125,47001.18359375,48089.18731398809,53977.353515625,49479.27999131945,0.02916893823652648,0.026787866420147896,0.03151783684518007,0.03390660639966598,1674.76171875,30392304501.857143,28320316547.095238,32554758401.966667,33227907937.8,0.18317607554705373,-0.09980721883403376,-0.2045957388703098,-0.6409700084366985,0
2022-01-04,45897.57421875,47406.546875,45752.46484375,46458.8515625,42494677905.0,-0.012065555013512697,46458.1171875,47588.85546875,48936.61328125,49368.84765625,55361.44921875,32877.37109375,46759.571986607145,48055.13690476191,53723.55182291667,49551.614453125,0.020130768228636537,0.026913833729044583,0.031534086614674266,0.03384320600373211,1654.08203125,31687204647.857143,28694414586.42857,32752917992.95,33297820609.794445,0.28492850245702694,-0.06888640203360419,-0.19048877429949962,-0.6325897704118519,0
2022-01-05,43569.00390625,46929.046875,42798.22265625,45899.359375,36851084859.0,-0.050734060615097554,45897.57421875,46444.7109375,48628.51171875,50582.625,53805.984375,33798.01171875,46348.75669642857,47801.43601190476,53424.243880208334,49605.89774305555,0.02601150435735807,0.026559520704258426,0.03206354747092634,0.034019156131994466,4130.82421875,32658898727.857143,28709141078.761906,32882187170.25,33350126519.966667,-0.13280705547684513,0.008724038242138299,-0.047467895082020095,-0.6135615961210956,1
2022-01-06,43160.9296875,43748.71875,42645.5390625,43565.51171875,30208048289.0,-0.009366159015892994,43569.00390625,47178.125,50784.5390625,50700.0859375,53967.84765625,33520.51953125,45774.87165178572,47586.936197916664,53088.142903645836,49659.455577256944,0.02368174446255965,0.026184409204042546,0.03174586698503046,0.034021200940054466,1103.1796875,33161978338.0,28849136190.285713,32973542070.033333,33390327491.194443,-0.18026705578458968,-0.013191545666934368,-0.03984542588520901,-0.6072380999960358,0
2022-01-07,41557.90234375,43153.5703125,41077.4453125,43153.5703125,84196607520.0,-0.03714070469186992,43160.9296875,46306.4453125,50822.1953125,50504.796875,54968.22265625,34240.1875,45096.50837053572,47365.78180803572,52654.660807291664,49700.10954861111,0.025464756711690784,0.02654332984424073,0.03051949074837179,0.03411399228700948,2076.125,39908040498.0,31291702008.904762,33691392056.533333,33746371258.694443,1.7872243421518719,0.03709996867134646,0.020562424997577322,-0.5920131390474304,1
2022-01-08,41733.94140625,42228.94140625,40672.27734375,41561.46484375,28066355845.0,0.004235994902819673,41557.90234375,47686.8125,50429.859375,47672.12109375,54771.578125,33155.84765625,44246.09821428572,47122.21819196428,52234.02936197917,49747.765625,0.01895843528510174,0.02628389805645891,0.0305571969561112,0.03402289725281315,1556.6640625,40405710332.42857,31385419302.0,33453198125.266666,33767176015.961113,-0.6666569274975462,0.034587124594798846,0.05047076022598129,-0.5904737497740757,1
2022-01-09,41911.6015625,42663.94921875,41338.16015625,41734.7265625,21294384372.0,0.004256970472081845,41733.94140625,47345.21875,50809.515625,47243.3046875,57484.7890625,32702.025390625,43469.8671875,46893.865141369046,51849.30221354167,49798.92993706597,0.02054287730274534,0.026361382934142575,0.03045353994004241,0.034003383818728326,1325.7890625,39454683878.85714,31201625516.809525,32995924058.5,33779251169.866665,-0.2412843160116357,0.028686027231794586,0.05265472250467651,-0.5896946419034854,1
2022-01-10,41821.26171875,42199.484375,39796.5703125,41910.23046875,32104232331.0,-0.0021554853640055605,41911.6015625,46458.1171875,50640.41796875,49362.5078125,56041.05859375,32822.34765625,42807.459263392855,46652.959635416664,51463.823893229164,49848.923904079864,0.02126315949897417,0.02629757659843167,0.030449147652813008,0.034004512192206786,2402.9140625,39316484445.85714,31256022193.095238,32932984043.416668,33838849509.427776,0.5076384350990619,0.010264852012045633,0.06019749411628328,-0.5828367616912862,1
2022-01-11,42735.85546875,43001.15625,41407.75390625,41819.5078125,26327648900.0,0.021869109453241498,41821.26171875,45897.57421875,47588.85546875,50098.3359375,57401.09765625,31780.73046875,42355.78515625,46357.685453869046,51106.8224609375,49909.78570963542,0.025427188169673057,0.024635841333932984,0.0306644492361842,0.03394276893477824,1593.40234375,37006908873.71429,31221348144.142857,32770363293.633335,33866777979.77778,-0.17993214637380084,-0.008429049852843318,0.019404263782817788,-0.5803314035098783,0
2022-01-12,43949.1015625,44135.3671875,42528.98828125,42742.1796875,33499938689.0,0.028389418684672707,42735.85546875,43569.00390625,46444.7109375,46737.48046875,57321.5234375,31421.5390625,42410.08482142857,46134.85639880953,50764.81536458333,49979.38327907986,0.021515668480150494,0.02576177154515909,0.030958194701336563,0.03398333130949161,1606.37890625,36528173706.57143,31652393817.0,32820791792.166668,33921224989.616665,0.2724242417635705,-0.05016651897569724,-0.03506702088797675,-0.5706490640362565,0
2022-01-13,42591.5703125,44278.421875,42447.04296875,43946.7421875,47691135082.0,-0.030888714484173407,43949.1015625,43160.9296875,47178.125,46612.6328125,61593.94921875,31533.068359375,42328.747767857145,45744.71502976191,50383.560872395836,50040.81940104167,0.024629922649597392,0.023787799513226605,0.030994626392767108,0.03407387790429984,1831.37890625,39025757534.14286,32579406053.857143,33196942507.016666,34081203412.616665,0.42361857807398917,-0.044871610267656736,-0.008149536632560572,-0.5325466031735666,0
2022-01-14,43099.69921875,43346.6875,41982.6171875,42598.87109375,23577403399.0,0.011930269358978673,42591.5703125,41557.90234375,46306.4453125,48896.72265625,60892.1796875,31796.810546875,42549.00446428572,45376.97712053572,50042.59134114583,50103.61322699653,0.019231065010005887,0.024118021260690688,0.030942964342826552,0.03407848945671013,1364.0703125,30365871231.142857,32541762776.285713,33080586504.533333,34107811283.35,-0.5056229347768494,-0.1541166860303821,-0.020932480042865742,-0.5133075355894939,0
2022-01-15,43177.3984375,43724.671875,42669.03515625,43101.8984375,18371348298.0,0.001802778677309158,43099.69921875,41733.94140625,47686.8125,47665.42578125,61553.6171875,30817.83203125,42755.212611607145,45031.62183779762,49759.52721354167,50172.27748480903,0.019277056930254187,0.024203769408617605,0.030322308193281796,0.03398832775897468,1055.63671875,28980870153.0,32510367413.61905,32606036716.3,34096347720.866665,-0.2208069740716574,-0.18869011872711905,-0.013675684272750455,-0.5163951608073307,0
2022-01-16,43113.87890625,43436.80859375,42691.0234375,43172.0390625,17902097845.0,-0.0014711291913973579,43177.3984375,41911.6015625,47345.21875,46202.14453125,62026.078125,29807.34765625,42926.966517857145,44665.16294642857,49471.958333333336,50246.20265842014,0.01943622088505909,0.024011030727122788,0.030305629636904433,0.03388693413916549,745.78515625,28496257792.0,32364544790.714287,32251431798.216667,34067202335.31111,-0.02554251573637001,-0.1585817465790318,0.03389451971898905,-0.5089833401783956,0
2022-01-17,42250.55078125,43179.390625,41680.3203125,43118.12109375,21690904261.0,-0.020024366790964976,43113.87890625,41821.26171875,46458.1171875,46848.77734375,64261.9921875,32110.693359375,42988.29352678572,44265.64546130953,49227.09856770833,50302.535199652775,0.021477908307053623,0.024141650386287468,0.029608355228719345,0.03346288246588721,1499.0703125,27008639496.285713,32239142814.666668,31923141224.25,34031023889.211113,0.211640359068767,-0.13245324741975906,0.04050381739661124,-0.49914216170073966,0
2022-01-18,42375.6328125,42534.40234375,41392.21484375,42250.07421875,22417209227.0,0.0029604828561313745,42250.55078125,42735.85546875,45897.57421875,46707.015625,65992.8359375,32313.10546875,42936.83314732143,44017.396763392855,48964.699479166666,50358.43812934028,0.019621168720155187,0.02108781561590583,0.029440628755657196,0.03346145519368621,1142.1875,26450005257.285713,31714706259.61905,31651721248.5,34046923770.927776,0.03348431016340281,-0.12794213434497015,-0.04336504193060542,-0.5117764649901062,0
2022-01-19,41744.328125,42478.3046875,41242.9140625,42374.0390625,23091543258.0,-0.014897823244158781,42375.6328125,43949.1015625,43569.00390625,46880.27734375,62210.171875,33581.55078125,42621.865513392855,43793.569010416664,48665.485026041664,50403.78689236111,0.01509935752652945,0.020773435452481427,0.02916602058628066,0.033368533716608674,1235.390625,24963091624.285713,31383388019.57143,31526175888.416668,34049920976.85,0.03008108744365079,-0.11719453279019565,-0.0410439367324229,-0.49485848938310106,0
2022-01-20,40680.41796875,43413.0234375,40672.82421875,41744.02734375,20382033940.0,-0.02548634039729203,41744.328125,42591.5703125,43160.9296875,48936.61328125,60692.265625,34292.4453125,42348.84375,43484.154389880954,48364.650716145836,50439.27562934028,0.013767717193444409,0.020674254515014874,0.02924821889308412,0.03339815328062738,2740.19921875,21061791461.142857,31083175777.761906,31430485660.666668,34042795016.155556,-0.11733773216137466,-0.08707343165625892,-0.01372310675811761,-0.44256834450927374,0
2022-01-21,36457.31640625,41060.52734375,35791.42578125,40699.60546875,43011992031.0,-0.10381165615712484,40680.41796875,43099.69921875,41557.90234375,48628.51171875,61393.6171875,35350.1875,41399.931919642855,43015.14825148809,48034.117838541664,50445.426345486114,0.03733591068413633,0.029556863193435465,0.031555748445887606,0.034234920611434703,5269.1015625,23838161265.714287,31370690998.285713,31563416831.466667,34165880053.622223,1.11028949110856,0.0363991581336609,0.05414722460651489,-0.37522485895053004,1
2022-01-22,35030.25,36688.8125,34349.25,36471.58984375,39714385405.0,-0.039143484680769114,36457.31640625,43177.3984375,41733.94140625,50784.5390625,60930.8359375,37337.53515625,40236.05357142857,42412.454799107145,47658.47076822917,50432.60809461806,0.03598745969643558,0.028624807367642,0.031588172656954495,0.034109494709398225,2339.5625,26887166566.714287,32091249017.38095,31600559856.566666,34103059271.36111,-0.07666714491212867,0.08872131051020182,0.05837900814296226,-0.351405827374198,1
2022-01-23,36276.8046875,36433.3125,34784.96875,35047.359375,26017975951.0,0.03558509252717301,35030.25,43113.87890625,41911.6015625,50822.1953125,63039.82421875,39406.94140625,39259.32868303572,41885.38746279762,47325.07708333333,50415.21844618056,0.04277050113473702,0.030600109719779327,0.03201639943961766,0.03396187538729216,1648.34375,28046577724.714287,31999173131.857143,31423600009.266666,34052618190.2,-0.34487275364648184,0.045229917274532516,0.05538587738247869,-0.36779350226158203,1
2022-01-24,36654.328125,37247.51953125,33184.05859375,36275.734375,41856658597.0,0.010406744495611076,36276.8046875,42250.55078125,41821.26171875,50429.859375,60363.79296875,39995.90625,38459.86830357143,41418.540364583336,46981.404557291666,50396.65412326389,0.04469145033513831,0.030944784180394775,0.03193607905380207,0.033952487717752666,4063.4609375,30927399772.714287,32417507904.95238,31549810715.083332,34070141822.988888,0.6087592161599811,0.049893067709858574,0.01752159213803628,-0.3824339468778627,1
2022-01-25,36954.00390625,37444.5703125,35779.4296875,36654.8046875,26428189594.0,0.008175727030871549,36654.328125,42375.6328125,42735.85546875,50809.515625,58482.38671875,40008.421875,37685.349888392855,40992.65606398809,46704.4751953125,50379.685134548614,0.04516339390796942,0.031215807836917176,0.031075115139579015,0.033957830916704936,1665.140625,31500396968.0,31652437033.0,31293434737.966667,34066036509.47222,-0.36860250005971107,0.04841882724776636,0.0373059837371732,-0.3744153019616341,1
2022-01-26,36852.12109375,38825.41015625,36374.90625,36950.515625,31324598034.0,-0.002757016878562668,36954.00390625,41744.328125,43949.1015625,50640.41796875,60622.13671875,42235.546875,36986.463169642855,40672.80450148809,46405.092578125,50349.77721354167,0.0455541125894809,0.02979227488059803,0.030845275800233895,0.033702344821101904,2450.50390625,32676547650.285713,31389270993.714287,31306163743.3,34056324370.994446,0.1852721853150181,0.0027369735650604188,0.06409665403630194,-0.37499452785483534,1
2022-01-27,37138.234375,37148.32421875,35629.28125,36841.87890625,25041426629.0,0.007763821260712289,36852.12109375,40680.41796875,42591.5703125,47588.85546875,62227.96484375,41626.1953125,36480.43694196428,40386.009486607145,46069.922200520836,50324.84409722222,0.046216242923625354,0.029972629854237404,0.0301840449661534,0.03369055415896292,1519.04296875,33342175177.285713,31143241390.857143,31254906081.166668,34052094267.02778,-0.2005826666372602,0.0004407098984495761,0.052961970206748754,-0.37857227453008124,1
2022-01-28,37784.33203125,37952.87890625,36211.109375,37128.4453125,22238830523.0,0.017397102127314046,37138.234375,36457.31640625,43099.69921875,46444.7109375,61888.83203125,39974.89453125,36670.01060267857,40206.31566220238,45736.21829427083,50312.674305555556,0.022891298395874126,0.02956180919282848,0.030270831504303715,0.03358412364307506,1741.76953125,30374580676.142857,28192871057.666668,31086039250.616665,34027374224.85,-0.11191838817818656,0.0983620132724905,-0.0019729573342290863,-0.39045925637373047,1
2022-01-29,38138.1796875,38576.26171875,37406.47265625,37780.71484375,17194183075.0,0.00936493083845824,37784.33203125,35030.25,43177.3984375,47178.125,61318.95703125,39201.9453125,37114.00055803572,40035.08891369047,45421.76419270833,50306.76449652778,0.01186501517306911,0.02965506544554813,0.030324873896276024,0.033558730225875605,1169.7890625,27157408914.714287,27675148544.809525,30760799058.233334,33980701545.066666,-0.2268396012453393,0.08660571642548986,0.1325457777198742,-0.37662031588670064,1
2022-01-30,37917.6015625,38266.33984375,37437.7109375,38151.91796875,14643548444.0,-0.005783656346668664,38138.1796875,36276.8046875,43113.87890625,46306.4453125,61004.40625,38152.98046875,37348.400111607145,39844.8984375,45099.89375,50305.4568359375,0.007990400640177487,0.029598804747350136,0.030295682346626388,0.03350022872487098,828.62890625,25532490699.42857,27358442072.04762,30390554943.85,33916555533.922222,-0.1483428796747298,0.1185420977600895,0.16976377436847545,-0.3976375685517095,1
2022-01-31,38483.125,38647.26171875,36733.57421875,37920.28125,20734730465.0,0.01491453610450133,37917.6015625,36654.328125,42250.55078125,47686.8125,63226.40234375,39747.50390625,37609.65680803572,39685.939546130954,44799.9822265625,50298.432508680555,0.008533450885357181,0.02989421324130999,0.030405798945698236,0.03337493437634002,1913.6875,22515072394.857143,26817037221.285713,30196467640.166668,33890789799.15,0.41596352443493845,0.13920803355366806,0.14138644373345466,-0.3987161073035259,1
2022-02-01,38743.2734375,39115.1328125,38113.6640625,38481.765625,20288500328.0,0.00676006528835682,38483.125,36954.00390625,42375.6328125,47345.21875,62970.046875,40869.5546875,37865.26674107143,39495.81659226191,44552.39934895833,50286.61983506945,0.008518002056467652,0.02943109962580878,0.02986384088504362,0.03331315060092282,1001.46875,21637973928.285713,26529458717.857143,29871457075.383335,33808031295.322224,-0.021520903671896408,0.13873819628770234,0.09572024498607523,-0.38766739548941864,1
2022-02-02,36952.984375,38834.6171875,36832.73046875,38743.71484375,19155189416.0,-0.046209029430310355,38743.2734375,36852.12109375,41744.328125,46458.1171875,61452.23046875,42816.5,37879.67578125,39162.66815476191,44348.270703125,50254.04474826389,0.021927819589558493,0.02979691894304862,0.028628477616220428,0.033301876898749,2001.88671875,19899486982.857143,25846375419.142857,29167615607.833332,33702079664.044445,-0.05585976753717603,0.19987052804852112,0.05911893533632906,-0.36481798450818625,1
2022-02-03,37154.6015625,37154.6015625,36375.5390625,36944.8046875,18591534769.0,0.005456046132945147,36952.984375,37138.234375,40680.41796875,45897.57421875,61125.67578125,44555.80078125,37882.013950892855,38903.76488095238,44144.699934895834,50212.92697482639,0.02181926049605629,0.02944105588497598,0.028639057259927058,0.03316354980612016,779.0625,18978073860.0,24460680166.142857,28857504501.3,33582972289.755554,-0.0294256890265564,0.1725361448962517,0.060449696149261545,-0.3688716530527322,1
2022-02-04,41500.875,41527.78515625,37093.62890625,37149.265625,29412210792.0,0.116978066100073,37154.6015625,37784.33203125,36457.31640625,43569.00390625,61527.48046875,43798.1171875,38412.94866071428,38827.63039434524,43993.33743489583,50200.16451822917,0.04961015926760143,0.039763564641200205,0.03244965260765158,0.034275061228361485,4434.15625,20002842469.857143,24738528137.238094,28719252881.15,33544691989.988888,0.582021665099036,0.02185646688172227,-0.07423676308029648,-0.43779865710662724,1
2022-02-05,41441.1640625,41847.1640625,41038.09765625,41501.48046875,19652846215.0,-0.001438787435204647,41500.875,38138.1796875,35030.25,43160.9296875,63326.98828125,46365.40234375,38884.80357142857,38744.95256696428,43839.0220703125,50172.80763888889,0.04996323701153372,0.03975823401282796,0.032443273320186115,0.03399524852327048,809.06640625,20354080061.285713,24799551847.57143,28485520070.533333,33438685140.91111,-0.33181336302861353,0.019384221116194755,-0.08154030120639788,-0.4460660906869284,1
2022-02-06,42412.43359375,42500.78515625,41244.90625,41441.12109375,16142097334.0,0.023437312952531153,41441.1640625,37917.6015625,36276.8046875,41557.90234375,67566.828125,45585.03125,39526.92243303572,38711.55040922619,43704.14934895833,50155.18209635417,0.04935378408629654,0.04011973750094573,0.032619604451941,0.03401667176512499,1255.87890625,20568158474.142857,24715742299.42857,28279893368.666668,33341996684.33889,-0.1786381902444455,-0.005067334046628957,-0.08665298713350844,-0.463362333955909,0
2022-02-07,43840.28515625,44401.86328125,41748.15625,42406.78125,28641855926.0,0.033665872045371525,42412.43359375,38483.125,36654.328125,41733.94140625,66971.828125,45593.63671875,40292.23102678572,38787.252046130954,43640.285416666666,50145.44125434028,0.04972111489973387,0.04049000793996178,0.03216988727673585,0.03410813229531092,2653.70703125,21697747825.714287,25046739997.761906,28263864679.916668,33310453055.744446,0.7743577760290068,-0.028589394047801142,-0.042366498492886984,-0.4693398792295863,0
2022-02-08,44118.4453125,45293.8671875,42807.8359375,43854.65234375,33079398868.0,0.0063448528050995545,43840.28515625,38743.2734375,36954.00390625,41911.6015625,64995.23046875,44428.2890625,41060.11272321428,38870.24311755953,43588.204427083336,50143.71990017361,0.04973951805644123,0.04049850008019077,0.03216530500836744,0.03405552947912577,2486.03125,23525019045.714287,25554463314.0,28299087909.016666,33306874044.866665,0.1549321019372829,0.010352989758924958,-0.10610039274601879,-0.4800497099338942,1
2022-02-09,44338.796875,44727.80078125,43232.96875,44096.703125,23245887300.0,0.004994545046617338,44118.4453125,36952.984375,36852.12109375,41821.26171875,64949.9609375,47793.3203125,42115.228794642855,38993.78924851191,43504.475911458336,50124.52810329861,0.04150689361592399,0.04029842812137636,0.031616837109296386,0.03358781772230434,1494.83203125,24109404457.714287,25561813030.285713,28256921543.0,33259660865.761112,-0.2972699596881925,-0.008501301942465012,-0.12503325776698804,-0.5079018692362748,0
2022-02-10,43565.11328125,45661.171875,43402.80859375,44347.80078125,32142048537.0,-0.01744935921313273,44338.796875,37154.6015625,37138.234375,42735.85546875,64155.94140625,47096.9453125,43031.01618303572,39131.15569196428,43395.5888671875,50104.906814236114,0.04430284349546874,0.04004527059125934,0.031611754241459046,0.033595549309675225,2258.36328125,26045192138.857143,26121813725.38095,28426968625.3,33264831388.511112,0.38269828646205295,-0.06948453325387849,-0.10699160891442216,-0.5030155561865953,0
2022-02-11,42407.9375,43810.83203125,42114.5390625,43571.12890625,26954925781.0,-0.026561982607033352,43565.11328125,41500.875,37784.33203125,43949.1015625,64469.52734375,47047.00390625,43160.59654017857,39414.51860119047,43323.42981770833,50079.13422309028,0.02115210208844393,0.032476294015885816,0.03061108354750299,0.03365432087580618,1696.29296875,25694151423.0,25357191523.0,28340105258.716667,33242420095.927776,-0.1613812122157956,-0.05604990663599241,-0.1074863269995151,-0.4842740229939265,0
2022-02-12,42244.46875,42992.55078125,41852.57421875,42412.30078125,18152390304.0,-0.0038546734323026133,42407.9375,41441.1640625,38138.1796875,42591.5703125,65466.83984375,46004.484375,43275.35435267857,39758.052827380954,43250.62708333333,50058.24524739583,0.021261443042245684,0.030800499188231953,0.030612455921948847,0.033614654130368064,1139.9765625,25479800578.57143,24330429851.52381,28065334779.133335,33161172949.783333,-0.3265650051689155,-0.050238825645073315,-0.061018990651882654,-0.48423536217389407,0
2022-02-13,42197.515625,42693.0546875,41950.94140625,42236.56640625,14741589015.0,-0.001111462077505676,42244.46875,42412.43359375,37917.6015625,43099.69921875,63557.87109375,44695.359375,43244.65178571428,40039.99144345238,43138.9736328125,50044.36833767361,0.019246005769174297,0.030276548674580895,0.029895397994804708,0.03354663980564154,742.11328125,25279727961.57143,23793459045.04762,27701997454.05,33057229763.2,-0.18789819036936461,-0.08925020023024166,-0.0677464164988979,-0.4831899167642052,0
2022-02-14,42586.91796875,42775.77734375,41681.95703125,42157.3984375,20827783012.0,0.009228086961576842,42197.515625,43840.28515625,38483.125,43177.3984375,60161.24609375,44801.1875,43065.599330357145,40322.49572172619,43054.3318359375,50032.06684027778,0.013298929687219454,0.030272260410247824,0.029773221625077576,0.033552963971351414,1093.8203125,24163431831.0,22792084017.190475,27594657988.466667,32994083429.516666,0.41285874886398743,-0.1294208874846121,-0.03388336959037175,-0.47822463452731,0
2022-02-15,44575.203125,44667.21875,42491.03515625,42586.46484375,22721659051.0,0.04668769779745485,42586.91796875,44118.4453125,38743.2734375,43113.87890625,60368.01171875,46717.578125,43130.85044642857,40685.40997023809,43027.216145833336,50020.16475694445,0.0234364931051391,0.03145324289032901,0.030157952779689544,0.0335818992756349,2176.18359375,22683754714.285713,22615582562.761906,27424973550.5,32913624244.805557,0.09093027509979512,-0.1410913543930149,-0.08129686383229462,-0.4546779354272432,0
2022-02-16,43961.859375,44578.27734375,43456.69140625,44578.27734375,19792547657.0,-0.013759752216496501,44575.203125,44338.796875,36952.984375,42250.55078125,56942.13671875,49339.17578125,43077.002232142855,41023.96893601191,42979.100846354166,49990.29077690972,0.024061362401506622,0.03175641153379478,0.03015015879540595,0.033336080888970304,1121.5859375,22190420479.57143,22066437306.714287,27319877799.95,32830766912.61111,-0.1289127430098942,-0.15161526735355468,-0.049149493577351655,-0.46263704617532453,0
2022-02-17,40538.01171875,44132.97265625,40249.37109375,43937.0703125,26246662813.0,-0.07788223029977337,43961.859375,43565.11328125,37154.6015625,42375.6328125,58119.578125,48905.4921875,42644.55915178572,41185.86309523809,42876.28411458333,49943.80477430556,0.0378491320488715,0.03697927974687752,0.03175761740109012,0.03383097281862985,3883.6015625,21348222519.0,22123829505.95238,27338087949.15,32751108343.172222,0.32608814528822827,-0.05440331802780396,0.0407676784067732,-0.3940106946306471,0
2022-02-18,40030.9765625,40929.15234375,39637.6171875,40552.1328125,23310007704.0,-0.012507647384577658,40538.01171875,42407.9375,41500.875,41744.328125,59697.1953125,49321.65234375,42304.99330357143,41292.84616815476,42762.1291015625,49892.18990885417,0.037166487334099836,0.037046391149604715,0.03177841255284672,0.03383607875813853,1291.53515625,20827519936.57143,22174837943.142857,27210556375.4,32739658522.761112,-0.11188679985424554,-0.020403144830224207,0.03039765103781944,-0.3844447610395465,0
2022-02-19,40122.15625,40418.87890625,39713.05859375,40026.0234375,13736557863.0,0.0022777282826873524,40030.9765625,42244.46875,41441.1640625,40680.41796875,58730.4765625,49546.1484375,42001.80580357143,41387.32124255953,42615.221484375,49839.834396701386,0.03734134518139027,0.03702155033054829,0.031206614657314745,0.03383457424673141,705.8203125,20196686730.714287,22010189123.52381,26988568940.983334,32625389101.33889,-0.4107012731427453,-0.025347785551779745,0.023823242145666113,-0.3936606391107158,0
2022-02-20,38431.37890625,40119.890625,38112.8125,40118.1015625,18340576452.0,-0.04214073972532317,40122.15625,42197.515625,42412.43359375,36457.31640625,56289.2890625,47706.1171875,41463.78627232143,41411.786830357145,42445.269270833334,49788.30807291667,0.039472818116235056,0.03828420059932032,0.031614645114534386,0.03386679764289666,2007.078125,20710827793.142857,22186238076.285713,26886778889.2,32530830254.77222,0.33516537657524226,-0.018776160797151387,0.10219330659669068,-0.35393553018046675,0
2022-02-21,37075.28125,39394.4375,36950.4765625,38423.2109375,29280402798.0,-0.03528620868790788,38431.37890625,42586.91796875,43840.28515625,35030.25,57569.07421875,48960.7890625,40676.40959821428,41344.74665178572,42216.781640625,49722.27747395833,0.038955222318461526,0.038954665815339566,0.031244944217062212,0.033904319228089376,2443.9609375,21918344905.42857,22593174854.04762,26904387634.033333,32512130548.47778,0.5964821430030371,0.1650143415972063,0.1569152164219927,-0.34089903861147375,1
2022-02-22,38286.02734375,38359.85546875,36488.93359375,37068.76953125,25493150450.0,0.03265642371222732,37075.28125,44575.203125,44118.4453125,36276.8046875,56280.42578125,46942.21875,39777.95591517857,41322.97302827381,42007.8455078125,49674.18752170139,0.035194701716835586,0.039619000788877444,0.03160952117059344,0.03386140856009069,1870.921875,22314272248.142857,22841015336.04762,26923141604.4,32472278331.155556,-0.12934427077822475,0.15850715772919366,0.14822395123547327,-0.36820700845190446,1
2022-02-23,37296.5703125,39122.39453125,37201.81640625,38285.28125,21849073843.0,-0.025843815613622922,38286.02734375,43961.859375,44338.796875,36654.328125,57274.6796875,49058.66796875,38825.771763392855,41339.334263392855,41788.957356770836,49608.84253472222,0.03507947508883763,0.03866480753375857,0.031729936614934465,0.033739760625558064,1920.578125,22608061703.285713,22969295546.857143,26970115319.883335,32401933869.2,-0.14294336096855376,0.1776985610062587,0.18908334190413378,-0.35791704205375785,1
2022-02-24,38332.609375,38968.83984375,34459.21875,37278.56640625,46383802093.0,0.027778400368163814,37296.5703125,40538.01171875,43565.11328125,36954.00390625,53569.765625,48902.40234375,38510.71428571428,41395.42987351191,41581.00891927083,49550.12146267361,0.02968245405249554,0.03909392621002691,0.03196705693372724,0.03380717840622989,4509.62109375,25484795886.142857,24292736848.0,27393772472.666668,32500909973.044445,1.1229184553220972,0.10745889086763993,0.16091309333151815,-0.39482004143828264,1
2022-02-25,39214.21875,39630.32421875,38111.34375,38333.74609375,26545599159.0,0.022998939789759643,38332.609375,40030.9765625,42407.9375,36852.12109375,54815.078125,48829.83203125,38394.03459821428,41286.54148065476,41390.572265625,49496.70138888889,0.031667636546519745,0.029499854277270247,0.03215906977978977,0.03385355066520098,1518.98046875,25947023236.857143,24156231532.142857,27430793362.683334,32504554133.705555,-0.4276967829033118,-0.0019537117834331763,0.19396723127373283,-0.4090058213897223,0
2022-02-26,39105.1484375,40005.34765625,38702.53515625,39213.08203125,17467554129.0,-0.002781397053842838,39214.21875,40122.15625,42244.46875,37138.234375,57248.45703125,47054.984375,38248.747767857145,41175.302641369046,41249.1771484375,49452.535633680556,0.031597852393509665,0.02949940715052914,0.03129136060306331,0.03374806745148816,1302.8125,26480022703.42857,24052170004.238094,27164746316.783333,32424668284.333332,-0.3419792853657322,0.007554951503947915,0.20516110510544583,-0.39749076957777496,1
2022-02-27,37709.78515625,39778.94140625,37268.9765625,39098.69921875,23450127612.0,-0.03568234201898368,39105.1484375,38431.37890625,42197.515625,37784.33203125,57806.56640625,47166.6875,38145.66294642857,40951.36700148809,41103.595052083336,49399.99728732639,0.030341696521210198,0.029736576520184643,0.03146101389931608,0.03384928324746135,2509.96484375,27209958583.42857,24400171446.04762,27054761338.666668,32362000307.583332,0.3424963471598812,0.018833287323364534,0.2587112409173473,-0.37621307052577224,1
2022-02-28,43193.234375,43760.45703125,37518.21484375,37706.0,35690014104.0,0.1454118392886461,37709.78515625,37075.28125,42586.91796875,38138.1796875,57005.42578125,48847.02734375,39019.65625,40920.55505952381,41037.18020833333,49368.587326388886,0.05999022947591229,0.04373424853474359,0.03677352358945323,0.03545781558013755,6242.2421875,28125617341.42857,24735798025.95238,27204820056.766666,32342837057.466667,0.5219539396338531,-0.11879627415607263,0.08958416158201854,-0.46409770301844866,0
2022-03-01,44354.63671875,44793.6015625,42952.5859375,43194.50390625,32479047645.0,0.026888524570001016,43193.234375,38286.02734375,44575.203125,37917.6015625,57229.828125,49327.72265625,39886.60044642857,40931.80226934524,41004.650065104164,49340.95907118056,0.05988310534699738,0.044107509151789986,0.03687053745707895,0.03550714028180535,1841.015625,29123602655.0,24707209872.47619,27129901310.85,32303786931.5,-0.08996820370099345,-0.1266466733369811,0.026694820431241828,-0.4668753363669438,0
2022-03-02,43924.1171875,45077.578125,43432.8515625,44357.6171875,29183112630.0,-0.009706302725009275,44354.63671875,37296.5703125,43961.859375,38483.125,56477.81640625,50025.375,40833.392857142855,40912.05561755953,40941.9384765625,49307.06319444445,0.05798416479590388,0.04415999867826819,0.03668035482229907,0.03549869898465437,1644.7265625,30171322481.714287,24989934888.190475,27206575404.616665,32225881003.783333,-0.10147880723058678,-0.04419420424464282,0.053672731399161844,-0.46554493749607584,0
2022-03-03,42451.7890625,44021.578125,41914.75,43925.1953125,24967782593.0,-0.03351981142193561,43924.1171875,38332.609375,40538.01171875,38743.2734375,53598.24609375,49944.625,41421.84709821428,40859.04017857143,40860.38131510417,49265.436328125,0.06198310294109385,0.0446224351987475,0.036915884633019765,0.03558586570046995,2106.828125,27111891124.57143,24648303176.57143,27156845622.05,32156416863.77778,-0.14444415475635985,-0.07100591498186637,0.08049507998871519,-0.4732217373789275,0
2022-03-04,39137.60546875,42479.61328125,38805.84765625,42458.140625,28516271427.0,-0.07806935036049167,42451.7890625,39214.21875,40030.9765625,36952.984375,49200.703125,51753.41015625,41410.90234375,40703.31008184524,40738.372786458334,49195.348524305555,0.07122582200866545,0.04746223026449979,0.03816814630140079,0.03594885461345811,3673.765625,27393415734.285713,24722652969.238094,27080923006.466667,32146381281.044445,0.1421227063629935,-0.008754567592889173,0.1869291912439952,-0.42885239549917376,0
2022-03-05,39400.5859375,39566.3359375,38777.03515625,39148.44921875,16975917450.0,0.00671938064683042,39137.60546875,39105.1484375,40122.15625,37154.6015625,49368.84765625,52633.53515625,41453.107700892855,40567.88709077381,40630.0896484375,49121.832139756945,0.07121467801022825,0.04750624273630897,0.03816246459292939,0.03592838575851292,789.30078125,27323181923.0,24666630452.38095,26655610332.216667,32024669125.622223,-0.40469365030918003,-0.012603219138357491,0.18329904675037545,-0.4305791871353436,0
2022-03-06,38419.984375,39640.17578125,38211.6484375,39404.19921875,19745229902.0,-0.024887994408395286,39400.5859375,37709.78515625,38431.37890625,41500.875,50582.625,46811.12890625,41554.564732142855,40388.00465029762,40544.27265625,49075.21467013889,0.07034526751719429,0.047759937218332375,0.0377447408044872,0.03502346373361744,1428.52734375,26793910821.57143,24904899066.04762,26370512749.6,31772086737.95,0.16313182837726403,-0.014844366070880244,0.18573687440496256,-0.41619555089941396,0
2022-03-07,38062.0390625,39430.2265625,37260.203125,38429.3046875,28546143503.0,-0.009316643885282638,38419.984375,43193.234375,37075.28125,41441.1640625,50700.0859375,46091.390625,40821.536830357145,40172.53422619047,40459.29114583333,49030.607161458334,0.0333277631876982,0.047686139128590994,0.03774456432570303,0.035011987737013875,2170.0234375,25773357878.57143,25272440041.809525,26342814336.5,31658411076.922222,0.44572353143928467,0.04216050645933511,0.13516614835852891,-0.4162223023636781,1
2022-03-08,38737.26953125,39304.44140625,37957.38671875,38059.90234375,25776583476.0,0.017740259990833174,38062.0390625,44354.63671875,38286.02734375,42412.43359375,50504.796875,46391.421875,40019.05580357143,39894.537388392855,40412.280598958336,48988.084092881945,0.03142612090922552,0.046543745651322466,0.037528216605458194,0.03503447045008724,1347.0546875,24815862997.285713,25417912633.47619,25369147269.1,31586766223.93889,-0.0970204618605991,0.015528085285276605,0.12304889277636666,-0.43934922773520046,1
2022-03-09,41982.92578125,42465.671875,38706.09375,38742.81640625,32284121034.0,0.08378639716414904,38737.26953125,43924.1171875,37296.5703125,43840.28515625,47672.12109375,44883.91015625,39741.74274553572,39800.302455357145,40416.430338541664,48971.967513020834,0.05017176442201663,0.05040279749898247,0.039071475928124114,0.03550811192656809,3759.578125,25258864197.857143,26012749460.95238,25439443355.583332,31548596526.366665,0.2524592742889693,-0.01998422163623248,0.007258624204464104,-0.5149689759480904,0
2022-03-10,39437.4609375,42004.7265625,38832.94140625,41974.0703125,31078064711.0,-0.060630954045771346,41982.92578125,42451.7890625,38332.609375,44118.4453125,47243.3046875,45201.45703125,39311.12444196428,39747.89527529762,40375.194661458336,48939.9453125,0.05363444477455025,0.04921394305405527,0.03986515951824772,0.03579289942113084,3171.78515625,26131761643.285713,26242816218.0,25602504694.566666,31529586690.066666,-0.037357570358810266,0.03838781536035585,0.08480961252933095,-0.4881200853011939,1
2022-03-11,38794.97265625,40081.6796875,38347.43359375,39439.96875,26364890465.0,-0.016291319622939393,39437.4609375,39137.60546875,39214.21875,44338.796875,49362.5078125,46063.26953125,39262.17689732143,39689.03794642857,40324.756510416664,48899.56588541667,0.04477084881069082,0.04926816669804347,0.03991837743551306,0.03578401464685476,1734.24609375,25824421505.857143,26388286825.666668,25506848996.8,31521158413.97778,-0.1516559763237697,0.07748899890681304,0.08796756345181245,-0.46816794178288845,1
2022-03-12,38904.01171875,39308.59765625,38772.53515625,38794.46484375,14616450657.0,0.002810649293818468,38794.97265625,39400.5859375,39105.1484375,43565.11328125,50098.3359375,44963.07421875,39191.23772321428,39631.03106398809,40260.89244791667,48865.90442708333,0.044691392145728724,0.04926973923370681,0.03981321011376756,0.03574110222720732,536.0625,25487354821.142857,26430186482.52381,25311662359.416668,31374750121.77778,-0.44560927812676954,0.08448076380297787,0.01588243982309434,-0.43029142138398124,1
2022-03-13,37849.6640625,39209.3515625,37728.14453125,38884.7265625,17300745310.0,-0.027101257933814904,38904.01171875,38419.984375,37709.78515625,42407.9375,46737.48046875,47092.4921875,39109.763392857145,39603.330357142855,40159.23515625,48814.55538194445,0.04489616879516752,0.048738362818697784,0.03976819242394248,0.03561859083623452,1481.20703125,25138142736.57143,26380670713.857143,25041675803.1,31256131190.833332,0.18364887043999678,0.08978045751314245,0.060172780595600495,-0.36069358071003355,1
2022-03-14,39666.75390625,39742.5,37680.734375,37846.31640625,24322159070.0,0.0480080837903738,37849.6640625,38062.0390625,43193.234375,42244.46875,46612.6328125,48176.34765625,39339.00837053572,39726.73381696428,40110.48821614583,48767.279861111114,0.04828729850363817,0.0490800214604763,0.040090537643569665,0.03575954172001773,2061.765625,24534716389.0,26144563869.666668,24652192869.566666,31221895983.077778,0.40584458265746237,0.03557745589254391,0.037814452023099854,-0.3761507614856545,1
2022-03-15,39338.78515625,39794.62890625,38310.2109375,39664.25,23934000868.0,-0.008268101563720931,39666.75390625,38737.26953125,44354.63671875,42197.515625,48896.72265625,47783.359375,39424.939174107145,39776.865141369046,40047.806315104164,48720.365559895836,0.048315056533056906,0.0487102093046618,0.04006997512175097,0.035759676153487505,1484.41796875,24271490302.142857,26070318651.47619,24658136160.716667,31178394355.933334,-0.015959035580799696,0.07676961618170841,0.015169011101381136,-0.3803580654389568,1
2022-03-16,41143.9296875,41465.453125,39022.34765625,39335.5703125,39616916192.0,0.04588714481344902,39338.78515625,41982.92578125,43924.1171875,42586.91796875,47665.42578125,47267.51953125,39305.08258928572,39960.07273065476,40013.91516927083,48686.34561631944,0.03900419429146221,0.0491449541157569,0.04051913375161491,0.03591727338797313,2443.10546875,25319032467.57143,26916406382.38095,25012228958.95,31238889925.27222,0.6552567374963296,0.04250997308799542,-0.014351201944849512,-0.3910939170666694,1
2022-03-17,40951.37890625,41287.53515625,40662.87109375,41140.84375,22009601093.0,-0.00467993171076464,41143.9296875,39437.4609375,42451.7890625,44575.203125,46202.14453125,48278.36328125,39521.35658482143,40084.776041666664,39977.87350260417,48645.640147569444,0.029652682535788767,0.04892906116580788,0.0405232125200765,0.03588256003881682,624.6640625,24023537665.0,25755730144.285713,25080687346.416668,31202411984.394444,-0.4444393151063968,0.07349092430781812,-0.012866344072472335,-0.33032951710169256,1
2022-03-18,41801.15625,42195.74609375,40302.3984375,40944.83984375,34421564942.0,0.020750884742987363,40951.37890625,38794.97265625,39137.60546875,43961.859375,46848.77734375,47260.21875,39950.81138392857,40207.963541666664,39970.38359375,48615.312022569444,0.028336250312975122,0.04888843954407029,0.04052469299969532,0.035882510261742044,1893.34765625,25174491161.714287,26130776133.95238,25292865024.433334,31243822219.36111,0.5639340666172972,0.06094506581381953,-0.04985993958002055,-0.3549011241465361,1
2022-03-19,42190.65234375,42316.5546875,41602.66796875,41794.6484375,19664853187.0,0.009317830622209256,41801.15625,38904.01171875,39400.5859375,40538.01171875,46707.015625,42843.80078125,40420.33147321428,40354.892299107145,39967.3005859375,48611.68342013889,0.028126547638915846,0.048874009648846396,0.040539234478103495,0.03519911434109677,713.88671875,25895691523.142857,26235409422.42857,25246992423.766666,31109127816.833332,-0.4287054287004357,0.05475563075981271,-0.032339805720072556,-0.3354291952443924,1
2022-03-20,41247.82421875,42241.1640625,41004.7578125,42191.40625,20127946682.0,-0.022346848712323064,42190.65234375,37849.6640625,38419.984375,40030.9765625,46880.27734375,40693.67578125,40905.782924107145,40523.37034970238,39959.02552083333,48614.76202256944,0.02706258324659689,0.04840718614872781,0.04059924301153849,0.03503583567300083,1236.40625,26299577433.42857,26077210330.52381,25197599147.5,30950388131.244446,0.023549298364766935,0.1351021071850096,0.006180344929178627,-0.3268193691655895,1
2022-03-21,41077.99609375,41454.41015625,40668.04296875,41246.1328125,24615543271.0,-0.004117262624553253,41247.82421875,39666.75390625,38062.0390625,40122.15625,48936.61328125,43574.5078125,41107.388950892855,40422.64471726191,39965.65182291667,48600.89251302083,0.022505075038507568,0.03624560874418452,0.040460032938749974,0.034641039985638014,786.3671875,26341489462.142857,25549854576.57143,25268157636.35,30875253875.827778,0.22295352128556467,0.14728098709324589,0.007215123440383664,-0.314089802678156,1
2022-03-22,42358.80859375,43124.70703125,40948.28125,41074.10546875,32004652376.0,0.031180014163224357,41077.99609375,39338.78515625,38737.26953125,38431.37890625,48628.51171875,44895.09765625,41538.82087053572,40327.60528273809,40064.010026041666,48586.802018229166,0.023482313550536597,0.03642687186213063,0.038227207570210454,0.034645333145310014,2176.42578125,27494439677.57143,25527264325.666668,25084701975.433334,30862812697.75,0.3001806226111303,0.12056339742646882,-0.04323646894946498,-0.35533036913533056,1
2022-03-23,42892.95703125,42893.5078125,41877.5078125,42364.37890625,25242943069.0,0.012610091153007819,42358.80859375,41143.9296875,41982.92578125,37075.28125,50784.5390625,42839.75,41788.681919642855,40278.50241815476,40195.05514322917,48587.097612847225,0.01791746730896159,0.03650274027522596,0.03783737789522405,0.0344847372854848,1016.0,25441014945.714287,25339637203.714287,24843511269.833332,30765054905.27778,-0.21127269959259254,0.09721192754820152,-0.073500102043632,-0.33942598931551715,1
2022-03-24,43960.93359375,44131.85546875,42726.1640625,42886.65234375,31042992291.0,0.024898646221148013,42892.95703125,40951.37890625,39437.4609375,38286.02734375,50822.1953125,42716.59375,42218.61830357143,40350.36644345238,40323.12395833333,48594.01061197917,0.01843134325092148,0.036083806504361514,0.03771144201407389,0.034531235183865666,1405.69140625,26731499402.57143,25628932903.61905,24927261542.166668,30761934211.13889,0.22976913611641603,0.03588964242843806,-0.10177679951810903,-0.3745973320239321,1
2022-03-25,44348.73046875,44999.4921875,43706.28515625,43964.546875,30574413034.0,0.008821397620525806,43960.93359375,41801.15625,38794.97265625,37296.5703125,50429.859375,43208.5390625,42582.55747767857,40598.51525297619,40451.363997395834,48600.34500868055,0.01784927829903774,0.031037943719167717,0.037707352784628924,0.034527123820202864,1293.20703125,26181906272.857143,25726939646.809525,24739224116.116665,30761451938.677776,-0.015094526088448301,0.04358442828170728,-0.11002428814593146,-0.3800339549601327,1
2022-03-26,44500.828125,44735.99609375,44166.2734375,44349.859375,16950455995.0,0.003429583093865096,44348.73046875,42190.65234375,38904.01171875,38332.609375,50809.515625,42235.73046875,42912.58258928572,40841.38392857143,40577.14440104167,48612.92888454861,0.017949563432598688,0.031044676418656793,0.03770312826047268,0.03448366114618601,569.72265625,25794135245.42857,25725727196.57143,24581261889.466667,30683509866.1,-0.4455999539173361,0.030743722114721983,-0.09084144501524372,-0.37092563761980557,1
2022-03-27,46820.4921875,46827.546875,44437.29296875,44505.35546875,28160889722.0,0.052126312256127294,44500.828125,41247.82421875,37849.6640625,39214.21875,50640.41796875,41034.54296875,43708.678013392855,41241.408110119046,40743.283919270834,48645.073046875,0.019146084487748884,0.03172182979139598,0.038204208061946326,0.03462359063543653,2390.25390625,26941698536.857143,26126472902.285713,24528533417.6,30672098472.61111,0.6613647284950224,-0.007836862965485025,-0.1858808150744624,-0.4203416622963069,0
2022-03-28,47128.00390625,48086.8359375,46690.203125,46821.8515625,36362175703.0,0.0065678873583499,46820.4921875,41077.99609375,39666.75390625,39105.1484375,47588.85546875,41564.36328125,44572.96484375,41673.12072172619,40909.780078125,48675.982161458334,0.01739560537107702,0.03142786701095723,0.03820289322445433,0.03461495796974856,1396.6328125,28619788884.285713,26498664911.809525,24717212568.833332,30704097449.266666,0.2912296472860709,-0.010722459750369007,-0.16735024101994822,-0.4214028051428088,0
2022-03-29,47465.73046875,48022.2890625,47100.4375,47100.4375,31397059069.0,0.0071661546110000085,47128.00390625,42358.80859375,39338.78515625,37709.78515625,46444.7109375,43790.89453125,45302.525111607145,42088.76171875,41071.13671875,48696.39791666667,0.01717781989664036,0.03139395883273669,0.0381679758087713,0.034395533785539924,921.8515625,28532989840.42857,26766306606.714287,24869849711.266666,30705516211.177776,-0.1365461922453216,-0.040234043854172064,-0.16205170062249685,-0.4027598200576781,0
2022-03-30,47062.6640625,47655.1484375,46746.2109375,47456.8984375,29333883962.0,-0.008491735032190584,47465.73046875,42892.95703125,41143.9296875,43193.234375,47178.125,48116.94140625,45898.197544642855,42330.654017857145,41219.878125,48690.5408203125,0.019651259061976647,0.026681580329312206,0.038199061773061926,0.0336127062501866,908.9375,29117409968.0,26625819127.095238,25072178059.383335,30630423113.288887,-0.06571236823378412,-0.08193173629374795,-0.17960818861687233,-0.40433540985331895,0
2022-03-31,45538.67578125,47512.02734375,45390.5390625,47062.1484375,33327427106.0,-0.03238210822970233,47062.6640625,43960.93359375,40951.37890625,44354.63671875,46306.4453125,47711.48828125,46123.58928571428,42621.18805803572,41346.89602864583,48678.46963975694,0.025244942816221548,0.0237121776135875,0.03847037827120846,0.03369531420646678,2121.48828125,29443757798.714287,26732931622.095238,25383576037.083332,30645495783.366665,0.1361409607119657,-0.04468351549734384,-0.17180562778839858,-0.3746308190470995,0
2022-04-01,46281.64453125,46616.2421875,44403.140625,45554.1640625,38162644287.0,0.016315115388267687,45538.67578125,44348.73046875,41801.15625,43924.1171875,47686.8125,48199.953125,46399.71986607143,42977.69624255953,41476.871354166666,48667.81236979167,0.02557491843045345,0.023162482626004153,0.038477681631315624,0.03370836724455231,2213.1015625,30527790834.857143,27294729423.142857,25674041267.45,30709520941.18889,0.14508222208757027,-0.08629728932931957,-0.16880451981292188,-0.3861273633639686,0
2022-04-02,45868.94921875,47028.28125,45782.51171875,46285.5,29336594194.0,-0.008917040798352427,46281.64453125,44500.828125,42190.65234375,42451.7890625,47345.21875,49112.90234375,46595.165736607145,43309.35993303572,41595.6326171875,48649.79040798611,0.02623047653391337,0.023450925038212413,0.038510383502032584,0.033686414842233406,1245.76953125,32297239149.0,27995688639.190475,25824842831.883335,30687039947.81111,-0.23127459477451806,-0.06729634213504487,-0.1600128456997606,-0.38522008735654933,0
2022-04-03,46453.56640625,47313.4765625,45634.10546875,45859.12890625,25414397610.0,0.012745379989237415,45868.94921875,46820.4921875,41247.82421875,39137.60546875,46458.1171875,51514.8125,46542.747767857145,43719.06956845238,41753.97565104167,48621.672374131944,0.016913259275818736,0.022026348202787063,0.037968127188652855,0.03350153458972221,1679.37109375,31904883133.0,28382053034.42857,25929162968.45,30628931577.666668,-0.13369638472901457,-0.09140083011320188,-0.18735080973414897,-0.401763462893432,0
2022-04-04,46622.67578125,46791.08984375,45235.81640625,46445.2734375,32499785455.0,0.003640395949819908,46453.56640625,47128.00390625,41077.99609375,39400.5859375,45897.57421875,55361.44921875,46470.55803571428,44050.30394345238,41911.77688802083,48573.1236328125,0.01673015805891608,0.020258231493206297,0.03796808473656643,0.03303188922328221,1555.2734375,31353113097.57143,28771463814.666668,26160967146.55,30537070773.705555,0.2787942470142222,-0.15230300102929062,-0.1485179598011127,-0.3958285454075501,0
2022-04-05,45555.9921875,47106.140625,45544.80859375,46624.5078125,29640604055.0,-0.02287907280900814,46622.67578125,47465.73046875,42358.80859375,38419.984375,43569.00390625,53805.984375,46197.73828125,44346.361421130954,41979.36217447917,48527.29034288194,0.017969132058973138,0.02107627727492299,0.03513167855024378,0.033009743633450724,1561.33203125,31102190952.714287,29043206823.57143,26164773700.933334,30497252682.827778,-0.08797539306709867,-0.1191678269547074,-0.19713875455804986,-0.381464807987835,0
2022-04-06,43206.73828125,45544.35546875,43193.953125,45544.35546875,39393395788.0,-0.05156849392240015,45555.9921875,47062.6640625,42892.95703125,38062.0390625,43160.9296875,53967.84765625,45646.89174107143,44444.59040178572,42008.788411458336,48467.50640190972,0.02505835330149816,0.022795913490343236,0.03580804416776046,0.033228328087409886,2350.40234375,32539264070.714287,29032562994.809525,26493782860.483334,30522766693.183334,0.3290348508047638,-0.04721503852525899,-0.16584951077780563,-0.35093131903525243,0
2022-04-07,43503.84765625,43860.69921875,42899.90625,43207.5,26101973106.0,0.006876459247305178,43206.73828125,45538.67578125,43960.93359375,38737.26953125,41557.90234375,54968.22265625,45356.20200892857,44566.13653273809,42026.97864583333,48403.8154296875,0.024074667252949628,0.02275132846138738,0.03569828447996905,0.03320199530283966,960.79296875,31507056356.42857,29227437852.57143,26659780790.016666,30487270924.805557,-0.3374023085882032,-0.08202336628809326,-0.18393532899613318,-0.3580830000219988,0
2022-04-08,42287.6640625,43903.01953125,42183.2890625,43505.13671875,27215995394.0,-0.02795577079433975,43503.84765625,46281.64453125,44348.73046875,41982.92578125,41733.94140625,54771.578125,44785.63337053572,44589.30357142857,42001.10162760417,48334.4603515625,0.0229457152100814,0.023340290329605242,0.035630040664098354,0.033263245056475654,1719.73046875,29943249371.714287,28884315493.142857,26636016447.816666,30418872052.75,0.04267961979257118,-0.041009577076352555,-0.19458153151563662,-0.33910289108027036,0
2022-04-09,42782.13671875,42786.81640625,42183.25390625,42282.078125,16050772496.0,0.011693070951357853,42287.6640625,45868.94921875,44500.828125,39437.4609375,41911.6015625,57484.7890625,44344.66015625,44617.46949404762,41978.829817708334,48252.77894965278,0.024745728457537107,0.023389277838667098,0.03565283691525546,0.03306173344059221,603.5625,28045274843.42857,28712216412.61905,26352206008.283333,30271168946.072224,-0.4102448849054946,-0.055108335501081185,-0.2918316977907781,-0.33773642566027895,0
2022-04-10,42207.671875,43376.37890625,42021.20703125,42781.08984375,17654475582.0,-0.013427680050824398,42782.13671875,46453.56640625,46820.4921875,38794.97265625,41821.26171875,56041.05859375,43738.103794642855,44663.17652529762,41943.31106770833,48175.926801215275,0.022692603457655766,0.023023693841906633,0.03568928068911317,0.03302576155573524,1355.171875,26936714553.714287,28594432074.52381,26259015812.983334,30141006260.7,0.09991438645084894,-0.0590110432382146,-0.26499366414059056,-0.2974504597986667,0
2022-04-11,39521.90234375,42424.58984375,39373.05859375,42201.0390625,33949912166.0,-0.06363225953812457,42207.671875,46622.67578125,47128.00390625,38904.01171875,42735.85546875,57401.09765625,42723.70758928572,44589.076822916664,41875.92421875,48076.59793836805,0.027927147286298484,0.027042409826599657,0.036554975440266785,0.03329828634305976,3051.53125,27143875512.42857,29038925831.42857,26289146873.466667,30098037701.716667,0.9230201434368497,0.03300227020084878,-0.2678400139479622,-0.2349796745416184,1
2022-04-12,40127.18359375,40617.5859375,39388.328125,39533.71484375,30991500854.0,0.015315083892861292,39521.90234375,45555.9921875,47465.73046875,37849.6640625,43949.1015625,57321.5234375,41948.16350446428,44482.80896577381,41837.91165364583,47981.073828125,0.031459036269182415,0.02629552696153806,0.03645783935611312,0.033321927949177495,1229.2578125,27336860769.42857,28990680520.857143,26356423124.683334,30066791643.316666,-0.08714047027676186,0.03428016329718808,-0.27610788120077967,-0.2489118339451737,1
2022-04-13,41166.73046875,41430.0546875,39712.74609375,40123.5703125,27691105228.0,0.025906300465151855,40127.18359375,43206.73828125,47062.6640625,39666.75390625,42591.5703125,61593.94921875,41656.73381696428,44400.607700892855,41819.94934895833,47867.589279513886,0.031113798651895345,0.02682571166167173,0.03661049173216938,0.032897029813708234,1717.30859375,25665104975.142857,29107259671.285713,26515401706.75,29932963995.68889,-0.10649357194890496,0.00504408378162613,-0.28867065268022585,-0.261562284395498,1
2022-04-14,39935.515625,41451.48046875,39695.74609375,41160.21875,24342001973.0,-0.029908006531745968,41166.73046875,43503.84765625,45538.67578125,39338.78515625,43099.69921875,60892.1796875,41146.97209821428,44208.92113095238,41782.249348958336,47751.16336805555,0.03158852297005351,0.026784052282154427,0.036816384053417923,0.03295639976154673,1755.734375,25413680527.57143,28788164894.238094,26675408589.383335,29877914205.333332,-0.12094509148062238,0.014820083000994133,-0.24625323715223724,-0.23662687856556253,1
2022-04-15,40553.46484375,40617.72265625,39866.83203125,39939.40234375,21756855753.0,0.015473675726454417,39935.515625,42287.6640625,46281.64453125,41143.9296875,43177.3984375,61553.6171875,40899.22935267857,44028.19419642857,41748.35846354167,47634.49585503472,0.03212755248323219,0.02698455673053423,0.03685248333074223,0.03296808970443503,750.890625,24633803436.0,28368281214.190475,26690893135.066666,29837494695.566666,-0.10620105211015218,-0.020051172800721107,-0.2280533019344544,-0.25238210321694343,0
2022-04-16,40424.484375,40633.6796875,40078.42578125,40552.31640625,16833150693.0,-0.0031805042860567623,40553.46484375,42782.13671875,45868.94921875,40951.37890625,43113.87890625,62026.078125,40562.421875,43834.08258928572,41679.17981770833,47514.48700086806,0.031280754576727195,0.0269332842825104,0.03633678806090853,0.03296063007822793,555.25390625,24745571749.857143,28362695247.42857,26592751329.1,29719592410.11111,-0.22630591092286312,-0.02319767142979179,-0.26126657073161497,-0.2500744057109572,0
2022-04-17,39716.953125,40570.7265625,39620.89453125,40417.77734375,19087633042.0,-0.017502542356175654,40424.484375,42207.671875,46453.56640625,41801.15625,42250.55078125,64261.9921875,40206.60491071428,43495.81882440476,41608.431380208334,47378.12567274306,0.03144398472173545,0.02374802475324279,0.036362286353539004,0.03285828324211466,949.83203125,24950308529.857143,27930635405.52381,26581002752.183334,29600794836.2,0.1339310976368504,-0.006235628283734362,-0.23393274085963767,-0.25862779984145623,0
2022-04-18,40826.21484375,40986.3203125,38696.19140625,39721.203125,33705182072.0,0.027929174608607443,39716.953125,39521.90234375,46622.67578125,42190.65234375,42375.6328125,65992.8359375,40392.935267857145,43195.73363095238,41613.234765625,47238.311111111114,0.02225099149551379,0.024815599288407705,0.035117506098387354,0.03286328414658352,2290.12890625,24915347087.857143,27804111899.285713,26705311406.5,29561440538.922222,0.7658125550630543,-0.009011519961085068,-0.2965237753660691,-0.25544033776551545,0
2022-04-19,41502.75,41672.9609375,40618.6328125,40828.17578125,25303206547.0,0.016571096753378534,40826.21484375,40127.18359375,45555.9921875,41247.82421875,41744.328125,62210.171875,40589.44475446428,42911.78218005953,41637.764322916664,47123.26987847222,0.022354159366619167,0.02515733867336845,0.03513262746631862,0.03263070771355972,1054.328125,24102733615.42857,27513928445.857143,26738531387.216667,29446968789.905556,-0.2492784494399689,-0.08156782532482787,-0.26958252201661337,-0.3055236174108945,0
2022-04-20,41374.37890625,42126.30078125,40961.09765625,41501.74609375,27819532341.0,-0.003093074404708074,41502.75,41166.73046875,43206.73828125,41077.99609375,40680.41796875,60692.265625,40619.10881696428,42640.911458333336,41658.63470052083,47015.948285590275,0.020448853076685137,0.02515889170263616,0.03513666745728166,0.03258658686111192,1165.203125,24121080345.857143,27441816463.904762,26973247628.516666,29387999065.27222,0.09944691354931612,-0.05155987519072458,-0.29423133334422225,-0.3173072556508354,0
2022-04-21,40527.36328125,42893.58203125,40063.828125,41371.515625,35372786395.0,-0.020471984048854197,41374.37890625,39935.515625,43503.84765625,42358.80859375,36457.31640625,61393.6171875,40703.658482142855,42402.27752976191,41693.5677734375,46900.02465277778,0.018275072488176617,0.02465918240904679,0.03479431191024308,0.032601786529992446,2829.75390625,25696906691.857143,27539214525.285713,27257117794.233334,29435167067.27778,0.2715090232795945,-0.018593244051448687,-0.2737690246896266,-0.32695078219239415,0
2022-04-22,39740.3203125,40777.7578125,39315.41796875,40525.86328125,28011716745.0,-0.019420038833716236,40527.36328125,40553.46484375,42287.6640625,42892.95703125,35030.25,60930.8359375,40587.49497767857,42090.78590029762,41737.985091145834,46782.29956597222,0.0188167258228914,0.024328010663981787,0.034569813089109676,0.03262553468647285,1462.33984375,26590458262.142857,27055837023.285713,27235973026.683334,29439031138.738888,-0.20809979648763266,-0.02844708056855827,-0.23695323998906181,-0.3000182237773703,0
2022-04-23,39486.73046875,39935.859375,39352.203125,39738.72265625,16138021249.0,-0.0063811726165236005,39740.3203125,40424.484375,42782.13671875,43960.93359375,36276.8046875,63039.82421875,40453.53013392857,41786.87072172619,41757.996809895834,46651.44904513889,0.01886808036589328,0.024324016253062627,0.03434456175481413,0.03251250738006441,583.65625,26491154055.857143,26427333549.714287,27080054206.666668,29356103970.044445,-0.4238831773179135,-0.04487217472087879,-0.26307116819208354,-0.30124919338508005,0
2022-04-24,39469.29296875,39845.92578125,39233.5390625,39478.375,17964398167.0,-0.0004416040475622163,39486.73046875,39716.953125,42207.671875,44348.73046875,36654.328125,60363.79296875,40418.150111607145,41454.28627232143,41794.20885416667,46535.368489583336,0.017782656300474604,0.023961105606990277,0.034163108931862536,0.0323715147371292,612.38671875,26330691930.857143,26072571671.47619,27015309612.066666,29262134151.044445,0.11317229602192858,-0.0253411992847683,-0.2486415715381588,-0.3026138100435871,0
2022-04-25,40458.30859375,40491.75390625,38338.37890625,39472.60546875,35445730570.0,0.025057850055308917,39469.29296875,40826.21484375,39521.90234375,44500.828125,36954.00390625,58482.38671875,40365.592075892855,41160.74497767857,41829.63717447917,46435.23472222222,0.017027733341738887,0.024894403019423188,0.03412943596867181,0.032358193262856966,2153.375,26579341716.285713,26212854772.190475,26833008420.016666,29216515560.36111,0.9731098275873569,-0.047678228176053494,-0.2693129704218087,-0.3003267155705328,0
2022-04-26,38117.4609375,40713.890625,37884.984375,40448.421875,34569088416.0,-0.057858267871623625,40458.30859375,41502.75,40127.18359375,46820.4921875,36852.12109375,60622.13671875,39881.97935267857,40806.529203869046,41811.35787760417,46310.20874565972,0.025322324937786585,0.02712067951464807,0.03485320974427902,0.032502126161582615,2828.90625,27903039126.142857,26447544503.666668,26966733240.966667,29157137811.3,-0.024731953324216627,-0.009628338390685887,-0.2321832595994905,-0.2543390752474618,0
2022-04-27,39241.12109375,39397.91796875,37997.3125,38120.30078125,30981015184.0,0.029478882606909007,38117.4609375,41374.37890625,41166.73046875,47128.00390625,37138.234375,62227.96484375,39577.228236607145,40617.69029017857,41813.62408854167,46182.50405815972,0.029788062021158815,0.026381684757117514,0.03505605905430607,0.03251755283760015,1400.60546875,28354679532.285713,26046954951.095238,27191957591.883335,29124494108.06111,-0.10379426812826487,0.011652317448005434,-0.2704700217316278,-0.2489055794568178,1
2022-04-28,39773.828125,40269.46484375,38941.421875,39241.4296875,33903704907.0,0.013575224570606004,39241.12109375,40527.36328125,39935.515625,47465.73046875,37784.33203125,61888.83203125,39469.580357142855,40440.0703125,41848.0248046875,46059.64292534722,0.03002858860713619,0.026562653970851165,0.03476636376132924,0.032537302364107734,1328.04296875,28144810748.285713,26418465989.238094,27366183880.133335,29134192809.677776,0.09433808755593676,-0.08042191689337175,-0.27553112815627423,-0.26232240893332415,0
2022-04-29,38609.82421875,39887.26953125,38235.53515625,39768.6171875,30882994649.0,-0.02926557389929385,39773.828125,39740.3203125,40553.46484375,47062.6640625,38138.1796875,61318.95703125,39308.08091517857,40264.93508184524,41771.63463541667,45933.48107638889,0.03117372649996845,0.02662338801056167,0.02940958261797891,0.03259666308593233,1651.734375,28554993306.0,26593085001.38095,27286066889.216667,29126647224.8,-0.08909675996431654,-0.06653494015397432,-0.23734547807264483,-0.24245994709693286,0
2022-04-30,37714.875,38771.2109375,37697.94140625,38605.859375,23895713731.0,-0.023179313474195662,38609.82421875,39486.73046875,40424.484375,45538.67578125,37917.6015625,61004.40625,39054.958705357145,40023.63690476191,41660.971940104166,45804.09479166667,0.032049609527281926,0.02668440344422989,0.029302270140872402,0.032633962079143236,1073.26953125,29663235089.142857,26966653631.61905,27143011323.983334,29058564674.177776,-0.22625010940207668,-0.05867504200928675,-0.15878308956346798,-0.22394528311110673,0
2022-05-01,38469.09375,38627.859375,37585.7890625,37713.265625,27002760110.0,0.019997911964443782,37714.875,39469.29296875,39716.953125,46281.64453125,38483.125,63226.40234375,38912.07310267857,39845.609375,41570.0548828125,45666.554188368056,0.03354617213392852,0.027188826631220776,0.029425258785614562,0.03254837771213996,1042.0703125,30954429652.42857,27411810037.714287,27106672115.316666,28998876310.083332,0.13002525950790988,-0.1146330130275034,-0.1735622691430052,-0.2697626686520267,0
2022-05-02,38529.328125,39074.97265625,38156.5625,38472.1875,32922642426.0,0.001565786170879102,38469.09375,40458.30859375,40826.21484375,45868.94921875,38743.2734375,62970.046875,38636.50446428572,39798.34393601191,41504.68053385417,45530.772417534725,0.031355032834034444,0.023519767658518792,0.029130959419294535,0.03254931492193564,918.41015625,30593988489.0,27362892431.04762,27239253112.533333,28981086926.288887,0.21923248926718708,-0.21366515848114076,-0.22658708240516456,-0.2556180316374256,0
2022-05-03,37750.453125,38629.99609375,37585.62109375,38528.109375,27326943244.0,-0.020215120218891713,38529.328125,38117.4609375,41502.75,46453.56640625,36952.984375,61452.23046875,38584.07477678572,39685.166294642855,41481.561328125,45399.09587673611,0.023269526966578222,0.023569545607260694,0.02745241687049224,0.032535983665362964,1044.375,29559396321.57143,27188389687.714287,27219430976.15,28951704128.194443,-0.16996506870848582,-0.1782110231292754,-0.1929239053008056,-0.23163018738599583,0
2022-05-04,39698.37109375,39902.94921875,37732.05859375,37748.01171875,36754404490.0,0.051599856624237495,37750.453125,39241.12109375,41374.37890625,46622.67578125,37154.6015625,61125.67578125,38649.396205357145,39615.244419642855,41486.5244140625,45280.05529513889,0.028934666624228052,0.025696217293816055,0.02824499945400719,0.03278096952648878,2170.890625,30384166222.42857,27619975366.857143,27549072426.816666,28985866917.327778,0.3449877712930782,-0.27109464011973883,-0.251747872605368,-0.2733275914678096,0
2022-05-05,36575.140625,39789.28125,35856.515625,39695.74609375,43106256317.0,-0.07867402068901796,39698.37109375,39773.828125,40527.36328125,45555.9921875,41500.875,61527.48046875,38192.44084821428,39455.2265625,41455.777018229164,45141.43118489583,0.041198653387369784,0.03020760830612641,0.02987165416943898,0.03327055408178202,3932.765625,31698816423.857143,28513511288.0,27938422867.066666,29063707595.63889,0.17281879315248294,-0.2058061443714545,-0.18433904688507263,-0.19250112888321946,0
2022-05-06,36040.921875,36624.359375,35482.1328125,36573.18359375,37795577489.0,-0.014606061408683924,36575.140625,38609.82421875,39740.3203125,43206.73828125,41441.1640625,63326.98828125,37825.454799107145,39240.34356398809,41422.09173177083,44989.84192708333,0.0404918695478674,0.029963408548986357,0.02990626216454756,0.03319847107922691,1142.2265625,32686328258.142857,29277259942.095238,28092580100.166668,29136312168.9,-0.1231997227721584,-0.18750403729441234,-0.17020263207751263,-0.19800544649983376,0
2022-05-07,35501.953125,36129.92578125,34940.82421875,36042.50390625,24375896406.0,-0.014954355270636377,36040.921875,37714.875,39486.73046875,43503.84765625,42412.43359375,67566.828125,37509.32310267857,39005.93731398809,41368.16979166667,44811.70373263889,0.04013204639794628,0.030034442553890088,0.029866716148223754,0.032799036574620785,1189.1015625,32754925783.142857,29636438309.38095,28069235315.666668,29043258213.766666,-0.3550595592012228,-0.15212367277328487,-0.11636771744512298,-0.19849540628266493,0
2022-05-08,34059.265625,35502.94140625,33878.96484375,35502.94140625,36763041910.0,-0.040636848764922684,35501.953125,38469.09375,39469.29296875,42287.6640625,43840.28515625,66971.828125,36879.34765625,38736.52362351191,41236.1087890625,44628.85616319445,0.03964827080445538,0.030899723765852018,0.028149264770843445,0.03291592688037631,1623.9765625,34149251754.57143,30478124445.95238,28143883996.933334,29012175159.261112,0.5081718964374564,-0.08086352694957732,-0.08525689136537273,-0.18687990098142349,0
2022-05-09,30296.953125,34222.07421875,30296.953125,34060.015625,63355494961.0,-0.11046369999353145,34059.265625,38529.328125,40458.30859375,42782.13671875,44118.4453125,64995.23046875,35703.29408482143,38235.130208333336,41083.7669921875,44436.08795572917,0.05184641564778849,0.03722612266252838,0.030511915346635724,0.03381793350843893,3925.12109375,38496802116.71429,31890044107.333332,28681841167.766666,29093423306.944443,0.7233474617280384,-0.014326033197438859,-0.0027262694010588007,-0.087077328320453,0
2022-05-10,31022.90625,32596.30859375,29944.802734375,30273.654296875,59811038817.0,0.02396125848050934,30296.953125,37750.453125,38117.4609375,42207.671875,44338.796875,64949.9609375,34742.21595982143,37736.09002976191,40954.23255208333,44247.60431857639,0.056113204177159245,0.03755727108605894,0.030677291702330037,0.033879894697940054,2651.505859375,43137387198.57143,33533274215.42857,29239276973.633335,29226370004.616665,-0.05594552052954327,-0.019245418959579208,-0.02936243934673266,-0.10963351928464149,0
2022-05-11,28936.35546875,32013.40234375,28170.4140625,31016.18359375,70388855818.0,-0.06725839173272163,31022.90625,39698.37109375,39241.12109375,39521.90234375,43565.11328125,64155.94140625,33204.78515625,37143.80319940476,40788.10494791667,44051.939952256944,0.045633036555498496,0.03927597057247852,0.03175750106417186,0.034205602356710434,3842.98828125,47942308816.85714,35560384857.190475,30168817059.65,29416947570.9,0.17685392546623824,-0.007467560474516577,0.005095638906884359,-0.06689046961495637,0
2022-05-12,29047.751953125,30032.439453125,26350.490234375,28936.734375,66989173272.0,0.003849706798608521,28936.35546875,36575.140625,39773.828125,40127.18359375,42407.9375,64469.52734375,32129.443917410714,36597.15504092262,40641.406412760414,43855.15231119792,0.04561086324701805,0.03949929070815044,0.03163386283310215,0.0342042116610883,3681.94921875,51354154096.14286,37065927089.42857,30996957525.683334,29619808373.65,-0.04829859082793364,0.043603444194026064,-0.023648694307171647,-0.07720947639490983,1
2022-05-13,29283.103515625,30924.802734375,28782.330078125,29030.91015625,42841124537.0,0.008102229834508146,29047.751953125,36040.921875,38609.82421875,41166.73046875,42244.46875,65466.83984375,31164.04129464286,36099.19233630953,40468.34557291667,43654.13155381945,0.047764751815492966,0.03979953934434751,0.030935861438605907,0.03418538416575802,2142.47265625,52074946531.57143,37772089365.2381,31305606950.133335,29718247442.238888,-0.36047688836150116,-0.0028126554689140715,-0.08607199290813305,-0.08534018224166573,0
2022-05-14,30101.265625,30192.802734375,28702.91015625,29285.642578125,28579868620.0,0.027939733537411415,29283.103515625,35501.953125,37714.875,39935.515625,42197.515625,63557.87109375,30392.514508928572,35652.26543898809,40314.3869140625,43468.2615234375,0.05228481239305993,0.04080512097910134,0.03121425612029615,0.03421437676698618,1489.892578125,52675513990.71429,38364558287.666664,31383038079.333332,29707253581.52778,-0.33288705819762454,-0.02222627682287026,-0.2529420871526893,-0.10533201469414954,0
2022-05-15,31305.11328125,31308.19140625,29527.740234375,30098.5859375,25835372065.0,0.03999325713567892,30101.265625,34059.265625,38469.09375,40553.46484375,42586.91796875,60161.24609375,29999.06417410714,35263.49497767857,40150.406640625,43307.94967447917,0.05624493113264116,0.04230522431163309,0.031063640921280323,0.034162098659541645,1780.451171875,51114418298.57143,38739366568.52381,31153345677.216667,29590537117.488888,-0.09602901229151972,-0.03134921174643368,-0.2906336811740394,-0.13136575756581303,0
2022-05-16,29862.91796875,31305.341796875,29251.884765625,31304.375,32613897286.0,-0.046069001557128786,31305.11328125,30296.953125,38529.328125,40424.484375,44575.203125,60368.01171875,29937.059151785714,34758.95256696428,39965.598958333336,43138.47693142361,0.0401412088107161,0.04219725940711092,0.03153369515565442,0.034308626260054716,2053.45703125,46722761487.85714,38604517364.52381,31330083947.1,29554067697.244446,0.26237381849758945,-0.02558382986215524,-0.24411807756457993,-0.09464137366223024,0
2022-05-17,30425.857421875,30694.490234375,29570.302734375,29862.408203125,29101473475.0,0.018850785235190015,29862.91796875,31022.90625,37750.453125,39716.953125,43961.859375,56942.13671875,29851.766462053572,34392.68573288691,39776.01064453125,42991.1642686632,0.03964747833263336,0.041477758009305914,0.03150859814870335,0.03411302411244507,1124.1875,42335680724.71429,38344154748.28571,31241415755.983334,29485807334.88889,-0.10769715070231001,-0.025316344374282318,-0.3301207552503881,-0.09948954422312073,0
2022-05-18,28720.271484375,30618.716796875,28720.271484375,30424.478515625,31285268319.0,-0.05605711989808215,30425.857421875,28936.35546875,39698.37109375,40826.21484375,40538.01171875,58119.578125,29820.897321428572,33891.69289434524,39551.504296875,42827.83478732639,0.03669473003092072,0.04162428822567025,0.03213694307888924,0.03429576860170031,1898.4453125,36749453939.14286,38358642992.809525,31435089341.516666,29444601004.594444,0.07504069668073732,0.02932039985095991,-0.2872113888960861,-0.06573971631943598,1
2022-05-19,30314.333984375,30430.751953125,28708.955078125,28720.359375,33773447707.0,0.05550304428240649,28720.271484375,29047.751953125,36575.140625,41502.75,40030.9765625,59697.1953125,30001.83761160714,33441.24079241072,39369.279459635414,42664.596668836806,0.042453249715612575,0.0439488254648606,0.03301980431747155,0.0345010294677311,1721.796875,32004350287.0,38352440269.0,31662514358.6,29462096464.83889,0.07953198171833775,-0.03454172456962812,-0.37265180927519914,-0.11295663232746422,0
2022-05-20,29200.740234375,30664.9765625,28793.60546875,30311.119140625,30749382605.0,-0.036734890846488066,30314.333984375,29283.103515625,36040.921875,41374.37890625,40122.15625,58730.4765625,29990.071428571428,32993.189174107145,39171.3251953125,42500.542578125,0.045512925933300266,0.04412621367638898,0.03327968586189271,0.03457825235243334,1871.37109375,30276958582.42857,38346077790.71429,31764745014.166668,29487796103.72778,-0.089539721506526,-0.01962847554632441,-0.29613868280709654,-0.0709281436104433,0
2022-05-21,29432.2265625,29588.869140625,29027.39453125,29199.859375,17274840442.0,0.007927413013061102,29200.740234375,30101.265625,35501.953125,40527.36328125,38431.37890625,56289.2890625,29894.49441964286,32598.77734375,38955.882161458336,42351.33667534722,0.044108103094577564,0.04426327607440633,0.03298394297777093,0.034468702234900936,561.474609375,28661954557.0,38030798110.28571,31519248148.6,29389122318.5,-0.43820529134165354,-0.020974497820071325,-0.3001026590485292,-0.09100230269488296,0
2022-05-22,30323.72265625,30425.861328125,29275.18359375,29432.47265625,21631532270.0,0.030289794482822652,29432.2265625,31305.11328125,34059.265625,39740.3203125,37075.28125,57569.07421875,29754.295758928572,32210.902529761905,38746.394921875,42199.97361111111,0.04268435274153099,0.044676142930096814,0.033226570527838915,0.03450479504516322,1150.677734375,28061406014.857143,37775025356.0,31459057968.616665,29301043031.672222,0.25219867255084205,-0.02894649957560813,-0.3170166509229251,-0.11451250071977215,0
2022-05-23,29098.91015625,30590.5859375,28975.560546875,30309.396484375,31483454557.0,-0.04039123144227663,30323.72265625,29862.91796875,30296.953125,39486.73046875,38286.02734375,56280.42578125,29645.151785714286,31761.835007440477,38498.69453125,42048.96519097222,0.0417908788196205,0.045056001076171096,0.033292933866619696,0.03458742575343469,1615.025390625,27899914196.42857,37706492600.333336,31466399006.383335,29272420185.93889,0.45544264567255266,0.09029480673473467,-0.3131347810089,-0.06437298110794254,1
2022-05-24,29655.5859375,29774.35546875,28786.58984375,29101.125,26616506245.0,0.019130468401079792,29098.91015625,30425.857421875,31022.90625,39469.29296875,37296.5703125,57274.6796875,29535.11300223214,31376.365141369046,38253.8087890625,41895.52578125,0.04181531610985986,0.04552549365676831,0.03339870625024196,0.034592500322994935,987.765625,27544918877.857143,37672662267.04762,31400433893.233334,29229822908.144444,-0.1545874930334762,0.07205133676597075,-0.28897452919783506,-0.11197781035665977,1
2022-05-25,29562.361328125,30157.78515625,29384.94921875,29653.134765625,27525063551.0,-0.003143576713387941,29655.5859375,28720.271484375,28936.35546875,40458.30859375,38332.609375,53569.765625,29655.411551339286,30893.69800967262,38004.83434244792,41762.15131293403,0.034799468376708505,0.04331040522950653,0.033377611865338434,0.03428267667095201,772.8359375,27007746768.142857,37233169841.38095,31576677352.5,29150457993.31111,0.03413510765225536,0.008007437138480178,-0.28180107081633377,-0.10439471538218759,1
2022-05-26,29267.224609375,29834.16015625,28261.90625,29564.77734375,36774325352.0,-0.009983529917456657,29562.361328125,30314.333984375,29047.751953125,38117.4609375,39214.21875,54815.078125,29505.82449776786,30545.702008928572,37712.2798828125,41620.218793402775,0.026714742722607404,0.040614067458010675,0.032488259164187974,0.03423154585272385,1572.25390625,27436443574.57143,36931649319.2381,31720234613.0,29184977257.966667,0.33603053391184523,0.04101050536546347,-0.2653099780517869,-0.08705757473613795,1
2022-05-27,28627.57421875,29346.943359375,28326.61328125,29251.140625,36582005748.0,-0.02185551924250806,29267.224609375,29200.740234375,29283.103515625,39241.12109375,39105.1484375,57248.45703125,29423.94363839286,30192.685453869046,37403.93938802083,41461.21388888889,0.024216172734969843,0.04068814844020439,0.0324903094282873,0.034076060209099285,1020.330078125,28269675452.142857,36873860188.71429,31723898447.083332,29232005699.02778,-0.005229724873512587,0.03761465774297856,-0.2654880654155146,-0.061451965496006844,1
2022-05-28,28814.900390625,28814.900390625,28554.56640625,28622.625,35519577634.0,0.006543557286537771,28627.57421875,29432.2265625,30101.265625,39773.828125,37709.78515625,57806.56640625,29335.75418526786,29874.254371279763,37093.09222005208,41300.14907769097,0.024121606817774366,0.04082997691772195,0.032485566365242954,0.03407005887466092,260.333984375,30876066479.57143,37404511675.7619,31792607089.833332,29249498683.905556,-0.029042369117720845,0.035329418393763135,-0.2803904148712123,-0.025308222355933108,1
2022-05-29,29445.95703125,29498.009765625,28841.107421875,29019.8671875,18093886409.0,0.02190035821988534,28814.900390625,30323.72265625,31305.11328125,38609.82421875,43193.234375,57005.42578125,29210.35909598214,29654.57300967262,36799.48043619792,41147.04091796875,0.022348323444328043,0.04069299567682183,0.03271001958661742,0.03411226983689914,656.90234375,30370688499.42857,36515504270.95238,31605273797.283333,29146083638.3,-0.49059398747804384,0.015645783821394144,-0.3112591061617781,-0.0577353374461822,1
2022-05-30,31726.390625,31949.630859375,29303.572265625,29443.365234375,39277993274.0,0.07744470968730455,29445.95703125,29098.91015625,29862.91796875,37714.875,44354.63671875,57229.828125,29585.713448660714,29722.641462053572,36569.27568359375,41005.35515407986,0.032442866675911466,0.037096170185833874,0.034313236225293337,0.03463281159784444,2646.05859375,31484194030.42857,35368956571.57143,31704449900.083332,29159526960.33889,1.1707880985957173,-0.011212077484783256,-0.3663312138110574,-0.1268357646852556,0
2022-05-31,31792.310546875,32249.86328125,31286.154296875,31723.865234375,33538210634.0,0.0020777630413166825,31726.390625,29655.5859375,30425.857421875,38469.09375,43924.1171875,56477.81640625,29890.959821428572,29759.279761904763,36327.786783854164,40868.213454861114,0.03253386331768768,0.036779625979461474,0.034209483019632246,0.034625695376324574,963.708984375,32473008943.142857,34117869515.238094,31627376005.866665,29165961637.827778,-0.1461322781935359,-0.020031008136733086,-0.37768830820493093,-0.14382887764662533,0
2022-06-01,29799.080078125,31957.28515625,29501.587890625,31792.5546875,41135817341.0,-0.06269536357891181,31792.310546875,29562.361328125,28720.271484375,38529.328125,42451.7890625,53598.24609375,29924.776785714286,29800.361886160714,36059.95563151042,40735.995865885416,0.04283050548399732,0.03636227709688554,0.03499200890151692,0.034727974560644935,2455.697265625,34417402341.71429,32724867683.0,31824029724.983334,29173443210.75,0.22653583966992508,0.013935845990421969,-0.3533569782362068,-0.09997313387073015,1
2022-06-02,30467.48828125,30604.734375,29652.705078125,29794.890625,29083562061.0,0.02243049790035867,29799.080078125,29267.224609375,30314.333984375,37750.453125,39137.60546875,49200.703125,30096.243024553572,29867.96837797619,35793.52099609375,40631.92245008681,0.04308069640404064,0.036633827083560416,0.035104681969651684,0.03426364239556715,952.029296875,33318721871.57143,30919838577.714287,31885182465.833332,28993987014.038887,-0.29298689217942286,-0.011667854963737567,-0.3684331415262453,-0.10561745056878635,0
2022-06-03,29704.390625,30633.03515625,29375.689453125,30467.806640625,26175547452.0,-0.02504629358369581,30467.48828125,28627.57421875,29200.740234375,39698.37109375,39400.5859375,49368.84765625,30250.07393973214,29888.02966889881,35511.549576822916,40522.67546657986,0.04344665806622626,0.03711018098321516,0.035161089827741306,0.03430381106542907,1257.345703125,31832084972.142857,30126239668.904762,31779778499.116665,28932750048.988888,-0.09998825463334637,-0.020892060885359443,-0.35036283304078053,-0.08851424531621743,0
2022-06-04,29832.9140625,29930.564453125,29500.005859375,29706.138671875,16588370958.0,0.004326748833952898,29704.390625,28814.900390625,29432.2265625,36575.140625,38419.984375,50582.625,30395.504464285714,29875.251023065477,35249.498274739584,40407.39929470486,0.04345091074674634,0.03661826246642324,0.03512649300574018,0.03424851690946838,430.55859375,29127626875.57143,29555215970.714287,31562241280.833332,28815422620.97222,-0.36626460293068186,-0.04934494540295131,-0.32184761849394006,-0.0909682389914872,0
2022-06-05,29906.662109375,30117.744140625,29574.44921875,29835.1171875,17264085441.0,0.00247203631266113,29832.9140625,29445.95703125,30323.72265625,36040.921875,38062.0390625,50700.0859375,30461.319475446428,29808.658110119046,35027.830338541666,40291.8802734375,0.0428659226410168,0.035477757802476424,0.03463846585065173,0.03424863284868398,543.294921875,29009083880.142857,29147059464.809525,31193419441.716667,28724240790.91111,0.040734227894398956,-0.10512753514172446,-0.3248957319096504,-0.13865019232036446,0
2022-06-06,31370.671875,31693.291015625,29894.1875,29910.283203125,31947336829.0,0.048952630028413324,29906.662109375,31726.390625,29098.91015625,35501.953125,38737.26953125,50504.796875,30410.502511160714,29880.455915178572,34825.6107421875,40185.579578993056,0.03530501458472048,0.03557866841312039,0.035312884682240406,0.03446114249529613,1799.103515625,27961847245.142857,29115318490.666668,31290842170.433334,28743505443.038887,0.8505084985926421,-0.28317159538442305,-0.3449854636321843,-0.13171183225972904,0
2022-06-07,31155.478515625,31489.68359375,29311.68359375,31371.7421875,40770974039.0,-0.006859698773187373,31370.671875,31792.310546875,29655.5859375,34059.265625,41982.92578125,47672.12109375,30319.526506696428,29915.199776785714,34640.07431640625,40093.82045355903,0.03533385022599021,0.03544624921584574,0.03518331581206462,0.03422443830084424,2178.0,28995099160.142857,29671008993.714287,31516758481.183334,28805546536.305557,0.2761932006172858,-0.2872267085349719,-0.30549653154024314,-0.1543702969074272,0
2022-06-08,30214.35546875,31253.69140625,29944.404296875,31151.48046875,30242059107.0,-0.03020730515832104,31155.478515625,29799.080078125,29562.361328125,30296.953125,39437.4609375,47243.3046875,30378.8515625,29986.346633184523,34430.61129557292,39999.21518012153,0.027307772837108477,0.033747439906329245,0.03527300128499921,0.03428589294992424,1309.287109375,27438847983.857143,29621332364.57143,31753279924.7,28801524614.0,-0.25824536156355815,-0.2529100987410915,-0.28076846749301054,-0.12266151683123516,0
2022-06-09,30111.998046875,30609.310546875,30020.265625,30215.279296875,21692004719.0,-0.003387708269364409,30214.35546875,30467.48828125,29267.224609375,31022.90625,38794.97265625,49362.5078125,30328.067243303572,29976.711588541668,34229.01673177083,39892.267903645836,0.025839061614687787,0.03153706362912465,0.03525691370949415,0.0341064688344859,589.044921875,26382911220.714287,29046025555.61905,31820572076.983334,28778836477.655556,-0.2827206427230663,-0.32313855895921884,-0.28293675505565385,-0.12060385502223048,0
2022-06-10,29083.8046875,30245.80859375,28978.146484375,30110.330078125,29867476527.0,-0.03414563715680452,30111.998046875,29704.390625,28627.57421875,28936.35546875,38904.01171875,50098.3359375,30239.412109375,29971.143229166668,34055.0484375,39775.5205078125,0.027408559930958913,0.03139035988730911,0.03462550264535514,0.034165227367515476,1267.662109375,26910329660.0,29004030028.095238,31752531483.0,28822882327.255554,0.3768887160917458,-0.2961208947097115,-0.2827468949509325,-0.11114654660414258,0
2022-06-11,28360.810546875,29401.916015625,28236.212890625,29084.666015625,27246574439.0,-0.024858994495164377,29083.8046875,29832.9140625,28814.900390625,29047.751953125,37849.6640625,46737.48046875,30029.11160714286,29920.12341889881,33858.942220052086,39673.427897135414,0.028365941454652495,0.031803364659578254,0.03462429310392899,0.033862475253749975,1165.703125,28432930157.285713,29478874504.142857,31690116042.75,28795548142.05,-0.08775103868017509,-0.3294393844388731,-0.2958397078384807,-0.08535167124804632,0
2022-06-12,26762.6484375,28502.685546875,26762.6484375,28373.513671875,34163220274.0,-0.056351073137826724,28360.810546875,29906.662109375,29445.95703125,29283.103515625,39666.75390625,46612.6328125,29579.966796875,29750.54845610119,33618.874186197914,39563.15020616319,0.033405299559790505,0.03309588349320982,0.034999501683697795,0.034102159385606984,1740.037109375,30847092276.285713,30075621551.95238,31797984626.85,28792907037.577778,0.25385377712288504,-0.23201653482188178,-0.2779521015034071,-0.03213988479162455,0
2022-06-13,22487.388671875,26795.58984375,22141.2578125,26737.578125,68204556440.0,-0.15974726027617203,26762.6484375,31370.671875,31726.390625,30101.265625,39338.78515625,48896.72265625,28310.926339285714,29435.71409970238,33328.0720703125,39416.431684027775,0.053579073480291006,0.04681039235618693,0.04010971811289311,0.03584584937606335,4654.33203125,36026695077.85714,31824245451.142857,32529027201.3,28968811081.577778,0.9964323003796933,-0.08395156903483136,-0.10118179955553208,0.15258952001134674,0
2022-06-14,22206.79296875,23018.951171875,20950.818359375,22487.986328125,50913575242.0,-0.012477914053041661,22487.388671875,31155.478515625,31792.310546875,31305.11328125,41143.9296875,47665.42578125,27032.54268973214,29081.009672619046,33022.294205729166,39274.99483506945,0.052949507093829895,0.04629524262759982,0.03998628705404029,0.03581573211096382,2068.1328125,37475638106.85714,32981248736.714287,33014972526.116665,29100174549.883335,-0.25351651122034624,-0.06737556902545483,-0.07371046549488047,0.13139595693111228,0
2022-06-15,22572.83984375,22642.671875,20178.376953125,22196.73046875,54912007015.0,0.01648355417709846,22206.79296875,30214.35546875,29799.080078125,29862.91796875,40951.37890625,46202.14453125,25940.897600446428,28748.175316220237,32724.766796875,39143.72092013889,0.05795725376187708,0.04669212813814073,0.04011657478354664,0.03578886199152115,2464.294921875,40999916379.42857,34285388901.666668,33649620131.483334,29222448337.02778,0.07853370646227154,-0.1145540642991344,-0.07692925350864999,0.13306055898552027,0
2022-06-16,20381.650390625,22868.921875,20265.2265625,22576.3046875,31183975654.0,-0.09707194434960298,22572.83984375,30111.998046875,30467.48828125,30425.857421875,41801.15625,46848.77734375,24550.84793526786,28325.052734375,32402.511751302085,38996.68132595486,0.05911120278275114,0.05026593907738185,0.04169199827350665,0.036440073672628664,2603.6953125,42355912227.28571,34019181773.190475,33851225841.683334,29250702131.27222,-0.4321100730213403,0.03455198911781565,0.03967617931455458,0.2917237998908524,1
2022-06-17,20471.482421875,21243.3125,20326.51953125,20385.71875,27132421514.0,0.004407495444594733,20381.650390625,29083.8046875,29704.390625,28720.271484375,42190.65234375,46707.015625,23320.516183035714,27936.667410714286,32063.2662109375,38850.92836371528,0.06279785483230885,0.05043451378785981,0.04143751566530234,0.03644533167102777,916.79296875,41965190082.57143,33569201571.57143,33741679832.383335,29261693062.677776,-0.12992423368186867,0.03713330634584189,0.015038545904034306,0.29500518012910293,1
2022-06-18,19017.642578125,20736.041015625,17708.623046875,20473.42578125,42009436760.0,-0.07101780974085614,20471.482421875,28360.810546875,29832.9140625,30314.333984375,41247.82421875,46880.27734375,21985.777901785714,27470.131324404763,31688.514420572916,38696.1359483507,0.06249740278801161,0.05163724168066919,0.04200449311565444,0.036782191045584854,3027.41796875,44074170414.14286,33878242482.333332,34020117002.6,29323068255.072224,0.5483113712620025,0.13065211959330947,0.18235945179604496,0.38483057415950017,1
2022-06-19,20553.271484375,20683.822265625,18067.15234375,19010.90234375,35329942625.0,0.0807475952890373,19017.642578125,26762.6484375,29906.662109375,29200.740234375,41077.99609375,48936.61328125,21098.724051339286,27046.670107886905,31341.495963541667,38538.45071614583,0.08043074897985389,0.05538607309469875,0.04366807321778683,0.03715297698776286,2616.669921875,44240845035.71429,34699007064.04762,34145290507.333332,29369035692.27778,-0.15899984979946202,0.02306316237103001,0.13799078708862011,0.30641145460895025,1
2022-06-20,20599.537109375,20913.322265625,19689.169921875,20553.37109375,30818458597.0,0.002251010260589048,20553.271484375,22487.388671875,31370.671875,29432.2265625,42358.80859375,48628.51171875,20829.03097098214,26516.81994047619,31009.36552734375,38382.73419053819,0.05859270957164136,0.051364612478599775,0.04367973228672522,0.03715563309281464,1224.15234375,38899973915.28571,34296172079.42857,34069385044.033333,29404427242.488888,-0.1276957643516694,0.00659924567859016,0.12777934273591374,0.37515169058619047,1
2022-06-21,20710.59765625,21620.62890625,20415.0625,20594.294921875,28970212744.0,0.0053914098304885805,20599.537109375,22206.79296875,31155.478515625,30323.72265625,42892.95703125,50784.5390625,20615.28878348214,25989.119326636905,30692.203483072917,38215.65673828125,0.05890368941365919,0.05143774912334586,0.04370881904910351,0.03698520657366933,1205.56640625,35765207844.14286,34078648370.38095,34085359977.35,29408573546.02222,-0.05997204069057227,-0.020760525493345505,0.11849157087262663,0.4498517799141555,0
2022-06-22,19987.029296875,20835.75,19848.078125,20719.4140625,28574793478.0,-0.034937106663198714,20710.59765625,22572.83984375,30214.35546875,29098.91015625,43960.93359375,50822.1953125,20245.887276785714,25521.878813244046,30367.208463541665,38044.350260416664,0.05848794822685929,0.0506053322122605,0.04382594388492071,0.037053677098185085,987.671875,32002748767.42857,33480504376.904762,34292639514.5,29431945108.52222,-0.013649166800885681,0.0058535032338844495,0.13648597689184938,0.49658465025999776,1
2022-06-23,21085.876953125,21135.76171875,19950.1171875,19986.607421875,26188097173.0,0.05497803800296652,19987.029296875,20381.650390625,30111.998046875,29655.5859375,44348.73046875,50429.859375,20346.491071428572,25075.135416666668,30060.818196614582,37881.328135850694,0.051007512041630156,0.052359202167775634,0.044614271656278494,0.037316811909740503,1185.64453125,31289051841.57143,33342625096.52381,34429701164.6,29471708698.85,-0.08352453384615155,-0.06170719830707183,0.06542775363656572,0.4557359325503807,0
2022-06-24,21231.65625,21472.91796875,20777.51171875,21084.6484375,24957784918.0,0.006913598955313738,21085.876953125,20471.482421875,29083.8046875,29562.361328125,44500.828125,50809.515625,20455.087332589286,24671.671875,29740.373990885415,37717.00669487847,0.05100347620624929,0.052547396632958106,0.0444380195387183,0.037315766824971584,695.40625,30978389470.714287,33284636404.42857,34254902070.4,29493894321.02778,-0.04697982624978403,-0.0924227973265157,0.06487990368156038,0.43882770862494547,0
2022-06-25,21502.337890625,21520.9140625,20964.5859375,21233.609375,18372538715.0,0.012748964915301864,21231.65625,19017.642578125,28360.810546875,29267.224609375,46820.4921875,50640.41796875,20810.043805803572,24274.97777157738,29463.4552734375,37555.12847222222,0.03799964043703858,0.0527299580796784,0.04407408295804036,0.03733694399563839,556.328125,27601689750.0,33369596773.809525,33984959575.383335,29460828726.344444,-0.26385539520579016,-0.10510866505522609,-0.0065405315210546044,0.4175324503685418,0
2022-06-26,21027.294921875,21783.724609375,21016.26953125,21496.494140625,18027170497.0,-0.02209261947079333,21502.337890625,20553.271484375,26762.6484375,28627.57421875,47128.00390625,47588.85546875,20877.76143973214,23852.15076264881,29159.89150390625,37407.5642469618,0.02853253723983075,0.05261671923008198,0.04382287415054813,0.03712368805314079,767.455078125,25129865160.285713,33405934157.42857,33769062163.933334,29375255357.533333,-0.018798067232702498,-0.08228441920030471,0.01010396178701889,0.43961127533734756,0
2022-06-27,20735.478515625,21478.08984375,20620.19921875,21028.23828125,20965695707.0,-0.013877981325425726,21027.294921875,20599.537109375,22487.388671875,28814.900390625,47465.73046875,46444.7109375,20897.181640625,23345.712983630954,28842.585677083334,37264.73517795139,0.029301240778241852,0.05052826852248724,0.04372247759702794,0.03710050068069543,857.890625,23722327604.57143,32882998865.904762,33553428677.266666,29324791298.68889,0.16300534853703286,-0.02431662218429409,0.10586060557251797,0.47998340329475675,0
2022-06-28,20280.634765625,21164.423828125,20228.8125,20731.544921875,21381535161.0,-0.02193553187871977,20735.478515625,20710.59765625,22206.79296875,29445.95703125,47062.6640625,47178.125,20835.758370535714,22827.86328125,28537.099186197916,37115.304676649306,0.030463191136520018,0.05046550242955384,0.04367745353759089,0.03709589916749176,935.611328125,22638230807.0,31959692252.666668,33395071019.133335,29295319321.705555,0.01983427880531341,-0.004463348031069847,0.1756972596915256,0.48349627324018396,0
2022-06-29,20104.0234375,20364.15625,19937.791015625,20281.169921875,23552740328.0,-0.008708372798288844,20280.634765625,19987.029296875,22572.83984375,31726.390625,45538.67578125,46306.4453125,20852.471819196428,22346.418898809523,28243.584993489585,36969.73566623264,0.027268423535235075,0.05044401783620536,0.043641713714541897,0.037081726557825365,426.365234375,21920794642.714287,31641153263.190475,33389354795.75,29220755810.194443,0.10154580345382702,0.02209620664395917,0.18407307305945841,0.5143909704019911,1
2022-06-30,19784.7265625,20141.16015625,18729.65625,20108.3125,26267239923.0,-0.01588223750298734,20104.0234375,21085.876953125,20381.650390625,31792.310546875,46281.64453125,47686.8125,20666.593191964286,21854.644066220237,27932.178873697918,36814.724077690975,0.01376133344672784,0.050337397366536106,0.04347671789177473,0.03700576814663368,1411.50390625,21932100749.857143,31859021606.238094,33377096125.966667,29230114548.633335,0.11525196462056453,0.09365109607513689,0.19568026156540408,0.5404434252273989,1
2022-07-01,19269.3671875,20632.671875,19073.708984375,19820.470703125,30767551159.0,-0.02604834458398897,19784.7265625,21231.65625,20471.482421875,29799.080078125,45868.94921875,47345.21875,20386.266183035714,21387.289899553572,27611.179524739582,36658.74712456597,0.013038392311775195,0.050242744444774036,0.04349772449702784,0.03704100909313527,1558.962890625,22762067355.714287,31901882303.0,33341177938.183334,29245758890.922222,0.17132790689818367,0.12775458457177225,0.21108785033239696,0.5874978055762892,1
2022-07-02,19242.255859375,19371.748046875,19027.08203125,19274.8359375,18100418740.0,-0.0014069651515379311,19269.3671875,21502.337890625,19017.642578125,30467.48828125,46453.56640625,46458.1171875,20063.397321428572,20953.07300967262,27302.7095703125,36507.547894965275,0.008596142048749344,0.050346624325632784,0.04349443969440412,0.037025771539046085,344.666015625,22723193073.57143,31466351079.238094,33187402529.783333,29162585504.133335,-0.4117042774557852,0.12212451539199765,0.21161465626137144,0.5913295070510813,1
2022-07-03,19297.076171875,19558.26953125,18966.951171875,19242.095703125,16390821947.0,0.002848954556089245,19242.255859375,21027.294921875,20553.271484375,29704.390625,46622.67578125,45897.57421875,19816.223214285714,20597.56956845238,26962.68798828125,36359.767350260416,0.010472679876369111,0.04968793092185856,0.042769594906203995,0.037024748596855846,591.318359375,22489428995.0,30620046397.0,32848009487.4,29017564082.144444,-0.09445067639357829,0.08101605823340097,0.19075641215481265,0.614567884565576,1
2022-07-04,20231.26171875,20258.748046875,19063.06640625,19297.314453125,21594638208.0,0.04841073013105235,19297.076171875,20735.478515625,20599.537109375,29832.9140625,45555.9921875,43569.00390625,19744.192243303572,20490.134951636905,26690.290006510415,36230.11322699653,0.02505894990893582,0.03876545829110542,0.04250831982978344,0.03706474797199729,1195.681640625,22579277923.714287,28400526481.190475,32489482518.916668,28932806045.194443,0.31748354523199795,-0.012886249100488967,0.12926757263617583,0.5212883140514091,0
2022-07-05,20190.115234375,20635.466796875,19341.232421875,20225.353515625,26715546990.0,-0.0020338071321012174,20231.26171875,20280.634765625,20710.59765625,29906.662109375,43206.73828125,43160.9296875,19731.260881696428,20394.102678571428,26426.109895833335,36102.49759114583,0.023675911264978085,0.038722250601599055,0.04251070512965092,0.03706236200241835,1294.234375,23341279613.57143,27248239421.57143,32304815343.933334,28913403260.2,0.23713797530087333,-0.0429022401219501,0.12089291064170382,0.5113418453240239,0
2022-07-06,20548.24609375,20595.529296875,19823.51171875,20194.619140625,24598943708.0,0.017737930428710857,20190.115234375,20104.0234375,19987.029296875,31370.671875,43503.84765625,41557.90234375,19794.721261160714,20297.693452380954,26176.8814453125,35985.77727864583,0.024233187541662666,0.03875605922367775,0.04263838675913222,0.037009937061901144,772.017578125,23490737239.285713,25804760216.47619,32308532798.966667,28582305127.91111,-0.07922739829329617,-0.01636012501827344,0.1333967067977022,0.4555664631504628,0
2022-07-07,21637.587890625,21771.81640625,20296.103515625,20547.814453125,25814972520.0,0.053013857820514154,20548.24609375,19784.7265625,21085.876953125,31155.478515625,42287.6640625,41733.94140625,20059.41573660714,20357.5,25969.853483072915,35874.130870225694,0.028689540689410726,0.03426270944901711,0.04314001932152159,0.0372426498708212,1475.712890625,23426127610.285713,25549093400.57143,32126064975.8,28569797442.77222,0.04943418816819056,-0.049343206560126474,0.061175553067239985,0.4022942750539449,0
2022-07-08,21731.1171875,22314.94140625,21257.453125,21637.154296875,49899834488.0,0.004322538045727464,21637.587890625,19269.3671875,21231.65625,30214.35546875,42782.13671875,41911.6015625,20411.094308035714,20417.482607886905,25827.08955078125,35762.01706814236,0.023608202822103217,0.03426259019822045,0.040944624638884985,0.03724272102524845,1057.48828125,26159310943.0,26633255923.142857,31901803967.916668,28728716610.083332,0.9329803450048375,-0.04117547454093584,0.06648408478193901,0.39397071739365686,0
2022-07-09,21592.20703125,21877.138671875,21445.95703125,21716.828125,29641127858.0,-0.006392223420980114,21731.1171875,19242.255859375,21502.337890625,30111.998046875,42207.671875,41821.26171875,20746.801618303572,20540.080915178572,25669.91123046875,35649.63343098958,0.024339467828235165,0.029864153108168347,0.04077200005883819,0.03724355836065438,431.181640625,27807983674.142857,26044288832.57143,31398972118.6,28715032696.344444,-0.4059874514187387,-0.018612762670270344,0.10268886796361176,0.3973205393656023,0
2022-07-10,20860.44921875,21591.080078125,20727.123046875,21591.080078125,28688807249.0,-0.03388990349346599,21592.20703125,19297.076171875,21027.294921875,29083.8046875,39521.90234375,42735.85546875,20970.140625,20554.708426339286,25535.31279296875,35528.10339626736,0.030929234010854633,0.025812084995614916,0.04013343204851467,0.03726770089151209,863.95703125,29564838717.285713,25728044290.857143,30703971309.116665,28728150242.72778,-0.03212835265790914,-0.0038880020223677203,0.11044197162131164,0.45799691963428857,0
2022-07-11,19970.556640625,20856.353515625,19924.5390625,20856.353515625,24150249025.0,-0.04265931997884009,20860.44921875,20231.26171875,20735.478515625,28360.810546875,40127.18359375,43949.1015625,20932.897042410714,20524.756975446428,25384.026204427082,35394.8892578125,0.03199771765502937,0.02750960115357018,0.04041519085450673,0.03730665873982004,931.814453125,29929925976.857143,25410510501.714287,29989989238.333332,28676207522.372223,-0.1581996136893492,0.12594204847468315,0.19914747540935518,0.5333048408668035,1
2022-07-12,19323.9140625,20043.4453125,19308.53125,19970.474609375,25810220018.0,-0.03237979740682695,19970.556640625,20190.115234375,20280.634765625,26762.6484375,41166.73046875,42591.5703125,20809.15401785714,20458.724423363095,25218.039713541668,35265.624500868056,0.034083330514765135,0.028286464021813125,0.04052377264922681,0.037312900761116576,734.9140625,29800593552.285713,25260034657.61905,29706140829.683334,28554646883.127777,0.06873515015441956,0.21038799479757309,0.23978657840168083,0.5727479632789845,1
2022-07-13,20212.07421875,20223.052734375,18999.953125,19325.97265625,33042430345.0,0.04596171114078618,19323.9140625,20548.24609375,20104.0234375,22487.388671875,39935.515625,43099.69921875,20761.129464285714,20469.440848214286,25053.219856770833,35138.471028645836,0.038683839120219485,0.02920168716138782,0.0408456543487891,0.0374782954802199,1223.099609375,31006805929.0,25472779270.333332,29780516858.433334,28607230366.16111,0.2802072327146483,0.149398729217201,0.20733864794229784,0.5572893948175701,1
2022-07-14,20569.919921875,20789.89453125,19689.2578125,20211.466796875,31158743333.0,0.017704551212910147,20212.07421875,21637.587890625,19784.7265625,22206.79296875,40553.46484375,43177.3984375,20608.60546875,20444.87146577381,24874.299967447918,35012.87392578125,0.032099371323962955,0.02678540673652282,0.04052246013112077,0.03750957408213316,1100.63671875,31770201759.42857,25709476706.52381,29869239712.9,28678271449.68889,-0.057008125380978214,0.12614093755492295,0.18736817897872915,0.4746809163372754,1
2022-07-15,20836.328125,21138.244140625,20397.0,20573.15625,25905575359.0,0.012951348577769028,20569.919921875,21731.1171875,19269.3671875,22572.83984375,40424.484375,43113.87890625,20480.778459821428,20426.046316964286,24723.856803385417,34889.109754774305,0.0327549652826333,0.026904934313669658,0.0402522885839448,0.03752912374279555,741.244140625,28342450455.285713,25754609584.666668,29757434347.45,28722735213.655556,-0.168593704754338,0.09016225792542332,0.16716025196378026,0.45398970772951386,1
2022-07-16,21190.31640625,21514.404296875,20518.8984375,20834.103515625,24302954056.0,0.01698899533192111,20836.328125,21592.20703125,19242.255859375,20381.650390625,39716.953125,42250.55078125,20423.36551339286,20411.188151041668,24569.931119791665,34772.10845269097,0.033826883669488175,0.027025386613157894,0.04023417948049634,0.0375385047508316,995.505859375,27579854197.857143,26037010315.190475,29677459023.8,28737246601.405556,-0.06186395325295191,0.06017664318588922,0.1390567367427744,0.4274979303083053,1
2022-07-17,20779.34375,21600.640625,20778.1796875,21195.041015625,22927802083.0,-0.01939436147960416,21190.31640625,20860.44921875,19297.076171875,20471.482421875,40826.21484375,42375.6328125,20411.77901785714,20399.380952380954,24437.58232421875,34652.129069010414,0.031954670658432965,0.026923070196602367,0.039723723722514356,0.03755525921180292,822.4609375,26756853459.857143,26270373724.04762,29538167919.866665,28740083228.383335,-0.05658373750908263,0.08805958140521164,0.14937657815228156,0.45076230676798934,1
2022-07-18,22485.689453125,22633.033203125,20781.912109375,20781.912109375,39974475562.0,0.08211740099467768,20779.34375,19970.556640625,20231.26171875,19017.642578125,41502.75,41744.328125,20771.08370535714,20482.72433035714,24307.104915364584,34545.13663194444,0.03841735396298598,0.03213375742782874,0.04054608163171733,0.038079540982811154,1851.12109375,29017457250.857143,27175553717.142857,29641518384.116665,28833877296.738888,0.743493572444931,-0.049986827559507674,0.03781554466108772,0.3278028482177857,0
2022-07-19,23389.43359375,23666.962890625,21683.40625,22467.849609375,48765202697.0,0.0401919693193753,22485.689453125,19323.9140625,20190.115234375,20553.271484375,41374.37890625,40680.41796875,21351.872209821428,20630.762369791668,24210.2498046875,34449.075607638886,0.03188481170223571,0.0324512086299194,0.04071369586659292,0.038174557059555386,1983.556640625,32296740490.714287,28479537885.52381,29941782052.316666,28991561567.61111,0.2199085043996556,-0.09190815497449356,-0.0075544930060732485,0.2789503306364136,0
2022-07-20,23231.732421875,24196.818359375,23009.94921875,23393.19140625,42932549127.0,-0.006742410894342465,23389.43359375,20212.07421875,20548.24609375,20599.537109375,40527.36328125,36457.31640625,21783.251953125,20779.70089285714,24106.908235677085,34375.600141059025,0.03315442709490183,0.03240549886233766,0.040691898325187346,0.03741107012193494,1186.869140625,33709614602.42857,29402385923.57143,30369410530.4,28991120218.144444,-0.11960687636716871,-0.012964319159702642,-0.10133465919585505,0.282384588630499,0
2022-07-21,23164.62890625,23388.322265625,22431.1484375,23233.201171875,33631012204.0,-0.0028884421706671937,23231.732421875,20569.919921875,21637.587890625,20710.59765625,39740.3203125,35030.25,22153.924665178572,20940.648623511905,23987.590006510418,34309.68002387153,0.03434090690379602,0.03206091946401063,0.04045523901813806,0.037306337012076335,957.173828125,34062795869.714287,29753041746.47619,30569401862.633335,28957323700.36111,-0.21665466207200645,0.02932306039734267,-0.08627672679167209,0.2911384966134891,1
2022-07-22,22714.978515625,23671.927734375,22603.416015625,23163.751953125,31421555646.0,-0.01941107679491816,23164.62890625,20836.328125,21731.1171875,19987.029296875,39486.73046875,36276.8046875,22422.303292410714,21104.72535342262,23881.191145833334,34234.33654513889,0.03713624828261831,0.03173938307848695,0.04022229643063032,0.0372252340778087,1068.51171875,34850793053.57143,29784184817.285713,30568370214.116665,28987343587.555557,-0.06569699849049482,0.04797073860868761,-0.05198584806332618,0.31066832019655255,1
2022-07-23,22465.478515625,22977.2109375,22002.91015625,22706.984375,24021799169.0,-0.010983941711781742,22714.978515625,21190.31640625,21592.20703125,21085.876953125,39469.29296875,36654.328125,22604.469308035714,21258.21214657738,23761.356022135416,34155.509602864586,0.03812487607690823,0.03195444574282233,0.04012541294742885,0.037219860792645464,974.30078125,34810628069.71429,30066155313.904762,30525125096.183334,28888261035.177776,-0.23549936738864163,0.053002588607085954,-0.04747596681540467,0.33914525976270005,1
2022-07-24,22609.1640625,22974.001953125,22306.83984375,22465.509765625,23565495303.0,0.006395837363315726,22465.478515625,20779.34375,20860.44921875,21231.65625,40458.30859375,36954.00390625,22865.872209821428,21415.930617559523,23645.469401041668,34075.81604817708,0.03611873167534364,0.03193589367685122,0.04014696441391985,0.03721737283560744,667.162109375,34901727101.14286,30407806426.095238,30459132292.05,28872357178.005554,-0.018995407579164958,0.03218749794832232,-0.04781584002338657,0.2904907025739356,1
2022-07-25,21361.701171875,22649.12109375,21361.642578125,22607.15625,35574561406.0,-0.05517510011323534,22609.1640625,22485.689453125,19970.556640625,21502.337890625,38117.4609375,36852.12109375,22705.30245535714,21469.761067708332,23513.710677083334,33989.75815972222,0.02861883761673495,0.033358070236067294,0.0406881798669541,0.037427562804671015,1287.478515625,34273167936.0,31073517054.57143,30439136226.283333,28895968085.627777,0.5096038062680222,0.09140180508871065,0.0015597240644329435,0.3682145625874138,1
2022-07-26,21239.75390625,21361.12109375,20776.81640625,21361.12109375,28624673855.0,-0.005708686992848544,21361.701171875,23389.43359375,19323.9140625,21027.294921875,39241.12109375,37138.234375,22398.20535714286,21519.74386160714,23390.580338541666,33901.433268229164,0.019970413087000264,0.033396053970519,0.04062410161823518,0.037420749457262,584.3046875,31395949530.0,31164427857.666668,30306514028.066666,28915875014.66111,-0.19536115910701946,0.08184479391441868,0.017003511067928523,0.38207687272741975,1
2022-07-27,22930.548828125,22986.529296875,21070.806640625,21244.169921875,31758955233.0,0.0796052030234431,21239.75390625,23231.732421875,20212.07421875,20735.478515625,39773.828125,37784.33203125,22355.179129464286,21633.186848958332,23292.5078125,33818.91225043403,0.04072474500335717,0.037270709202313686,0.04202041232564977,0.037888919712858286,1915.72265625,29799721830.857143,31505380787.42857,30243836988.05,28968764596.383335,0.10949579351984551,-0.0036650241673205075,-0.11646163887710859,0.27387659458447944,0
2022-07-28,23843.88671875,24110.470703125,22722.265625,22933.640625,40212386158.0,0.0398306162434614,22930.548828125,23164.62890625,20569.919921875,20280.634765625,38609.82421875,38138.1796875,22452.215959821428,21738.248697916668,23199.139973958332,33739.49951171875,0.04352802480112051,0.03654111998684085,0.04226290973642919,0.03800806488430069,1388.205078125,30739918110.0,32190971913.04762,30612478650.533333,29096643502.4,0.2661747171146309,-0.05086962967938424,-0.15946009483890577,0.22963367674005797,0
2022-07-29,23804.6328125,24294.787109375,23481.173828125,23845.212890625,35887249746.0,-0.0016462880701044735,23843.88671875,22714.978515625,20836.328125,20104.0234375,37714.875,37917.6015625,22607.880859375,21836.98753720238,23067.110677083332,33661.094129774305,0.04237450441608969,0.03657197142596049,0.040936223874971436,0.038006943680765425,813.61328125,31377874410.0,31523705972.95238,30555966258.4,29214664065.18889,-0.10755731816077618,-0.021647818029119192,-0.17592450983641905,0.2332438899597078,0
2022-07-30,23656.20703125,24572.580078125,23580.5078125,23796.818359375,28148218301.0,-0.006235163651508224,23804.6328125,22465.478515625,21190.31640625,19784.7265625,38469.09375,38483.125,22777.984933035714,21935.273251488095,22931.508951822918,33578.72236328125,0.042066646002676004,0.036569546544629086,0.04092961306353998,0.037987483264008706,992.072265625,31967362857.42857,31452615041.666668,30466133052.85,29255850108.72222,-0.21564849632598537,-0.02937612667394207,-0.14195905904056294,0.23753180529224882,0
2022-07-31,23336.896484375,24121.642578125,23275.703125,23652.0703125,23553591896.0,-0.013497960448739299,23656.20703125,22609.1640625,20779.34375,19269.3671875,38529.328125,38743.2734375,22881.946707589286,22053.199311755954,22823.805891927084,33493.13138020833,0.042869431727033155,0.03574723459121612,0.04022189060623395,0.03799146141149844,845.939453125,31965662370.714287,31208080977.238094,30173095962.1,29273989506.322224,-0.16322974178570904,-0.0068991975639434155,-0.15169488766405737,0.2525277878185621,0
2022-08-01,23314.19921875,23464.787109375,22890.796875,23336.71875,25849159141.0,-0.0009725914343493569,23336.896484375,21361.701171875,22485.689453125,19242.255859375,37750.453125,36952.984375,23160.875,22212.420386904763,22704.584407552084,33417.3603515625,0.03412723838321151,0.034028886420550034,0.040081879291252745,0.03784732872936603,573.990234375,30576319190.0,31288981458.95238,30119189246.766666,29311178227.016666,0.09746145110843352,0.02124401120226649,-0.14001920101333099,0.2728608923444755,1
2022-08-02,22978.1171875,23415.041015625,22710.083984375,23308.43359375,28389250717.0,-0.014415336683737068,23314.19921875,21239.75390625,23389.43359375,19297.076171875,39698.37109375,37154.6015625,23409.21261160714,22386.43005952381,22592.479850260417,33338.60210503472,0.03507064274951791,0.033179856656925626,0.04000907339854509,0.037854912916238964,704.95703125,30542687313.142857,31411792444.61905,30156084301.183334,29365609982.283333,0.09826592664560208,0.00810341292785699,-0.1240735495966101,0.2686835368841074,1
2022-08-03,22846.5078125,23578.650390625,22747.8359375,22981.302734375,26288169966.0,-0.0057275961266136655,22978.1171875,22930.548828125,23231.732421875,20231.26171875,36575.140625,41500.875,23397.20675223214,22511.87927827381,22476.03974609375,33234.96673177083,0.018487832007282826,0.03218717066921048,0.039996954569668404,0.03679119711299457,830.814453125,29761146560.714287,31090160998.0,30317747617.983334,29348254199.916668,-0.07400972896201996,0.04819707128380202,-0.1259158008626181,0.27716147811156855,1
2022-08-04,22630.95703125,23198.009765625,22485.701171875,22848.21484375,25120229769.0,-0.009434736504108754,22846.5078125,23843.88671875,23164.62890625,20190.115234375,36040.921875,41441.1640625,23223.931082589286,22610.023902529763,22354.777994791668,33130.46558159722,0.005308929289193694,0.03225251887520741,0.03999570887614899,0.03679457705399278,712.30859375,27605124219.42857,30802612733.04762,30448683356.783333,29378628552.994446,-0.044428356881082376,0.05861759464229466,-0.12367436060084314,0.28470447611773486,1
2022-08-05,23289.314453125,23422.828125,22612.177734375,22626.833984375,28881249043.0,0.029091011085651708,22630.95703125,23804.6328125,22714.978515625,20548.24609375,35501.953125,42412.43359375,23150.31417410714,22726.83277529762,22220.088704427082,33024.226030815975,0.014909544340946317,0.03264042367077401,0.03963200647106865,0.03681939697466594,810.650390625,26604266976.142857,30944311479.904762,30397581893.683334,29449401618.044445,0.1497207353828165,0.047811794052211365,-0.14180759030701529,0.24701510693150008,1
2022-08-06,22961.279296875,23326.5625,22961.279296875,23291.423828125,15978259885.0,-0.014085221654344782,23289.314453125,23656.20703125,22465.478515625,21637.587890625,34059.265625,43840.28515625,23051.03878348214,22811.16434151786,22083.518717447918,32908.231553819445,0.015475508153025187,0.03281215225495699,0.03965132646347842,0.03672823579963211,365.283203125,24865701488.142857,30547897471.761906,29984369991.116665,29379048306.705555,-0.4467600808673239,0.06370677537549407,-0.13713992859071933,0.26481870166104193,1
2022-08-07,23175.890625,23359.009765625,22894.556640625,22963.505859375,15886817043.0,0.009346662498644243,22961.279296875,23336.896484375,22609.1640625,21731.1171875,30296.953125,44118.4453125,23028.037946428572,22925.285621279763,21966.210970052085,32791.88402777778,0.015583754485894816,0.032369568221529865,0.039541596379165225,0.036733142189902764,464.453125,23770447937.714287,30212612469.857143,29745115956.716667,29283533963.233334,-0.005722953729513702,0.04933762321701507,-0.18718687995404704,0.2590919847335964,1
2022-08-08,23809.486328125,24203.689453125,23176.546875,23179.52734375,28575544847.0,0.02733856978257987,23175.890625,23314.19921875,21361.701171875,21592.20703125,31022.90625,44338.796875,23098.79324776786,22988.323567708332,21861.169108072918,32677.83230251736,0.018882100170913147,0.02778601879014888,0.03974310660461643,0.03679764050928743,1027.142578125,24159931610.0,29669806245.333332,29859841625.516666,29313143171.827778,0.7986954069941195,0.013754447433758976,-0.18980510738850886,0.25015263988872616,1
2022-08-09,23164.318359375,23898.615234375,22982.0,23811.484375,23555719219.0,-0.02709709734425869,23809.486328125,22978.1171875,21239.75390625,20860.44921875,28936.35546875,43565.11328125,23125.393415178572,22977.60379464286,21762.511002604166,32564.49455295139,0.021302591162162002,0.027166391936253757,0.03966013765522696,0.036826159585160285,916.615234375,23469427110.285713,28469354651.142857,29754645670.383335,29265441342.283333,-0.1756685884688216,0.031037937102043722,-0.16553409064368685,0.27616507777190646,1
2022-08-10,23947.642578125,24127.4140625,22771.51953125,23162.8984375,32837431722.0,0.033815983988709775,23164.318359375,22846.5078125,22930.548828125,19970.556640625,29047.751953125,42407.9375,23282.698381696428,23011.694754464286,21688.958203125,32461.937358940973,0.024164619829985325,0.028097427593332874,0.039834769755871434,0.036883645215993195,1355.89453125,24405035932.57143,27988634774.714287,29847826625.1,29298121930.844444,0.3940322270233798,-0.025540907805627122,-0.10717089275081149,0.2289139401035445,0
2022-08-11,23957.529296875,24822.62890625,23900.99609375,23948.345703125,37127036580.0,0.00041284726535173455,23947.642578125,22630.95703125,23843.88671875,19323.9140625,29283.103515625,42244.46875,23472.20870535714,23049.45191592262,21642.206217447918,32360.343250868056,0.02332051823574485,0.028079017178415894,0.03919122758664886,0.03688413227405091,921.6328125,26120294048.42857,28155112125.95238,29897223563.533333,29403536632.377777,0.13063155773921586,-0.031087972653430107,-0.09504278200640703,0.227076234759509,0
2022-08-12,24402.818359375,24412.56640625,23657.265625,23957.203125,27265804688.0,0.018586602023192844,23957.529296875,23289.314453125,23804.6328125,20212.07421875,30101.265625,42197.515625,23631.280691964286,23129.825241815477,21674.130045572918,32261.483821614584,0.02207197850708411,0.027855481360485688,0.03326770206637456,0.03691737007002267,755.30078125,25889516283.42857,27957219223.190475,29214911034.333332,29473115608.33889,-0.2656078373169206,-0.14446141314843963,-0.10792042383039935,0.20543309426589507,0
2022-08-13,24424.068359375,24860.05078125,24346.115234375,24402.1875,22987346289.0,0.0008708010561344626,24402.818359375,22961.279296875,23656.20703125,20569.919921875,31305.11328125,42586.91796875,23840.250558035714,23223.09142485119,21711.084635416668,32160.5791015625,0.020359158735094255,0.02766069625004823,0.03321447043700842,0.03690797759167922,513.935546875,26890814341.142857,27907959562.238094,28749473885.116665,29485113182.1,-0.15691663781641474,-0.133393330077601,-0.08408177992331622,0.1989367877469097,0
2022-08-14,24319.333984375,24974.9140625,24206.259765625,24429.056640625,22994133555.0,-0.004288162539464846,24424.068359375,23175.890625,23336.896484375,20836.328125,29862.91796875,44575.203125,24003.599609375,23304.52808779762,21740.19287109375,32048.046495225695,0.02096798216017606,0.027719331323548837,0.0331705353910834,0.03672433600912083,768.654296875,27906145271.42857,27880751859.95238,28217509327.45,29486626929.344444,0.0002952609629085501,-0.11452669272992755,-0.16540859859523738,0.20926187280744268,0
2022-08-15,24136.97265625,25135.58984375,23839.775390625,24318.31640625,35123501685.0,-0.007498615226969818,24319.333984375,23809.486328125,23314.19921875,21190.31640625,30425.857421875,43961.859375,24050.383370535714,23436.68387276786,21802.781575520832,31937.908235677085,0.01943999370927585,0.02439762778765817,0.030558921472230587,0.036716750031974825,1295.814453125,28841567676.857143,27859272825.61905,28283168094.633335,29571798896.166668,0.5274983769659156,-0.11343860276595241,-0.16140726792807647,0.20853381539116356,0
2022-08-16,23883.291015625,24228.416015625,23733.5,24126.13671875,27753685646.0,-0.010510085263709001,24136.97265625,23164.318359375,22978.1171875,20779.34375,28720.271484375,40538.01171875,24153.09375,23562.566592261905,21859.645052083335,31845.38200954861,0.015990802854862197,0.024536018586767964,0.030610195211329686,0.03628640241852433,494.916015625,29441277166.42857,27817797196.61905,28293522496.833332,29580171245.238888,-0.2098257771988431,-0.09861300619999025,-0.17510484946940463,0.2017514369396427,0
2022-08-17,23335.998046875,24407.05859375,23243.353515625,23881.31640625,30931623076.0,-0.02291530796119967,23883.291015625,23947.642578125,22846.5078125,22485.689453125,30314.333984375,40030.9765625,24065.715959821428,23581.873697916668,21931.617643229165,31752.63212890625,0.01268093454493571,0.018619455801277236,0.029237164831533127,0.03631108435430397,1163.705078125,29169018788.42857,27778400427.238094,28108892268.766666,29622513552.86111,0.11450505963549462,-0.08317529474103302,-0.15270030685390756,0.14263597073024004,0
2022-08-18,23212.73828125,23563.83203125,23177.6015625,23341.0390625,23747613147.0,-0.005281958173694035,23335.998046875,23957.529296875,22630.95703125,23389.43359375,29200.740234375,40122.15625,23959.317243303572,23551.819010416668,21975.94208984375,31658.69091796875,0.012561175341309473,0.01638335100774581,0.027456275412343405,0.03631009524785028,386.23046875,27257672583.714287,26994363617.190475,27915853444.133335,29678130526.66111,-0.23225454129415246,-0.06943747716644666,-0.13290815034377168,0.12220955257426169,0
2022-08-19,20877.552734375,23213.3125,20868.84765625,23213.3125,40509610260.0,-0.10059931398792521,23212.73828125,24402.818359375,23289.314453125,23231.732421875,29432.2265625,38431.37890625,23455.707868303572,23412.434244791668,21980.57568359375,31561.169661458334,0.03567266822832792,0.027195580494599584,0.030506567245191653,0.0369240205417944,2344.46484375,29149644808.285713,27214476022.61905,28077372638.516666,29801291825.594444,0.705839235684093,-0.029578811797621674,-0.06983801662727063,0.24996475449718125,0
2022-08-20,21166.060546875,21350.806640625,20856.73046875,20872.841796875,27595671000.0,0.013819043648011897,20877.552734375,24424.068359375,22961.279296875,23164.62890625,30323.72265625,37075.28125,22990.278180803572,23293.85584077381,21988.166731770834,31472.785101996527,0.037321219550635165,0.027531831581392448,0.030547999208698547,0.03686325803256512,494.076171875,29807976909.857143,27188164246.38095,28054463609.45,29791932204.494446,-0.3187870526799781,-0.05311910844887935,-0.07662888599572037,0.237338612273869,0
2022-08-21,21534.12109375,21668.845703125,21103.197265625,21160.392578125,23102307723.0,0.01738918520335342,21166.060546875,24319.333984375,23175.890625,22714.978515625,29098.91015625,38286.02734375,22592.390625,23208.00939360119,22013.951595052084,31379.718956163193,0.03963230835688864,0.02787284306127561,0.030255376578924863,0.036799596860808206,565.6484375,29823430362.42857,27166674523.857143,27963255513.533333,29778649744.9,-0.16282855658773432,-0.08903575085687954,-0.12275086685646963,0.21315100399348053,0
2022-08-22,21398.908203125,21531.462890625,20939.18359375,21531.462890625,31666498758.0,-0.006279006699941081,21534.12109375,24136.97265625,23809.486328125,22465.478515625,29655.5859375,37296.5703125,22201.23856026786,23116.80505952381,22019.168782552082,31291.39861111111,0.03968119684195505,0.027873447398926367,0.02944963834769609,0.036759164291028316,592.279296875,29329572801.42857,27443690696.095238,28054562206.616665,29833190994.427776,0.37070716647383817,-0.05144720712149353,-0.1332548270889623,0.21649459883184385,0
2022-08-23,21528.087890625,21646.203125,20955.138671875,21401.044921875,31878280659.0,0.006036741981122917,21398.908203125,23883.291015625,23164.318359375,22609.1640625,29562.361328125,38332.609375,21864.78097098214,23047.756045386905,22024.109309895834,31198.04015842014,0.04056925962223831,0.027837191440179977,0.029446705894767555,0.03669510640841081,691.064453125,29918800660.42857,27609834979.04762,28169903802.3,29752604764.238888,0.006687884966963598,-0.08041955726262773,-0.09822224435900007,0.22777465231876848,0
2022-08-24,21395.01953125,21783.076171875,21195.005859375,21526.455078125,31962253368.0,-0.006181150878381003,21528.087890625,23335.998046875,23947.642578125,21361.701171875,29267.224609375,39214.21875,21587.49832589286,22978.637555803572,22022.320670572917,31099.04460720486,0.040447550839014794,0.027839821701295404,0.029416352880681156,0.03664615164090431,588.0703125,30066033559.285713,27880029426.761906,28396399046.516666,29782697287.622223,0.00263416681402151,-0.06287705685008105,-0.09803126640345072,0.22282538740671431,0
2022-08-25,21600.904296875,21789.63671875,21362.44140625,21395.458984375,31028679593.0,0.009623023027591993,21395.01953125,23212.73828125,23957.529296875,21239.75390625,28627.57421875,39105.1484375,21357.236328125,22929.587425595237,22031.880826822915,31001.798806423612,0.04121963004657849,0.02792105277071059,0.02929107453268397,0.036657629934833624,427.1953125,31106185908.714287,28161384180.285713,28613090864.783333,29858036873.533333,-0.029208634455500482,-0.06822694326219525,-0.12332319709922446,0.2058600700581925,0
2022-08-26,20260.01953125,21804.908203125,20199.482421875,21596.0859375,42326789564.0,-0.06207539958496022,21600.904296875,20877.552734375,24402.818359375,22930.548828125,28814.900390625,37709.78515625,21269.01729910714,22785.335286458332,22023.956510416665,30904.8556640625,0.027215271589396618,0.02989108503793058,0.030344352687125632,0.03684295046690373,1605.42578125,31365782952.142857,28801648014.61905,28969109095.733334,29962907217.711113,0.3641182969818937,-0.014326148423860485,-0.07196053650151879,0.28373335724125703,0
2022-08-27,20041.73828125,20340.775390625,19890.5234375,20262.48046875,30116729776.0,-0.010773990107132536,20260.01953125,21166.060546875,24424.068359375,23843.88671875,29445.95703125,43193.234375,21108.399832589286,22646.309523809523,22019.97490234375,30776.236241319446,0.02610341003329073,0.0298559573325073,0.030241216693794433,0.03513328582492366,450.251953125,31725934205.857143,29474908485.61905,29114695672.65,29931944527.0,-0.2884712002439458,-0.010460688972330212,-0.04086803224130886,0.3017679900442143,0
2022-08-28,19616.814453125,20139.0546875,19616.814453125,20041.03515625,24366810591.0,-0.021201944769558057,20041.73828125,21534.12109375,24319.333984375,23804.6328125,31726.390625,44354.63671875,20834.498883928572,22476.82970610119,22011.854752604166,30638.803895399305,0.023966942136406,0.0298143804638789,0.03034679556429343,0.03508272775209548,522.240234375,31906577472.714287,29878717702.190475,29128263510.366665,29886876543.366665,-0.19092110025777453,0.018856192904504576,-0.02580783844057566,0.3308047773509035,1
2022-08-29,20297.994140625,20357.462890625,19600.78515625,19615.154296875,32637854078.0,0.03472427641744291,19616.814453125,21398.908203125,24136.97265625,23656.20703125,31792.310546875,43924.1171875,20677.225446428572,22309.615792410714,22020.409212239585,30507.54765625,0.030102608778935128,0.030285331253905964,0.030598838500437875,0.03519774144355645,756.677734375,32045342518.42857,30072160998.904762,29234440412.95,29906069551.41111,0.3394389042468673,-0.023924681597136677,-0.04292411513491412,0.3660163849703053,0
2022-08-30,19796.80859375,20542.64453125,19617.640625,20298.611328125,34483360283.0,-0.024691382971281484,20297.994140625,21528.087890625,23883.291015625,23336.896484375,29799.080078125,42451.7890625,20429.899832589286,22149.25818452381,22029.19990234375,30381.686653645833,0.030104522365492943,0.030210426319173127,0.030579086818057603,0.03516201965395777,925.00390625,32417496750.42857,30592524859.095238,29296370565.016666,29958933871.91111,0.05654496158324296,-0.0484492548613521,-0.011302721417968398,0.3788720285762601,0
2022-08-31,20049.763671875,20420.990234375,19799.58203125,19799.58203125,33225232872.0,0.012777568511970205,19796.80859375,21395.01953125,23335.998046875,23314.19921875,30467.48828125,39137.60546875,20237.72042410714,21963.64490327381,22042.658365885418,30275.643088107638,0.0314851048306932,0.02911828655801713,0.03061567136530732,0.03473657560796213,621.408203125,32597922393.857143,30610991580.52381,29548450800.55,29985094768.827778,-0.03648505832015003,-0.037877725920047234,-0.030822039575552185,0.29335552680980603,0
2022-09-01,20127.140625,20198.390625,19653.96875,20050.498046875,30182031010.0,0.0038592451457939436,20049.763671875,21600.904296875,23212.73828125,22978.1171875,29704.390625,39400.5859375,20027.182756696428,21781.245442708332,22056.4927734375,30168.568391927085,0.03099447369151634,0.02917774048054286,0.03061690083111735,0.034732714365226555,544.421875,32476972596.285713,30280277029.57143,29778304284.933334,30058462066.383335,-0.09159309352996614,-0.03961350772472183,-0.04049481926223686,0.2818872332678899,0
2022-09-02,19969.771484375,20401.568359375,19814.765625,20126.072265625,29123998928.0,-0.007818752974256604,20127.140625,20260.01953125,20877.552734375,22846.5078125,29832.9140625,38419.984375,19985.71875,21570.147972470237,22052.134602864582,30066.06720920139,0.020799538120007788,0.028544106028784703,0.03000058033977838,0.03469621179803851,586.802734375,30590859648.285713,30368762469.57143,29903793630.266666,30110566338.75,-0.03505503263347154,0.07067586429215322,-0.04635326264120099,0.29539783909723716,1
2022-09-03,19832.087890625,20037.009765625,19698.35546875,19969.71875,23613051457.0,-0.006894600364241943,19969.771484375,20041.73828125,21166.060546875,22630.95703125,29906.662109375,38062.0390625,19955.768694196428,21351.482235863095,22046.16748046875,29964.78970269097,0.020573361034246923,0.028458705101032346,0.0300133495083293,0.03469422485418486,338.654296875,29661762745.57143,30398557953.761906,29852085371.383335,30083160271.827778,-0.18922358446118948,0.09320507160261204,-0.010513659159334665,0.30947213170259813,1
2022-09-04,19986.712890625,19999.689453125,19636.81640625,19832.470703125,25245861652.0,0.007796708085036963,19832.087890625,19616.814453125,21534.12109375,23289.314453125,31370.671875,38737.26953125,20008.611328125,21145.166945684523,22036.80859375,29860.61994357639,0.018740848308492177,0.02868988349572793,0.029941943865707425,0.03466891715964678,362.873046875,29787341468.57143,30505783101.238094,29862867337.116665,30080211817.25,0.0691486315512162,0.08918639991001842,0.017518181268278088,0.2914788017859913,1
2022-09-05,19812.37109375,20031.16015625,19673.046875,19988.7890625,28813460025.0,-0.008722884940063236,19986.712890625,20297.994140625,21398.908203125,22961.279296875,31155.478515625,41982.92578125,19939.23660714286,20939.233537946428,22006.388313802083,29737.4501953125,0.01260402538427912,0.02868815804133112,0.029138581427768838,0.03405454887727579,358.11328125,29240999461.0,30205304926.95238,29912842128.866665,30060930367.2,0.14131418535747908,0.12911519337566668,0.017582231903322754,0.30120631699693634,1
2022-09-06,18837.66796875,20155.26953125,18800.171875,19817.724609375,43403978910.0,-0.04919669232863699,19812.37109375,19796.80859375,21528.087890625,23175.890625,30214.35546875,39437.4609375,19802.21651785714,20698.965773809523,21958.16416015625,29623.006901041666,0.020461903908272582,0.030005342839521065,0.029783404032559607,0.033958049452438764,1355.09765625,30515373550.57143,30950556987.142857,29804577869.233334,30129407668.305557,0.5063785769685605,0.0774532742014784,0.05933724877619073,0.3671138259176936,1
2022-09-07,19290.32421875,19427.171875,18644.466796875,18837.68359375,35239757134.0,0.024029314602578067,18837.66796875,20049.763671875,21395.01953125,23809.486328125,30111.998046875,38794.97265625,19693.725167410714,20506.314639136905,21919.799446614583,29514.647743055557,0.02259477638638479,0.030795214726848166,0.02996472721027769,0.03400621809446024,782.705078125,30803162730.857143,31155706228.0,29897888357.166668,30178712483.133335,-0.18809846426588817,0.04928717704370489,0.01329813784963041,0.360277567911212,1
2022-09-08,19329.833984375,19417.3515625,19076.71484375,19289.94140625,32194477850.0,0.0020481649337233954,19290.32421875,20127.140625,21600.904296875,23164.318359375,29083.8046875,38904.01171875,19579.82421875,20321.41443452381,21894.289192708333,29405.902311197915,0.02248279909176878,0.030875609764742327,0.029662618353147027,0.03400550192806833,340.63671875,31090655136.57143,31557937880.52381,29956316200.516666,30276368189.761112,-0.08641601224492712,0.019212630249447527,0.0044870729396906395,0.34019021155667817,1
2022-09-09,21381.15234375,21439.41015625,19310.962890625,19328.140625,48469528171.0,0.10612188190716765,19329.833984375,19969.771484375,20260.01953125,23947.642578125,28360.810546875,37849.6640625,19781.450055803572,20345.395368303572,21917.79912109375,29314.410579427084,0.04768072697617325,0.032837162609066675,0.03221585328286767,0.034921808529335935,2128.447265625,33854302171.285713,31936981590.57143,30361637519.616665,30449528094.544445,0.5055230402191473,-0.07523300585083792,-0.09048747847613303,0.21114509255833713,0
2022-09-10,21680.5390625,21760.275390625,21168.72265625,21376.912109375,36913738894.0,0.014002365912589188,21381.15234375,19832.087890625,20041.73828125,23957.529296875,26762.6484375,39666.75390625,20045.514508928572,20369.894345238095,21957.076204427085,29214.487163628473,0.0470424978809852,0.032840587110369815,0.03194087699028682,0.03473827127562988,591.552734375,35754400376.57143,32380699109.333332,30546696167.55,30519481315.788887,-0.23841348808330243,-0.07162934861297343,-0.11711215667564767,0.1914937395251861,0
2022-09-11,21769.255859375,21770.552734375,21406.9453125,21678.54296875,34493951963.0,0.004092001431295067,21680.5390625,19986.712890625,19616.814453125,24402.818359375,22487.388671875,39338.78515625,20300.163504464286,20381.091238839286,21983.029231770834,29116.878667534722,0.04714105261245691,0.03264950762129386,0.03142667134545575,0.034739496507793836,363.607421875,37075556135.28571,32923158358.857143,30570888194.516666,30578147710.761112,-0.06555247459349922,-0.10793892153130591,-0.12484753306138185,0.15588031393542656,0
2022-09-12,22370.44921875,22439.181640625,21603.896484375,21770.1484375,50212088965.0,0.027616624254801714,21769.255859375,19812.37109375,20297.994140625,24424.068359375,22206.79296875,41143.9296875,20665.60323660714,20427.35509672619,22013.038053385415,29012.581553819444,0.046318671862031695,0.03310564016365174,0.03153797520891654,0.03462332527872535,835.28515625,40132503126.71429,33806281702.04762,30888443955.05,30637009781.72222,0.45567805680427953,-0.12634168786074684,-0.14362715182120667,0.15479771985747792,0
2022-09-13,20296.70703125,22673.8203125,20062.669921875,22371.48046875,51091116622.0,-0.09270006906083372,22370.44921875,18837.66796875,19796.80859375,24319.333984375,22572.83984375,40951.37890625,20874.03738839286,20368.717912946428,22004.044368489584,28897.83337673611,0.05827376790414902,0.03907114958439228,0.0337794304674327,0.03526603639423733,2611.150390625,41230665657.0,34721178652.666664,31308202976.1,30798573756.883335,0.017506295298981067,-0.06926827916397305,-0.045022216311643826,0.2922452976419936,0
2022-09-14,20241.08984375,20467.201171875,19793.396484375,20184.5546875,37872380889.0,-0.0027402074343571003,20296.70703125,19290.32421875,20049.763671875,24136.97265625,20381.650390625,41801.15625,21009.86104910714,20313.768880208332,21988.22392578125,28778.055230034723,0.05824437850587382,0.03906028018280089,0.03370843634901202,0.03522011847087519,673.8046875,41606754764.85714,35002613296.52381,31534360089.983334,30817744956.58889,-0.258728652004211,-0.08367580333862179,-0.05214312084464634,0.3111781051809255,0
2022-09-15,19701.2109375,20318.166015625,19636.734375,20242.2890625,36389011503.0,-0.026672422800232853,20241.08984375,19329.833984375,20127.140625,23883.291015625,20471.482421875,42190.65234375,21062.914899553572,20223.307291666668,21970.255045572918,28653.11388888889,0.05975420215689626,0.039326514169847705,0.033791656113781925,0.035249712721190714,681.431640625,42205973858.14286,35257867197.0,31758713580.316666,30910656947.233334,-0.039167576771779955,-0.014601140872130713,-0.03215925020471855,0.35061207373436365,0
2022-09-16,19772.583984375,19870.62890625,19400.076171875,19704.005859375,30123362273.0,0.003622774615297697,19701.2109375,21381.15234375,19969.771484375,23335.998046875,19017.642578125,41247.82421875,20833.11941964286,20200.09607514881,21925.03662109375,28533.806998697917,0.039883499021552,0.03698911101566032,0.03201873604735524,0.035225655330309344,470.552734375,39585093015.57143,34676751611.71429,31594528358.833332,30966187033.85,-0.17218520018009953,-0.02402039677137391,-0.025514633533667896,0.34369292708505883,0
2022-09-17,20127.576171875,20162.53125,19777.033203125,19777.033203125,24957448100.0,0.017953757980268437,19772.583984375,21680.5390625,19832.087890625,23212.73828125,20553.271484375,41077.99609375,20611.267578125,20204.18359375,21870.672330729165,28417.415776909722,0.04031204702254465,0.03712154442999463,0.03165299411766025,0.03526170348211993,385.498046875,37877051473.57143,34431071531.90476,31197732448.883335,30968086505.122223,-0.17149195120327865,-0.05915091032116526,-0.02865811334903845,0.3183001904162306,0
2022-09-18,19419.505859375,20127.234375,19387.4921875,20127.234375,31254779144.0,-0.035179114785287124,20127.576171875,21769.255859375,19986.712890625,20877.552734375,20599.537109375,42358.80859375,20275.589006696428,20194.787946428572,21807.135221354165,28289.975206163195,0.04078113997821211,0.037658262333490025,0.03193676286514523,0.035245835529158026,739.7421875,37414312499.42857,34759070034.42857,31003102949.166668,30963920542.72222,0.252322714196088,-0.03179319842615558,-0.004381668841945463,0.37770144326736554,0
2022-09-19,19544.12890625,19639.48046875,18390.318359375,19418.572265625,40177002624.0,0.006417415961943007,19419.505859375,22370.44921875,19812.37109375,21166.060546875,20710.59765625,42892.95703125,19871.828962053572,20158.889601934523,21746.7935546875,28160.25949435764,0.03772304354031763,0.03685851783018522,0.03195732677627281,0.03523285316645749,1249.162109375,35980728736.42857,35118077108.04762,31112202789.5,31046887540.25,0.2854674940716324,-0.016447754350781052,-0.02070154939832669,0.3922911232333399,0
2022-09-20,18890.7890625,19602.45703125,18813.455078125,19545.591796875,36791346508.0,-0.033428956945789956,19544.12890625,20296.70703125,18837.66796875,21534.12109375,19987.029296875,43960.93359375,19670.983537946428,20115.74581473214,21683.057063802084,28020.98091362847,0.021409118513385263,0.037185345788347764,0.03213511542333475,0.03523632938765077,789.001953125,33937904434.42857,35227981214.0,31201699303.866665,31078822841.455555,-0.08426850921869311,0.011633066875763376,0.008625958997047656,0.43625592995263474,1
2022-09-21,18547.400390625,19674.630859375,18290.314453125,18891.283203125,46363793975.0,-0.018177571658806957,18890.7890625,20241.08984375,19290.32421875,21398.908203125,21085.876953125,44348.73046875,19429.027901785714,20044.20470610119,21617.75576171875,27877.640190972223,0.021331149447969943,0.03720160798319533,0.032180476992221305,0.03523869133246441,1384.31640625,35150963446.71429,35853626980.809525,31574065883.966667,31166541624.461113,0.2601820366894847,0.047409356242962275,0.033701130412375546,0.4324181423251594,1
2022-09-22,19413.55078125,19456.91015625,18415.591796875,18534.650390625,41135767926.0,0.04669928789927913,18547.400390625,19701.2109375,19329.833984375,21528.087890625,21231.65625,44500.828125,19387.93359375,20010.22423735119,21564.495540364584,27738.26642795139,0.02950160605295224,0.03874192218338982,0.03278796892651454,0.035438059691771,1041.318359375,35829071507.14286,36375233500.61905,31866903761.016666,31300904468.52222,-0.11276096282843084,0.008215910721188102,-0.010578246629840748,0.36912451817140446,1
2022-09-23,19297.638671875,19464.671875,18617.552734375,19412.400390625,38896078052.0,-0.005970680514919002,19413.55078125,19772.583984375,21381.15234375,21395.01953125,21502.337890625,46820.4921875,19320.08426339286,19978.217912946428,21530.094498697916,27585.361686197917,0.029434390846359747,0.03872776999635375,0.032042427444308526,0.035188062189306576,847.119140625,37082316618.42857,36840570601.7619,31922262371.783333,31360544403.68889,-0.054446288155578504,0.006951647966158436,0.013958658113833788,0.3773390142151256,1
2022-09-24,18937.01171875,19310.197265625,18861.974609375,19296.990234375,26149643168.0,-0.01868762076318642,19297.638671875,20127.576171875,21680.5390625,21600.904296875,21027.294921875,47128.00390625,19150.00362723214,19935.595238095237,21491.715462239583,27428.745062934027,0.028303011412789177,0.03890386542885954,0.032117207609941,0.03519490222146077,448.22265625,37252630199.57143,36961360683.2381,31881011860.333332,31303808111.827778,-0.3277048875457147,0.019806925714874968,0.021574710569063793,0.3865348219580744,1
2022-09-25,18802.09765625,19134.732421875,18696.46875,18936.310546875,23359966112.0,-0.007124358610731463,18937.01171875,19419.505859375,21769.255859375,20260.01953125,20735.478515625,47465.73046875,19061.80245535714,19879.184988839286,21422.907942708334,27269.50265842014,0.025737913199094124,0.038862205514833964,0.03031046748401995,0.035184728079815764,438.263671875,36124799766.42857,36871556133.71429,31741028708.316666,31259157595.4,-0.10668126666499989,0.012871423712904395,0.06880933123942912,0.398699280769246,1
2022-09-26,19222.671875,19274.873046875,18721.28515625,18803.900390625,44148798321.0,0.022368473265013344,18802.09765625,19544.12890625,22370.44921875,20041.73828125,20280.634765625,47062.6640625,19015.880022321428,19851.104073660714,21345.8876953125,27114.83603515625,0.027493707076767102,0.039191739592394616,0.02997572824349385,0.035240328005609826,553.587890625,36692199151.71429,37601810338.28571,31806635577.7,31341462675.172222,0.8899341766733466,0.020856008245471847,0.08051791870114311,0.3638712750487503,1
2022-09-27,19110.546875,20338.455078125,18915.66796875,19221.83984375,58571439619.0,-0.005832956039052206,19222.671875,18890.7890625,20296.70703125,19616.814453125,20104.0234375,45538.67578125,19047.273995535714,19864.098307291668,21267.6529296875,26968.013096788196,0.0240002735516832,0.03762018929143937,0.0299770705343563,0.03517777456252088,1422.787109375,39803641024.71429,38324070372.04762,32184705408.916668,31481707189.133335,0.32668253376082634,0.06416859146004938,0.06149949921304909,0.3789619401917299,1
2022-09-28,19426.720703125,19688.34375,18553.296875,19104.62109375,53071298734.0,0.016544467837213528,19110.546875,18547.400390625,20241.08984375,20297.994140625,19784.7265625,46281.64453125,19172.891183035714,19870.59337797619,21197.161490885417,26818.819075520834,0.0227136198142077,0.03742960238307544,0.03008214307629757,0.035178525373521785,1135.046875,40761855990.28571,39173191400.61905,32600090082.8,31564533047.172222,-0.0939048266659952,0.03778280981987492,0.06015584808335728,0.3909474114513465,1
2022-09-29,19573.05078125,19589.265625,18924.353515625,19427.779296875,41037843771.0,0.007532412719634118,19426.720703125,19413.55078125,19701.2109375,19796.80859375,19269.3671875,45868.94921875,19195.676897321428,19882.175130208332,21134.430729166666,26672.730750868057,0.014659033380657539,0.03745641346177181,0.030078230108955308,0.035187523908129605,664.912109375,40747866825.28571,39594304063.52381,32891494280.716667,31629539989.266666,-0.2267412942598821,0.01953668758123861,0.06362961988751681,0.37493745885056806,1
2022-09-30,19431.7890625,20109.849609375,19265.662109375,19573.431640625,43975248085.0,-0.0072171538473359,19573.05078125,19297.638671875,19772.583984375,20049.763671875,19242.255859375,46453.56640625,19214.841238839286,19789.348307291668,21069.723893229166,26522.609765625,0.014768685712472878,0.028743501314059273,0.030083738413941255,0.03516561249701413,844.1875,41473462544.28571,39380290726.09524,33193595763.116665,31732655825.238888,0.07157793987401839,0.0059212533907671006,0.061950778142613405,0.38782465828987545,1
2022-10-01,19312.095703125,19471.154296875,19231.08203125,19431.10546875,18719537670.0,-0.0061596674907298254,19431.7890625,18937.01171875,20127.576171875,20127.140625,19297.076171875,46622.67578125,19268.424665178572,19676.565290178572,21008.62353515625,26370.88432074653,0.012568703022073028,0.028442455713216297,0.03004755368625109,0.03516098784643669,240.072265625,40412018901.71429,38513900191.61905,33032433879.0,31656098893.1,-0.5743164965478558,0.005409700627834635,0.061292039588611846,0.44902709836259724,1
2022-10-02,19044.107421875,19370.30859375,18970.62109375,19311.849609375,20765955327.0,-0.013876706359042923,19312.095703125,18802.09765625,19419.505859375,19969.771484375,20231.26171875,45555.9921875,19302.997488839286,19546.796316964286,20945.2501953125,26223.59607204861,0.013674344718976555,0.02842246033435227,0.03008104725816018,0.035140748578052626,399.6875,40041445932.42857,37860186066.09524,32940396968.35,31606795289.055557,0.10931988241780122,0.02112560859181456,0.07567516732076429,0.44563273806294457,1
2022-10-03,19623.580078125,19653.54296875,19025.2265625,19044.068359375,30484729489.0,0.030427924155919772,19044.107421875,19222.671875,19544.12890625,19832.087890625,20190.115234375,43206.73828125,19360.270089285714,19415.993024553572,20895.12724609375,26092.578526475696,0.015850317924442612,0.02859458030054784,0.030365936397528052,0.035054726210256806,628.31640625,38089436099.28571,36920787995.809525,33029805297.016666,31557302698.505554,0.46801478713399725,-0.02456716364729017,0.027310196508047557,0.3978070467479087,0
2022-10-04,20336.84375,20380.34375,19523.83984375,19623.583984375,35887278685.0,0.036347275524413414,19623.580078125,19110.546875,18890.7890625,19986.712890625,20548.24609375,43503.84765625,19535.45535714286,19417.904296875,20845.919401041665,25963.87294921875,0.019503018270911592,0.022124295442245867,0.030505645579030793,0.035173265622653944,856.50390625,34848841680.14286,36196795713.09524,33146572457.716667,31611665507.27778,0.17722149044981483,-0.06320674914218194,-0.006237716644206359,0.36694734310726074,0
2022-10-05,20160.716796875,20343.748046875,19801.80078125,20335.900390625,33223790572.0,-0.008660486125090072,20336.84375,19426.720703125,18547.400390625,19812.37109375,21637.587890625,42287.6640625,19640.311941964286,19414.077008928572,20799.243359375,25840.94546440972,0.020210289700779926,0.0222029001010971,0.030476625539095557,0.03512795914489485,541.947265625,32013483371.285713,35975434269.42857,33433997969.166668,31645042147.155556,-0.07421816896117206,-0.04976368124621999,0.04893247010086044,0.3598679246178682,0
2022-10-06,19955.443359375,20408.392578125,19900.087890625,20161.0390625,34711412966.0,-0.01018185214187517,20160.716796875,19573.05078125,19413.55078125,18837.66796875,21731.1171875,42782.13671875,19694.939453125,19426.18331473214,20745.56923828125,25714.130501302083,0.021004595688506374,0.02149095565771897,0.0304608843224723,0.03511300715002443,508.3046875,31109707542.0,35895548624.809525,33747741234.55,31748712371.988888,0.04477581782175455,-0.02869087156768302,0.06651057673702154,0.4004498498461464,0
2022-10-07,19546.849609375,20041.0859375,19395.79296875,19957.55859375,29227315390.0,-0.02047530303595302,19955.443359375,19431.7890625,19297.638671875,19290.32421875,21592.20703125,42207.671875,19711.37667410714,19415.434058779763,20674.52529296875,25588.237044270834,0.022610955845321395,0.02197231899091181,0.03030459437060687,0.03512795061482216,645.29296875,29002860014.142857,35852879725.61905,33758604076.933334,31813005926.47778,-0.15799119388691263,-0.018478341348764693,0.0705810269337881,0.430861770703739,0
2022-10-08,19416.568359375,19601.6953125,19299.4140625,19546.328125,16437423167.0,-0.006665076603316944,19546.849609375,19312.095703125,18937.01171875,19329.833984375,20860.44921875,39521.90234375,19726.301339285714,19381.57654389881,20612.06279296875,25476.54074435764,0.022638642609256493,0.02160233203819137,0.03014159886130756,0.034839885333217024,302.28125,28676843656.57143,35447164252.61905,33639965809.4,31715714320.927776,-0.4376006503620242,-0.0179709198500837,0.06109462933506671,0.4387243578117632,0
2022-10-09,19446.42578125,19542.5390625,19349.259765625,19417.478515625,16837262532.0,0.0015377290838616275,19416.568359375,19044.107421875,18802.09765625,21381.15234375,19970.556640625,40127.18359375,19783.775390625,19382.858444940477,20537.042513020835,25361.647645399305,0.021681209166177887,0.020178286605106417,0.02976844322511774,0.03481383014611092,193.279296875,28115601828.714287,34760615842.52381,33373296322.9,31637079663.583332,0.024324941989856574,-0.009170427165178352,-0.04654604949294783,0.4184446049191639,0
2022-10-10,19141.484375,19515.466796875,19102.978515625,19446.416015625,27425022774.0,-0.01568110303046133,19446.42578125,19623.580078125,19222.671875,21680.5390625,19323.9140625,41166.73046875,19714.90457589286,19363.684895833332,20456.77509765625,25239.285167100694,0.018845624776938227,0.02041583227615747,0.029809433108313254,0.034756193087874546,412.48828125,27678500869.42857,34153378706.809525,33211596092.8,31635601427.72778,0.6288290760969883,0.021381488994371756,-0.17034750480590666,0.43097677247143995,1
2022-10-11,19051.41796875,19241.9609375,18925.603515625,19139.0,28711532910.0,-0.00470529894576166,19141.484375,20336.84375,19110.546875,21769.255859375,20212.07421875,39935.515625,19531.272321428572,19371.333891369046,20367.585091145833,25123.26240234375,0.00721448402560893,0.019035645041797847,0.029671027255232456,0.03470047050879255,316.357421875,26653394330.142857,33768625678.333332,33235691563.166668,31659876599.6,0.0469100845093795,0.014854434842550779,-0.0768786075019432,0.4105679879880988,1
2022-10-12,19157.4453125,19203.19921875,19029.7578125,19052.646484375,24950173846.0,0.005565325579645286,19051.41796875,20160.716796875,19426.720703125,22370.44921875,20569.919921875,40553.46484375,19387.947823660714,19400.383649553572,20279.808040364584,25004.39562717014,0.009154773864453172,0.018565547678532166,0.02968941537873432,0.034678067704488225,173.44140625,25471449083.57143,32748929481.714287,33268405355.783333,31677617255.672222,-0.1310051635275088,-0.0009348927248830075,-0.11082648594928624,0.39667885731436825,0
2022-10-13,19382.904296875,19453.328125,18319.822265625,19156.966796875,44219840004.0,0.011768739552548313,19157.4453125,19955.443359375,19573.05078125,20296.70703125,20836.328125,40424.484375,19306.15652901786,19398.924293154763,20197.534212239585,24887.497960069446,0.011447253055052963,0.015671972288173016,0.029755418157679073,0.03469684747778542,1133.505859375,26829795803.285713,32895790056.857143,33622167129.933334,31829765529.622223,0.7723259275441603,-0.01698218478812119,-0.13329884471526587,0.3858797726371106,0
2022-10-14,19185.65625,19889.146484375,19115.408203125,19382.533203125,38452356727.0,-0.010176392755898878,19382.904296875,19546.849609375,19431.7890625,20241.08984375,21190.31640625,39716.953125,19254.557477678572,19393.591796875,20115.012272135416,24773.435199652777,0.00948441401492875,0.015779138226804212,0.029763777057825607,0.03468458292406728,773.73828125,28147658851.42857,32874660469.95238,33677648047.3,31937347327.872223,-0.1304275021456045,-0.0006873624664259781,-0.14762544365012276,0.4000932092823253,0
2022-10-15,19067.634765625,19212.541015625,19019.25,19185.4375,16192235532.0,-0.0061515479500473536,19185.65625,19416.568359375,19312.095703125,19701.2109375,20779.34375,40826.21484375,19204.709821428572,19399.811941964286,20034.751334635417,24652.55419921875,0.009449854736221513,0.015272125755657971,0.029751393695234975,0.034605406831406005,193.291015625,28112632046.42857,32400498201.57143,33484957212.066666,31840053180.427776,-0.5789013493513562,0.00737137506710539,-0.1284603768103858,0.42438496843422,1
2022-10-16,19268.09375,19389.603515625,19068.9140625,19068.9140625,17988916650.0,0.010513049302600663,19067.634765625,19446.42578125,19044.107421875,19772.583984375,22485.689453125,41502.75,19179.233816964286,19422.00223214286,19966.9529296875,24529.028331163194,0.010631753488173775,0.015320384095102092,0.029690897434160198,0.03458860872919712,320.689453125,28277154063.285713,32144733941.47619,33269245438.3,31799418236.555557,0.11095942338840725,0.015513421637778801,-0.1237008963977041,0.4801395076705499,1
2022-10-17,19550.7578125,19635.802734375,19173.333984375,19268.5625,27472552998.0,0.014670058500208416,19268.09375,19141.484375,19623.580078125,20127.576171875,23389.43359375,41374.37890625,19237.70145089286,19437.62537202381,19905.919921875,24407.785991753473,0.009939937925337407,0.014876136149710537,0.029773663596989144,0.034615526395945784,462.46875,28283944095.285713,31350627021.333332,33331327769.15,31797490573.538887,0.5271933008817404,-0.010495017576444665,-0.1473763005510097,0.4534346095120194,0
2022-10-18,19334.416015625,19666.994140625,19144.76953125,19550.466796875,30580012344.0,-0.011065647631146036,19550.7578125,19051.41796875,20336.84375,19419.505859375,23231.732421875,40527.36328125,19278.129743303572,19448.285807291668,19880.2009765625,24290.047395833335,0.011002918426518848,0.015037686078130264,0.026871680063658344,0.03459692948027066,522.224609375,28550869728.714287,30017701913.0,33165834470.55,31770864051.033333,0.11311141509950762,0.03938269486053492,-0.1369008733111423,0.46517700736249856,1
2022-10-19,19139.53515625,19348.416015625,19127.6875,19335.02734375,22425387184.0,-0.010079479991405349,19334.416015625,19157.4453125,20160.716796875,19544.12890625,23164.62890625,39740.3203125,19275.571149553572,19434.610305059523,19846.425553385416,24175.59858940972,0.011758998175907151,0.014751244178166659,0.02682652172555288,0.034579911942626475,220.728515625,28190185919.857143,28558372791.57143,33079663073.616665,31739828886.805557,-0.2666652017097695,0.08521138244402082,-0.12757665181344002,0.5005488067585888,1
2022-10-20,19053.740234375,19315.19921875,18971.458984375,19138.0859375,24493974420.0,-0.004482602172654282,19139.53515625,19382.904296875,19955.443359375,18890.7890625,22714.978515625,39486.73046875,19228.547712053572,19409.88123139881,19805.085872395834,24062.081976996527,0.010575798802603701,0.01465246707016733,0.026716322982283592,0.03457930053850304,343.740234375,25372205122.142857,27770569489.142857,33102857518.566666,31786250848.866665,0.09224310015373516,0.06466424376365576,-0.12292564769773817,0.5578541983688201,1
2022-10-21,19172.46875,19237.384765625,18770.970703125,19053.203125,32459287866.0,0.006231244583192241,19053.740234375,19185.65625,19546.849609375,18547.400390625,22465.478515625,39469.29296875,19226.66378348214,19397.532645089286,19767.978548177085,23949.321842447916,0.010380461980311687,0.014669223024309496,0.02672869381956224,0.03458610197083244,466.4140625,24516052427.714287,27222190431.095238,33116070670.366665,31866778013.86111,0.3251948136067335,0.07421489799011938,-0.1502486068076131,0.5604882448628323,1
2022-10-22,19208.189453125,19248.068359375,19132.244140625,19172.380859375,16104440957.0,0.0018631248583989013,19172.46875,19067.634765625,19416.568359375,19413.55078125,22609.1640625,40458.30859375,19246.743024553572,19392.58472842262,19729.31357421875,23831.265625,0.010031723487816498,0.014619884947589437,0.026714230651892337,0.03452264738140916,115.82421875,24503510345.57143,27097662016.190475,32853173342.0,31759326404.9,-0.5038572311418805,0.08383336249908857,-0.17809618557676965,0.5615160688398595,1
2022-10-23,19567.0078125,19646.65234375,19124.197265625,19207.734375,22128794335.0,0.018680488353712166,19208.189453125,19268.09375,19446.42578125,19297.638671875,21361.701171875,38117.4609375,19289.44503348214,19417.48474702381,19698.846712239585,23728.207552083335,0.011653816380240538,0.014817058753540705,0.026833697922368747,0.03432045890646883,522.455078125,25094921443.42857,27162559111.809525,32689282358.116665,31690213660.005554,0.3740802548865527,0.05461211613777506,-0.17259860647127234,0.6909194646441295,1
2022-10-24,19345.572265625,19589.125,19206.32421875,19567.76953125,30202235805.0,-0.011316781236911488,19567.0078125,19550.7578125,19141.484375,18937.01171875,21239.75390625,39241.12109375,19260.1328125,19404.246279761905,19661.257845052085,23617.676725260415,0.011170597365835502,0.013465775898864671,0.026827593187851377,0.03423872027441415,382.80078125,25484876130.142857,27149107031.61905,32675508294.983334,31685887107.9,0.36483874122462434,0.059455525847575075,-0.14136905317784587,0.7524179113579061,1
2022-10-25,20095.857421875,20348.412109375,19261.447265625,19344.96484375,47761524910.0,0.03878330120960949,19345.572265625,19334.416015625,19051.41796875,18802.09765625,22930.548828125,39773.828125,19368.91015625,19392.77074032738,19658.521809895832,23508.35466579861,0.017889675743864655,0.013806106704617786,0.0261170237797325,0.03435957915851871,1086.96484375,27939377925.285713,27714547328.04762,32766087217.416668,31762874996.805557,0.5813903718377382,0.01937792488521084,-0.17373693019559866,0.7169120773589162,1
2022-10-26,20770.44140625,20938.134765625,20076.1171875,20092.236328125,58895950537.0,0.03356831063305088,20095.857421875,19139.53515625,19157.4453125,19222.671875,23843.88671875,38609.82421875,19601.89676339286,19421.805245535714,19670.666861979167,23409.246983506946,0.019054678877100197,0.01552323096384841,0.026426826034427805,0.034412288525113584,862.017578125,33149458404.285713,28937031135.904762,33245740896.766666,31918502529.516666,0.23312542151828874,-0.029413794731206977,-0.20455028019272425,0.6444835123832264,0
2022-10-27,20285.8359375,20854.044921875,20255.373046875,20772.802734375,49625110402.0,-0.0233314959115013,20770.44140625,19053.740234375,19382.904296875,19110.546875,23804.6328125,37714.875,19777.91043526786,19437.538225446428,19681.817220052082,23312.41898871528,0.022733033393741848,0.016266829060295446,0.026458474956300604,0.03441279295304236,598.671875,36739620687.42857,29647207204.285713,33666712560.283333,32061443622.133335,-0.1574104849394664,-0.0037389465479107376,-0.18838536894777647,0.6715998732181898,0
2022-10-28,20595.3515625,20724.98046875,20086.068359375,20287.95703125,43994715910.0,0.015257721000682789,20285.8359375,19172.46875,19185.65625,19426.720703125,23656.20703125,38469.09375,19981.17940848214,19487.466889880954,19686.773177083334,23213.120421006945,0.022791760389260163,0.015779924167134664,0.02615430531400852,0.03439703006043883,638.912109375,38387538979.42857,30350416752.857143,33855993590.816666,32155843376.577778,-0.11345857865886144,0.02679628481093088,-0.2015369631724392,0.6552072012609034,1
2022-10-29,20818.4765625,20988.39453125,20566.484375,20595.103515625,40369840645.0,0.01083375534148523,20595.3515625,19208.189453125,19067.634765625,19573.05078125,23336.896484375,38529.328125,20211.22042410714,19554.224423363095,19703.8009765625,23114.726801215278,0.02247514862205834,0.015727659934088315,0.02597406638482025,0.03441063279086347,421.91015625,41854024649.14286,31490055680.38095,33954101596.85,32197216700.016666,-0.08239342361967761,0.02229821391379727,-0.22101301615714708,0.659030158381696,1
2022-10-30,20635.603515625,20917.005859375,20547.462890625,20817.982421875,31486345556.0,-0.008784170461560437,20818.4765625,19567.0078125,19268.09375,19431.7890625,23314.19921875,37750.453125,20363.876953125,19610.85193452381,19713.564973958335,23019.644303385416,0.023446478213815566,0.01594986805022019,0.025959892745709014,0.03438887880311518,369.54296875,43190817680.71429,32187631062.47619,33925120141.583332,32220324490.63889,-0.2200527658040251,0.014096162115139865,-0.20307722478661305,0.6719822735073038,1
2022-10-31,20495.7734375,20795.3203125,20287.458984375,20633.6953125,45668466815.0,-0.006776156462742766,20635.603515625,19345.572265625,19550.7578125,19312.095703125,22978.1171875,39698.37109375,20528.19140625,19675.341889880954,19719.708854166667,22912.96320529514,0.022883614948249406,0.015542941884182116,0.025975024137784318,0.03414788099892605,507.861328125,45400279253.57143,33056366493.0,34183227405.0,32269847059.11111,0.4504213178304992,0.005222685012420625,-0.16233625149087516,0.6914600151936814,1
2022-11-01,20485.2734375,20647.2890625,20359.845703125,20494.8984375,39819303159.0,-0.0005123007449325812,20495.7734375,20095.857421875,19334.416015625,19044.107421875,22846.5078125,36575.140625,20583.822265625,19743.62072172619,19728.300553385416,22823.575054253473,0.01864620495708893,0.015460671554386268,0.02595184772002596,0.033674847171889136,287.443359375,44265676146.28571,33585307933.42857,34361482475.51667,32251586208.233334,-0.1280788269002895,-0.09489753500513898,-0.17173998852071704,0.7298892306401512,0
2022-11-02,20159.50390625,20742.810546875,20087.134765625,20482.958984375,55552169483.0,-0.015902620594443806,20485.2734375,20770.44140625,19139.53515625,19623.580078125,22630.95703125,36040.921875,20496.545479910714,19791.337797619046,19733.757486979168,22735.344954427084,0.013837314421491336,0.01602199057621803,0.026022807150944537,0.03367755966318835,655.67578125,43787993138.57143,35042545820.90476,34893801109.28333,32350233941.533333,0.395106520603288,-0.21224349828797018,-0.15232734715500384,0.7330903751390521,0
2022-11-03,20209.98828125,20382.095703125,20086.240234375,20162.689453125,43228750179.0,0.0025042468919260763,20159.50390625,20285.8359375,19053.740234375,20336.84375,23289.314453125,35501.953125,20485.710100446428,19830.722749255954,19737.478743489584,22650.389594184027,0.011038128614561485,0.01588245763920138,0.026006979282842593,0.03366705472944701,295.85546875,42874227392.42857,34995351067.333336,35193515918.066666,32454972018.05,-0.22183506816545118,-0.1297980365138912,-0.16337228439603946,0.718572209711434,0
2022-11-04,21147.23046875,21209.560546875,20188.01953125,20208.76953125,64072727950.0,0.0463751969796804,20209.98828125,20595.3515625,19172.46875,20160.716796875,22961.279296875,34059.265625,20564.549944196428,19924.131045386905,19759.726399739582,22578.656065538195,0.02057757973124844,0.01830454186592038,0.026640264181115068,0.03374172491221074,1021.541015625,45742514826.71429,36215368744.61905,35781170383.48333,32606692496.05,0.4821785891262189,-0.1944905980042082,-0.18994185297978772,0.6589498735705455,0
2022-11-05,21282.69140625,21446.88671875,21097.634765625,21144.83203125,37846047609.0,0.006405611254872046,21147.23046875,20818.4765625,19208.189453125,19955.443359375,23175.890625,30296.953125,20630.866350446428,20029.609933035714,19800.476790364584,22528.57683376736,0.020398426124606912,0.018133070683952385,0.025803099100432412,0.03275421874125425,349.251953125,45381972964.42857,37246502653.04762,35688538195.13333,32464973344.094444,-0.4093267319828545,-0.21066442085695736,-0.20241167586116138,0.6468478915433225,0
2022-11-06,20926.486328125,21345.376953125,20920.19140625,21285.056640625,35082693210.0,-0.01673684363155281,21282.69140625,20635.603515625,19567.0078125,19546.849609375,23809.486328125,31022.90625,20672.421037946428,20108.581008184523,19827.746158854166,22472.485611979166,0.021383265954073742,0.01871468972958752,0.025759552360903822,0.032718502856090535,425.185546875,45895736915.0,38060492013.04762,35685920463.066666,32327593646.27778,-0.07301566672295945,-0.21853267777705077,-0.18335531162334362,0.6743074085332761,0
2022-11-07,20602.81640625,21053.24609375,20489.97265625,20924.62109375,53510852236.0,-0.015466997985227438,20926.486328125,20495.7734375,19345.572265625,19416.568359375,23164.318359375,28936.35546875,20687.712890625,20158.679036458332,19848.962532552083,22426.188172743055,0.022226557932466477,0.019017002568333646,0.025854399076604983,0.032364062873394155,563.2734375,47016077689.42857,39300411024.38095,36041193369.5,32233826959.711113,0.5252777748758246,-0.19340157718879836,-0.18224156246842016,0.7203260855757547,0
2022-11-08,18541.271484375,20664.607421875,17603.544921875,20600.671875,118992465607.0,-0.10006131594948431,20602.81640625,20485.2734375,20095.857421875,19446.42578125,23947.642578125,29047.751953125,20409.99832589286,20120.910249255954,19801.631184895832,22367.818836805556,0.04425308855283532,0.029343348441534602,0.02539635659136859,0.033186974331656106,3061.0625,58326529467.71429,43510527846.42857,37216575660.1,32522734139.35,1.2237071665800632,-0.08934976247562576,-0.07053436848180017,0.9230222357618367,0
2022-11-09,15880.7802734375,18590.458984375,15682.6923828125,18543.76171875,102905151606.0,-0.14349022466876316,18541.271484375,20159.50390625,20770.44140625,19141.484375,23957.529296875,29283.103515625,19798.752092633928,19965.7314453125,19704.96853841146,22293.36148546007,0.06630126036482215,0.042686250284960904,0.031188013741379864,0.03481445557256523,2907.7666015625,65091241199.57143,47342897580.809525,38316432538.63333,32856423178.622223,-0.13519607244825116,0.04966123616776108,0.07886086506764678,1.310536659295868,1
2022-11-10,17586.771484375,18054.3125,15834.0185546875,15883.158203125,83202283721.0,0.10742489862358795,15880.7802734375,20209.98828125,20285.8359375,19051.41796875,24402.818359375,30101.265625,19424.0068359375,19895.875790550595,19635.26046549479,22223.836518012155,0.08460247380272032,0.049567636891545495,0.03437078110062402,0.03569906963279218,2220.2939453125,70801745991.28572,50138531357.04762,39128238067.933334,33159881040.294445,-0.19146629277062555,-0.051132404094119455,-0.026044966548121273,1.1217065783308589,0
2022-11-11,17034.29296875,17650.943359375,16543.482421875,17583.251953125,55871616488.0,-0.03141443647663533,17586.771484375,21147.23046875,20595.3515625,19157.4453125,24424.068359375,31305.11328125,18836.4443359375,19794.05789620536,19546.32452799479,22144.55418294271,0.07994691612295372,0.04991209372724449,0.03432585515050855,0.03562276319242216,1107.4609375,69630158639.57143,51253404148.57143,39222563526.65,33326749064.866665,-0.32848458011858417,-0.019755185942695097,0.004103509946273398,1.1801932636347772,0
2022-11-12,16799.185546875,17066.67578125,16651.775390625,17036.875,29717699419.0,-0.013802006476365758,17034.29296875,21282.69140625,20818.4765625,19382.904296875,24319.333984375,29862.91796875,18195.943498883928,19679.343424479168,19488.03250325521,22071.97789171007,0.07887111817985733,0.04993109250382014,0.03232034455511066,0.03548437309736538,414.900390625,68468966041.0,51901654551.52381,38866339906.6,33310659076.716667,-0.4681073989441005,-0.005216840520658628,0.024242362940074536,1.2057330950870364,0
2022-11-13,16353.365234375,16920.765625,16320.634765625,16799.72265625,27209183682.0,-0.026538209918333333,16799.185546875,20926.486328125,20635.603515625,19185.65625,24136.97265625,30425.857421875,17542.640485491072,19526.312825520832,19423.23709309896,21993.79737955729,0.07867267183983084,0.04982777684481336,0.03246755600516589,0.035492709547812536,600.130859375,67344178965.57143,52143577853.7619,38688619953.15,33300146355.644444,-0.08441150513138918,-0.0037627242003778205,0.08731861023921983,1.2321005460100372,0
2022-11-14,16618.19921875,17109.32421875,15872.94140625,16352.0283203125,49630243054.0,0.016194463988263186,16353.365234375,20602.81640625,20495.7734375,19067.634765625,23883.291015625,28720.271484375,16973.40945870536,19396.437918526786,19371.853564453126,21926.563644748265,0.08066039885333122,0.050077501820057824,0.03240973836401497,0.0352950860227263,1236.3828125,66789806225.28571,53068721056.09524,38909307145.666664,33402062881.95,0.8240254332522463,-0.05000030557612967,0.07205661432460975,1.1384772295245775,0
2022-11-15,16884.61328125,17051.962890625,16542.55078125,16617.484375,36599436183.0,0.016031463998783302,16618.19921875,18541.271484375,20485.2734375,19268.09375,23335.998046875,30314.333984375,16736.744001116072,19243.521530877977,19323.72071940104,21851.95408528646,0.07496011073013781,0.04930084446331801,0.03248767262844878,0.03505511893001073,509.412109375,55019373450.42857,52537193021.47619,39017241710.833336,33417762817.927776,-0.2625577887422772,-0.04115248234744051,0.02844317160987697,1.243497165156609,0
2022-11-16,16669.439453125,16960.294921875,16430.111328125,16884.341796875,33925512989.0,-0.0127437818409466,16884.61328125,15880.7802734375,20159.50390625,19550.7578125,23212.73828125,29200.740234375,16849.409598214286,19048.23572358631,19266.085107421874,21782.335747612848,0.04772993331357501,0.04842063029871571,0.032408230364417714,0.034970194575516866,530.18359375,45165139362.28571,51348124566.809525,39166709458.98333,33435407986.72778,-0.07305913622904403,-0.003523359141149096,-0.0013170855676784,1.168925333867307,0
2022-11-17,16687.517578125,16726.439453125,16460.68359375,16670.42578125,27868914022.0,0.0010845070736082985,16669.439453125,17586.771484375,20209.98828125,19334.416015625,20877.552734375,29432.2265625,16720.944754464286,18876.887230282737,19220.55196940104,21711.531808810763,0.019105721304584974,0.048359039043972554,0.03212738035631273,0.034962527704502054,265.755859375,37260372262.42857,50312115215.38095,39110278373.61667,33494263951.06111,-0.17852637833254847,-0.004976937641334445,0.006446388340648923,1.1930573809086575,0
2022-11-18,16697.77734375,16947.05859375,16564.611328125,16687.912109375,26862218609.0,0.0006148167681003791,16687.517578125,17034.29296875,21147.23046875,19139.53515625,21166.060546875,30323.72265625,16672.87109375,18691.28845796131,19173.11277669271,21635.832112630207,0.015945541729455344,0.048110323132552396,0.03211033932438535,0.0348767853978544,382.447265625,33116172565.42857,49496282010.57143,38888365306.7,33523323319.61111,-0.03612252031798957,-0.01053646501885197,0.0036052234684116335,1.191052280302089,0
2022-11-19,16711.546875,16797.876953125,16570.41015625,16696.220703125,16106223492.0,0.0008246325823211276,16697.77734375,16799.185546875,21282.69140625,19053.740234375,21534.12109375,29098.91015625,16660.35128348214,18495.720377604168,19136.792073567707,21567.013427734375,0.015194565651078198,0.047955437895726094,0.03184727405568361,0.03476299768934891,227.466796875,31171676004.42857,48340871669.95238,38543613256.433334,33437894258.13889,-0.4004135054353358,-0.014796094392069858,-0.016268223973132323,1.237168537098694,0
2022-11-20,16291.83203125,16746.779296875,16248.6923828125,16712.919921875,21313378652.0,-0.025115259939095247,16711.546875,16353.365234375,20926.486328125,19172.46875,21398.908203125,29655.5859375,16651.56082589286,18288.874116443454,19099.199267578126,21492.77035047743,0.014794717263499268,0.04807934180192624,0.031921261916016255,0.03476589813867897,498.0869140625,30329418143.0,47856444674.52381,38126106334.38333,33408432438.177776,0.323300813662893,0.009378621236820983,0.037716608854753364,1.3003525299895053,1
2022-11-21,15787.2841796875,16291.2236328125,15599.046875,16291.2236328125,37429485518.0,-0.030969374751391165,16291.83203125,16618.19921875,20602.81640625,19208.189453125,21528.087890625,29562.361328125,16532.85867745536,18064.660342261905,19038.761490885416,21416.24214409722,0.016585490615560423,0.04828632126414624,0.03149971453993368,0.03482965429187984,692.1767578125,28586452780.714287,47464112231.809525,38064334960.916664,33463457004.66111,0.7561497934766763,0.027239522709726183,0.06525827779093629,1.2685226979114854,1
2022-11-22,16189.76953125,16253.0478515625,15656.6064453125,15782.30078125,30726828760.0,0.025494274188105903,15787.2841796875,16884.61328125,18541.271484375,19567.0078125,21395.01953125,29267.224609375,16433.595284598214,17860.11253720238,18986.963671875,21343.589615885416,0.01900241279685003,0.0489038056683051,0.03170956765911059,0.03488946065238096,596.44140625,27747508863.142857,47031137260.42857,37928180806.05,33429859801.372223,-0.17907424227823443,0.01576383716472174,0.03956648452521505,1.3120983761687852,1
2022-11-23,16610.70703125,16638.193359375,16170.5029296875,16195.5888671875,32958875628.0,0.02600021570334854,16189.76953125,16669.439453125,15880.7802734375,19345.572265625,21600.904296875,28627.57421875,16425.204938616072,17691.122209821428,18948.191927083335,21276.829242621527,0.0220509711997125,0.04950068758143748,0.03184533740939381,0.03492472443036436,467.6904296875,27609417811.57143,45955266124.47619,38041668013.71667,33409731300.705555,0.07264162811704367,0.03358432449326143,0.011212412174846698,1.2449147422560891,1
2022-11-24,16604.46484375,16771.474609375,16501.767578125,16611.63671875,26129037414.0,-0.0003757930043709612,16610.70703125,16687.517578125,17586.771484375,20095.857421875,20260.01953125,28814.900390625,16413.340262276786,17519.430617559523,18911.564713541666,21208.993489583332,0.022042649332406808,0.04947419766722754,0.031837654257928484,0.034918634032826315,269.70703125,27360864010.42857,45140994088.04762,38087819202.083336,33357561632.816666,-0.20722303427722988,0.02184159334027025,0.014652144342765405,1.2716950895408168,1
2022-11-25,16521.841796875,16603.31640625,16388.404296875,16602.26953125,18678255976.0,-0.004975953615638518,16604.46484375,16697.77734375,17034.29296875,20770.44140625,20041.73828125,29445.95703125,16388.206612723214,17299.174014136905,18866.55087890625,21137.192849392362,0.022096583919369417,0.04789037785263104,0.031684740668123,0.034871413612569874,214.912109375,26191726491.42857,42979352565.47619,37663310163.0,33360808130.41111,-0.28515330740840283,0.03430721382904234,0.01937704858731637,1.2876864113236466,1
2022-11-26,16464.28125,16666.86328125,16416.228515625,16521.576171875,18000008764.0,-0.0034839061881034583,16521.841796875,16711.546875,16799.185546875,20285.8359375,19616.814453125,31726.390625,16352.88295200893,17069.725911458332,18822.446451822918,21052.403352864585,0.02208746376253279,0.04776373308531978,0.03168138888576228,0.03435162870352703,250.634765625,26462267244.57143,42034303096.666664,36987119648.75,33242597105.355556,-0.036312127474400824,0.026964740906925355,0.027667374638659092,1.27638975091913,1
2022-11-27,16444.626953125,16594.40625,16437.025390625,16463.8828125,20443898509.0,-0.0011937537130568554,16464.28125,16291.83203125,16353.365234375,20595.3515625,20297.994140625,31792.310546875,16374.71079799107,16856.304036458332,18772.744889322916,20967.138444010416,0.01961206372799508,0.04779120116819454,0.031588302247745254,0.034349773173054446,157.380859375,26338055795.57143,41337217634.71429,36443329645.0,33169850926.883335,0.13577158639432318,0.04170720180853138,0.01657361251045031,1.2654310173737646,1
2022-11-28,16217.322265625,16482.93359375,16054.5302734375,16440.22265625,27743025156.0,-0.013822428939733733,16444.626953125,15787.2841796875,16618.19921875,20818.4765625,19796.80859375,29799.080078125,16436.14481026786,16647.47098214286,18716.816080729168,20891.68423394097,0.015525963642157114,0.04778363006756309,0.03159631973843506,0.03406771001273871,428.4033203125,24954275743.857143,40110178249.95238,36221749334.75,33095446525.855556,0.35703203299442676,0.04670955499574925,0.020672340014517232,1.3327578571764929,1
2022-11-29,16444.982421875,16522.2578125,16139.396484375,16217.6396484375,23581685468.0,0.014038085481754337,16217.322265625,16189.76953125,16884.61328125,20635.603515625,20049.763671875,30467.48828125,16472.60379464286,16547.64769345238,18667.035970052082,20813.78142361111,0.013323999506232703,0.04333547690509806,0.03166302460945799,0.03403874097911487,382.861328125,23933540987.857143,35566807767.14286,35881856624.46667,33064880544.783333,-0.14999588778082573,0.03919259187031199,0.012001190997776634,1.3021302921638211,1
2022-11-30,17168.56640625,17190.9375,16445.4765625,16445.4765625,29523576583.0,0.044000289316970864,16444.982421875,16610.70703125,16669.439453125,20495.7734375,20127.140625,29704.390625,16552.297991071428,16608.970842633928,18631.310481770834,20744.137955729166,0.01912963192810931,0.030839444562412527,0.0322159155056848,0.03417575346872369,745.4609375,23442783981.42857,32072447051.761906,36061923939.683334,33083480706.622223,0.25197058637148984,-0.018664310434699294,-0.032966087869978566,1.1966159084791816,0
2022-12-01,16967.1328125,17197.498046875,16888.388671875,17168.001953125,22895392882.0,-0.011732697360023692,17168.56640625,16604.46484375,16687.517578125,20485.2734375,19969.771484375,29832.9140625,16604.10770089286,16579.46423921131,18596.69423828125,20672.661393229166,0.02010669774146771,0.019916393413802552,0.03220306555474592,0.0341789358788129,309.109375,22980834762.57143,29200690345.142857,36097414565.6,33118519717.31111,-0.22450476765123983,0.015697513529143947,-0.024732329462338276,1.280217313528499,1
2022-12-02,17088.66015625,17088.66015625,16877.880859375,16968.68359375,19539705127.0,0.007162515027905547,16967.1328125,16521.841796875,16697.77734375,20159.50390625,19832.087890625,29906.662109375,16685.08175223214,16582.053152901786,18554.445572916666,20601.45027126736,0.019798956720364008,0.018766950161024767,0.03195245897377327,0.03418456236170863,210.779296875,23103898927.0,27470599327.95238,35914997492.9,33131162048.9,-0.14656606996415378,0.002603608889941489,-0.02712793594619234,1.3100893616175018,1
2022-12-03,16908.236328125,17116.041015625,16888.140625,17090.09765625,16217776704.0,-0.010558102652595158,17088.66015625,16464.28125,16711.546875,20209.98828125,19986.712890625,31370.671875,16748.50390625,16587.246047247023,18497.302115885417,20521.103407118055,0.020472975556961707,0.018657944616565992,0.031575267372918554,0.033971182278029366,227.900390625,22849294347.0,26827745865.333332,35587172459.88333,33043775603.761112,-0.1700091378763825,0.01304028858901396,-0.012997548693735927,1.364432921871356,1
2022-12-04,17130.486328125,17157.767578125,16903.439453125,16908.169921875,16824520830.0,0.013144481522908036,16908.236328125,16444.626953125,16291.83203125,21147.23046875,19812.37109375,31155.478515625,16846.483816964286,16624.251813616072,18446.798274739584,20443.186783854166,0.020585464829214667,0.017774055680387132,0.03162937791961899,0.03399067360827564,254.328125,22332240392.857143,26333238110.47619,35313851297.51667,32910739752.6,0.03741228758257287,-0.0015348641157275633,-0.026305669180573865,1.4506074639180948,0
2022-12-05,16974.826171875,17378.15234375,16922.431640625,17128.89453125,22209086834.0,-0.00908673304822849,17130.486328125,16217.322265625,15787.2841796875,21282.69140625,18837.66796875,30214.35546875,16954.698660714286,16641.234049479168,18397.121321614584,20369.633843315973,0.01989024495388741,0.01764607965246239,0.031625011453329584,0.03393169007302762,455.720703125,21541677775.42857,25027468766.666668,35105479195.316666,32866112128.86111,0.3200427553573304,0.013644400583538774,-0.006573728030858206,1.5968247327643152,1
2022-12-06,17089.50390625,17091.86328125,16939.921875,16975.23828125,19889922369.0,0.006755753090715411,16974.826171875,16444.982421875,16189.76953125,20926.486328125,19290.32421875,30111.998046875,17046.77315848214,16650.990745907737,18356.165559895835,20297.286653645835,0.01963182693366684,0.0173691070400328,0.03155339402390605,0.03393881572743479,151.94140625,21014283047.0,24231777632.666668,34949855978.3,32856100560.25,-0.10442412523911515,0.04048183358160484,-0.014790808411504375,1.5598429043046114,1
2022-12-07,16848.126953125,17109.376953125,16750.55859375,17089.505859375,19675404389.0,-0.01412428087141393,17089.50390625,17168.56640625,16610.70703125,20602.81640625,19329.833984375,29083.8046875,17000.99609375,16659.499674479168,18313.358203125,20229.31066623264,0.011197780015084743,0.017425123292805524,0.03158783884919282,0.033867436939700894,358.818359375,19607401305.0,23553201032.666668,35003822332.0,32799477937.261112,-0.010785259792383206,0.05742617207193734,0.006163403039632254,1.5695832054773335,1
2022-12-08,17233.474609375,17267.916015625,16788.783203125,16847.349609375,20496603770.0,0.022871839541696026,16848.126953125,16967.1328125,16604.46484375,18541.271484375,21381.15234375,28360.810546875,17039.044921875,16685.497628348214,18276.47568359375,20167.492133246527,0.01383862970535154,0.018088187704467986,0.03174635795958009,0.03387780941833636,479.1328125,19264717146.142857,23202138639.714287,35064811352.63333,32761978100.211113,0.04173735719806149,0.007624151715088567,-0.016154402445549332,1.5628378817161686,1
2022-12-09,17133.15234375,17280.546875,17100.8359375,17232.1484375,20328426366.0,-0.005821360340788395,17233.474609375,17088.66015625,16521.841796875,15880.7802734375,21680.5390625,26762.6484375,17045.400948660714,16706.22977120536,18243.003483072916,20113.994932725695,0.013949422650356674,0.018161676008419562,0.03169718804281137,0.033634894478437795,179.7109375,19377391608.857143,22891005675.761906,34946534745.833336,32685118134.055557,-0.008205135147616671,-0.02834667894184495,-0.002451843750477356,1.5521272149868435,0
2022-12-10,17128.724609375,17216.826171875,17120.68359375,17134.220703125,12706781969.0,-0.00025843080632004245,17133.15234375,16908.236328125,16464.28125,17586.771484375,21769.255859375,22487.388671875,17076.899274553572,16726.095377604168,18210.95859375,20084.224576822915,0.013112298120897375,0.018164876936242438,0.031694374156529946,0.03148545302191448,96.142578125,18875820932.42857,22729127508.0,34679788896.816666,32376797164.77222,-0.37492544970167807,-0.019477971659220605,0.0039600191883448765,1.5559228849291102,0
2022-12-11,17104.193359375,17245.634765625,17091.8203125,17129.7109375,14122486832.0,-0.0014321702613265819,17128.724609375,17130.486328125,16444.626953125,17034.29296875,22370.44921875,22206.79296875,17073.143136160714,16764.779250372023,18176.737727864584,20055.87680121528,0.01215634262973356,0.01714756571188211,0.03168169969658339,0.03147374265503619,153.814453125,18489816075.57143,22386704088.0,34499327446.583336,32172402229.16111,0.11141332765871126,-0.020241632540083154,0.020000920370061737,1.4113286820768893,0
2022-12-12,17206.4375,17212.564453125,16899.39453125,17102.5,19617581341.0,0.005977723618808328,17104.193359375,16974.826171875,16217.322265625,16799.185546875,20296.70703125,22572.83984375,17106.23046875,16832.357979910714,18140.46328125,20026.063454861112,0.01163414110481777,0.015347188934051601,0.0316497745274352,0.03145096484738155,313.169921875,18119601005.142857,21538518174.809525,34089289802.2,31976322086.52778,0.38910247000894493,-0.04456226412352937,0.042336421143249536,1.4089950436428227,0
2022-12-13,17781.318359375,17930.0859375,17111.763671875,17206.44140625,26634741631.0,0.033410801008343594,17206.4375,17089.50390625,16444.982421875,16353.365234375,20241.08984375,20381.650390625,17205.061104910714,16908.146019345237,18117.057649739585,20011.617165798612,0.01670766987124006,0.01598011016465087,0.03194550261619329,0.030719692523150655,818.322265625,19083146614.0,21343656882.95238,33892329550.6,31951048564.177776,0.3576975248897989,-0.0492097185478747,0.061202972088749696,1.4121238549719988,0
2022-12-14,17815.650390625,18318.53125,17739.513671875,17782.06640625,25534481470.0,0.0019307922256450727,17781.318359375,16848.126953125,17168.56640625,16618.19921875,19701.2109375,20471.482421875,17343.278738839286,16965.524274553572,18096.191243489582,19996.862543402778,0.014467992950351144,0.015212836988477887,0.031939371766046325,0.030718134102836085,579.017578125,19920157625.57143,20990114304.0,34048033649.566666,31942171119.488888,-0.04130921096375173,-0.056024630731428715,0.11753283109029078,1.414953802578557,0
2022-12-15,17364.865234375,17846.744140625,17322.58984375,17813.64453125,20964448341.0,-0.02530276169357326,17815.650390625,17233.474609375,16967.1328125,16884.61328125,19772.583984375,19017.642578125,17362.048828125,17001.733816964286,18064.470768229166,19987.68044704861,0.01742434148990422,0.01644847886236777,0.032062351189563854,0.03031652211389528,524.154296875,19986992564.285713,20744181491.0,34097625844.416668,31825254517.16111,-0.17897497289573905,-0.030781893800239324,0.20797360330795467,1.4146319160310572,0
2022-12-16,16647.484375,17505.525390625,16584.701171875,17364.546875,24031608960.0,-0.04131220425223303,17364.865234375,17133.15234375,17088.66015625,16669.439453125,20127.576171875,20553.271484375,17292.66768973214,17007.716796875,18016.082877604167,19965.981629774305,0.023807393165351538,0.01896640708938691,0.03240511589675212,0.0298609874458936,920.82421875,20516018649.142857,20999103061.666668,34040276777.116665,31762485996.8,0.14630294912180353,0.008978458644746334,0.25429154085780614,1.5373273364312738,1
2022-12-17,16795.091796875,16800.58984375,16614.029296875,16646.982421875,14463581825.0,0.008866650272798315,16647.484375,17128.724609375,16908.236328125,16687.517578125,19419.505859375,20599.537109375,17245.005859375,17023.469680059523,17973.760807291666,19944.84582248264,0.024282246087697877,0.01902705609862646,0.032414266289237305,0.02986873724440633,186.560546875,20766990057.142857,20830701778.857143,33771669601.8,31671625570.288887,-0.3981434264732643,0.0031356817299323936,0.2604654424359236,1.4629019336587712,1
2022-12-18,16757.9765625,16815.38671875,16697.8203125,16795.609375,10924354698.0,-0.0022098857704312413,16795.091796875,17104.193359375,17130.486328125,16697.77734375,19544.12890625,20710.59765625,17195.546316964286,17038.391090029763,17934.0681640625,19922.88681640625,0.024278049403422142,0.01903452417428033,0.03239615942438121,0.02986547142700005,117.56640625,20310114038.0,20377390168.809525,33579985727.033333,31571370803.366665,-0.24469921557622187,0.00501312108366303,0.2627729518731985,1.5434776629226472,1
2022-12-19,16439.6796875,16807.52734375,16398.13671875,16759.041015625,17221074814.0,-0.01899375344110854,16757.9765625,17206.4375,16974.826171875,16711.546875,18890.7890625,19987.029296875,17086.00948660714,17048.979538690477,17890.50048828125,19903.17931857639,0.024628934534787827,0.019268850828384945,0.03247151493454676,0.029786985163105982,409.390625,19967755962.714287,19876344914.42857,33458770733.6,31508294588.566666,0.5763928662214515,0.029205252725517772,0.2584662014875403,1.571250057620686,1
2022-12-20,16906.3046875,17012.984375,16427.8671875,16441.787109375,22722096615.0,0.028384068842582266,16439.6796875,17781.318359375,17089.50390625,16291.83203125,18547.400390625,21085.876953125,16961.00753348214,17070.947265625,17852.731087239583,19879.95947265625,0.023318936926514773,0.020001108005789563,0.03269099218435163,0.029574780900453363,585.1171875,19408806674.714287,19835412111.904762,33296484212.75,31489039029.91111,0.31943545106301396,-0.011187001705632138,0.2472739228662384,1.582010132129887,0
2022-12-21,16817.53515625,16916.80078125,16755.912109375,16904.52734375,14882945045.0,-0.005250676176186131,16906.3046875,17815.650390625,16848.126953125,15787.2841796875,19413.55078125,21231.65625,16818.41964285714,17054.231491815477,17812.886848958333,19855.436577690973,0.02301924914619455,0.017500693191245077,0.032691293850430715,0.02957098534433299,160.888671875,17887158614.0,19138239181.52381,33276125947.55,31433067697.283333,-0.34500124274733435,-0.015755156041789564,0.3483874137136902,1.6085363839686488,0
2022-12-22,16830.341796875,16866.673828125,16592.408203125,16818.380859375,16441573050.0,0.0007615052090579333,16817.53515625,17364.865234375,17233.474609375,16189.76953125,19297.638671875,21502.337890625,16742.059151785714,17047.717633928572,17767.275748697917,19829.481043836804,0.02182618005160995,0.017323239259359018,0.032583892737998756,0.02955367221929345,274.265625,17241033572.42857,18830914427.61905,33181338926.133335,31422340110.255554,0.10472577841867592,-0.011170301962311169,0.35336675124620887,1.6142013557870452,0
2022-12-23,16796.953125,16905.21875,16794.458984375,16829.64453125,15329265213.0,-0.001983838015767403,16830.341796875,16647.484375,17133.15234375,16610.70703125,18937.01171875,21027.294921875,16763.41183035714,17033.826822916668,17724.798763020834,19805.979144965277,0.014542521154718657,0.017242554879902745,0.03256078499800795,0.02951116910956531,110.759765625,15997841608.571428,18630417288.857143,32933456082.933334,31407351747.566666,-0.06765215430527194,-0.011571574085701974,0.35265103418123633,1.6040164929465446,0
2022-12-24,16847.755859375,16864.703125,16793.52734375,16796.9765625,9744636213.0,0.003024520816182319,16796.953125,16795.091796875,17128.724609375,16604.46484375,18802.09765625,20735.478515625,16770.93526785714,17030.946800595237,17670.663736979168,19784.38068576389,0.01420413573672455,0.017107617433782946,0.03212950783379848,0.029496239441204563,71.17578125,15323706521.142857,18322172503.57143,32299841271.316666,31345012528.155556,-0.3643115910907425,-0.01782194424772121,0.3612751651943631,1.5532253403092562,0
2022-12-25,16841.986328125,16860.5546875,16755.25390625,16847.505859375,11656379938.0,-0.000342451024228807,16847.755859375,16757.9765625,17104.193359375,16521.841796875,19222.671875,20280.634765625,16782.936662946428,17017.20870535714,17605.189485677085,19765.277083333334,0.01416150377187261,0.016839324959336103,0.03178227251066265,0.029453331689912772,105.30078125,15428281555.428572,18076070556.333332,31512515094.666668,31290983888.02778,0.19618420669717818,-0.012878899541545197,0.34404982339871637,1.5895485113990948,0
2022-12-26,16919.8046875,16920.123046875,16812.369140625,16842.25,11886957804.0,0.004620497716771643,16841.986328125,16439.6796875,17206.4375,16464.28125,19110.546875,20104.0234375,16851.525948660714,17014.58863467262,17549.08896484375,19747.586979166666,0.011153736547626587,0.016762372935737468,0.03168354383968915,0.029449574848862403,107.75390625,14666264839.714285,17584540602.52381,30883545884.7,31226173985.116665,0.019781258609142593,-0.013672379123022882,0.3663195173924787,1.5130551521769746,0
2022-12-27,16717.173828125,16959.845703125,16642.072265625,16919.291015625,15748580239.0,-0.011975957353969946,16919.8046875,16906.3046875,17781.318359375,16444.626953125,19426.720703125,19784.7265625,16824.507254464286,16996.85863095238,17484.452669270835,19730.54501953125,0.0056031801928143575,0.016881728172521312,0.031619705249615854,0.029439629439003235,317.7734375,13670048214.571428,17387333834.42857,30412776956.85,31167736986.872223,0.3248621303005341,-0.0022322197898797524,0.3777913408425304,1.5986961621264997,0
2022-12-28,16552.572265625,16768.169921875,16497.556640625,16716.400390625,17005713920.0,-0.009846255365429935,16717.173828125,16817.53515625,17815.650390625,16217.322265625,19573.05078125,19269.3671875,16786.655412946428,16982.784598214286,17413.354264322916,19715.451714409723,0.00632587794265775,0.016739538491092977,0.03157944460423982,0.029385796631384426,270.61328125,13973300911.0,17260205716.857143,30023374844.766666,31091282335.544445,0.07982520722006536,0.01876844339596473,0.394268404044547,1.5753009734490617,1
2022-12-29,16642.341796875,16651.755859375,16508.68359375,16552.322265625,14472237479.0,0.0054232979508825885,16552.572265625,16830.341796875,17364.865234375,16444.982421875,19431.7890625,19242.255859375,16759.798270089286,16954.635416666668,17346.79990234375,19701.007747395834,0.006913699293759734,0.015923735566057116,0.03159095213709406,0.029388910947020928,143.072265625,13691967258.0,16973331131.571428,29739806376.816666,31071125772.983334,-0.14897795252338342,0.011680719794284089,0.38388516020471597,1.529656154018852,1
2022-12-30,16602.5859375,16643.427734375,16408.474609375,16641.330078125,15929162910.0,-0.002388838052975517,16642.341796875,16796.953125,16647.484375,17168.56640625,19312.095703125,19297.076171875,16732.03152901786,16929.37034970238,17281.913444010417,19686.03835720486,0.006919306245668042,0.01589517726164383,0.031587308993910136,0.029388297650185677,234.953125,13777666929.0,16763842395.571428,29244151311.733334,31068561000.555557,0.1006703651121037,0.021043879177330638,0.43197972266180296,1.5391768789782843,1
2022-12-31,16547.49609375,16628.986328125,16517.51953125,16603.673828125,11239186456.0,-0.0033181483870876605,16602.5859375,16847.755859375,16795.091796875,16967.1328125,19044.107421875,20231.26171875,16689.137276785714,16901.692801339286,17216.283821614583,19665.572992621528,0.006615168927725348,0.015898443291703843,0.03158564309512645,0.02916035517704593,111.466796875,13991174106.571428,16693956894.952381,28767816033.35,31011030713.044445,-0.2944270505925788,0.02463103958090329,0.38027762886142846,1.5541741941225529,1
2023-01-01,16625.080078125,16630.439453125,16521.234375,16547.9140625,9244361700.0,0.0046885633896178724,16547.49609375,16841.986328125,16757.9765625,17088.66015625,19623.580078125,20190.115234375,16658.15066964286,16878.877883184523,17157.3767578125,19645.76724175347,0.00714654441188463,0.015956168357364374,0.03155542448966565,0.029162926376588776,109.205078125,13646600072.571428,16461665222.0,27996019236.966667,30913968572.544445,-0.17748835859334555,0.028033817036360542,0.3918298795788224,1.6566688294851963,1
2023-01-02,16688.470703125,16759.34375,16572.228515625,16625.509765625,12097775227.0,0.0038129515588565255,16625.080078125,16919.8046875,16439.6796875,16908.236328125,20336.84375,20548.24609375,16625.102957589286,16854.212797619046,17098.684798177084,19624.32404513889,0.0070306760994858,0.015914210301768532,0.03155953609959079,0.02913232805176119,187.115234375,13676716847.285715,16103579216.571428,27477169654.433334,30844517636.538887,0.30866528372640367,0.03044520935521433,0.42156641871370537,1.6939537810125045,1
2023-01-03,16679.857421875,16760.447265625,16622.37109375,16688.84765625,13903079207.0,-0.000516121662866742,16688.470703125,16717.173828125,16906.3046875,17130.486328125,20160.716796875,21637.587890625,16619.772042410714,16801.762276785714,17024.228580729166,19596.78109809028,0.005465164762526496,0.013791192645524274,0.03089782816499947,0.028852535745920244,138.076171875,13413073842.714285,15497309577.333334,26641008842.05,30778340451.466667,0.14922611357259274,0.04594976608552104,0.4071985449328561,1.5688574366982446,1
2023-01-04,16863.23828125,16964.5859375,16667.763671875,16680.205078125,18421743322.0,0.010994150293785143,16679.857421875,16552.572265625,16817.53515625,16974.826171875,19955.443359375,21731.1171875,16664.152901785714,16756.409319196428,16950.571028645834,19569.737326388888,0.005063829151423657,0.014090114429743948,0.03092832809318901,0.02886372705058431,296.822265625,13615363757.285715,15158607760.761906,26317270437.266666,30603462167.211113,0.3250117508303425,0.06354996503349897,0.3905586741129059,1.6198954873408296,1
2023-01-05,16836.736328125,16884.021484375,16790.283203125,16863.47265625,13692758566.0,-0.0015715814888571655,16863.23828125,16642.341796875,16830.341796875,17089.50390625,19546.849609375,21592.20703125,16691.92354910714,16731.260323660714,16882.408528645832,19543.31804470486,0.005120001578096144,0.013087263226193881,0.030879293305661828,0.02886092115832617,93.73828125,13504009626.857143,14812336819.095238,25960771526.533333,30514860115.58889,-0.2567066902051801,0.12073905078053726,0.38577021113499366,1.6229959622565473,1
2023-01-06,16951.96875,16991.994140625,16716.421875,16836.47265625,14413662913.0,0.006844106816741524,16836.736328125,16602.5859375,16796.953125,16848.126953125,19416.568359375,20860.44921875,16741.835379464286,16745.759579613095,16821.561067708335,19521.604264322916,0.005088820701780215,0.009457426128456778,0.030862572629035877,0.02876080965998885,275.572265625,13287509627.285715,14354339388.285715,25309151704.483334,30435553758.166668,0.05264858381349491,0.1744697334196066,0.35415929289186554,1.594931359373819,1
2023-01-07,16955.078125,16975.017578125,16914.19140625,16952.1171875,7714767174.0,0.00018342264818071996,16951.96875,16547.49609375,16847.755859375,17233.474609375,19446.42578125,19970.556640625,16800.061383928572,16753.377976190477,16795.12451171875,19504.85160590278,0.00450379883171947,0.009280127427788413,0.0280952201033019,0.028588681253926565,60.826171875,12784021158.428572,14032967262.047619,23454523397.266666,30344245525.66111,-0.46476012235294595,0.23716910494182697,0.34237714549015097,1.5917366662826864,1
2023-01-08,17091.14453125,17091.14453125,16924.05078125,16954.146484375,9768827914.0,0.008025112314249405,16955.078125,16625.080078125,16841.986328125,17133.15234375,19141.484375,19323.9140625,16866.642020089286,16769.243117559523,16815.297249348958,19492.447330729166,0.004817335231104236,0.009399114762908386,0.020989795033090505,0.028495419878869083,167.09375,12858944903.285715,13977942177.095238,21902251335.733334,30255126680.63889,0.26625051588368254,0.2217320373100744,0.3611897654418532,1.7482363056709054,1
2023-01-09,17196.5546875,17389.95703125,17093.9921875,17093.9921875,18624736866.0,0.006167530562816603,17091.14453125,16688.470703125,16919.8046875,17128.724609375,19051.41796875,20212.07421875,16939.225446428572,16805.28478422619,16808.79363606771,19475.694444444445,0.004886458580008563,0.008260425704961607,0.015736964446841795,0.028288328755213584,295.96484375,13791367994.571428,14044783227.190475,20825958888.15,30175028383.533333,0.9065477486104891,0.23103919344309065,0.3339531583134159,1.6830799138090433,1
2023-01-10,17446.29296875,17484.720703125,17162.990234375,17192.94921875,15808338949.0,0.014522576515372032,17196.5546875,16679.857421875,16717.173828125,17104.193359375,19157.4453125,20569.919921875,17048.716238839286,16830.998511904763,16815.660302734374,19458.340961371527,0.005659028321003972,0.006407693763771009,0.015306752633077613,0.028277885272119253,321.73046875,14063547957.714285,13715556671.666666,20158237595.833332,30089748359.177776,-0.1512181319533924,0.21295220532836145,0.25064041407435456,1.6726467007787962,1
2023-01-11,17934.896484375,17934.896484375,17337.994140625,17446.359375,18372283782.0,0.02800615102017323,17446.29296875,16863.23828125,16552.572265625,17206.4375,19382.904296875,20836.328125,17201.81026785714,16884.206194196428,16834.588818359374,19442.22189670139,0.009956132761959842,0.008438963213991115,0.015592961002355231,0.028340121908368265,596.90234375,14056482309.142857,13881715659.142857,19969147335.216667,30047896739.305557,0.16218938885809941,0.15354896349829517,0.20720984437309986,1.5853835274653867,1
2023-01-12,18869.587890625,19030.087890625,17995.203125,18117.59375,34971338710.0,0.052115795988246116,17934.896484375,16836.736328125,16642.341796875,17781.318359375,19185.65625,21190.31640625,17492.217633928572,16981.313151041668,16876.52586263021,19429.328960503473,0.017994528121879173,0.01359350059143292,0.016500421257705383,0.02858064291848132,1034.884765625,17096279472.571428,14764085452.47619,20098516585.683334,30107165542.93889,0.9034834822365798,0.11750151041860213,0.15905419486485628,1.2710176935046253,1
2023-01-13,19909.57421875,19964.322265625,18753.1640625,18868.90625,29225029694.0,0.05511441660269112,18869.587890625,16951.96875,16602.5859375,17815.650390625,19067.634765625,20779.34375,17914.73270089286,17129.533203125,16931.38211263021,19424.496907552082,0.022370982097857033,0.01723461710933083,0.017763709750496303,0.028839953999868738,1211.158203125,19212189012.714287,15425788523.0,19758429696.35,30142150140.77778,-0.16431481401530823,0.13897728224741113,0.09435806540155878,1.1518482686662805,1
2023-01-14,20976.298828125,21075.142578125,19907.828125,19910.537109375,38967784639.0,0.05357847423830919,19909.57421875,16955.078125,16547.49609375,17364.865234375,19268.09375,22485.689453125,18489.192801339286,17326.13048735119,16999.57687174479,19416.11140407986,0.02221896678111877,0.019804921771609498,0.018852471686680385,0.028462972092283212,1167.314453125,23676905793.42857,16817367019.47619,19797902170.616665,30136557413.427776,0.33337023253735887,0.08587435689368528,0.03965440906380113,0.9925473923554906,1
2023-01-15,20880.798828125,20993.748046875,20606.986328125,20977.484375,19298407543.0,-0.004552757413617381,20976.298828125,17091.14453125,16625.080078125,16647.484375,19550.7578125,23389.43359375,19030.57198660714,17518.454892113095,17069.766194661457,19402.174544270834,0.02475733042296169,0.01994284308950066,0.01876010497728564,0.02830514606022752,386.76171875,25038274311.857143,17181273095.904762,19554117079.85,29972852995.905556,-0.5047599517965504,0.08810090086314903,0.06417407065720604,1.0359359380800748,1
2023-01-16,21169.6328125,21360.875,20715.74609375,20882.224609375,26792494050.0,0.013832516023570829,20880.798828125,17196.5546875,16688.470703125,16795.091796875,19334.416015625,23231.732421875,19598.15457589286,17720.827659970237,17144.468115234376,19390.71843532986,0.023712215353766334,0.01990896567515639,0.018799454741565805,0.028320222804855463,645.12890625,26205096766.714287,17891060536.190475,19536176746.983334,29883186023.255554,0.388326678784348,0.08336464046192349,0.1482410683345432,1.03853064881779,1
2023-01-17,21161.51953125,21438.66015625,20978.533203125,21175.833984375,24999983362.0,-0.00038325091993141047,21169.6328125,17446.29296875,16679.857421875,16757.9765625,19139.53515625,23164.62890625,20128.901227678572,17932.46316964286,17218.863818359376,19379.590049913193,0.025937783733579797,0.019396748087083027,0.01880307219454462,0.028319466026574664,460.126953125,27518188825.714287,18331603542.04762,19505139492.866665,29835235863.02222,-0.06690346500235578,0.06969958922712927,0.11634112921283091,1.019829071377901,1
2023-01-18,20688.78125,21564.501953125,20541.544921875,21161.05078125,30005625418.0,-0.022339524368838015,21161.51953125,17934.896484375,16863.23828125,16439.6796875,19053.740234375,22714.978515625,20522.313337053572,18129.42550223214,17285.15105794271,19368.3333984375,0.03223144968334399,0.020255593540829515,0.019107390428585298,0.028331462011413913,1022.95703125,29180094773.714287,18950646946.714287,19736796191.633335,29827369583.97778,0.20022581549428464,0.11741040207479592,0.18738756361010878,0.9944170753775068,1
2023-01-19,21086.79296875,21163.01171875,20685.380859375,20686.74609375,21152848261.0,0.019238045679950355,20688.78125,18869.587890625,16836.736328125,16906.3046875,19172.46875,22465.478515625,20839.05691964286,18341.06603422619,17365.06707356771,19360.674034288193,0.02920366377241342,0.020294201199768953,0.018827970748502624,0.028356223844301337,477.630859375,27206024709.57143,19268771269.666668,19734120685.116665,29811430967.822224,-0.2950372483050905,0.09228451087293799,0.1685644839529481,0.9736716869026618,1
2023-01-20,22676.552734375,22692.357421875,20919.126953125,21085.373046875,28799154319.0,0.07539125404137925,21086.79296875,19909.57421875,16951.96875,16817.53515625,19208.189453125,22609.1640625,21234.33956473214,18630.302548363095,17479.888216145835,19361.04841579861,0.03425725746150064,0.02432498795636257,0.02037696424194802,0.02890347324721459,1773.23046875,27145185370.285713,19881628003.42857,19590281831.8,29840506851.244446,0.3614787930048018,0.017735313914815087,0.0728104427110361,0.8373862387972157,1
2023-01-21,22777.625,23282.34765625,22511.833984375,22677.427734375,32442278429.0,0.004457126566322689,22676.552734375,20976.298828125,16955.078125,16830.341796875,19567.0078125,21361.701171875,21491.671875,18926.97535342262,17589.685807291666,19368.914659288195,0.030922616416245316,0.024086552516473014,0.020220679265913824,0.028602670168127464,770.513671875,26212970197.42857,20891299049.761906,19618872659.616665,29823105279.15,0.12650107949859057,0.011127799485240342,0.0900674867331428,0.8239735335115053,1
2023-01-22,22720.416015625,23056.73046875,22387.900390625,22777.986328125,24746386230.0,-0.002511630794474806,22777.625,20880.798828125,17091.14453125,16796.953125,19345.572265625,21239.75390625,21754.47433035714,19217.229445684523,17691.514290364583,19377.140559895834,0.030747057618915028,0.024299947944591165,0.020074879548206394,0.028599617917233023,668.830078125,26991252867.0,21629490694.04762,19481997836.316666,29801559236.788887,-0.237217993669664,0.046396614828709604,0.07552403524741513,0.7388487587696673,1
2023-01-23,22934.431640625,23126.486328125,22654.3046875,22721.087890625,26518700512.0,0.009419529327844067,22720.416015625,21169.6328125,17196.5546875,16847.755859375,20095.857421875,22930.548828125,22006.588448660714,19514.656156994046,17797.013736979166,19377.162131076388,0.030761051191788433,0.024198508317831505,0.020066708990653576,0.027990989605053265,472.181640625,26952139504.42857,22316201421.904762,19488492221.283333,29772446710.56111,0.07161911503067975,-0.00411141510840729,0.054695583000757386,0.7373681373760064,0
2023-01-24,22636.46875,23134.01171875,22549.744140625,22929.626953125,26405069715.0,-0.012991945703908492,22934.431640625,21161.51953125,17446.29296875,16841.986328125,20770.44140625,23843.88671875,22217.295479910714,19798.30431547619,17898.924186197917,19370.45425347222,0.03194623223982202,0.024758666670207003,0.02016470075359122,0.027851802184522368,584.267578125,27152866126.285713,22911534303.238094,19617272450.266666,29695739396.988888,-0.004284930815089516,0.02221258353845501,0.05791642910292705,0.7704649369725567,1
2023-01-25,23117.859375,23722.099609375,22406.076171875,22639.267578125,30685366709.0,0.021266153759075257,22636.46875,20688.78125,17934.896484375,16919.8046875,20285.8359375,23804.6328125,22564.306640625,20096.143415178572,18009.817154947916,19366.63884548611,0.02864890081150685,0.024778472155462732,0.020231726255846797,0.02789608570690671,1316.0234375,27249972025.0,23495516369.285713,19828695082.683334,29666840046.783333,0.16210133281975314,0.02620961337385941,0.003472102534363586,0.7274007920013139,1
2023-01-26,23032.77734375,23237.078125,22911.373046875,23108.955078125,26357839322.0,-0.003680359408276712,23117.859375,21086.79296875,18869.587890625,16717.173828125,20595.3515625,23656.20703125,22842.30440848214,20391.19298735119,18119.619661458335,19363.175347222223,0.02955561746986467,0.024854929162196095,0.020248980951221723,0.027893427520752554,325.705078125,27993542176.57143,24098615452.904762,19927260762.9,29656893496.9,-0.14102902624692237,0.019063864658907415,0.006191075184803774,0.8155375042123225,1
2023-01-27,23078.728515625,23417.720703125,22654.59375,23030.716796875,25383335641.0,0.0019950339114214177,23032.77734375,22676.552734375,19909.57421875,16552.572265625,20818.4765625,23336.896484375,22899.75809151786,20682.943452380954,18233.976432291667,19361.741080729167,0.010858314650824437,0.024959904215527958,0.020091153509268888,0.027874682114329256,763.126953125,27505568079.714287,24620980820.904762,19887932604.316666,29667058739.927776,-0.03697206243254603,0.016057806206658976,0.020906020653319146,0.8250595850193152,1
2023-01-28,23031.08984375,23165.896484375,22908.845703125,23079.96484375,14712928379.0,-0.0020641809553220147,23078.728515625,22777.625,20976.298828125,16642.341796875,20635.603515625,23314.19921875,22935.967354910714,20972.27734375,18343.744889322916,19360.168250868057,0.010948285787973366,0.025031727777061467,0.020090762226828308,0.027875085963273517,257.05078125,24972803786.857143,24954226592.57143,19740119986.166668,29605190791.25,-0.420370569609646,0.01305877466244243,0.021352930032247475,0.8251673731109732,1
2023-01-29,23774.56640625,23919.890625,22985.0703125,23031.44921875,27423687259.0,0.03228143207915801,23031.08984375,22720.416015625,20880.798828125,16602.5859375,20495.7734375,22978.1171875,23086.56026785714,21290.53552827381,18453.844889322918,19364.59296875,0.015643878150889773,0.025253355428150676,0.01976770255394883,0.027954324060591444,934.8203125,25355275362.42857,25794934180.42857,19705121830.766666,29599826549.816666,0.8639176751612732,-0.034444388033496254,-0.02638167527043167,0.8207796244969636,0
2023-01-30,22840.138671875,23789.34765625,22657.58203125,23774.6484375,27205595568.0,-0.03930367092328346,23774.56640625,22934.431640625,21169.6328125,16547.49609375,20485.2734375,22846.5078125,23073.08984375,21559.27762276786,18551.7283203125,19364.557584635415,0.023197716496124156,0.027955674751214642,0.02048554242750123,0.02810827465549511,1131.765625,25453403227.57143,26203546499.57143,19776958542.2,29604923358.716667,-0.007952675690189204,-0.0035038883968575574,0.035306795679310055,0.8805756826639233,0
2023-01-31,23139.283203125,23225.021484375,22765.568359375,22840.796875,22837828665.0,0.013097316769725253,22840.138671875,22636.46875,21161.51953125,16625.080078125,20159.50390625,22630.95703125,23144.920479910714,21830.372395833332,18652.572037760416,19367.38161892361,0.022923548763968047,0.027955998815203668,0.020509644267684986,0.028114414868979344,459.453125,24943797363.285713,26538284105.095238,19831927267.833332,29592243352.583332,-0.16054663799154212,0.005402406435957241,0.014528695240853429,0.8402733176712729,1
2023-02-01,23723.76953125,23764.5390625,22877.75,23137.8359375,26683255504.0,0.025259482888651652,23139.283203125,23117.859375,20688.78125,16688.470703125,20209.98828125,23289.314453125,23231.479073660714,22106.033017113095,18766.1642578125,19369.79525824653,0.023485923458429182,0.027893072391143213,0.02056238705745459,0.028094107197728854,886.7890625,24372067191.142857,26934044663.285713,20006351914.5,29580032277.366665,0.16837970436713579,-0.0330626670739147,-0.05737241048295938,0.815722133902822,0
2023-02-02,23471.87109375,24167.2109375,23468.595703125,23720.82421875,32066936882.0,-0.01061797692681965,23723.76953125,23032.77734375,21086.79296875,16679.857421875,21147.23046875,22961.279296875,23294.20675223214,22325.189360119046,18871.85400390625,19372.63187934028,0.024001842451927276,0.026923717592297704,0.020648462388313013,0.028085237423129964,698.615234375,25187652556.857143,26795739814.333332,20260392182.033333,29669413816.238888,0.201762538952301,-0.07041756597283422,-0.047653699183480724,0.8398984555815563,0
2023-02-03,23449.322265625,23678.103515625,23279.955078125,23469.412109375,27083066007.0,-0.0009606745041729203,23471.87109375,23078.728515625,22676.552734375,16863.23828125,21282.69140625,23175.890625,23347.14871651786,22493.74879092262,18979.762272135416,19374.150944010416,0.024047390248199428,0.02502085487408275,0.02057790172572146,0.02807764822769792,398.1484375,25430471180.57143,26693741543.52381,20341625168.25,29731615199.372223,-0.1554208589781949,-0.07668190370307382,-0.04323402537036947,0.8334111968354629,0
2023-02-04,23331.84765625,23556.94921875,23291.794921875,23446.3203125,15639298538.0,-0.005009723012217249,23449.322265625,23031.08984375,22777.625,16836.736328125,20926.486328125,23809.486328125,23390.114118303572,22605.917782738095,19083.801334635416,19371.497395833332,0.024166602140756756,0.022872158503181313,0.0206227532627808,0.028008108175701603,265.154296875,25562809774.714287,25582861253.0,20270781437.733334,29659747164.322224,-0.422543277265661,-0.06261710078749994,-0.0386634550782502,0.8251268677319241,0
2023-02-05,22955.666015625,23423.435546875,22841.759765625,23332.248046875,19564262605.0,-0.01612309690031044,23331.84765625,23774.56640625,22720.416015625,16951.96875,20602.81640625,23164.318359375,23273.128348214286,22704.72098214286,19185.59365234375,19370.338216145832,0.020781542543585677,0.02325810125330224,0.02065642755222804,0.02796007684427527,581.67578125,24440034824.142857,25595521017.857143,20268929074.666668,29637572405.355556,0.25096803782236243,-0.05085728681669943,-0.032057291819549194,0.8583067003899585,0
2023-02-06,22760.109375,23119.279296875,22692.025390625,22954.021484375,23825006542.0,-0.008518883333286542,22955.666015625,22840.138671875,22934.431640625,16955.078125,18541.271484375,23947.642578125,23261.69559151786,22780.457961309523,19277.704231770833,19363.740809461804,0.014604159490430601,0.023334132923572427,0.020603220577806496,0.02785480771333338,427.25390625,23957093534.714287,25454212088.904762,20324402454.2,29587503376.577778,0.21778198458198417,-0.041827910262403956,-0.04578314100808223,0.8929905460966179,0
2023-02-07,23264.291015625,23310.974609375,22756.2578125,22757.267578125,27187964471.0,0.022151986720186922,22760.109375,23139.283203125,22636.46875,17091.14453125,15880.7802734375,23957.529296875,23279.553850446428,22880.589936755954,19379.889876302084,19359.889485677082,0.016302255705704892,0.02365251057129591,0.020673985400378788,0.02790321701222928,554.716796875,24578541507.0,25558401665.52381,20438728089.283333,29532286309.305557,0.1411524451450452,-0.04485356237265792,-0.12470913166025221,0.9049891796180054,0
2023-02-08,22939.3984375,23367.958984375,22731.09765625,23263.416015625,25371367758.0,-0.013965290320121615,23264.291015625,23723.76953125,23117.859375,17196.5546875,17586.771484375,24402.818359375,23167.500837053572,22987.762183779763,19476.734440104166,19351.759375,0.012916680394073633,0.023239361647414008,0.0208119201076975,0.027889064948269537,636.861328125,24391128971.857143,25337722729.333332,20649804519.1,29521761659.694443,-0.06681620887572037,0.05965471863193894,-0.11997499866325778,0.974836721620111,1
2023-02-09,21819.0390625,22996.4375,21773.974609375,22946.56640625,32572572185.0,-0.04883996317743455,22939.3984375,23471.87109375,23032.77734375,17446.29296875,17034.29296875,24424.068359375,22931.381975446428,23022.631045386905,19555.315201822916,19337.28699001736,0.021229248583367055,0.02578893604897086,0.02193342395519623,0.028126008299966164,1222.462890625,24463362586.57143,25881519106.666668,20957305941.65,29575012914.672222,0.28383193589274835,0.0827000465834562,-0.05438502139580648,1.1608283977904903,1
2023-02-10,21651.18359375,21941.185546875,21539.392578125,21819.005859375,27078406594.0,-0.007693073387383564,21819.0390625,23449.322265625,23078.728515625,17934.896484375,16799.185546875,24319.333984375,22674.505022321428,22973.80394345238,19629.394303385416,19322.463932291666,0.020891740507350764,0.019583558605282828,0.021986636748286614,0.028129899723180068,401.79296875,24462696956.142857,25799578738.809525,21081653029.2,29597703320.444443,-0.16867460020643132,0.13460778973724552,0.023683029741986994,1.20640488945556,1
2023-02-11,21870.875,21891.41015625,21618.44921875,21651.841796875,16356226232.0,0.010146854341645195,21651.18359375,23331.84765625,23031.08984375,18869.587890625,16353.365234375,24136.97265625,22465.79464285714,22930.62537202381,19697.553580729167,19309.874500868056,0.022366640081365716,0.01971651126641584,0.021663223526123748,0.028135228906493386,272.9609375,24565115198.142857,25033576253.238094,20910344439.216667,29493440679.038887,-0.3959679209623733,0.12667085078900597,0.10638157838335238,1.2081383560900054,1
2023-02-12,21788.203125,22060.994140625,21682.828125,21870.90234375,17821046406.0,-0.003779998514005456,21870.875,22955.666015625,23774.56640625,19909.57421875,16618.19921875,23883.291015625,22299.014229910714,22886.234281994046,19763.76279296875,19298.235123697916,0.022195291426217074,0.019720916666645154,0.02168359239915722,0.028125851565256682,378.166015625,24316084312.57143,24703798166.38095,20781787188.15,29438259349.927776,0.08955734368201429,0.11655111890393677,0.13575562320493106,1.292902373345668,1
2023-02-13,21808.1015625,21898.4140625,21460.087890625,21787.0,23918742607.0,0.0009132665684197239,21788.203125,22760.109375,22840.138671875,20976.298828125,16884.61328125,23335.998046875,22163.013113839286,22832.599516369046,19837.816731770832,19289.746809895834,0.022388342021802468,0.019565560749221153,0.021353164038090643,0.028073944445576413,438.326171875,24329475179.0,24579990647.095238,20831025425.916668,29399298902.877777,0.3421626352393665,0.13852865029731998,0.11774795562285667,1.280915707572838,1
2023-02-14,22220.8046875,22293.140625,21632.39453125,21801.822265625,26792596581.0,0.018924303145655852,21808.1015625,23264.291015625,23139.283203125,20880.798828125,16669.439453125,23212.73828125,22013.94363839286,22812.805989583332,19930.705403645832,19284.236067708334,0.021738930264172056,0.01992260999527462,0.020587751825968306,0.028106352849398435,660.74609375,24272994051.857143,24598444307.38095,20877041886.266666,29416215477.511112,0.12015071282045331,0.09970605742155358,0.1274474266268626,1.3323500674867268,1
2023-02-15,24307.841796875,24307.841796875,22082.76953125,22220.5859375,32483312909.0,0.09392266116037784,22220.8046875,22939.3984375,23723.76953125,21169.6328125,16687.517578125,20877.552734375,22209.435546875,22869.471819196428,20055.917903645834,19303.293229166666,0.04313633173210057,0.02842228548662079,0.023568924508286127,0.02794989933999151,2225.072265625,25288986216.285713,24684060793.095238,21177370737.666668,29371624936.672222,0.21239883602903853,-0.004895459163729576,0.12819270080265222,1.136699552412637,0
2023-02-16,23623.474609375,25134.1171875,23602.5234375,24307.349609375,39316664596.0,-0.028154173176657027,24307.841796875,21819.0390625,23471.87109375,21161.51953125,16697.77734375,21166.060546875,22467.212053571428,22897.600260416668,20170.34287109375,19316.94552951389,0.03901877779030291,0.029191283623487628,0.02396510464261711,0.02801934714787147,1531.59375,26252427989.285713,25301147710.904762,21650575902.633335,29436741567.761112,0.21036498666694547,0.013715915354653774,0.14148656589020825,1.207981848034335,1
2023-02-17,24565.6015625,24924.041015625,23460.755859375,23621.283203125,41358451255.0,0.03988096453648349,23623.474609375,21651.18359375,23449.322265625,20688.78125,16711.546875,21534.12109375,22883.557477678572,22968.403738839286,20305.77490234375,19333.787087673612,0.0391518207396673,0.03036389706764467,0.024128529537681593,0.028142706542755976,1463.28515625,28292434369.42857,26061867502.04762,22052865509.983334,29538164587.383335,0.05193183806359114,-0.05566623743757548,0.14137957134547574,1.103062526773814,0
2023-02-18,24641.27734375,24798.8359375,24468.373046875,24565.296875,19625427158.0,0.0030805588480080637,24565.6015625,21870.875,23331.84765625,21086.79296875,16291.83203125,21398.908203125,23279.329241071428,23045.07933407738,20434.69111328125,19351.80024956597,0.0395027291248079,0.03033829013974625,0.023968970496377397,0.028137588892730124,330.462890625,28759463073.142857,26295796015.333332,22001254352.366665,29471269745.16111,-0.5254796404972394,-0.05948970596371339,0.1268586421380411,1.1152534484264605,0
2023-02-19,24327.642578125,25093.0546875,24327.642578125,24640.02734375,25555105670.0,-0.012728023845912761,24641.27734375,21788.203125,22955.666015625,22676.552734375,15787.2841796875,21528.087890625,23642.106305803572,23071.41629464286,20559.8595703125,19367.353331163195,0.040451821051257386,0.029799689569983447,0.02405079333114199,0.028154254364104608,765.412109375,29864328682.285713,26206815939.666668,22179123696.116665,29436140995.22222,0.3021426471006956,-0.03150447829207914,0.1581811232127035,1.1284078128395771,0
2023-02-20,24829.1484375,25020.458984375,23927.91015625,24336.623046875,28987376573.0,0.020614650916729094,24327.642578125,21808.1015625,22760.109375,22777.625,16189.76953125,21395.01953125,24073.684430803572,23166.131045386905,20693.173014322918,19386.431825086805,0.039863773182479655,0.028538443119779988,0.02410771073398109,0.02818648692610277,1092.548828125,30588419248.857143,26291662654.190475,22388220421.5,29419613901.916668,0.1343086171241803,-0.05261063813920819,0.09981369553363284,1.1057860736388778,0
2023-02-21,24436.353515625,25126.8515625,24200.36328125,24833.048828125,31252098714.0,-0.01581991113645098,24829.1484375,22220.8046875,23264.291015625,22720.416015625,16610.70703125,21600.904296875,24390.19140625,23227.896298363095,20820.496354166666,19402.184320746528,0.042031565887727544,0.028792392108215735,0.024258668613204436,0.028207927655000086,926.48828125,31225490982.142857,26692342180.333332,22653600979.85,29420855119.255554,0.07812787525965526,-0.05274927779939809,0.15950084934451447,1.121395880705081,0
2023-02-22,24188.84375,24472.33984375,23644.318359375,24437.41796875,30199996781.0,-0.01012875204423358,24436.353515625,24307.841796875,22939.3984375,22934.431640625,16604.46484375,20260.01953125,24373.19168526786,23250.04268973214,20942.847819010418,19424.011121961805,0.02356180874959174,0.02845717534668647,0.024350326017224762,0.027821217531861748,828.021484375,30899302963.857143,26859806050.666668,22994523655.983334,29353484048.238888,-0.033665000953318036,-0.022419135629415887,0.1366101431057447,1.1210179860808767,0
2023-02-23,23947.4921875,24572.08984375,23693.919921875,24190.71875,30476264066.0,-0.00997780485063493,24188.84375,23623.474609375,21819.0390625,22636.46875,16521.841796875,20041.73828125,24419.479910714286,23272.691313244046,21061.272916666665,19445.709754774307,0.020846891486781986,0.028444110136382064,0.0244267337348895,0.02781933876841623,878.169921875,29636388602.42857,26784059726.095238,23308188391.45,29355481460.961113,0.009147924319442557,-0.019710848506775402,0.1481246894654613,1.118466051540496,0
2023-02-24,23198.126953125,24103.705078125,23007.072265625,23946.0078125,26811744928.0,-0.03129201289670536,23947.4921875,24565.6015625,21651.18359375,23117.859375,16464.28125,19616.814453125,24224.126395089286,23260.729631696428,21165.91162109375,19465.605935329862,0.01620717121061751,0.029322776550654,0.024900742131827896,0.027875199646423845,1096.6328125,27558287698.57143,26771139674.714287,23556934843.516666,29369064429.5,-0.12024174387201936,-0.03601356554833657,0.20674958520105458,1.2230717879381596,0
2023-02-25,23175.375,23210.2109375,22861.55859375,23200.125,16100721565.0,-0.0009807668166905703,23198.126953125,24641.27734375,21870.875,23032.77734375,16444.626953125,20297.994140625,24014.711774553572,23253.27855282738,21273.548307291665,19481.59138454861,0.015810741636545195,0.02930231668181516,0.02480970708175865,0.02776298728180693,348.65234375,27054758328.142857,26793112199.809525,23562803865.616665,29277191471.094444,-0.399489976939706,-0.03546977732291279,0.17106578305097542,1.2322503209225308,0
2023-02-26,23561.212890625,23654.3671875,23084.220703125,23174.150390625,16644534842.0,0.016648614774302573,23175.375,24327.642578125,21788.203125,23078.728515625,16217.322265625,19796.80859375,23905.221819196428,23282.114118303572,21390.358984375,19502.504741753473,0.01824824509057121,0.0292690082704443,0.02476306437865908,0.027719204722517474,570.146484375,25781819638.42857,26654077544.42857,23556784214.316666,29178086885.31111,0.03377570842428268,-0.04777764302609033,0.15733137279299325,1.314074517167342,0
2023-02-27,23522.87109375,23857.890625,23205.87890625,23561.451171875,22660763494.0,-0.0016273269569350157,23561.212890625,24829.1484375,21808.1015625,23031.08984375,16444.982421875,20049.763671875,23718.610770089286,23318.436104910714,21505.03447265625,19521.799782986112,0.014767132859211801,0.029187951842876883,0.02478351594461166,0.027706826696203193,652.01171875,24878017770.0,26598637399.285713,23693259647.9,29119395388.766666,0.3614536969107087,-0.04647023217928692,0.20514376384021205,1.4268028705440434,0
2023-02-28,23147.353515625,23585.384765625,23077.650390625,23521.837890625,20535363434.0,-0.01596393470118429,23522.87109375,24436.353515625,22220.8046875,23774.56640625,17168.56640625,20127.140625,23534.467912946428,23312.867652529763,21614.113932291668,19538.578743489583,0.014780593614425859,0.02905477254963762,0.024923697244670917,0.027735868634738186,507.734375,23347055587.142857,26281846873.714287,23770029656.633335,29065802791.122223,-0.09379207635977282,-0.040073003756082026,0.21109147449952315,1.7002995837216472,0
2023-03-01,23646.55078125,23880.6328125,23088.626953125,23150.9296875,24662841200.0,0.02156606219747892,23147.353515625,24188.84375,24307.841796875,22840.138671875,16967.1328125,19969.771484375,23456.997488839286,23346.541573660714,21732.431510416667,19559.00529513889,0.018315094748953032,0.02922565665259004,0.02497549190509961,0.027769169209165518,792.005859375,22556033361.285713,26248107513.809525,23993757235.7,29041018581.52222,0.2009936556158638,-0.08155399580111855,0.20433989034804068,1.5880469155368688,0
2023-03-02,23475.466796875,23739.138671875,23245.021484375,23647.01953125,20386398516.0,-0.007235050302163204,23646.55078125,23947.4921875,23623.474609375,23139.283203125,17088.66015625,19832.087890625,23389.565290178572,23425.419084821428,21846.604622395833,19579.2462890625,0.018171951235525004,0.026938786960299003,0.025035632476143436,0.027769743811646486,494.1171875,21114623997.0,25667813529.57143,24179457849.3,29023092731.85,-0.17339618940578505,-0.13258289342788798,0.210243672770418,1.6598249718643276,0
2023-03-03,22362.6796875,23479.34765625,22213.23828125,23476.6328125,26062404610.0,-0.047402129167592566,23475.466796875,23198.126953125,24565.6015625,23723.76953125,16908.236328125,19986.712890625,23270.215680803572,23459.299851190477,21941.174772135415,19592.446104600695,0.022822106274476762,0.029095018139959305,0.025969510755241534,0.028001674095099686,1266.109375,21007575380.142857,25619432482.714287,24412201672.35,29027629081.616665,0.27842122724841567,-0.09727973468631301,0.26099863646987176,1.7738110335195043,0
2023-03-04,22353.349609375,22405.177734375,22198.98046875,22362.923828125,11166012913.0,-0.0004172164631153219,22362.6796875,23175.375,24641.27734375,23471.87109375,17130.486328125,19812.37109375,23152.78348214286,23482.274832589286,22035.732975260416,19606.56265190972,0.022839631593408877,0.02903718185638218,0.025969143935301055,0.027992376188808336,206.197265625,20302617001.285713,25372279467.52381,24366583900.783333,28929587708.77222,-0.5715662817729541,-0.07698798986274691,0.24322399947924467,1.825857072769872,0
2023-03-05,22435.513671875,22613.685546875,22307.142578125,22354.14453125,13317001733.0,0.0036756935285233716,22353.349609375,23561.212890625,24327.642578125,23449.322265625,16974.826171875,18837.66796875,22991.969308035714,23513.099144345237,22128.604231770834,19626.55068359375,0.02127034116244928,0.029015858348600043,0.02595873308265374,0.027738284948705172,306.54296875,19827255128.57143,25157801149.761906,24281504874.3,28762437835.566666,0.19263714243924235,-0.012104222666648012,0.2555134799102601,2.0456362649792377,0
2023-03-06,22429.7578125,22584.29296875,22331.314453125,22436.81640625,17353192895.0,-0.00025655126328649747,22435.513671875,23522.87109375,24829.1484375,23331.84765625,17089.50390625,19290.32421875,22835.81026785714,23542.701822916668,22221.821256510415,19643.991981336807,0.02133182059663438,0.029018739803668675,0.025953563857779617,0.027686404099321087,252.978515625,19069030757.285713,24845155925.38095,24342512113.116665,28663068034.238888,0.3030855775889987,0.07881384210220177,0.2562768002468818,1.8444889932424453,1
2023-03-07,22219.76953125,22527.41796875,22011.26171875,22428.322265625,22765452204.0,-0.00936203961743065,22429.7578125,23147.353515625,24436.353515625,22955.666015625,16848.126953125,19329.833984375,22703.298270089286,23542.652529761905,22309.617936197916,19660.047178819445,0.020990806763926048,0.028836637520985718,0.026019527700222634,0.0276975619584109,516.15625,19387614867.285713,24653387145.52381,24481708601.3,28610684558.427776,0.3118883851374372,0.11369625971804043,0.26212563031126734,1.9751345797951254,1
2023-03-08,21718.080078125,22268.896484375,21708.05078125,22216.44140625,22536575684.0,-0.022578517406286358,22219.76953125,23646.55078125,24188.84375,22760.109375,17233.474609375,21381.15234375,22427.80245535714,23419.330543154763,22389.001302083332,19661.918999565973,0.0178542734650422,0.01970062351194007,0.026253551717817028,0.026612769973259905,560.845703125,19083862650.714287,24179732991.95238,24728738743.133335,28466612600.166668,-0.010053677737171696,0.12238102308371568,0.2858346260140938,2.0815562026778345,1
2023-03-09,20363.021484375,21802.716796875,20210.306640625,21720.080078125,30364664171.0,-0.06239311158608585,21718.080078125,23475.466796875,23947.4921875,23264.291015625,17133.15234375,21680.5390625,21983.167410714286,23264.070870535714,22443.532584635417,19654.59945746528,0.025824620609210987,0.022861589927344047,0.02762972176250067,0.027001661898513593,1592.41015625,20509329172.857143,23753447257.42857,25072002680.75,28430228851.705555,0.34735039594136774,0.23030804056871235,0.37247779968802597,2.3541237385821248,1
2023-03-10,20187.244140625,20370.595703125,19628.25390625,20367.001953125,39578257695.0,-0.008632183779056501,20363.021484375,22362.6796875,23198.126953125,22939.3984375,17128.724609375,21769.255859375,21672.39090401786,23055.577659970237,22493.377408854165,19645.81050347222,0.022916740132405036,0.020206057756434363,0.027669662712445173,0.027007594970684345,742.341796875,22440165327.857143,23668676135.52381,25421228027.9,28458474994.66111,0.3034314317495239,0.3584781308664031,0.4035125638686017,2.3931765195553467,1
2023-03-11,20632.41015625,20792.525390625,20068.66015625,20187.876953125,30180288176.0,0.022051846825845045,20187.244140625,22353.349609375,23175.375,21819.0390625,17104.193359375,22370.44921875,21426.542410714286,22864.679222470237,22546.479361979167,19636.154730902777,0.026478893221327418,0.0211787944502864,0.027739574467867636,0.026978916253280423,723.865234375,25156490365.42857,24171288564.95238,25660760515.016666,28347187212.5,-0.23745283563069186,0.30696698553568913,0.4372039060966164,2.3452121463178854,1
2023-03-12,22163.94921875,22185.03125,20448.806640625,20628.029296875,29279035521.0,0.07422977009964415,20632.41015625,22435.513671875,23561.212890625,21651.18359375,17206.4375,20296.70703125,21387.747488839286,22761.64620535714,22616.96357421875,19646.528298611112,0.041941186332649316,0.027735564073163452,0.029051788568909574,0.026644435911869185,1736.224609375,27436780906.57143,24348618557.857143,25842539710.666668,28226008984.16111,-0.029862294546169843,0.2650577523219628,0.36415483970573703,2.2541089829327645,1
2023-03-13,24197.533203125,24550.837890625,21918.19921875,22156.40625,49466362688.0,0.09175187888693825,22163.94921875,22429.7578125,23522.87109375,21870.875,17781.318359375,20241.08984375,21640.28683035714,22731.569289434523,22705.762662760415,19668.508539496528,0.05468975516698825,0.034435063258217546,0.030576381563793366,0.027490816786878005,2632.638671875,32024376591.285713,25323808372.857143,26084123443.633335,28290419994.155556,0.6894806064400893,0.14752343121235967,0.2455423650573887,1.954073395104114,1
2023-03-14,24746.07421875,26514.716796875,24081.18359375,24201.765625,54622230164.0,0.022669294883089997,24197.533203125,22219.76953125,23147.353515625,21788.203125,17815.650390625,19701.2109375,22001.1875,22746.317894345237,22786.37099609375,19696.535557725696,0.05392428306897312,0.03461242548818495,0.029948390884116716,0.02745561381664331,2433.533203125,36575344871.28571,26436671775.238094,26507410118.133335,28391715653.383335,0.10422976737787826,0.13859742588589263,0.22843995930541383,1.9533371375983721,1
2023-03-15,24375.9609375,25240.615234375,23964.91015625,24770.92578125,43655701450.0,-0.014956444322371198,24746.07421875,21718.080078125,23646.55078125,21808.1015625,17364.865234375,19772.583984375,22380.884765625,22755.22823660714,22843.03203125,19722.109874131944,0.0530684551860357,0.03470705074905449,0.02932838235019436,0.027483043412707384,1275.705078125,39592362837.85714,27077419616.61905,26585542064.983334,28466895315.47778,-0.200770431398968,0.12026096407096776,0.25064604824873893,1.9289755564123592,1
2023-03-16,25052.7890625,25190.326171875,24225.111328125,24373.45703125,33866061747.0,0.027766213062754286,24375.9609375,20363.021484375,23475.466796875,22220.8046875,16647.484375,20127.576171875,23050.8515625,22807.861421130954,22912.565201822916,19749.47216796875,0.039584496582878936,0.035089167720019826,0.029485171233797895,0.027525479867936648,965.21484375,40092562491.57143,27238838553.809525,26828336301.716667,28516387613.516666,-0.224246533163883,0.13097079073967866,0.21018446361854037,1.770301273217771,1
2023-03-17,27423.9296875,27787.8125,24955.169921875,25055.123046875,50730261335.0,0.0946457745317153,25052.7890625,20187.244140625,22362.6796875,24307.841796875,16795.091796875,19419.505859375,24084.66378348214,23009.09012276786,23016.803483072916,19793.94118923611,0.041674237267567006,0.0394725011674709,0.031727576289729345,0.028247915026604634,2832.642578125,41685705868.71429,28377815525.57143,27227299089.8,28624584736.8,0.4979675438492315,0.002529012783372586,0.10543440762130918,1.381683366744885,1
2023-03-18,26965.87890625,27725.953125,26636.26171875,27448.1171875,35723036817.0,-0.01670259464889101,27423.9296875,20632.41015625,22353.349609375,23623.474609375,16757.9765625,19544.12890625,24989.44503348214,23189.590308779763,23113.542805989582,19835.173133680557,0.0474718476841311,0.03981338953852481,0.03184255693820531,0.02828170785965477,1089.69140625,42477527103.14286,29312211489.95238,27406016647.383335,28599840482.316666,-0.2958239150178823,0.019611010152442265,0.09193714858114244,1.5361912080732814,1
2023-03-19,28038.67578125,28440.560546875,26907.716796875,26969.50390625,37769448859.0,0.039783493752593824,26965.87890625,22163.94921875,22435.513671875,24565.6015625,16439.6796875,18890.7890625,25828.69168526786,23402.802827380954,23236.041048177085,19885.9947265625,0.04504526300925022,0.040381415839347144,0.0319636930104265,0.028293069102422807,1532.84375,43690443294.28571,30318159776.47619,27535413704.733334,28605274384.266666,0.057285500459640204,-0.0015815904956059113,0.08412939938848418,1.4091221096529472,0
2023-03-20,27767.236328125,28527.724609375,27242.880859375,28041.6015625,44774027664.0,-0.00968089417783835,28038.67578125,24197.533203125,22429.7578125,24641.27734375,16906.3046875,18547.400390625,26338.649274553572,23604.915457589286,23347.381770833334,19937.21603732639,0.0397471833018351,0.040526139212729656,0.03197212242967422,0.028265293252830018,1284.84375,43020109719.42857,31371172356.0,27929100028.116665,28596442349.205555,0.1854562090950631,-0.022593089525966614,0.038010385581872086,1.2297059997573299,0
2023-03-21,28175.81640625,28439.5625,27439.646484375,27768.392578125,36102192830.0,0.014714466837708162,27767.236328125,24746.07421875,22219.76953125,24327.642578125,16817.53515625,19413.55078125,26828.612444196428,23844.366071428572,23439.036165364585,19985.89529079861,0.0397886386659816,0.04014400135255082,0.030642681550240226,0.028086749048561455,999.916015625,40374390100.28571,32112449946.285713,28050817336.633335,28568478043.116665,-0.19368002581935417,-0.032215057543945935,0.0024905001504920143,1.4103532936115841,0
2023-03-22,27307.4375,28803.3359375,26759.99609375,28158.720703125,33382021890.0,-0.030820008681536337,28175.81640625,24375.9609375,21718.080078125,24829.1484375,16830.341796875,19297.638671875,27247.39481026786,24018.694010416668,23514.533040364582,20030.394173177083,0.042433292413253304,0.04101755045816832,0.030971915171954148,0.02818932302230468,2043.33984375,38906721591.71429,32527649026.761906,28066479727.65,28537844397.77222,-0.07534641878427972,0.03812162551868892,-0.0011179131601052328,1.3982986548994205,1
2023-03-23,28333.97265625,28729.84375,27183.36328125,27301.95703125,24220433689.0,0.03759177902540278,27307.4375,25052.7890625,20363.021484375,24436.353515625,16796.953125,18937.01171875,27716.135323660714,24250.051432291668,23608.092317708335,20082.59951171875,0.043003567583815606,0.04136857830375308,0.031271519995847485,0.02826694952970682,1546.48046875,37528774726.28571,32710222130.238094,28057713851.966667,28527126567.333332,-0.27444677351147706,-0.010602472159290888,-0.018228035387620634,1.2509643279648421,0
2023-03-24,27493.28515625,28388.4375,27039.265625,28324.111328125,25980310960.0,-0.02967065403073854,28333.97265625,27423.9296875,20187.244140625,24188.84375,16847.755859375,18802.09765625,27726.04324776786,24494.36597842262,23684.073209635415,20130.88388671875,0.030031690856829767,0.040310214482977905,0.0315658258534477,0.028360254729690088,1349.171875,33993067529.857143,32706312908.809525,28048740692.766666,28541684038.711113,0.07266084883522428,0.035834175987006,0.003568129774869755,1.3301036147888952,1
2023-03-25,27494.70703125,27791.826171875,27196.234375,27487.337890625,13383005987.0,5.17171735541222e-05,27493.28515625,26965.87890625,20632.41015625,23947.4921875,16841.986328125,19222.671875,27801.59012276786,24739.192522321428,23765.04384765625,20176.839637586807,0.02906135178757159,0.04030391320902859,0.03149512214184582,0.02832172599083653,595.591796875,30801634554.142857,32811884007.57143,27831706297.3,28370762970.18889,-0.4848789143592298,0.03332743731215304,0.0011141348938610296,1.4453496376078068,1
2023-03-26,27994.330078125,28178.14453125,27445.046875,27495.5234375,13878363192.0,0.018171608313816145,27494.70703125,28038.67578125,22163.94921875,23198.126953125,16919.8046875,19110.546875,27795.255022321428,25003.89806547619,23846.318359375,20226.193988715277,0.02544205657041056,0.04030243151778076,0.031468428395463495,0.028339301079119694,733.09765625,27388622316.0,32838615505.61905,27551589572.016666,28122468101.15,0.03701389698855251,0.007322143986048468,0.01119039381370257,1.4990350654851494,1
2023-03-27,27139.888671875,28037.92578125,26606.689453125,27994.068359375,18188895178.0,-0.03052194511765327,27994.330078125,27767.236328125,24197.533203125,23175.375,16717.173828125,19426.720703125,27705.633928571428,25228.190011160714,23914.77021484375,20269.044921875,0.027873944792778375,0.041267856938582405,0.031764108071722405,0.02842620878854254,1431.236328125,23590746246.57143,32878410852.42857,27415440502.95,27928676970.283333,0.3105936864719572,0.023962221773000003,0.04726668246540666,1.5787812464399762,1
2023-03-28,27268.130859375,27460.71875,26677.818359375,27132.888671875,17783600385.0,0.004725228944394866,27139.888671875,28175.81640625,24746.07421875,23561.212890625,16552.572265625,19573.05078125,27575.96456473214,25468.58816964286,23984.593587239582,20311.79536675347,0.027064238654954532,0.04105285699543156,0.03176427401831475,0.028424070904512863,782.900390625,20973804468.714287,32641179813.42857,27288778248.683334,27799486729.25,-0.022282540475037527,0.03300405843789567,0.08088769492030212,1.5471252176465442,1
2023-03-29,28348.44140625,28619.54296875,27259.662109375,27267.03125,20684945906.0,0.0396180637553154,27268.130859375,27307.4375,24375.9609375,23522.87109375,16642.341796875,19431.7890625,27724.67940848214,25784.319661458332,24073.21611328125,20361.33232421875,0.02863280975248293,0.04078366950345504,0.03209969486784832,0.02855104284273276,1359.880859375,19159936471.0,32553006966.857143,27388311874.133335,27670096161.58889,0.1631472512982921,-0.006012924266531994,0.03498676693672942,1.495550006124951,0
2023-03-30,28033.5625,29159.90234375,27720.16015625,28350.140625,22435349951.0,-0.0111074503792854,28348.44140625,28333.97265625,25052.7890625,23147.353515625,16602.5859375,19312.095703125,27681.763671875,26149.583519345237,24144.199381510418,20409.784917534722,0.025319771485311636,0.03740474868106052,0.03193927002657635,0.028561812331010693,1439.7421875,18904924508.42857,32175420575.42857,27305172919.0,27690739563.15,0.08462212340097386,0.00037733787848037714,0.04333825860519869,1.4931839513797076,1
2023-03-31,28478.484375,28639.896484375,27583.71484375,28032.26171875,19001327598.0,0.015871042968584437,28033.5625,27493.28515625,27423.9296875,23646.55078125,16547.49609375,19044.107421875,27822.506417410714,26544.404482886905,24238.171809895834,20462.19812282986,0.022492345386366085,0.036978192868846425,0.03148464375160694,0.028552709376016634,1056.181640625,17907926885.285713,31195566761.285713,27168435119.5,27680936075.766666,-0.15306301709133519,-0.019405000375831927,0.027751556410733347,1.445541123973526,0
2023-04-01,28411.03515625,28802.45703125,28297.171875,28473.33203125,10876469901.0,-0.0023684272611504964,28478.484375,27494.70703125,26965.87890625,23475.466796875,16625.080078125,19623.580078125,27953.41043526786,26914.81519717262,24326.034342447918,20511.017317708334,0.02260403893102646,0.037199699668624804,0.03147354183172574,0.028478968509830376,505.28515625,17549850301.57143,30276337319.61905,26969079140.1,27572001300.27778,-0.4275942117778754,-0.016304940380642674,-0.011244461707151876,1.5107725940005983,0
2023-04-02,28199.30859375,28518.958984375,27884.087890625,28462.845703125,12284641999.0,-0.00745226498561502,28411.03515625,27994.330078125,28038.67578125,22362.6796875,16688.470703125,20336.84375,27982.69308035714,27202.21326264881,24400.62666015625,20554.69767795139,0.022169595956310736,0.03501149200503168,0.031380500202300356,0.02837475193802741,634.87109375,17322175845.42857,29467080485.238094,26729102248.35,27440875540.91111,0.12946958993290014,0.0047427470448564435,0.017065259384822618,1.471767994090059,1
2023-04-03,27790.220703125,28475.623046875,27276.720703125,28183.080078125,19556501327.0,-0.014507018470504951,28199.30859375,27139.888671875,27767.236328125,22353.349609375,16679.857421875,20160.716796875,28075.59765625,27373.293619791668,24472.599153645835,20597.08381076389,0.01893439618384869,0.03028344019556533,0.03141385423592173,0.02839061657510234,1198.90234375,17517548152.42857,28042801372.809525,26520594989.1,27364946156.216667,0.5919471913460683,0.06702932609007783,0.043759562171748145,1.3550360882485006,1
2023-04-04,28168.08984375,28433.7421875,27681.3046875,27795.2734375,15284538859.0,0.0135971982612757,27790.220703125,27268.130859375,28175.81640625,22435.513671875,16863.23828125,19955.443359375,28204.163225446428,27536.246744791668,24551.245279947918,20642.70962456597,0.019319973111284784,0.03011355290574312,0.0314366605772214,0.02838806919222437,752.4375,17160539363.0,26169577977.333332,26323952869.966667,27257019077.844444,-0.21844206162285607,0.07337979825631047,0.024127340459360047,1.342395699033883,1
2023-04-05,28177.984375,28739.23828125,27843.763671875,28169.7265625,17052315986.0,0.000351267384649967,28168.08984375,28348.44140625,27307.4375,22429.7578125,16836.736328125,19546.849609375,28179.81222098214,27717.295479910714,24632.014225260416,20690.66037326389,0.011742847860225218,0.029748539713284897,0.031419577003523234,0.028337045804388655,895.474609375,16641592231.571428,24902750098.095238,26347503160.766666,27189380192.266666,0.11565786467670103,0.06959576431289727,0.04813688490183221,1.4312897203102377,1
2023-04-06,28044.140625,28178.384765625,27738.759765625,28175.2265625,13837809380.0,-0.004749940528704033,28177.984375,28033.5625,28333.97265625,22219.76953125,16951.96875,19416.568359375,28181.323381696428,27859.740792410714,24716.822135416667,20738.591330295138,0.011037661237135487,0.029476976498554068,0.03133260917117314,0.02833396974726447,439.625,15413372150.0,23949023794.904762,26252062273.683334,27174937893.45,-0.1885085057442707,0.08397211427297924,0.030683144596269862,1.418959508587188,1
2023-04-07,27925.859375,28111.59375,27794.03125,28038.966796875,10861680497.0,-0.004217681389550476,28044.140625,28478.484375,27493.28515625,21718.080078125,16955.078125,19446.42578125,28102.376953125,27883.64220610119,24802.91796875,20785.69929470486,0.008597341040217287,0.02135035540775872,0.03130882589793739,0.028338245821845902,317.5625,14250565421.285715,22050519945.47619,26036006839.6,27141740215.47778,-0.21507225611168235,0.09166557094538841,0.018947282284844658,1.4671079392699977,1
2023-04-08,27947.794921875,28159.86328125,27883.38671875,27920.513671875,9373255556.0,0.0007854922772632111,27925.859375,28411.03515625,27494.70703125,20363.021484375,17091.14453125,19141.484375,28036.199776785714,27930.40011160714,24880.9763671875,20834.6232421875,0.008703505085577299,0.02095955762511142,0.031218923831207147,0.028306070420457036,276.4765625,14035820514.857143,20795768456.857143,25739095024.35,27041452619.822224,-0.13703449861290828,0.08482605438110724,-0.009071251777955758,1.4818614449331484,1
2023-04-09,28333.05078125,28532.830078125,27828.48046875,27952.3671875,12175322951.0,0.013784839213681899,27947.794921875,28199.30859375,27994.330078125,20187.244140625,17196.5546875,19051.41796875,28055.305803571428,27944.41796875,24970.870572916665,20886.18786892361,0.010188355670769415,0.019314011255195756,0.031160852243260727,0.028313311298749172,704.349609375,14020203508.0,19577000556.47619,25519160944.233334,26949584786.716667,0.2989428142931987,0.0699643925677016,-0.023798192288958075,1.5281908371972275,1
2023-04-10,29652.98046875,29771.46484375,28189.271484375,28336.02734375,19282400094.0,0.04658621825410658,28333.05078125,27790.220703125,27139.888671875,20632.41015625,17446.29296875,19157.4453125,28321.41434151786,28034.215308779763,25101.436263020834,20944.496397569445,0.01808034486584795,0.0215760291585832,0.03085235925715339,0.0285017201407988,1582.193359375,13981046189.0,18363113529.333332,25297658076.05,26918097154.761112,0.5837280186819416,-0.007012298379049375,-0.06849984646621343,1.3316042614287165,0
2023-04-11,30235.05859375,30509.083984375,29609.30078125,29653.6796875,20121259843.0,0.019629666758571807,29652.98046875,28168.08984375,27268.130859375,22163.94921875,17934.896484375,19382.904296875,28616.69559151786,28132.274460565477,25244.500846354167,21004.786143663194,0.01845102817739236,0.021731529615233756,0.0308547341424498,0.028521501598364994,899.783203125,14672006329.571428,17602116720.42857,25181705630.2,26784216153.866665,0.043503907444645495,0.005374361690788643,-0.10697083722267264,1.3346368783651532,1
2023-04-12,30139.052734375,30462.48046875,29725.57421875,30231.58203125,18651929926.0,-0.003175315803583212,30235.05859375,28177.984375,28348.44140625,24197.533203125,18869.587890625,19185.65625,28896.848214285714,28267.11328125,25382.30380859375,21065.638346354168,0.018812864431097163,0.02033546800845308,0.03087259237981244,0.028508370151675923,736.90625,14900522606.714285,16900683769.761906,25219967358.433334,26674213782.75,-0.07302375340633382,-0.04367665627969841,-0.11062267050607555,1.3245790102451558,0
2023-04-13,30399.06640625,30539.845703125,29878.623046875,29892.740234375,17487721001.0,0.00862713483952482,30139.052734375,28044.140625,28033.5625,24746.07421875,19909.57421875,19067.634765625,29233.266183035714,28365.451078869046,25525.818196614582,21128.59074435764,0.017736445079829067,0.018942111796412624,0.030848773059520215,0.028503387289154972,661.22265625,15421938552.571428,16580078403.666666,25214411935.016666,26681410924.244446,-0.062417611990764676,-0.07082711344573822,-0.11891774020095447,1.2104582518917302,0
2023-04-14,30485.69921875,31005.607421875,30044.498046875,30409.5625,22659995079.0,0.002849851088919886,30399.06640625,27925.859375,28478.484375,24375.9609375,20976.298828125,19268.09375,29598.957589285714,28507.94698660714,25670.44482421875,21190.910774739583,0.01685755375857203,0.017355407731380872,0.030844349548695714,0.02849782422932895,961.109375,17107412064.285715,16421968123.619047,25193432809.55,26707361359.961113,0.2957660450841042,-0.10525555079040005,-0.1166140399590535,1.0934888912437044,0
2023-04-15,30318.49609375,30601.740234375,30245.8828125,30490.75,11940685378.0,-0.005484641300179338,30485.69921875,27947.794921875,28411.03515625,25052.7890625,20880.798828125,19550.7578125,29937.62918526786,28642.413132440477,25805.40634765625,21250.73154296875,0.01774123549839296,0.017477132290195842,0.030832698924433778,0.028491138215202893,355.857421875,17474187753.142857,16353286189.857143,24945900956.166668,26621073206.516666,-0.4730499571438146,-0.0824907701891443,-0.10309887155053732,1.1682713535402467,0
2023-04-16,30315.35546875,30555.537109375,30157.83203125,30315.9765625,12854816417.0,-0.00010358775680330279,30318.49609375,28333.05078125,28199.30859375,27423.9296875,21169.6328125,19334.416015625,30220.815569196428,28752.938151041668,25905.531575520832,21311.736762152777,0.01825546959709163,0.017231823730188087,0.028576977415505106,0.02847294846384355,397.705078125,17571258248.285713,16304545867.238094,24618759347.966667,26522599895.81111,0.07655599407084557,-0.08985448664565232,-0.10815327834452704,1.092213993759093,0
2023-04-17,29445.044921875,30319.197265625,29275.37109375,30317.146484375,17872186762.0,-0.028708571396173888,30315.35546875,29652.98046875,27790.220703125,26965.87890625,21161.51953125,19139.53515625,30191.110491071428,28862.707496279763,26002.557747395833,21368.98959418403,0.014868541734485773,0.017054123166142545,0.028587664456817527,0.028554152211549545,1043.826171875,17369799200.857143,16289464514.095238,24261351384.066666,26497304337.91111,0.390310540597431,-0.06519620137168936,-0.06949360046585729,1.1671511607660539,0
2023-04-18,30397.552734375,30470.302734375,29154.849609375,29449.091796875,19480529496.0,0.032348662229154,29445.044921875,30235.05859375,28168.08984375,28038.67578125,20688.78125,19053.740234375,30214.32393973214,29011.727585565477,26099.75693359375,21432.010774739585,0.018200618170173943,0.018141385389704043,0.028443925049160733,0.02863351409598085,1315.453125,17278266294.142857,16370270662.238094,23896719354.75,26469451866.11111,0.08999137908628363,-0.06875405715676508,-0.11729048654525864,1.015842918070026,0
2023-04-19,28822.6796875,30411.0546875,28669.8984375,30394.1875,24571565421.0,-0.0518092051895368,30397.552734375,30139.052734375,28177.984375,27767.236328125,21086.79296875,19172.46875,30026.270647321428,29034.310360863095,26169.44697265625,21485.623057725694,0.027117268086780073,0.02034145887673445,0.02934079254842413,0.028922344442504164,1741.15625,18123928507.714287,16555347782.0,23979154992.466667,26425631185.86111,0.26133970978793775,-0.013877214747609501,-0.067049656805093,1.2035686686618043,0
2023-04-20,28245.98828125,29076.400390625,28037.2578125,28823.68359375,21340360360.0,-0.020008250880993006,28822.6796875,30399.06640625,28044.140625,28175.81640625,22676.552734375,19208.189453125,29718.688058035714,29044.425874255954,26234.752734375,21535.83305121528,0.02669244860473853,0.020695734358463974,0.02942200980467116,0.028971714069579085,1039.142578125,18674305559.0,16503205420.52381,23908909237.3,26454719626.988888,-0.13150179915840698,0.043468078224050855,-0.03952427978917916,1.260270367487197,1
2023-04-21,27276.91015625,28349.96875,27177.365234375,28249.23046875,20759504330.0,-0.034308522518338824,28245.98828125,30485.69921875,27925.859375,27307.4375,22777.625,19567.0078125,29260.289620535714,28987.208054315477,26275.548763020834,21578.66584201389,0.027367057664260435,0.02171193593733962,0.029714775265554924,0.029076050495059926,1172.603515625,18402806880.57143,16586928122.047619,23771778033.25,26447112460.294445,-0.027218660800533923,0.07564462216140044,-0.019176804901237854,1.3827640679953528,1
2023-04-22,27817.5,27872.142578125,27169.5703125,27265.89453125,13125734602.0,0.01981858797984626,27276.91015625,30318.49609375,27947.794921875,28333.97265625,22720.416015625,19345.572265625,28903.004464285714,28958.944475446428,26331.901204427082,21625.73210720486,0.03040363636440872,0.022218110646671868,0.029708835132402776,0.02908739080239214,702.572265625,18572099626.857143,16694035964.952381,23469671964.716667,26352243009.166668,-0.3677240846723049,0.05144201604205989,-0.03473434551091936,1.3340215523052037,1
2023-04-23,27591.384765625,27820.244140625,27400.314453125,27816.14453125,12785446832.0,-0.008128524647254443,27817.5,30315.35546875,28333.05078125,27493.28515625,22934.431640625,20095.857421875,28513.865792410714,28929.99572172619,26388.610221354167,21667.37392578125,0.030037111863976156,0.022228769418006916,0.029695442098193782,0.028969876329193102,419.9296875,18562189686.142857,16717883814.142857,23179429465.566666,26157931464.288887,-0.025925236211019387,0.06079513185905161,-0.013252622375827916,1.4224112075291844,1
2023-04-24,27525.33984375,27979.982421875,27070.849609375,27591.73046875,17703288330.0,-0.002393679129772508,27591.384765625,29445.044921875,29652.98046875,27494.70703125,22636.46875,20770.44140625,28239.622209821428,28917.382347470237,26448.241015625,21704.901139322916,0.029378686905999925,0.02201142855855809,0.02965701769480237,0.028876057599170113,909.1328125,18538061338.714287,16629635576.190475,22966546536.633335,25929083340.916668,0.38464369392952324,0.02057117255733254,-0.043251835985789744,1.412586867754102,1
2023-04-25,28307.59765625,28371.078125,27207.931640625,27514.873046875,17733373139.0,0.02841955147295372,27525.33984375,30397.552734375,30235.05859375,27994.330078125,23117.859375,20285.8359375,27941.057198660714,28924.025576636905,26533.398860677084,21749.46648220486,0.028475973835631843,0.02270355954190154,0.029496806753872666,0.028880255586126793,1163.146484375,18288467573.42857,16746246732.380953,22815240340.15,25751907022.788887,0.0016993910079980967,0.013174535601846005,-0.06469608079213496,1.2706588958215033,1
2023-04-26,28422.701171875,29995.837890625,27324.548828125,28300.05859375,31854242019.0,0.004066170397882152,28307.59765625,28822.6796875,30139.052734375,27139.888671875,23032.77734375,20595.3515625,27883.917410714286,28935.678757440477,26620.854296875,21792.9517578125,0.021770557711547588,0.022716962161604317,0.029490301876736107,0.028864177716573017,2671.2890625,19328849944.57143,17451100353.0,23077799014.383335,25684459945.616665,0.7962878110845575,0.02053314420560759,-0.059931325525653056,1.2686692106187403,1
2023-04-27,29473.787109375,29871.546875,28402.88671875,28428.46484375,27153445027.0,0.036980508331842854,28422.701171875,28245.98828125,30399.06640625,27268.130859375,23078.728515625,20818.4765625,28059.317243303572,29003.757161458332,26719.397200520834,21841.03681640625,0.024327991197982728,0.024008665289643818,0.029755741567740367,0.02897342361553405,1468.66015625,20159290611.285713,18085178240.95238,23252947517.466667,25611035525.516666,-0.1475720875479043,-0.02124179595759712,-0.08839833117072582,1.163119387268043,0
2023-04-28,29340.26171875,29572.791015625,28929.609375,29481.013671875,17544464887.0,-0.00453030993708059,29473.787109375,27276.91015625,30485.69921875,28348.44140625,23031.08984375,20635.603515625,28354.08175223214,29071.10965401786,26816.3537109375,21889.396028645835,0.017746644709423914,0.024013230322582114,0.029767679660673386,0.028966023791054896,643.181640625,19699999262.285713,18403406069.04762,23167675874.016666,25533580632.91111,-0.3538770174629894,0.006616268414229687,-0.042760873996336324,1.1615056209424255,1
2023-04-29,29248.48828125,29452.455078125,29088.04296875,29336.56640625,10662634333.0,-0.0031279011203009244,29340.26171875,27817.5,30318.49609375,28033.5625,23774.56640625,20495.7734375,28558.508649553572,29133.047433035714,26918.039290364584,21938.022222222222,0.017879806549644484,0.024043432106382715,0.029666862834379585,0.028960860569482758,364.412109375,19348127795.285713,18464805058.42857,23003130389.0,25339103785.788887,-0.392250809490306,-0.011756684005970963,-0.05137371549517855,1.1578288033850042,0
2023-04-30,29268.806640625,29952.029296875,29114.021484375,29245.515625,14652199272.0,0.000694680667924441,29248.48828125,27591.384765625,30315.35546875,28478.484375,22840.138671875,20485.2734375,28798.14034598214,29177.607235863095,27011.7435546875,21986.81962890625,0.016892434502085444,0.02390400512932333,0.029583606931786396,0.02896032328726843,838.0078125,19614806715.285713,18582751549.904762,22836286356.866665,25199286541.97222,0.37416315840942005,-0.02780530600350506,-0.053519675417027845,1.1812000016816109,0
2023-05-01,28091.568359375,29329.935546875,27680.79296875,29227.103515625,18655599976.0,-0.04022160164248023,29268.806640625,27525.33984375,29445.044921875,28411.03515625,23139.283203125,20159.50390625,28879.030133928572,29103.25427827381,27088.678580729167,22030.886653645834,0.025064612802431354,0.023273224332994818,0.03009767681674347,0.02910257261970761,1649.142578125,19750851236.142857,18552903925.238094,22807439714.533333,24994305600.266666,0.2732286552811496,-0.014142853001029021,-0.03103814443877495,1.1585429013084512,0
2023-05-02,28680.537109375,28881.298828125,27924.123046875,28087.17578125,16432924527.0,0.020966033026897257,28091.568359375,28307.59765625,30397.552734375,28199.30859375,23723.76953125,20209.98828125,28932.307198660714,29029.229445684523,27193.976204427083,22077.945258246527,0.023947252495369765,0.023337958511079532,0.029427143242491755,0.029135926343688532,957.17578125,19565072863.0,18377268910.190475,22646948379.816666,24845439902.2,-0.11914253370888206,-0.03562561310666701,-0.06487202265528091,1.0311339183291697,0
2023-05-03,29006.30859375,29259.533203125,28178.388671875,28680.494140625,19122972518.0,0.01135862564681589,28680.537109375,28422.701171875,28822.6796875,27790.220703125,23471.87109375,21147.23046875,29015.6796875,28975.289248511905,27304.858854166665,22121.606803385417,0.024203370241830224,0.023523877909281597,0.029432560367730266,0.02895681560052624,1081.14453125,17746320077.142857,18399699509.809525,22779564373.233334,24595719038.68889,0.163698676189995,-0.04773281404974539,-0.060563333811408215,1.0382956832531716,0
2023-05-04,28847.7109375,29353.185546875,28694.0390625,29031.3046875,15548678514.0,-0.005467695268338013,29006.30859375,29473.787109375,28245.98828125,28168.08984375,23449.322265625,21282.69140625,28926.240234375,28901.415178571428,27411.72880859375,22163.63468967014,0.019096345248462626,0.023419624323989904,0.029461978340000854,0.028960647997372618,659.146484375,16088496289.571428,18307364153.285713,22816758986.25,24471844765.93889,-0.18691100458548493,-0.06402316908268557,-0.06144619360234116,1.1800633011663892,0
2023-05-05,29534.384765625,29668.908203125,28845.509765625,28851.48046875,17936566518.0,0.023803407820215394,28847.7109375,29340.26171875,27276.91015625,28177.984375,23331.84765625,20926.486328125,28953.972098214286,28856.11449032738,27530.1392578125,22211.45634765625,0.02154057749511481,0.024083731133922995,0.029558092075735825,0.02897090299335135,823.3984375,16144510808.285715,18082438983.714287,22826481879.966667,24376588506.538887,0.15357498078373344,-0.09241413196548909,-0.08177987720218849,1.1632911321251944,0
2023-05-06,28904.623046875,29820.126953125,28468.966796875,29538.859375,15913866714.0,-0.021323001096775096,29534.384765625,29248.48828125,27817.5,28044.140625,22955.666015625,20602.81640625,28904.848493303572,28788.787202380954,27641.553483072916,22257.577495659723,0.023177534408856965,0.02446854508149019,0.02969673336909618,0.028994283584551313,1351.16015625,16894686862.714285,18271638094.95238,22712288788.466667,24167716364.75,-0.11276962076159602,-0.07336352106844934,-0.10878970417726885,1.215255764057531,0
2023-05-07,28454.978515625,29157.517578125,28441.3671875,28901.623046875,11301355486.0,-0.015556145829018653,28904.623046875,29268.806640625,27591.384765625,27925.859375,22760.109375,18541.271484375,28788.587332589286,28700.197823660714,27753.835123697918,22312.653645833332,0.02373345603667201,0.024640895861009975,0.029600606497258573,0.027994481027891042,716.150390625,16415994893.285715,18197663764.904762,22525035118.5,23569432419.633335,-0.28984226843763927,-0.053570233515128685,-0.04274103780581562,1.219715231345789,0
2023-05-08,27694.2734375,28663.271484375,27310.134765625,28450.45703125,19122903752.0,-0.026733637409259936,28454.978515625,28091.568359375,27525.33984375,27947.794921875,23264.291015625,15880.7802734375,28731.830915178572,28616.82775297619,27876.02265625,22378.28416341146,0.020625533615287107,0.024540313296821773,0.028565741901782928,0.025857696368639996,1353.13671875,16482752575.571428,18257221716.809525,22337672444.85,23103975487.11111,0.6920893936739936,-0.01811132829525053,-0.04868426657474034,1.2508197063528756,0
2023-05-09,27658.775390625,27821.400390625,27375.6015625,27695.068359375,14128593256.0,-0.0012817829272578907,27694.2734375,28680.537109375,28307.59765625,28333.05078125,22939.3984375,17586.771484375,28585.86495535714,28486.40978422619,28000.548177083332,22434.239740668403,0.01808084925825219,0.023204786120712195,0.02851969797808738,0.02465657789083244,445.798828125,16153562394.0,18002367610.142857,21913511370.866665,22720232762.305557,-0.2611690442398248,-0.02249286135100803,-0.04159832015339282,1.212243331170395,0
2023-05-10,27621.755859375,28322.6875,26883.669921875,27654.63671875,20656025026.0,-0.0013384371045779275,27658.775390625,29006.30859375,28422.701171875,29652.98046875,21819.0390625,17034.29296875,28388.071707589286,28429.22293526786,28117.037272135418,22493.05897894965,0.016750860276268143,0.02048450027013649,0.028451524767872688,0.02452486988429292,1439.017578125,16372569895.142857,17815913305.61905,21754773651.7,22524590587.516666,0.4620015348823203,-0.008071649251230606,-0.04132180681003328,1.2826195864771734,0
2023-05-11,27000.7890625,27621.94140625,26781.826171875,27621.0859375,16724343943.0,-0.022481076150133283,27621.755859375,28847.7109375,29473.787109375,30235.05859375,21651.18359375,16799.185546875,28124.225725446428,28369.927734375,28197.65126953125,22549.73455403646,0.017724151014859968,0.020601031274037163,0.027189658088131376,0.024566550842431655,840.115234375,16540522099.285715,17596103000.04762,21545528792.066666,22452405279.316666,-0.19034064288996277,-0.006243524133119904,-0.04257463829905439,1.251518546477664,0
2023-05-12,26804.990234375,27055.646484375,25878.4296875,26987.662109375,19313599897.0,-0.007251596524522896,27000.7890625,29534.384765625,29340.26171875,30139.052734375,21870.875,16353.365234375,27734.31222098214,28347.45535714286,28241.10888671875,22607.79913736979,0.010465340169544951,0.01927925840136383,0.02463675644131396,0.024479189128906693,1177.216796875,16737241153.428572,17527250408.0,21042982745.55,22408540924.955555,0.154819582928019,0.0031762246928863647,-0.032263479973812625,1.2679997420606224,1
2023-05-13,26784.078125,27030.482421875,26710.873046875,26807.76953125,9999171605.0,-0.0007801573211611013,26804.990234375,28904.623046875,29248.48828125,30399.06640625,21788.203125,16618.19921875,27431.37723214286,28298.244791666668,28275.075618489584,22664.276242404514,0.010847817164878744,0.018700925253534045,0.024488887076861723,0.02446092731926748,319.609375,15892284709.285715,17378366455.761906,20299265102.9,22188368305.794445,-0.4822730273835081,0.012899746292835967,-0.032914260512746374,1.2942135340433714,1
2023-05-14,26930.638671875,27150.9765625,26661.35546875,26788.974609375,10014858959.0,0.005471927993601522,26784.078125,28454.978515625,29268.806640625,30485.69921875,21808.1015625,16884.61328125,27213.614397321428,28266.780691964286,28317.653580729166,22720.087494574655,0.012137905941963362,0.018700288157865154,0.024396483435144813,0.024442028607381792,489.62109375,15708499491.142857,17246433699.904762,19738584394.716667,22040676210.105556,0.0015688653640222316,-0.0065654774160500695,-0.03757468096390848,1.335683530760119,0
2023-05-15,27192.693359375,27646.34765625,26766.09765625,26931.384765625,14413231792.0,0.009730726801279843,26930.638671875,27694.2734375,28091.568359375,30318.49609375,22220.8046875,16669.439453125,27141.960100446428,28250.940383184523,28353.31865234375,22778.55001627604,0.010333828468055072,0.018841318142130123,0.024183198211934643,0.024419117595561073,880.25,15035689211.142857,17089764340.952381,19414370562.133335,21932274647.9,0.43918470055410386,-0.012555432119683463,-0.07605048719501062,1.263578243207709,0
2023-05-16,27036.650390625,27299.3046875,26878.947265625,27171.513671875,12732238816.0,-0.005738415341494774,27192.693359375,27658.775390625,28680.537109375,30315.35546875,24307.841796875,16687.517578125,27053.085100446428,28190.419084821428,28346.863997395834,22836.04519856771,0.010379032919383913,0.01766581587084129,0.020888455463467473,0.024427423389094777,420.357421875,14836210005.428572,16851615087.47619,18781070186.816666,21848182007.866665,-0.11662845642522923,0.0069933282837642,-0.05401023567184737,1.4510244882434975,1
2023-05-17,27398.802734375,27465.927734375,26600.14453125,27035.470703125,15140006925.0,0.013394867282656264,27036.650390625,27621.755859375,29006.30859375,29445.044921875,23623.474609375,16697.77734375,27021.23465401786,28141.662016369046,28354.07939453125,22895.495339626737,0.012160081589383717,0.017942067088414934,0.020842440522380167,0.02443909240586489,865.783203125,14048207419.571428,16055699130.619047,18438019688.616665,21783058609.622223,0.189107991437788,-0.03883324338348215,-0.03910170287864001,1.3808187045125644,0
2023-05-18,26832.208984375,27466.52734375,26415.1015625,27401.650390625,15222938600.0,-0.02067950762275983,27398.802734375,27000.7890625,28847.7109375,30397.552734375,24565.6015625,16711.546875,26997.151785714286,28015.872581845237,28333.971614583334,22951.721240234376,0.011639907807508792,0.016056988515468506,0.020366119652525497,0.024502494788377276,1051.42578125,13833720942.0,15487579776.952381,18062244517.633335,21778151471.333332,0.005477651061246203,-0.013267709465601851,-0.011983105949727624,1.4989323480241907,0
2023-05-19,26890.12890625,27128.619140625,26700.2109375,26826.75390625,11258983301.0,0.0021585968530852817,26832.208984375,26804.990234375,29534.384765625,28822.6796875,24641.27734375,16291.83203125,27009.314453125,27899.19959077381,28319.353157552083,23010.600667317707,0.011314317048782654,0.01611919877523435,0.020333270832008914,0.02441227518522616,428.408203125,12683061428.285715,15188271130.0,17503660444.916668,21722293719.383335,-0.26039356809860614,-0.006353182285611547,-0.020599232437902293,1.4894192557009696,0
2023-05-20,27129.5859375,27155.158203125,26843.27734375,26888.841796875,7044911360.0,0.008905016115201336,26890.12890625,26784.078125,28904.623046875,28245.98828125,24327.642578125,15787.2841796875,27058.672712053572,27798.299479166668,28301.915983072915,23073.61345486111,0.01171556757410403,0.016364467978771467,0.020274156548412157,0.02428215268071764,311.880859375,12261024250.428572,15015998607.47619,17019372420.416666,21553490529.616665,-0.37428529986590486,-0.00962906040942968,-0.010267633323513548,1.4430290731376925,0
2023-05-21,26753.826171875,27265.91796875,26706.921875,27118.423828125,8647416921.0,-0.013850552916312875,27129.5859375,26930.638671875,28454.978515625,27276.91015625,24829.1484375,16189.76953125,27033.41378348214,27678.538504464286,28292.689127604168,23132.30265842014,0.012943453841058581,0.01648779376971319,0.019958915497096857,0.024258328919964777,558.99609375,12065675387.857143,14730056590.761906,16607129004.266666,21430827130.511112,0.22746993952241867,0.04978055489872624,0.05882007677202128,1.670578587656745,1
2023-05-22,26851.27734375,27045.734375,26549.734375,26749.892578125,11056770492.0,0.0036425134576618667,26753.826171875,27192.693359375,27694.2734375,27817.5,24436.353515625,16610.70703125,26984.640066964286,27619.477027529763,28267.9775390625,23189.194715711805,0.012301143768573441,0.014324635339203542,0.019342668292965385,0.02419748820663692,496.0,11586180916.428572,14368207567.714285,16387734617.65,21309148768.644444,0.27862118746107356,0.033317127167629135,0.11828187875722285,1.6120370495642447,1
2023-05-23,27225.7265625,27434.68359375,26816.1796875,26855.9609375,13697203143.0,0.013945303754316907,26851.27734375,27036.650390625,27658.775390625,27591.384765625,24188.84375,16604.46484375,27011.650948660714,27550.200334821428,28263.518229166668,23248.201725260416,0.013432113442830648,0.013834139204086257,0.019053289256482114,0.02421000684390984,618.50390625,11724032963.142857,14237935120.857143,16183016154.033333,21240083022.694443,0.23880686072940138,0.017506348114561865,0.09867706124693076,1.5388610209840015,1
2023-05-24,26334.818359375,27224.603515625,26106.576171875,27224.603515625,16299104428.0,-0.03272302765106416,27225.7265625,27398.802734375,27621.755859375,27525.33984375,23947.4921875,16521.841796875,26859.653180803572,27422.986514136905,28244.186751302084,23302.71826171875,0.01717122073553503,0.014944401223845907,0.01951642861707626,0.024349249777214164,1118.02734375,11889618320.714285,14103465211.809525,16231617794.716667,21226865514.094444,0.18995858189704307,0.0335996182572873,0.16558498073227224,1.5794581748393788,1
2023-05-25,26476.20703125,26591.51953125,25890.59375,26329.4609375,13851122697.0,0.005368887301425707,26334.818359375,26832.208984375,27000.7890625,28307.59765625,23198.126953125,16464.28125,26808.795758928572,27310.057756696428,28218.884700520834,23358.340071614584,0.01612785116867691,0.015095049889526944,0.019377984846157784,0.02434525762898913,700.92578125,11693644620.285715,14022629220.52381,16231163786.466667,21203816147.055557,-0.15019118024636047,0.012983945343615577,0.15381690724971375,1.588214447848149,1
2023-05-26,26719.291015625,26916.669921875,26343.94921875,26474.181640625,12711619225.0,0.009181223884829448,26476.20703125,26890.12890625,26804.990234375,28422.701171875,23175.375,16444.626953125,26784.39034598214,27176.005673363095,28211.874739583334,23415.42153862847,0.016625398169152077,0.014051150947450975,0.01901844319033417,0.024347715738929944,572.720703125,11901164038.0,13773822206.571428,16139875853.916666,21160859039.922222,-0.08226795018188693,0.01984703964693102,0.14075862645178905,1.5923571576803597,1
2023-05-27,26868.353515625,26888.8828125,26621.140625,26720.181640625,7892015141.0,0.005578834405180588,26719.291015625,27129.5859375,26784.078125,29473.787109375,23561.212890625,16217.322265625,26747.071428571428,27079.040457589286,28205.211783854167,23474.593934461805,0.016347328005995667,0.013677743248005907,0.019022419129328973,0.02431579573788838,267.7421875,12022178863.857143,13391829274.52381,15975016099.85,21050575650.95,-0.379149500837884,0.007695871297240142,0.12664629195723331,1.550141143191154,1
2023-05-28,28085.646484375,28193.44921875,26802.751953125,26871.158203125,14545229578.0,0.0453058267244435,26868.353515625,26753.826171875,26930.638671875,29340.26171875,23522.87109375,16444.982421875,26937.331473214286,27061.453218005954,28200.831868489582,23539.264290364583,0.02278143234809056,0.01701117579061864,0.019236508958702065,0.024505336758362983,1390.697265625,12864723529.142857,13546299469.380953,15872687494.383333,21000373118.22778,0.8430311293291524,-0.03441544700289312,0.09266361661188283,1.4708192038985661,0
2023-05-29,27745.884765625,28432.0390625,27563.876953125,28075.591796875,15181308984.0,-0.0120973437068298,28085.646484375,26851.27734375,27192.693359375,29248.48828125,23147.353515625,17168.56640625,27065.13253348214,27063.91090029762,28196.037239583333,23598.02717013889,0.023936896799007307,0.016160510370231813,0.01924664203952738,0.024340628583759797,868.162109375,13453943313.714285,13358604480.428572,15751786811.6,20920693853.788887,0.04373113553065422,-0.07157050950616062,0.08434985396553385,1.4614900309329375,0
2023-05-30,27702.349609375,28044.759765625,27588.501953125,27745.123046875,13251081851.0,-0.0015690671469931194,27745.884765625,27225.7265625,27036.650390625,29268.806640625,23646.55078125,16967.1328125,27133.221540178572,27065.985863095237,28183.10166015625,23657.66726345486,0.02368067977104881,0.016161960060662447,0.019134415917697163,0.024318133077981908,456.2578125,13390211700.571428,13316818223.047619,15655949382.483334,20867114348.06111,-0.1271449737986573,-0.016733829902035424,0.09901694231007463,1.4394354523318227,0
2023-05-31,27219.658203125,27831.677734375,26866.453125,27700.529296875,15656371534.0,-0.01742420455507676,27702.349609375,26334.818359375,27398.802734375,28091.568359375,23475.466796875,17088.66015625,27259.62723214286,27046.838355654763,28163.245377604166,23713.9505859375,0.02033375164596514,0.01661334454341003,0.01926056967002322,0.02436372221800552,965.224609375,13298392715.714285,13078739485.333334,15735614409.7,20845540272.544445,0.18151647616745215,-0.0320966615278695,0.11967798146804087,1.5116036240179986,0
2023-06-01,26819.97265625,27346.10546875,26671.720703125,27218.412109375,14678970415.0,-0.014683709247646393,27219.658203125,26476.20703125,26832.208984375,28680.537109375,22362.6796875,16908.236328125,27308.73660714286,27038.228050595237,28140.2564453125,23769.015787760418,0.021628991860065488,0.016180585642516794,0.01932712335841565,0.024378370580064795,674.384765625,13416656675.428572,12981340745.904762,15775519883.3,20836991348.716667,-0.062428329378709235,-0.011624018539122205,0.14057081702025642,1.5164609571953505,0
2023-06-02,27249.58984375,27303.861328125,26574.64453125,26824.556640625,14837415000.0,0.01601855426947596,26819.97265625,26719.291015625,26890.12890625,29006.30859375,22353.349609375,17130.486328125,27384.493582589286,27059.399460565477,28131.245930989582,23825.23302951389,0.022153184909449595,0.016467493591695182,0.019357966866130623,0.024386086315867764,729.216796875,13720341786.142857,12768189084.142857,15696868444.516666,20825951871.883335,0.010793984899519327,-0.02822849254468418,0.12371487816258697,1.4846956555395403,0
2023-06-03,27075.12890625,27317.052734375,26958.00390625,27252.32421875,8385597470.0,-0.0064023326039167605,27249.58984375,26868.353515625,27129.5859375,28847.7109375,22435.513671875,16974.826171875,27414.03292410714,27073.25902157738,28113.029915364583,23881.34582248264,0.022384032217513953,0.016541916582079777,0.019289429742768475,0.02437955155095349,359.048828125,13790853547.428572,12691352220.571428,15581886088.033333,20749154708.75,-0.434834338056865,-0.045203429173424126,0.15074020740609928,1.5023556414854329,0
2023-06-04,27119.06640625,27407.01953125,26968.224609375,27075.123046875,9360912318.0,0.001622799291266075,27075.12890625,28085.646484375,26753.826171875,29534.384765625,22429.7578125,17089.50390625,27275.950055803572,27082.231770833332,28095.381282552084,23937.065614149305,0.011531518065481602,0.01650704007193549,0.019291052736809745,0.024378003785783434,438.794921875,13050236796.0,12660211904.333334,15453696026.9,20690660208.466667,0.11630833121781126,-0.043471202874015735,0.13490566268744564,1.5371367959091282,0
2023-06-05,25760.09765625,27129.982421875,25445.16796875,27123.109375,21513292646.0,-0.05011119223804861,27119.06640625,27745.884765625,26851.27734375,28904.623046875,22219.76953125,16848.126953125,26992.266183035714,27014.01292782738,28057.313899739584,23986.5765625,0.0207409170740652,0.019685988070332096,0.020323455454193735,0.024663955203838205,1684.814453125,13954805890.571428,12998310040.238094,15581620748.0,20700870698.783333,1.2982046957786704,0.005528020337898454,0.18455164350751407,1.7394215102239188,1
2023-06-06,27238.783203125,27313.8203125,25434.8671875,25732.109375,21929670693.0,0.057402171630208665,25760.09765625,27702.349609375,27225.7265625,28454.978515625,21718.080078125,17233.474609375,26926.042410714286,27023.63829985119,28045.862630208332,24042.161610243056,0.03316432680205692,0.02358454059486163,0.021680546868788793,0.024954621080173066,1878.953125,15194604296.571428,13436282986.761906,15766087251.266666,20708832181.68889,0.019354454655150954,-0.04846232218436819,0.09804236362487795,1.6096180502051554,0
2023-06-07,26345.998046875,27332.181640625,26146.98828125,27235.650390625,19530045082.0,-0.03277624957004588,27238.783203125,27219.658203125,26334.818359375,27694.2734375,20363.021484375,17133.15234375,26801.233816964286,26973.504743303572,28019.166015625,24093.34408637153,0.03482501245720695,0.02446942029431729,0.02208429736524793,0.025087476740723723,1185.193359375,15747986232.0,13645332422.809525,15935367076.7,20704396730.11111,-0.10942369562193044,-0.04635703166196303,0.15168404594180918,1.68568926243023,0
2023-06-08,26508.216796875,26797.513671875,26246.6640625,26347.654296875,11904824295.0,0.0061572444403654725,26345.998046875,26819.97265625,26476.20703125,27658.775390625,20187.244140625,17128.724609375,26756.697265625,26958.07654389881,27988.752115885418,24145.452376302084,0.03466315306686008,0.024120372760726528,0.022021112240659408,0.02508780568695185,550.849609375,15351679643.428572,13487326979.714285,15930858765.766666,20699941409.7,-0.3904353909570766,-0.035152204796169095,0.14276042208905304,1.6158902527790802,0
2023-06-09,26480.375,26770.2890625,26339.314453125,26505.923828125,11015551640.0,-0.0010503081775867784,26508.216796875,27249.58984375,26719.291015625,27621.755859375,20632.41015625,17104.193359375,26646.809430803572,26938.564453125,27935.875358072917,24197.542274305557,0.03384436112634356,0.02411416603652675,0.021121479259762342,0.02508746731193218,430.974609375,14805699163.428572,13475734995.857143,15793077958.2,20682680658.633335,-0.07469851154153473,-0.005774544709997498,0.1393809330494753,1.6172504519856687,0
2023-06-10,25851.240234375,26531.044921875,25501.8359375,26481.76171875,19872933189.0,-0.02375852931180167,26480.375,27075.12890625,26868.353515625,27000.7890625,22163.94921875,17206.4375,26471.968191964286,26877.690848214286,27862.81171875,24245.568956163195,0.03470910762159051,0.024530068483339777,0.021122813649911382,0.02516381249388281,1029.208984375,16446747123.285715,14086593178.190475,15788939180.633333,20684099280.011112,0.8040797082587141,0.025508855315890644,0.1765188218197038,1.6941837821338814,1
2023-06-11,25940.16796875,26203.439453125,25668.986328125,25854.03125,10732609603.0,0.0034399794195076883,25851.240234375,27119.06640625,28085.646484375,26804.990234375,24197.533203125,17781.318359375,26303.554129464286,26838.945219494046,27792.830305989584,24290.8958984375,0.034782980076475116,0.02440263729167476,0.021135893606456325,0.025057561730592866,534.453125,16642703878.285715,14185888067.809525,15656950508.583334,20595754102.077778,-0.45993832410503555,0.015267631356593814,0.1804453698512638,1.6797159268105406,1
2023-06-12,25902.5,26087.919921875,25675.197265625,25934.28515625,11677889997.0,-0.001452109670044499,25940.16796875,25760.09765625,27745.884765625,26784.078125,24746.07421875,17815.650390625,26323.897321428572,26793.76534598214,27717.887532552082,24335.822840711804,0.028802950623229216,0.02437753220480932,0.021087755540228483,0.025059189778668195,412.72265625,15237646357.0,14215465187.095238,15560119991.85,20518773038.33889,0.08807554070873613,0.03661921810153457,0.1733093903822025,1.5994414149213396,1
2023-06-13,25918.728515625,26376.3515625,25728.365234375,25902.94140625,14143474486.0,0.0006265231396582749,25902.5,27238.783203125,27702.349609375,26930.638671875,24375.9609375,17364.865234375,26135.31808035714,26731.52734375,27641.771354166667,24383.344303385416,0.015009477015416214,0.024129512221278432,0.021080245072651712,0.02497349810703662,647.986328125,14125332613.142857,14236716203.428572,15418177981.966667,20480878739.144444,0.21113270373615434,0.09293510536880278,0.21441330770333855,1.632891017738817,1
2023-06-14,25124.67578125,26041.80078125,24902.15234375,25920.2578125,14265717766.0,-0.030636253390914137,25918.728515625,26345.998046875,27219.658203125,27192.693359375,25052.7890625,16647.484375,25960.84347098214,26673.901506696428,27555.207682291668,24430.439811197917,0.014405991496152723,0.024000893658569448,0.021388776861099846,0.024881294202242745,1139.6484375,13373285853.714285,14139888267.142857,15456928521.766666,20426623788.066666,0.008643086967138336,0.19513171578551147,0.20734168366911443,1.6570053686949007,1
2023-06-15,25576.39453125,25735.30859375,24797.16796875,25121.673828125,15837384409.0,0.017979087727655774,25124.67578125,26508.216796875,26819.97265625,27036.650390625,27423.9296875,16795.091796875,25827.726004464286,26631.053292410714,27476.225,24479.22482638889,0.016674400756566964,0.024348777706104153,0.021555617167196634,0.024903392779852398,938.140625,13935080155.714285,14234472158.190475,15506637988.3,20434256024.644444,0.11017087739852882,0.16952689377121888,0.18452218132656206,1.5809382033634836,1
2023-06-16,26327.462890625,26463.173828125,25245.357421875,25575.283203125,16324646965.0,0.029365685552642073,25576.39453125,26480.375,27249.58984375,27398.802734375,26965.87890625,16757.9765625,25805.881417410714,26612.39481026786,27424.265299479168,24532.388639322915,0.021213842815312335,0.0251703997434347,0.021666971895524714,0.024980112131024905,1217.81640625,14693522345.0,14406521098.190475,15480845658.35,20464257648.35,0.030766605357075205,0.16591062638741438,0.14895738104986478,1.5141427518095596,1
2023-06-17,26510.67578125,26769.39453125,26174.4921875,26328.6796875,11090276850.0,0.006959002900740696,26327.462890625,25851.240234375,27075.12890625,26832.208984375,28038.67578125,16439.6796875,25900.086495535714,26595.36253720238,27359.484016927083,24588.338617621528,0.018655903559530843,0.025188595346186338,0.021235706941720663,0.024928358501637233,594.90234375,13438857153.714285,14558819274.809525,15341008114.25,20430197659.66111,-0.3206421631182883,0.15231673325000417,0.13712260376236984,1.5136683585460045,1
2023-06-18,26336.212890625,26675.92578125,26325.890625,26510.45703125,9565695129.0,-0.006580854145875503,26510.67578125,25940.16796875,27119.06640625,26890.12890625,27767.236328125,16906.3046875,25956.66434151786,26512.056175595237,27318.042903645834,24640.726996527777,0.019064071518723007,0.022931187047106852,0.020218013852170643,0.02486530566433592,350.03515625,13272155086.0,14321698586.761906,15090910276.05,20357106540.294445,-0.13747012284909732,0.15735173638424582,0.13366954557950717,1.5246719090226066,1
2023-06-19,26851.029296875,26984.611328125,26312.83203125,26335.44140625,12826986222.0,0.019547852547670663,26336.212890625,25902.5,25760.09765625,27129.5859375,28175.81640625,16817.53515625,26092.168526785714,26469.444010416668,27294.793587239583,24696.46863064236,0.02000031984538108,0.02332659618426296,0.02024260058611177,0.024889317437338087,671.779296875,13436311689.571428,14209587979.047619,14949020707.083334,20345684546.833332,0.34093613156380576,0.1273732014026756,0.11406991133879796,1.4260055498628974,1
2023-06-20,28327.48828125,28388.96875,26668.791015625,26841.6640625,22211859147.0,0.05498705349618893,26851.029296875,25918.728515625,27238.783203125,26753.826171875,27307.4375,16830.341796875,26436.27706473214,26499.21251860119,27312.30322265625,24760.341666666667,0.027148925466557693,0.02636151295174503,0.020994088613385403,0.02518957363275451,1720.177734375,14588938069.714285,14636291659.809525,14973226620.7,20377741691.816666,0.731650659209697,0.08333516045658507,0.05169986584088959,1.2931894360008367,1
2023-06-21,30027.296875,30737.330078125,28283.41015625,28311.310546875,33346760979.0,0.06000562340273241,28327.48828125,25124.67578125,26345.998046875,26851.27734375,28333.97265625,16796.953125,27136.651506696428,26632.909598214286,27349.133170572917,24833.84357638889,0.02428300669615924,0.028891706061381733,0.022215186049611757,0.025539531406542415,2453.919921875,17314801385.857143,15478691157.190475,15310243726.983334,20477838890.516666,0.5013043599055917,0.0019631876620596067,-0.003948165393259373,1.158990751644207,1
2023-06-22,29912.28125,30495.998046875,29679.158203125,29995.935546875,20653160491.0,-0.0038303689299371557,30027.296875,25576.39453125,26508.216796875,27225.7265625,27493.28515625,16847.755859375,27756.063895089286,26780.16238839286,27387.814778645832,24906.42427300347,0.02676189348504014,0.02861626757693989,0.02219047644841718,0.02554543144384002,816.83984375,18002769397.57143,15763176398.904762,15441372287.966667,20538441803.172222,-0.38065467575677736,0.017821118624979482,-0.004696349116635856,1.1428054478041525,1
2023-06-23,30695.46875,31389.5390625,29845.21484375,29896.3828125,24115570085.0,0.02618280743799839,29912.28125,26327.462890625,26480.375,26334.818359375,27494.70703125,16841.986328125,28380.06473214286,26944.251860119046,27440.650260416667,24983.38806423611,0.026661014576967935,0.028886056600941127,0.02240917734545617,0.025599515072214273,1544.32421875,19115758414.714287,16204993307.714285,15548243650.55,20607659526.211113,0.16764550856556837,-0.007109088271375574,-0.01990292744755695,1.0932268097388151,0
2023-06-24,30548.6953125,30804.1484375,30290.146484375,30708.73828125,12147822496.0,-0.0047815994828226405,30695.46875,26510.67578125,25851.240234375,26476.20703125,27994.330078125,16919.8046875,28956.924665178572,27109.65978422619,27478.001888020834,25059.10412326389,0.02812816445023254,0.028853185539857787,0.022155821140657714,0.02560713659192299,514.001953125,19266836364.142857,16384146880.380953,15455151139.833334,20609108774.5,-0.496266418202736,0.0013546507330892688,-0.044904677035869756,1.0681995164994005,1
2023-06-25,30480.26171875,31041.271484375,30327.943359375,30545.150390625,12703464114.0,-0.002240147837737516,30548.6953125,26336.212890625,25940.16796875,26719.291015625,27139.888671875,16717.173828125,29548.931640625,27269.716703869046,27512.294563802083,25135.56572265625,0.02746419957880888,0.02889582093112364,0.022158448207084472,0.025584307053400073,713.328125,19715089076.285713,16543316013.52381,15135971508.083334,20592191462.694443,0.04574001786599702,0.0046097967857527955,-0.04110434173139965,0.9775884675366884,1
2023-06-26,30271.130859375,30636.029296875,29955.744140625,30480.5234375,16493186997.0,-0.006861189753050945,30480.26171875,26851.029296875,25902.5,26868.353515625,27268.130859375,16552.572265625,30037.517578125,27484.527808779763,27525.583626302083,25211.77993706597,0.02950102090725004,0.02610513816719283,0.021683194409775702,0.02557646805300856,680.28515625,20238832044.142857,16304263363.571428,14958300540.916666,20589344090.9,0.29832200484775573,0.0292459702897363,-0.030265080197400818,1.0417024032605324,1
2023-06-27,30688.1640625,31006.787109375,30236.650390625,30274.3203125,16428827944.0,0.013776598074988877,30271.130859375,28327.48828125,25918.728515625,28085.646484375,28348.44140625,16642.341796875,30374.756975446428,27648.784040178572,27548.048665364582,25289.81228298611,0.024492041285083584,0.023595104334716902,0.02173745079138454,0.025587226612883325,770.13671875,19412684729.42857,16042318470.761906,14939706591.866667,20600214037.927776,-0.0039021599046750177,0.0029137607765616913,-0.04814477028883035,0.9815873383595315,1
2023-06-28,30086.24609375,30703.279296875,29921.822265625,30696.560546875,14571500779.0,-0.01961401038928634,30688.1640625,30027.296875,25124.67578125,27745.884765625,28033.5625,16602.5859375,30383.178292410714,27826.891090029763,27562.011295572916,25364.72150607639,0.014992683611807158,0.022671554593047302,0.021893881164501,0.025642373062765903,781.45703125,16730504700.857143,15806197313.47619,15004854365.966667,20592671470.533333,-0.11305293179348908,0.014223107812838531,-0.025493376528597067,1.0476067565653375,1
2023-06-29,30445.3515625,30796.25,30057.203125,30086.1875,13180860821.0,0.011935868224670187,30086.24609375,29912.28125,25576.39453125,27702.349609375,28478.484375,16547.49609375,30459.331194196428,28014.373697916668,27581.620377604166,25441.93181423611,0.01543323998596343,0.022701190579325726,0.02194183880767906,0.02564448896552692,739.046875,15663033319.428572,15866960957.571428,14980332058.45,20603458550.33889,-0.09543560262537598,-0.017605763913569494,-0.03575040319424794,0.9812593260722016,0
2023-06-30,30477.251953125,31256.86328125,29600.275390625,30441.353515625,26387306197.0,0.0010477918298796851,30445.3515625,30695.46875,26327.462890625,27219.658203125,28411.03515625,16625.080078125,30428.157366071428,28204.701171875,27621.381770833334,25518.888324652777,0.011449464860362961,0.022669243579855957,0.021267672459300415,0.025645152201295478,1656.587890625,15987567049.714285,16598949269.809525,15109193828.8,20698697130.877777,1.0019410382483698,-0.004429084627859958,-0.03943739288645931,0.9977975376486292,0
2023-07-01,30590.078125,30641.2890625,30328.865234375,30471.84765625,9086606733.0,0.0037019798257575953,30477.251953125,30548.6953125,26510.67578125,26819.97265625,28199.30859375,16688.470703125,30434.069196428572,28430.36011904762,27653.207454427084,25596.11947699653,0.011426794326563787,0.02157444114993299,0.021117200009378445,0.02564515066678826,312.423828125,15550250512.142857,16085314676.666666,14986755198.9,20681968417.02222,-0.6556447761221997,-0.00972658873766774,-0.044457774554147234,1.0489745960316994,0
2023-07-02,30620.76953125,30766.140625,30264.01953125,30587.26953125,10533418042.0,0.0010033124506771962,30590.078125,30480.26171875,26336.212890625,27249.58984375,27790.220703125,16679.857421875,30454.141741071428,28653.245907738095,27680.11513671875,25673.568988715277,0.011374653363666474,0.02160821308231775,0.02107580906514484,0.02564400727764287,502.12109375,15240243930.428572,16075829364.238094,14843595957.633333,20663248077.216667,0.1592245985231855,-0.014680726942254863,-0.030862617884587884,1.05259310693046,0
2023-07-03,31156.439453125,31375.61328125,30586.513671875,30624.515625,15271884873.0,0.01749367929268808,30620.76953125,30271.130859375,26851.029296875,27075.12890625,28168.08984375,16863.23828125,30580.614397321428,28903.433500744046,27718.5939453125,25752.97566189236,0.012354396726560773,0.021582815048886643,0.021162457765369236,0.02565890386858832,789.099609375,15065772198.428572,16246971977.380953,14838982730.283333,20645748863.61111,0.4498508282977345,-0.023814298521379396,-0.06433599294186843,0.9908890975274285,0
2023-07-04,30777.58203125,31325.197265625,30659.35546875,31156.865234375,12810828427.0,-0.012159843310882601,31156.439453125,30688.1640625,28327.48828125,27119.06640625,28177.984375,16836.736328125,30593.38839285714,29134.807477678572,27739.313899739584,25830.4248046875,0.012879014907247441,0.02200851853666737,0.021028987845955114,0.02568327010748541,665.841796875,14548915124.571428,16183512641.238094,14753553762.1,20640849251.72778,-0.16114948917347038,-0.0050891216605634115,-0.05195022604851007,0.955121809565886,0
2023-07-05,30514.166015625,30877.330078125,30225.61328125,30778.724609375,12481622280.0,-0.0085586975402272,30777.58203125,30086.24609375,30027.296875,25760.09765625,28044.140625,16951.96875,30654.51981026786,29391.449869791668,27766.139615885415,25905.770345052082,0.010452502769899206,0.02052583863098351,0.0208642499204477,0.02569832210754895,651.716796875,14250361053.285715,16098555713.333334,14696349688.2,20630115692.655556,-0.02569749090590956,-0.004015168928007462,-0.047193628625229356,0.8672541499519979,0
2023-07-06,29909.337890625,31460.052734375,29892.2265625,30507.150390625,21129219509.0,-0.019821224171432172,30514.166015625,30445.3515625,29912.28125,27238.783203125,27925.859375,16955.078125,30577.946428571428,29597.78050595238,27790.378938802085,25977.73845486111,0.012200484038862891,0.02138398212945701,0.020929177886114442,0.025756344745375664,1567.826171875,15385840865.857143,16350547860.952381,14860147421.916666,20704640427.85,0.6928263838633002,0.052382000003787565,-0.02899465513650923,0.8944710580758348,1
2023-07-07,30342.265625,30434.64453125,29777.28515625,29907.998046875,13384770155.0,0.014474667943441766,29909.337890625,30477.251953125,30695.46875,26345.998046875,27947.794921875,17091.14453125,30558.662667410714,29788.961588541668,27834.512141927084,26051.355794270832,0.013796828519315628,0.020870109433537773,0.020676786816620555,0.02576718307348071,657.359375,13528335717.0,16210553727.142857,14764511861.966667,20724728995.855556,-0.3665279425348035,-0.0002701599717802594,-0.04285804403407989,0.9215288595477122,0
2023-07-08,30292.541015625,30374.4375,30080.16015625,30346.921875,7509378699.0,-0.0016387902600796256,30342.265625,30590.078125,30548.6953125,26508.216796875,28333.05078125,17196.5546875,30516.157366071428,29969.05040922619,27878.408235677085,26124.111273871527,0.013669440102607936,0.020954790224925742,0.020677719929930765,0.02576926894250634,294.27734375,13303017426.428572,16040034767.571428,14654191619.35,20662977006.038887,-0.438960952482639,0.00010780294060896978,-0.03670748155631598,0.843658785381947,1
2023-07-09,30171.234375,30427.58984375,30085.591796875,30291.611328125,7903327692.0,-0.004004505286051452,30292.541015625,30620.76953125,30480.26171875,26480.375,29652.98046875,17446.29296875,30451.938058035714,30151.670479910714,27920.899544270833,26194.80539279514,0.013658911039144588,0.020881330331531018,0.020687277672388888,0.025761896180417573,341.998046875,12927290233.571428,15960874413.428572,14441646663.783333,20619060276.833332,0.052460930363315006,0.0025818777094697154,-0.013447981029115597,0.879442416954477,1
2023-07-10,30414.470703125,31026.083984375,29985.39453125,30172.423828125,14828209155.0,0.008061862007427312,30171.234375,31156.439453125,30271.130859375,25851.240234375,30235.05859375,17934.896484375,30345.942522321428,30321.35816592262,27977.79423828125,26264.136360677083,0.011742696843092398,0.020677337913663784,0.020457152643190497,0.025698165337974213,1040.689453125,12863907988.142857,16056170743.571428,14410044417.316668,20599370973.35,0.876198195604313,-0.008830731722134,-0.02804508981352616,0.9072903529614842,0
2023-07-11,30620.951171875,30788.314453125,30358.09765625,30417.6328125,12151839152.0,0.006788889103658935,30414.470703125,30777.58203125,30688.1640625,25940.16796875,30139.052734375,18869.587890625,30323.56668526786,30430.57068452381,28041.393587239585,26329.421712239582,0.011563590960593425,0.01740089693362796,0.0204276034203581,0.025437524581449128,430.216796875,12769766663.142857,15577122172.380953,14290681738.233334,20472595975.805557,-0.1804917893336797,-0.02496293036700581,-0.03890667433264616,0.8857185647056527,0
2023-07-12,30391.646484375,30959.96484375,30228.8359375,30622.24609375,14805659717.0,-0.007488490028050299,30620.951171875,30514.166015625,30086.24609375,25902.5,30399.06640625,19909.57421875,30306.063895089286,30447.92066592262,28101.5197265625,26387.65544704861,0.011448426651007454,0.011863240718426236,0.020463763920421794,0.02514745758771572,731.12890625,13101772011.285715,14694212588.47619,14370789873.433332,20392488364.822224,0.21838838811187067,-0.01571888040009961,-0.03270410641081922,0.8868643425417,0
2023-07-13,31476.048828125,31814.515625,30268.3515625,30387.48828125,23686079548.0,0.03568093437476372,30391.646484375,29909.337890625,30445.3515625,25918.728515625,30485.69921875,20976.298828125,30529.879743303572,30522.385788690477,28177.2765625,26445.987391493054,0.014629322749344698,0.014050204202494122,0.020909592717866698,0.02497983703693912,1546.1640625,13467037731.142857,14838637305.47619,14598643549.916666,20307590003.205555,0.5997989958396395,-0.05350205206252745,-0.06544925621459319,0.839476903848704,0
2023-07-14,30334.068359375,31582.25390625,29966.38671875,31474.720703125,20917902660.0,-0.036280934592069825,31476.048828125,30342.265625,30477.251953125,25124.67578125,30318.49609375,20880.798828125,30528.70870535714,30505.176246279763,28229.6328125,26498.505555555555,0.021506348818300106,0.015343254188874644,0.021487439550990667,0.02514174344648179,1615.8671875,14543199517.571428,14686367428.095238,14707054731.05,20316587198.3,-0.11686935705802515,-0.014021337781371157,-0.034652598669645096,0.9526544353782294,0
2023-07-15,30295.806640625,30407.78125,30263.462890625,30331.783203125,8011667756.0,-0.001261344778969442,30334.068359375,30292.541015625,30590.078125,25576.39453125,30315.35546875,21169.6328125,30529.175223214286,30493.133928571428,28283.952083333334,26549.206521267362,0.021501560295991717,0.015312781838047884,0.021467703680737398,0.02512852088572611,144.318359375,14614955097.142857,14489407678.571428,14628378546.716667,20212249274.444443,-0.6169946917613203,-0.01729625200166618,-0.02928997044957682,1.006475473316394,0
2023-07-16,30249.1328125,30437.560546875,30089.669921875,30297.47265625,8516564470.0,-0.001540603578530031,30295.806640625,30171.234375,30620.76953125,26327.462890625,29445.044921875,21161.51953125,30540.303571428572,30482.127790178572,28331.457584635416,26599.69326171875,0.021441079255293045,0.015309074042260926,0.02142133311947973,0.02512935993350746,347.890625,14702560351.142857,14290031505.047619,14517987839.133333,20120674725.044445,0.06302017624506195,-0.0054412716893484925,-0.0356633415885631,1.1445293240586185,0
2023-07-17,30145.888671875,30336.400390625,29685.783203125,30249.626953125,13240156074.0,-0.0034131272874816654,30249.1328125,30414.470703125,31156.439453125,26510.67578125,30397.552734375,20688.78125,30501.934709821428,30476.163876488095,28386.685579427085,26652.232747395832,0.02120985809906545,0.01525301768447805,0.021228316818231643,0.02506521861083212,650.6171875,14475695625.285715,14135125270.619047,14484941463.7,20027533228.68889,0.554635806567199,-0.03214277962732659,-0.047904024018615154,1.159403862531783,0
2023-07-18,29856.5625,30233.65625,29556.427734375,30147.0703125,13138897269.0,-0.009597533349379406,30145.888671875,30620.951171875,30777.58203125,26336.212890625,28822.6796875,21086.79296875,30392.736328125,30436.563802083332,28436.126139322918,26700.95368923611,0.02110146272560315,0.01504219018085481,0.021282535980593247,0.025049150162441535,677.228515625,14616703927.714285,13978461905.142857,14516273363.166666,19983011278.733334,-0.007647855843545881,-0.021073151840571014,-0.10691156152855841,1.1475611255900606,0
2023-07-19,29913.923828125,30184.181640625,29794.26953125,29862.046875,12128602812.0,0.0019212301525000086,29856.5625,30391.646484375,30514.166015625,26851.029296875,28245.98828125,22676.552734375,30324.490234375,30428.357979910714,28482.531770833335,26741.16130642361,0.021098392287735725,0.014446299907004585,0.02126303294174775,0.02444175035027675,389.912109375,14234267227.0,13862133430.52381,14601001554.033333,19890397103.694443,-0.07689339800104045,-0.018685317749906005,-0.12918289187681664,1.1386049778632428,0
2023-07-20,29792.015625,30195.53125,29638.095703125,29915.25,14655207121.0,-0.0040752996439197275,29913.923828125,31476.048828125,29909.337890625,28327.48828125,27276.91015625,22777.625,30083.9140625,30397.246744791668,28533.16826171875,26780.130143229166,0.01306350793974507,0.01419555213859542,0.021177973952695068,0.02444490564007541,557.435546875,12944142594.571428,13932340397.190475,14701131390.7,19791580040.872223,0.20831783744292354,-0.019512817769442248,-0.12405372611894228,1.23919579962962,0
2023-07-21,29908.744140625,30045.998046875,29733.8515625,29805.111328125,10972789818.0,0.0039181140710413676,29792.015625,30334.068359375,30342.265625,30027.296875,27817.5,22720.416015625,30023.153459821428,30370.174944196428,28584.126041666666,26820.065299479167,0.004381452386349148,0.014229391112782713,0.021178363289995675,0.02444328944056374,312.146484375,11523412188.571428,13198315807.714285,14699731712.8,19715060060.805557,-0.2512702326617633,-0.019709889659803026,-0.12435026154101436,1.245619144746092,0
2023-07-22,29771.802734375,29991.615234375,29664.12109375,29908.697265625,7873300598.0,-0.004578641136054662,29908.744140625,30295.806640625,30292.541015625,29912.28125,27591.384765625,22934.431640625,29948.295758928572,30331.209449404763,28626.56064453125,26858.050694444446,0.004465953319973157,0.014213127614279786,0.021136512186515636,0.02444124694021435,327.494140625,11503645451.714285,13140539325.095238,14602666670.383333,19611474505.72778,-0.2824704812002806,-0.013935493571773816,-0.12252069993609593,1.2892306537691685,0
2023-07-23,30084.5390625,30330.640625,29741.52734375,29790.111328125,9220145050.0,0.010504447141318263,29771.802734375,30249.1328125,30171.234375,30695.46875,27525.33984375,22636.46875,29924.782366071428,30305.674665178572,28689.055989583332,26899.42886284722,0.006666781178076125,0.01443604670920618,0.02067466050141749,0.024424849281608336,589.11328125,11604156963.142857,13078002515.952381,14484684014.083334,19516002702.033333,0.17106478220101606,-0.02689854968589811,-0.13471646695600759,1.2465110686786014,0
2023-07-24,29176.916015625,30093.39453125,28934.294921875,30081.662109375,15395817395.0,-0.03016908602087709,30084.5390625,30145.888671875,30414.470703125,30548.6953125,28307.59765625,23117.859375,29786.35770089286,30211.411644345237,28734.067805989584,26933.09028862847,0.013052816619674215,0.015154628080473962,0.02109382135059342,0.02449747334587217,1159.099609375,11912108580.428572,13083904064.619047,14510428925.716667,19431060761.4,0.6698020813674725,0.0018231986023304891,-0.0940906636313047,1.259583289738162,1
2023-07-25,29227.390625,29353.16015625,29062.43359375,29178.970703125,10266772793.0,0.0017299501204297574,29176.916015625,29856.5625,30620.951171875,30480.26171875,28422.701171875,23032.77734375,29696.476004464286,30137.59300595238,28775.869466145832,26967.50480685764,0.013029581484231943,0.01503803939686644,0.021071772087112126,0.024494292147908516,290.7265625,11501805083.857143,12962758558.238094,14469681485.183332,19341665947.35,-0.33314532579905287,0.015339781871991809,-0.10486798556362742,1.2366735933170565,1
2023-07-26,29354.97265625,29675.552734375,29113.912109375,29225.759765625,13497554655.0,0.004365152978824893,29227.390625,29913.923828125,30391.646484375,30271.130859375,29473.787109375,23078.728515625,29616.625837053572,30082.39332217262,28817.313118489583,27002.37282986111,0.013213746742845018,0.015035694331838934,0.021068580135409333,0.024495132989089827,561.640625,11697369632.857143,13011136290.380953,14563107143.75,19275633830.761112,0.3146832921249394,-0.006915818803591267,-0.11266590932408305,1.2407524385308975,0
2023-07-27,29210.689453125,29560.966796875,29099.3515625,29353.798828125,10770779217.0,-0.004915119656712763,29354.97265625,29792.015625,31476.048828125,30688.1640625,29340.26171875,23031.08984375,29533.579241071428,30049.124348958332,28836.063834635417,27036.703938802082,0.013233013322136005,0.014480759689439416,0.020289730580358028,0.024498457240185886,461.615234375,11142451360.857143,12517877228.857143,14500199637.733334,19253733002.083332,-0.20201995899975111,-0.0010958236941434052,-0.10962516196814454,1.3249044706383906,0
2023-07-28,29319.24609375,29521.513671875,29125.845703125,29212.1640625,11218474952.0,0.0037163327075591113,29210.689453125,29908.744140625,30334.068359375,30086.24609375,29248.48828125,23774.56640625,29449.365234375,30000.409133184523,28862.2865234375,27067.50771484375,0.013216314345733823,0.014090038997206265,0.020221216921636215,0.024390983176358356,395.66796875,11177549237.142857,12414720314.428572,14434152403.866667,19163704044.822224,0.04156577031059938,-0.008361548454933199,-0.11015128847611966,1.3129290473794213,0
2023-07-29,29356.91796875,29396.84375,29264.166015625,29319.4453125,6481775959.0,0.001284885528077373,29319.24609375,29771.802734375,30295.806640625,30445.3515625,29268.806640625,22840.138671875,29390.09598214286,29955.855654761905,28889.862662760417,27103.712044270833,0.013267837311120167,0.014103420670054889,0.02021814309077151,0.02419891548709869,132.677734375,10978760003.0,12365786850.619047,14321330639.0,19048571713.66111,-0.42222307517436264,-0.010722890460098333,-0.11073259058002594,1.3250351845570898,0
2023-07-30,29275.30859375,29443.169921875,29059.501953125,29357.09375,8678454527.0,-0.002779902682116475,29356.91796875,30084.5390625,30249.1328125,30477.251953125,28091.568359375,23139.283203125,29274.491629464286,29913.192522321428,28924.123502604165,27137.80107421875,0.012091389194284301,0.01409463243377819,0.02007781851595185,0.02418600725049652,383.66796875,10901375642.571428,12402697652.285715,14205032022.216667,18969908524.005554,0.33890072441487185,-0.007974403557605592,-0.05287445598286422,1.2824665997462934,0
2023-07-31,29230.111328125,29489.873046875,29131.578125,29278.314453125,11656781982.0,-0.0015438698273756435,29275.30859375,29176.916015625,30145.888671875,30590.078125,28680.537109375,23723.76953125,29282.090959821428,29856.794456845237,28964.29248046875,27168.391861979166,0.003446889381858596,0.013929172133844236,0.019970670267473862,0.024121916102954475,358.294921875,10367227726.428572,12251677310.714285,14154662215.0,18886428115.55,0.3431863871307925,-0.0016945950895964623,-0.06612515708297118,1.2648225619757345,0
2023-08-01,29675.732421875,29675.732421875,28657.0234375,29230.873046875,18272392391.0,0.015245275282999904,29230.111328125,29227.390625,29856.5625,30620.76953125,29006.30859375,23471.87109375,29346.139787946428,29811.784040178572,29004.728190104168,27202.85775824653,0.0066763838477890336,0.014306905183447934,0.01996147445260018,0.02412668826499275,1018.708984375,11510887669.0,12543132226.857143,14211911838.183332,18809791757.266666,0.5675331681775979,0.00302468577182724,-0.12617244664414673,1.1775115465176165,1
2023-08-02,29151.958984375,29987.998046875,28946.509765625,29704.146484375,19212655598.0,-0.01764989082843693,29675.732421875,29354.97265625,29913.923828125,31156.439453125,28847.7109375,23449.322265625,29317.137834821428,29752.751302083332,29039.342024739584,27234.539073350694,0.00989415703021984,0.014690033225001134,0.020090454958899266,0.02416857180397137,1041.48828125,12327330660.857143,12752989173.571428,14392362806.983334,18766067254.994446,0.051458133498880176,0.014048289395217184,-0.11495743311096895,1.241959109335692,1
2023-08-03,29178.6796875,29375.70703125,28959.48828125,29161.8125,12780357746.0,0.0009166006009861949,29151.958984375,29210.689453125,29792.015625,30777.58203125,29534.384765625,23331.84765625,29312.565011160714,29643.35277157738,29073.668912760415,27267.021473524306,0.009748989807498868,0.01194889937742577,0.020090546529800673,0.024163695902869643,416.21875,12614413307.857143,12233669087.761906,14449353564.116667,18750184250.594444,-0.3347948345396661,0.008599159114196953,-0.11343490846136317,1.1047925082285306,1
2023-08-04,29074.091796875,29302.078125,28885.3359375,29174.3828125,12036639988.0,-0.0035843942133476636,29178.6796875,29319.24609375,29908.744140625,30514.166015625,28904.623046875,22955.666015625,29277.54296875,29583.35388764881,29128.9021484375,27301.012727864585,0.009660817849862838,0.009306513379709003,0.01893248751652293,0.024130574813549164,416.7421875,12731294027.285715,11810751817.666666,14291409353.15,18708364124.944443,-0.05819224882282881,0.011130976992711483,-0.1067797891096528,1.087084754837368,1
2023-08-05,29042.126953125,29102.46484375,28957.796875,29075.388671875,6598366353.0,-0.0010994270766331304,29074.091796875,29356.91796875,29771.802734375,29909.337890625,28454.978515625,22760.109375,29232.572823660714,29523.654854910714,29158.957877604167,27335.912825520834,0.009602156069731322,0.009307202566331902,0.01749268527100487,0.024119530224109068,144.66796875,12747949797.857143,11743451750.857143,14035887614.15,18612660568.33889,-0.4518099436737927,0.012872262807348323,-0.11120779627170096,1.0011267307075276,1
2023-08-06,29041.85546875,29160.822265625,28963.833984375,29043.701171875,7269806994.0,-9.347950838400898e-06,29042.126953125,29275.30859375,30084.5390625,30342.265625,27694.2734375,23264.291015625,29199.22237723214,29466.165457589286,29203.888834635418,27368.01040581597,0.009597675552564479,0.009316718449831837,0.016915370303811218,0.024070752586125427,196.98828125,12546714436.0,11684082347.238094,13831550312.683332,18502004137.91111,0.10175861797893715,0.008300385421633472,-0.11231627574157177,0.8590911689284659,1
2023-08-07,29180.578125,29244.28125,28724.140625,29038.513671875,13618163710.0,0.004776645775930843,29041.85546875,29230.111328125,29176.916015625,30292.541015625,27658.775390625,22939.3984375,29192.14620535714,29420.198288690477,29248.428190104165,27402.683626302085,0.009843512729137657,0.009420858837765214,0.016910231185554705,0.024043929417255357,520.140625,12826911825.714285,11702082710.857143,13860105969.6,18436708559.866665,0.8732496916684993,0.007808797803761758,-0.11745284079682705,0.9202606667427018,1
2023-08-08,29765.4921875,30176.796875,29113.814453125,29180.01953125,17570561357.0,0.020044635853149417,29180.578125,29675.732421875,29227.390625,30171.234375,27621.755859375,21819.0390625,29204.96902901786,29415.86160714286,29303.180143229165,27446.830588107638,0.011175664640404833,0.010325119276926227,0.017069753505465683,0.023783071639369217,1062.982421875,12726650249.428572,11913114334.095238,13969356131.55,18353364055.266666,0.2902298526561038,-0.0199944461694449,-0.11843569905692497,0.8486998498418497,0
2023-08-09,29561.494140625,30093.435546875,29376.80078125,29766.6953125,18379521213.0,-0.006853508270246889,29765.4921875,29151.958984375,29354.97265625,30414.470703125,27000.7890625,21651.18359375,29263.474051339286,29399.079241071428,29365.017708333333,27490.7767578125,0.00873404422512513,0.010416618071939667,0.01677275879561222,0.023781241616362612,716.634765625,12607631051.571428,12210777115.095238,13944465931.95,18305036914.261112,0.04604063806292191,-0.02908225273256848,-0.12366898054472653,1.087517512653212,0
2023-08-10,29429.591796875,29688.564453125,29354.447265625,29563.97265625,11865344789.0,-0.004461964714047806,29561.494140625,29178.6796875,29210.689453125,30620.951171875,26804.990234375,21870.875,29299.31863839286,29381.820963541668,29423.174772135415,27532.76962890625,0.009077862507163522,0.010423570584819311,0.016795257669074058,0.023778239004902633,334.1171875,12476914914.857143,12077926527.857143,13963344851.716667,18280087572.91111,-0.35442579534620655,-0.0939544467592176,-0.12008029492530203,1.0686699870473433,0
2023-08-11,29397.71484375,29517.7734375,29253.517578125,29424.90234375,10195168197.0,-0.001083159880198692,29429.591796875,29074.091796875,29319.24609375,30391.646484375,26784.078125,21788.203125,29345.55050223214,29357.486235119046,29481.428352864583,27575.044694010416,0.008902989107232783,0.010373859969500236,0.016793949478619372,0.023775472460828933,264.255859375,12213847516.142857,12040896926.857143,13938632821.716667,18237721582.86111,-0.14076089837257577,-0.11389178447782733,-0.12128453861807653,1.0731479580616852,0
2023-08-12,29415.96484375,29465.11328125,29357.587890625,29399.787109375,6194358008.0,0.0006207965516027425,29397.71484375,29042.126953125,29356.91796875,31476.048828125,26930.638671875,21808.1015625,29398.955915178572,29340.541573660714,29539.715625,27617.310601128473,0.008839047050377018,0.010340377065107865,0.016793958870987172,0.02377555315001305,107.525390625,12156132038.285715,11960947279.714285,13806147547.083334,18139252779.533333,-0.39242218585243804,-0.11285571570603603,-0.1445919101912001,0.9961774052594474,0
2023-08-13,29282.9140625,29441.43359375,29265.806640625,29416.59375,7329897180.0,-0.004523080645381872,29415.96484375,29041.85546875,29275.30859375,30334.068359375,27192.693359375,22220.8046875,29433.39285714286,29302.368954613095,29609.019596354166,27656.544542100695,0.009157232236582588,0.010055259378577125,0.016257074959501086,0.023746194876323474,175.626953125,12164716350.571428,11870935476.380953,13690550537.316668,18031126671.75,0.1833182987701798,-0.10563600574460419,-0.1178014696603421,1.0269333679809551,0
2023-08-14,29408.443359375,29660.25390625,29124.10546875,29283.263671875,14013695304.0,0.004286776125049352,29282.9140625,29180.578125,29230.111328125,30295.806640625,27036.650390625,24307.841796875,29465.94503348214,29313.394066220237,29672.887076822917,27684.881217447917,0.009127319523145914,0.007612696107156786,0.01613437206620236,0.022721486917405904,536.1484375,12221220864.0,11805120138.714285,13660155718.9,17928517685.055557,0.9118542811537773,-0.11167890439627814,-0.1081362621531351,1.0609579931039947,0
2023-08-15,29170.34765625,29439.12109375,29088.853515625,29408.048828125,12640195779.0,-0.008096168172366025,29408.443359375,29765.4921875,29675.732421875,30249.1328125,27398.802734375,23623.474609375,29380.924386160714,29310.677734375,29720.268489583334,27715.697178819446,0.0043788515034605315,0.007826107710553965,0.015796678276005206,0.02262514877514577,350.267578125,11516882924.285715,11918140280.904762,13598748199.133333,17780315080.516666,-0.09801123081418472,-0.1075986972536993,-0.0901831496533897,1.013595114580852,0
2023-08-16,28701.779296875,29221.9765625,28701.779296875,29169.07421875,14949271904.0,-0.016063173634291772,29170.34765625,29561.494140625,29151.958984375,30145.888671875,26832.208984375,24565.6015625,29258.107979910714,29279.573288690477,29756.786881510416,27738.675944010418,0.006596302595254512,0.008489539590430162,0.015948888895234343,0.022477679996222407,520.197265625,11026847308.714285,11987269673.714285,13663064783.366667,17633597417.455555,0.18267724372087835,-0.07909400488359863,-0.07292530249955242,1.005453984607743,0
2023-08-17,26664.55078125,28745.947265625,25409.111328125,28699.802734375,31120851211.0,-0.07097917151940503,28701.779296875,29429.591796875,29178.6796875,29856.5625,26890.12890625,24641.27734375,28863.102120535714,29158.328590029763,29762.2591796875,27749.91635199653,0.026108428650785487,0.01747930089319916,0.01846651942774151,0.023110368186640414,3336.8359375,13777633940.428572,12956320721.047619,14022317384.733334,17697460884.416668,1.081763674568856,-0.018833159369334718,-0.0036103938911168365,1.2087042062663662,0
2023-08-18,26049.556640625,26808.1953125,25668.921875,26636.078125,24026236529.0,-0.02306411031148714,26664.55078125,29397.71484375,29074.091796875,29913.923828125,27129.5859375,24327.642578125,28384.793805803572,29002.629092261905,29748.901302083334,27759.48254123264,0.02565727167048389,0.017847246536408734,0.018535904191384112,0.023156717299688986,1139.2734375,15753500845.0,13566214129.47619,14208971556.516666,17688967166.966667,-0.2279698146396565,-7.25030333934562e-05,0.018604188396020627,1.2833007669501333,0
2023-08-19,26096.205078125,26249.44921875,25802.408203125,26047.83203125,10631443812.0,0.0017907574452629138,26049.556640625,29415.96484375,29042.126953125,29792.015625,26753.826171875,24829.1484375,27910.542410714286,28847.35704985119,29711.713248697917,27766.521744791666,0.02579335514916761,0.01785714122419938,0.017058196357613197,0.023108478883512782,447.041015625,16387370245.571428,13763817360.571428,14015964634.266666,17586989762.738888,-0.5575069029572026,-0.003362258506067195,0.02521731301179231,1.2410907895866385,0
2023-08-20,26189.583984375,26260.681640625,26004.314453125,26096.861328125,9036580420.0,0.00357825614760654,26096.205078125,29282.9140625,29041.85546875,29908.744140625,26851.27734375,24436.353515625,27468.638113839286,28700.417782738095,29647.7513671875,27776.2619140625,0.026598102922014446,0.017958004776823806,0.01506429482105998,0.023076971337461963,256.3671875,16631182137.0,13780870974.52381,13610794958.283333,17463570216.66111,-0.15001380999632752,-0.0038141356143570615,0.03900532378576371,1.2716455962223172,0
2023-08-21,26124.140625,26220.201171875,25846.087890625,26188.69140625,13371557893.0,-0.002498831574187843,26189.583984375,29408.443359375,29180.578125,29771.802734375,27225.7265625,24188.84375,26999.452008928572,28552.51441592262,29584.615690104165,27787.013563368055,0.025870188005344446,0.017949674154650132,0.01506277742037419,0.02306407124626651,374.11328125,16539448221.142857,13862526970.285715,13489434914.983334,17370078889.505554,0.47971436887848773,-0.0006886440642485114,0.03857991740158906,1.2589371959005828,0
2023-08-22,26031.65625,26135.5078125,25520.728515625,26130.748046875,14503820706.0,-0.0035401882238949023,26124.140625,29170.34765625,29765.4921875,30084.5390625,26334.818359375,23947.4921875,26551.067522321428,28378.986979166668,29506.885481770834,27798.592252604165,0.026171704521155744,0.017338743067903003,0.014597052076210369,0.023052425877335216,614.779296875,16805680353.571428,13683071175.761906,13329239092.0,17281343093.06111,0.08467695552458698,0.0651413153216096,0.020589414570961084,1.3500307018017725,1
2023-08-23,26431.640625,26786.8984375,25804.998046875,26040.474609375,16985265785.0,0.015365306423789304,26031.65625,28701.779296875,29561.494140625,29176.916015625,26476.20703125,23198.126953125,26226.76199776786,28249.44800967262,29438.267903645832,27816.556217447916,0.02869794785723571,0.01772876590395617,0.014777470035300706,0.022952501544964077,981.900390625,17096536622.285715,13577004994.190475,13409863146.816668,17226751542.266666,0.17108906193065843,0.03274957511268761,0.00559661568018921,1.2844557747727778,1
2023-08-24,26162.373046875,26554.91015625,25914.92578125,26431.51953125,12871532023.0,-0.01018731988472621,26431.640625,26664.55078125,29429.591796875,29227.390625,26719.291015625,23175.375,26155.022321428572,28105.814360119046,29366.303092447917,27833.150651041666,0.011954254049807194,0.017724759734282104,0.014812496126384805,0.022967158559120845,639.984375,14489491024.0,13581346626.428572,13412664278.633333,17208811600.366665,-0.2421942531881317,-0.00882566693056841,0.015939592994023588,1.4498678064834731,0
2023-08-25,26047.66796875,26248.103515625,25786.8125,26163.6796875,12406045118.0,-0.004384352975912553,26162.373046875,26049.556640625,29397.71484375,29354.97265625,26868.353515625,23561.212890625,26154.752511160714,27961.69893973214,29295.912044270834,27846.964290364584,0.008102286886443604,0.017722362316929485,0.014803393962196702,0.022940245970477037,461.291015625,12829463679.571428,13598937346.904762,13344545247.316668,17185264435.233334,-0.03616406377797343,-0.00948044023254846,0.008029824526937679,1.4639054929791429,0
2023-08-26,26008.462890625,26107.384765625,25983.87890625,26047.234375,6034817316.0,-0.0015051281432193475,26047.66796875,26096.205078125,29415.96484375,29210.689453125,28085.646484375,23522.87109375,26142.217912946428,27817.238746279763,29217.917024739585,27860.773133680555,0.00807780390377664,0.017718043062317865,0.014651184252829186,0.022940175055128832,123.505859375,12172802751.571428,13572101678.47619,13171311736.85,17092898067.577778,-0.5135583291371357,-0.0053699468164396524,0.011150892666922596,1.4735619032657112,0
2023-08-27,26089.693359375,26165.373046875,25965.09765625,26008.2421875,6913768611.0,0.0031232321991347956,26008.462890625,26189.583984375,29282.9140625,29319.24609375,27745.884765625,23147.353515625,26127.947823660714,27676.659598214286,29151.3078125,27877.119466145832,0.008041705502874417,0.017776004809915702,0.014498121879664526,0.022906261834668342,200.275390625,11869543921.714285,13555147469.761906,13043682867.383333,17017222540.783333,0.14564671123840855,-0.004604383480874996,0.004889158292048945,1.4101724497139263,0
2023-08-28,26106.150390625,26198.578125,25880.599609375,26089.615234375,11002805166.0,0.0006307866874213364,26089.693359375,26124.140625,29408.443359375,29356.91796875,27702.349609375,23646.55078125,26125.377790178572,27530.258277529763,29078.98779296875,27890.78390842014,0.008000126167877075,0.01768553500846651,0.014383416488036241,0.022853951348544607,317.978515625,11531150675.0,13430606586.714285,13007381939.8,16941333451.705555,0.5914338163551247,-0.011251539219872209,0.009444763113696908,1.2793147178784574,0
2023-08-29,27727.392578125,28089.337890625,25912.62890625,26102.486328125,29368391712.0,0.062101924766441385,26106.150390625,26031.65625,29170.34765625,29275.30859375,27219.658203125,23475.466796875,26367.625837053572,27433.205915178572,29033.156803385416,27914.40571831597,0.02456931211079146,0.022425411811271456,0.016621078571070893,0.02329768008026216,2176.708984375,13654660818.714285,13992408032.190475,13057066698.383333,16991233413.905556,1.6691731125760443,-0.07023416106519775,-0.0254566202406592,1.1288559619763427,0
2023-08-30,27297.265625,27760.16015625,27069.20703125,27726.083984375,16343655235.0,-0.015512708305083889,27727.392578125,26431.640625,28701.779296875,29230.111328125,26819.97265625,22362.6796875,26491.286551339286,27325.38550967262,28978.276595052084,27941.820084635416,0.026028746545971582,0.022576390464913897,0.016705260058005506,0.023045978426260078,690.953125,13563002168.714285,13895462033.238094,13178017506.75,16937240361.822222,-0.4434950542994174,-0.05656351511855873,-0.014123939268184449,1.175609106910319,0
2023-08-31,25931.47265625,27456.078125,25752.9296875,27301.9296875,20181001451.0,-0.0500340578984273,27297.265625,26162.373046875,26664.55078125,29675.732421875,27249.58984375,22353.349609375,26458.30078125,27158.808407738095,28900.121647135416,27961.698546006945,0.03323625535492328,0.02475434560699571,0.017824181354929466,0.023362027241343116,1703.1484375,14607212087.0,14291445683.809525,13338810563.566668,16987323631.477777,0.23479118721143277,0.011905326795067062,0.039968549920561314,1.2798349074189983,1
2023-09-01,25800.724609375,26125.869140625,25362.609375,25934.021484375,17202862221.0,-0.005042060225742162,25931.47265625,26047.66796875,26049.556640625,29151.958984375,27075.12890625,22435.513671875,26423.02315848214,26987.52315848214,28810.859733072917,27980.39416232639,0.033249013552024684,0.024732388389779682,0.017629773482776924,0.02336568043322227,763.259765625,15292471673.142857,14625145399.238094,13370993519.366667,17008911745.3,-0.14757142935800283,0.004066927928910724,0.08461101087958478,1.2855907859298101,1
2023-09-02,25868.798828125,25970.28515625,25753.09375,25800.91015625,10100387473.0,0.0026384615075991658,25800.724609375,26008.462890625,26096.205078125,29178.6796875,27119.06640625,22429.7578125,26403.071149553572,26818.610491071428,28729.0466796875,27999.499945746527,0.033273136794550365,0.024762893246521134,0.017602728794172236,0.023365775803663648,217.19140625,15873267409.857143,14811146802.333334,13325819503.466667,16968618381.844444,-0.41286587410610176,0.0010390473260311062,0.06424675297710625,1.2160088940397475,1
2023-09-03,25969.56640625,26087.1484375,25817.03125,25869.47265625,8962524523.0,0.0038953327054152,25868.798828125,26089.693359375,26189.583984375,29074.091796875,25760.09765625,22219.76953125,26385.91015625,26660.83203125,28653.303352864583,28020.33215060764,0.03328764960487717,0.02485266980301453,0.01760635495331266,0.023353628109168363,270.1171875,16165946825.857143,14888890961.52381,13267167874.183332,16891935450.283333,-0.11265537614687504,-0.005288491983329591,0.05623552147653599,1.2762213101302922,0
2023-09-04,25812.416015625,26081.525390625,25657.025390625,25968.169921875,10680635106.0,-0.006051329012069284,25969.56640625,26106.150390625,26124.140625,29042.126953125,27238.783203125,21718.080078125,26343.948102678572,26489.592633928572,28585.021321614582,28043.07846137153,0.033355966927835115,0.024753292933835158,0.017466336798814406,0.023292283910756002,424.5,16119922531.571428,14730173809.238094,13093024800.8,16826069113.73889,0.19169940105501682,-0.02517244872997093,0.07697762636485583,1.2249379292017974,0
2023-09-05,25779.982421875,25858.375,25589.98828125,25814.95703125,11094740040.0,-0.0012565113521479931,25812.416015625,27727.392578125,26031.65625,29041.85546875,26345.998046875,20363.021484375,26065.746651785714,26328.146670386905,28508.983268229167,28073.172688802082,0.01871845409439173,0.02476790135670611,0.017327773017010075,0.022799941276725813,268.38671875,13509400864.142857,14656580678.809525,13054857632.216667,16719013979.677778,0.03877156460175013,0.0020698744961020754,0.06345736241122757,1.2487035915629487,1
2023-09-06,25753.236328125,25953.015625,25404.359375,25783.931640625,12752705327.0,-0.0010374752516241204,25779.982421875,27297.265625,26431.640625,29180.578125,26508.216796875,20187.244140625,25845.171037946428,26187.73986235119,28433.328190104166,28104.094867621527,0.018832256837087037,0.024666475652196488,0.01732849049767633,0.022787986927977157,548.65625,12996408020.142857,14551982270.380953,13142246409.35,16569983133.188889,0.14943705585011613,0.018447696614586562,0.08516837651699882,1.180715758039209,1
2023-09-07,26240.1953125,26409.302734375,25608.201171875,25748.3125,11088307100.0,0.018908652030005024,25753.236328125,25931.47265625,26162.373046875,29765.4921875,26480.375,20632.41015625,25889.274274553572,26167.53245907738,28367.810872395832,28135.249229600693,0.008402456712044655,0.019970445159940578,0.01754706177211023,0.022773433560613766,801.1015625,11697451684.285715,13598051598.428572,13195329399.483334,16463916571.655556,-0.13051334476271004,0.011412968236647947,0.06587773111683082,1.05595854999412,1
2023-09-08,25905.654296875,26414.005859375,25677.48046875,26245.208984375,10817356400.0,-0.012749181613965876,26240.1953125,25800.724609375,26047.66796875,29561.494140625,25851.240234375,22163.94921875,25904.264229910714,26160.67996651786,28292.663932291667,28156.036480034723,0.009821633792430983,0.019511232539826676,0.017547044347770678,0.022137441607729534,736.525390625,10785236567.0,12969057306.571428,13128481853.566668,16361351687.65,-0.02443571390622834,0.027138440683384335,0.07833948232374155,1.0898791777102836,1
2023-09-09,25895.677734375,25921.9765625,25810.494140625,25905.42578125,5481314132.0,-0.0003851113886439439,25905.654296875,25868.798828125,26008.462890625,29429.591796875,25940.16796875,24197.533203125,25908.104073660714,26151.131045386905,28213.909375,28165.470616319446,0.009784544548509837,0.019506555186253487,0.017506948306827988,0.02106926555563916,111.482421875,10125368946.857143,12723813036.095238,13017306436.566668,16116990306.783333,-0.4932852418544701,0.025973582252769578,0.065184623368991,1.1177884189318212,1
2023-09-10,25832.2265625,25978.130859375,25640.26171875,25895.2109375,7899553047.0,-0.0024502611024840304,25895.677734375,25969.56640625,26089.693359375,29397.71484375,25902.5,24746.07421875,25888.48409598214,26134.11402529762,28137.91904296875,28171.504796006946,0.009677317106568196,0.01949271619770327,0.017495365575952264,0.021005338474487524,337.869140625,9973515878.857143,12669668875.47619,12902204658.733334,15857419878.355556,0.4411786766392902,0.027173845653669648,0.060342958241658584,1.2073023793862134,1
2023-09-11,25162.654296875,25883.947265625,24930.296875,25831.71484375,14600006467.0,-0.02592003689674205,25832.2265625,25812.416015625,26106.150390625,29415.96484375,25918.728515625,24375.9609375,25795.660993303572,26088.328962053572,28032.69580078125,28175.87531467014,0.013615145566400004,0.020268894224250236,0.017014477216354754,0.021066088223255147,953.650390625,10533426073.285715,12728166426.619047,12750770107.383333,15695999350.672222,0.8482066491780342,0.0632535397238545,0.0679843229351782,1.2910425210848886,1
2023-09-12,25833.34375,26451.939453125,25133.078125,25160.658203125,18657279324.0,0.026654161568650414,25162.654296875,25779.982421875,27727.392578125,29282.9140625,25124.67578125,25052.7890625,25803.284040178572,26078.88550967262,27957.683723958333,28180.211729600695,0.017833938997531322,0.02117437424032691,0.016903927118663436,0.021058177938953614,1318.861328125,11613788828.142857,12925950170.333334,12713093051.783333,15611506114.98889,0.27789527807200254,0.053333143817280826,0.035746633771518654,1.21973479042952,1
2023-09-13,26228.32421875,26376.11328125,25781.123046875,25837.5546875,13072077070.0,0.01528956036711282,25833.34375,25753.236328125,27297.265625,29408.443359375,25576.39453125,27423.9296875,25871.153738839286,26069.203776041668,27889.892350260416,28173.569476996527,0.01865840949506935,0.02117160499720069,0.017059331920449457,0.01987105669719477,594.990234375,11659413362.857143,12739607850.571428,12797433207.016666,15402293980.183332,-0.2993578086605271,0.03445449225856301,0.02417427724172838,1.2161923588391663,1
2023-09-14,26539.673828125,26774.623046875,26171.451171875,26228.27734375,13811359124.0,0.011870739692642074,26228.32421875,26240.1953125,25931.47265625,29170.34765625,26327.462890625,26965.87890625,25913.936383928572,26087.170479910714,27828.068033854168,28171.201671006944,0.017813964192644385,0.021196199433660683,0.0171564428809671,0.019851415824656795,603.171875,12048420794.857143,12784361522.047619,12885679784.583334,15280562437.444445,0.05655429126076905,0.001053478824045273,0.012134030177255895,1.2822925848116689,1
2023-09-15,26608.693359375,26840.498046875,26240.701171875,26533.818359375,11479735788.0,0.0026006171627044328,26539.673828125,25905.654296875,25800.724609375,28701.779296875,26510.67578125,28038.67578125,26014.370535714286,26113.88597470238,27769.114778645835,28163.25732421875,0.01663630145676855,0.02116400073249806,0.017165800936721827,0.019628450666108393,599.796875,12143046421.714285,12740251553.952381,12856339446.483334,15134508475.938889,-0.16881925341788684,-0.0010945670877798852,0.02070597668715979,1.2550946145053188,0
2023-09-16,26568.28125,26754.76953125,26473.890625,26606.19921875,7402031417.0,-0.001518755875352329,26608.693359375,25895.677734375,25868.798828125,26664.55078125,26336.212890625,27767.236328125,26110.45675223214,26140.543991815477,27714.310091145835,28156.59646267361,0.01669097958033947,0.021164088907605103,0.017136311203669964,0.019615615769684767,280.87890625,12417434605.285715,12805356987.333334,12760725015.616667,14926886274.566668,-0.35520890430792895,0.0004181442862436491,0.0734404129689421,1.2275748807612459,1
2023-09-17,26534.1875,26617.998046875,26445.07421875,26567.927734375,6774210670.0,-0.0012832501161511578,26568.28125,25832.2265625,25969.56640625,26049.556640625,26851.029296875,28175.81640625,26210.736886160714,26161.710379464286,27657.98115234375,28147.476302083334,0.016623961473357186,0.021166187182514014,0.0171295184168482,0.019584544894168946,172.923828125,12256671408.571428,12798711371.095238,12671485146.583334,14763953040.344444,-0.0848173577807445,-0.010452979882086044,0.07091080316195852,1.1931143666072308,0
2023-09-18,26754.28125,27414.734375,26415.515625,26532.994140625,15615339655.0,0.008294723552398242,26534.1875,25162.654296875,25812.416015625,26096.205078125,28327.48828125,27307.4375,26438.112165178572,26192.573753720237,27607.35224609375,28144.403211805555,0.010141808639034845,0.02122519048609889,0.017176663602185158,0.01945885873075856,999.21875,12401719006.857143,13018355870.571428,12687487355.483334,14665249250.15,1.3051157419938932,-0.01703655489717182,0.05883396874565627,1.2541640531830769,0
2023-09-19,27211.1171875,27488.763671875,26681.60546875,26760.8515625,13807690550.0,0.017075246134672373,26754.28125,25833.34375,25779.982421875,26189.583984375,30027.296875,28333.97265625,26634.936941964286,26167.989211309523,27562.391796875,28138.165125868054,0.007687443760886654,0.016542314317932693,0.017332161035796104,0.019297289393313773,807.158203125,11708920610.571428,12277370100.952381,12734735701.016666,14607400677.155556,-0.11576111342677031,-0.03652430661525918,0.0554438629891334,1.2656063425363544,0
2023-09-20,27132.0078125,27379.505859375,26864.08203125,27210.228515625,13281116604.0,-0.00290724465500225,27211.1171875,26228.32421875,25753.236328125,26124.140625,29912.28125,27493.28515625,26764.034598214286,26160.119791666668,27518.39521484375,28136.15802951389,0.007681375630527943,0.016205599156192595,0.017328349298356246,0.019170395280992934,515.423828125,11738783401.142857,12131534928.047619,12824865967.783333,14536849597.4,-0.038136279495342595,-0.028722202242105088,0.0940196326006788,1.3197861900309742,0
2023-09-21,26567.6328125,27152.939453125,26389.30078125,27129.83984375,13371443708.0,-0.02080107760178318,27132.0078125,26539.673828125,26240.1953125,26031.65625,30695.46875,27494.70703125,26768.028738839286,26190.413132440477,27459.780110677082,28131.0076171875,0.011632678883052293,0.012550897709282744,0.01743489544547284,0.019233647611521642,763.638671875,11675938341.714285,11807270273.619047,12894054278.75,14536785362.516666,0.006801167905776451,0.01708522794271805,0.1261226139537155,1.3785700821929407,1
2023-09-22,26579.568359375,26726.078125,26495.533203125,26564.056640625,10578746709.0,0.0004492514240630463,26567.6328125,26608.693359375,25905.654296875,26431.640625,30548.6953125,27994.330078125,26763.868024553572,26227.500930059523,27416.490983072916,28123.14782986111,0.011587279768754764,0.012470641677163602,0.017037581128078995,0.0191853723518858,230.544921875,11547225616.142857,11491836201.619047,12813769767.316668,14518454159.833334,-0.2088553083710144,0.012496528884858416,0.12845686878115603,1.3850966647240424,1
2023-09-23,26579.390625,26634.185546875,26520.51953125,26578.556640625,7404700301.0,-6.686879658768241e-06,26579.568359375,26568.28125,25895.677734375,26162.373046875,30480.26171875,27139.888671875,26765.455078125,26261.33863467262,27372.357649739584,28120.033951822916,0.011570477446516398,0.012471833629922942,0.017033633531179516,0.01904943750612818,113.666015625,11547606885.285715,11363470145.809525,12766068559.116667,14458541966.072222,-0.3000399286712896,0.014617543197531502,0.24480786041346647,1.394664040101559,1
2023-09-24,26256.826171875,26716.05859375,26221.05078125,26579.373046875,8192867686.0,-0.01213588594546644,26579.390625,26534.1875,25832.2265625,26047.66796875,30271.130859375,27268.130859375,26725.83203125,26275.017671130954,27320.721875,28114.415592447916,0.01248070921343839,0.012795654810203876,0.017071524587601025,0.019067837358411683,495.0078125,11750272173.285715,11326819820.238094,12677657109.633333,14405260117.744444,0.10644149701690941,0.06577047114608225,0.29115099905195785,1.4119366280866696,1
2023-09-25,26298.48046875,26421.5078125,26011.46875,26253.775390625,11997833257.0,0.0015864178176880905,26256.826171875,26754.28125,25162.654296875,26008.462890625,30688.1640625,28348.44140625,26660.717633928572,26298.163597470237,27272.18505859375,28103.026920572916,0.011850927073082534,0.012705316635700192,0.017071486176634176,0.018835351304341618,410.0390625,11233485545.0,11389543541.714285,12698108010.3,14356998380.805555,0.464424145101469,0.04685839887077603,0.31197010996506314,1.4450830467718028,1
2023-09-26,26217.25,26389.884765625,26090.712890625,26294.7578125,9985498161.0,-0.0030887894396227633,26298.48046875,27211.1171875,25833.34375,26089.693359375,30086.24609375,28033.5625,26518.73660714286,26318.985863095237,27220.485123697916,28092.936295572916,0.008227168333249713,0.012727611506511409,0.017058139168996712,0.018818981715974747,299.171875,10687458060.857143,11336722499.857143,12677558397.116667,14287832537.527779,-0.16772487605842712,0.04625689252782039,0.30283109164767463,1.4084579630300662,1
2023-09-27,26352.716796875,26817.841796875,26111.46484375,26209.498046875,11718380997.0,0.005167086436411061,26217.25,27132.0078125,26228.32421875,26106.150390625,30445.3515625,28478.484375,26407.409319196428,26347.532552083332,27170.415104166666,28081.126475694444,0.009130413824636523,0.012752904455241961,0.017077073393729814,0.018784808093832584,706.376953125,10464210117.0,11287468960.333334,12764835147.75,14247371723.077778,0.17353994843923348,0.05489672072621188,0.28676678926975563,1.4734079614508437,1
2023-09-28,27021.546875,27259.5,26327.322265625,26355.8125,14079002707.0,0.02537992888096885,26352.716796875,26567.6328125,26539.673828125,27727.392578125,30477.251953125,28411.03515625,26472.25418526786,26384.739769345237,27132.852408854167,28073.407096354167,0.01145548444951959,0.013270547738884848,0.017428910900964,0.018880984078841173,932.177734375,10565289974.0,11429883036.857143,12854844284.083334,14265163572.0,0.20144606243851748,0.014594472929300162,0.2615700491332438,1.4347482535638516,1
2023-09-29,26911.720703125,27225.9375,26721.763671875,27024.841796875,10396435377.0,-0.004064392478456136,27021.546875,26579.568359375,26608.693359375,27297.265625,30590.078125,28199.30859375,26519.704520089286,26432.64769345238,27094.212565104168,28066.25383029514,0.011712900723828237,0.012935983622071243,0.01743283111242161,0.018875303161341957,504.173828125,10539245498.0,11409839178.619047,12833838507.333334,14254673535.211111,-0.2615645018783218,0.03845450703584441,0.2833991869103851,1.448288207370148,1
2023-09-30,26967.916015625,27091.794921875,26888.96875,26911.689453125,5331172801.0,0.0020881352448591795,26911.720703125,26579.390625,26568.28125,25931.47265625,30620.76953125,27790.220703125,26575.208147321428,26483.70665922619,27049.082291666666,28061.68547092014,0.011684762243449071,0.012925435984329589,0.017304412092392397,0.018844958791940352,202.826171875,10243027283.714285,11402689591.428572,12618151514.166666,14175643932.288889,-0.48721147127080344,0.03711535691319545,0.2793855951368136,1.4338293196059873,1
2023-10-01,27983.75,28047.23828125,26965.09375,26967.396484375,9503917434.0,0.037668241913332734,26967.916015625,26256.826171875,26534.1875,25800.724609375,31156.439453125,28168.08984375,26821.911551339286,26586.16015625,27029.612141927082,28060.661360677084,0.015937287553179448,0.015026719722313345,0.01789013199326374,0.019026450633588647,1082.14453125,10430320104.857143,11479087895.571428,12456339211.433332,14143529368.816668,0.7827066930220858,-0.0017388718899361555,0.2388540224237281,1.263081252512619,0
2023-10-02,27530.78515625,28494.458984375,27347.787109375,27976.798828125,19793041322.0,-0.016186709920936293,27983.75,26298.48046875,26754.28125,25868.798828125,30777.58203125,28177.984375,26997.955078125,26698.928292410714,27002.147233072916,28057.065809461805,0.01856108981083484,0.014186815149139881,0.018002711127483927,0.019065331801063356,1146.671875,11543921257.0,11726375269.619047,12573217271.033333,14158755620.683332,1.0826192419550011,0.0019212157526495854,0.28718646072486176,1.209781067529375,1
2023-10-03,27429.978515625,27667.19140625,27216.001953125,27508.251953125,11407814187.0,-0.003661597010505724,27530.78515625,26217.25,27211.1171875,25969.56640625,30514.166015625,28044.140625,27171.202008928572,26774.958519345237,26974.745345052084,28053.653797743056,0.01861267553548508,0.013323881412607196,0.01800291568771732,0.019063973107193263,451.189453125,11747109260.714285,11381162644.047619,12562736841.016666,14145255647.38889,-0.42364520937365024,-0.001420306776864888,0.27372473761137117,1.2104568956082709,0
2023-10-04,27799.39453125,27826.658203125,27248.10546875,27429.07421875,11143355314.0,0.013467601347721292,27429.978515625,26352.716796875,27132.0078125,25812.416015625,29909.337890625,27925.859375,27377.870256696428,26849.771391369046,26954.033138020834,28052.95121527778,0.0187679068172358,0.013245169128176077,0.01809691505509239,0.019087375199524026,578.552734375,11664962734.571428,11289318750.904762,12638486657.033333,14146820507.483334,-0.023182256360852138,-0.03331274779056703,0.2493913915897168,1.1856376143533924,0
2023-10-05,27415.912109375,28091.861328125,27375.6015625,27798.646484375,11877253670.0,-0.01379463216164356,27799.39453125,27021.546875,26567.6328125,25779.982421875,30342.265625,27947.794921875,27434.208147321428,26891.497023809523,26926.93408203125,28049.99631076389,0.018495341245978777,0.013552387129696948,0.018177051960798787,0.01911560378360322,716.259765625,11350427157.857143,11197218491.190475,12715277434.966667,14160731608.116667,0.06585972853956856,-0.02404126766311787,0.27962896775203316,1.2639216348113305,0
2023-10-06,27946.59765625,28252.537109375,27215.552734375,27412.123046875,13492391599.0,0.01935684447622399,27415.912109375,26911.720703125,26579.568359375,25753.236328125,30292.541015625,28333.05078125,27582.047712053572,26955.20675223214,26906.367740885416,28047.849348958334,0.019271892764897526,0.01409453093525227,0.018349458357107048,0.01914242253380001,1036.984375,11792706618.142857,11293059244.095238,12713181233.116667,14168048656.161112,0.1359858073150002,-0.03879623092536,0.25415465237900015,1.22173553941956,0
2023-10-07,27968.83984375,28028.091796875,27870.423828125,27946.78125,6553044316.0,0.0007958817661306572,27946.59765625,26967.916015625,26579.390625,26240.1953125,30171.234375,29652.98046875,27725.03683035714,27021.90001860119,26876.42353515625,28038.49301215278,0.01931685846291997,0.014071116852698852,0.018150420021670614,0.018822870506257628,157.66796875,11967259691.714285,11252631286.904762,12529555949.1,14097330012.95,-0.5143155853491768,-0.03958450971456373,0.25272879710023277,1.246033567210608,0
2023-10-08,27935.08984375,28102.169921875,27740.662109375,27971.677734375,7916875290.0,-0.001206700034343422,27968.83984375,27983.75,26256.826171875,25905.654296875,30414.470703125,30235.05859375,27718.085379464286,27088.60965401786,26849.316796875,28025.71540798611,0.013061687789164616,0.014070085997399296,0.0181335219130122,0.018764537266726722,361.5078125,11740539385.428572,11307043887.857143,12355178517.05,14029527876.544445,0.20812173826904434,-0.02775854684331691,0.2687828354319717,1.2279026308617507,0
2023-10-09,27583.677734375,27989.470703125,27302.5625,27934.47265625,12007668568.0,-0.012579594744121514,27935.08984375,27530.78515625,26298.48046875,25895.677734375,30620.951171875,30139.052734375,27725.641462053572,27128.10472470238,26818.5515625,28011.518880208332,0.012378010965694932,0.014377677098369259,0.018191648617629754,0.018785767484248105,686.908203125,10628343277.714285,11135250026.571428,12357550580.033333,13992615313.444445,0.5167181657095421,0.033925463874377115,0.2926223140765638,1.2524903803009066,1
2023-10-10,27391.01953125,27715.84765625,27301.654296875,27589.201171875,9973350678.0,-0.006984500217130485,27583.677734375,27429.978515625,26217.25,25832.2265625,30391.646484375,30399.06640625,27720.07589285714,27136.67150297619,26785.106640625,27994.807508680555,0.012618419002238758,0.014033368630090814,0.01820851730960848,0.018780282118537345,414.193359375,10423419919.285715,10952662413.619047,12353853621.383333,13950868811.65,-0.1694182245687046,0.0374111125895078,0.33960420707003514,1.211750515287786,1
2023-10-11,26873.3203125,27474.115234375,26561.099609375,27392.076171875,13648094333.0,-0.018900326735168282,27391.01953125,27799.39453125,26352.716796875,25162.654296875,31476.048828125,30485.69921875,27587.77957589286,27124.353050595237,26742.729231770834,27974.738736979165,0.012733052953125377,0.014642932006805517,0.018352651393769386,0.01882914139558758,913.015625,10781239779.142857,10970137543.571428,12478082560.133333,13900802696.394444,0.36845627649552504,0.05414371828471842,0.3885135262814392,1.242912275040446,1
2023-10-12,26756.798828125,26921.439453125,26558.3203125,26873.29296875,9392909295.0,-0.0043359541366684295,26873.3203125,27415.912109375,27021.546875,25833.34375,30334.068359375,30318.49609375,27493.620535714286,27133.36095610119,26700.627311197917,27954.951529947917,0.012100545976542329,0.013916177711005926,0.01835211701484162,0.0188276454109613,363.119140625,10426333439.857143,10780683523.904762,12512466095.383333,13886648384.822222,-0.31177869482564335,0.07336482309074333,0.3879855740520388,1.3338027185117451,1
2023-10-13,26862.375,27092.697265625,26686.322265625,26752.87890625,15165312851.0,0.003945769916393171,26756.798828125,27946.59765625,26911.720703125,26228.32421875,30295.806640625,30315.35546875,27338.731584821428,27146.827938988095,26658.192838541665,27935.768305121528,0.007963014366711095,0.013937330430298536,0.018350398971189813,0.018830562139537942,406.375,10665322190.142857,10999091435.428572,12531659721.166666,13899484476.122223,0.6145490576676542,0.10500092485307055,0.37942082676047817,1.3524734293784522,1
2023-10-14,26861.70703125,26969.0,26814.5859375,26866.203125,5388116782.0,-2.4866332556272575e-05,26862.375,27968.83984375,26967.916015625,26539.673828125,30249.1328125,29445.044921875,27180.569754464286,27160.271577380954,26619.715494791668,27921.41642795139,0.00785833765545405,0.013937370282997436,0.018329615618618202,0.018711464993669245,154.4140625,10498903971.0,10903063648.809525,12410791737.883333,13830128531.788889,-0.6447078385432248,0.11379414847198399,0.35889932185934414,1.3398131372247057,1
2023-10-15,27159.65234375,27289.169921875,26817.89453125,26858.01171875,7098201980.0,0.011091823470242623,26861.70703125,27935.08984375,27983.75,26608.693359375,30145.888671875,30397.552734375,27069.79296875,27203.26329985119,26594.01337890625,27903.428092447917,0.010094081851497657,0.013797515437074977,0.018291786675094946,0.01857057880350412,471.275390625,10381950641.0,10850936710.428572,12279940572.483334,13761337823.366667,0.31738087112604085,0.1043549492001219,0.3084718528504269,1.4317735795759767,1
2023-10-16,28519.466796875,29448.138671875,27130.47265625,27162.62890625,27833876539.0,0.05006744695824206,27159.65234375,27583.677734375,27530.78515625,26568.28125,29856.5625,28822.6796875,27203.477120535714,27309.024553571428,26624.928645833334,27901.74357638889,0.02197178816142908,0.01737068012818023,0.017048244219145494,0.018549119742097053,2317.666015625,12642837494.0,11605034009.571428,12225157661.283333,13779461774.022223,2.9212573293103166,0.16012808411359924,0.3282359835493396,1.3507139825750873,1
2023-10-17,28415.748046875,28618.751953125,28110.185546875,28522.09765625,14872527508.0,-0.0036367703063566736,28519.466796875,27391.01953125,27429.978515625,26534.1875,29913.923828125,28245.98828125,27349.86690848214,27413.714936755954,26664.365169270834,27902.686686197918,0.021702748879555173,0.017382284174165125,0.016760437002714516,0.018489955771198215,508.56640625,13342719898.285715,11837749692.761906,12072595844.266666,13743529369.288889,-0.46566812254264844,0.19305419261972578,0.27234973619588,1.3794101298500094,1
2023-10-18,28328.341796875,28889.009765625,28174.251953125,28413.53125,12724128586.0,-0.0030759792019486865,28415.748046875,26873.3203125,27799.39453125,26754.28125,29792.015625,27276.91015625,27557.727120535714,27507.792317708332,26701.567447916666,27908.527973090277,0.019449844228600688,0.017447170532018184,0.016771206221899572,0.018309954231446487,714.7578125,13210724791.571428,11885642435.095238,12107473923.833334,13698888392.933332,-0.14445419050960684,0.2179611697676611,0.2918752483347653,1.379236893595202,1
2023-10-19,28719.806640625,28892.474609375,28177.98828125,28332.416015625,14448058195.0,0.013818840741083749,28328.341796875,26756.798828125,27415.912109375,27211.1171875,29908.744140625,27817.5,27838.156808035714,27588.66183035714,26743.737825520835,27913.540787760416,0.018773152327950127,0.01689905368273896,0.016844602743123153,0.01827979957598803,714.486328125,13932888920.142857,11903216505.952381,12197665220.083334,13706234635.116667,0.13548508232593548,0.18930635101088833,0.27388403351046464,1.3822858530572288,1
2023-10-20,29682.94921875,30104.0859375,28601.669921875,28732.8125,21536125230.0,0.033535830870205396,28719.806640625,26862.375,27946.59765625,27132.0078125,29771.802734375,27591.384765625,28241.09598214286,27720.625093005954,26803.051302083335,27925.160590277777,0.020364610239530467,0.018060634330736024,0.017328651359200094,0.018435057810589017,1502.416015625,14843004974.285715,12433677927.52381,12333741342.366667,13754849515.105556,0.49058959614745645,0.14239998631369155,0.2595293883865093,1.3030977774882597,1
2023-10-21,29918.412109375,30287.482421875,29481.751953125,29683.380859375,11541146996.0,0.007932597562652743,29682.94921875,26861.70703125,27968.83984375,26567.6328125,30084.5390625,27525.33984375,28677.768136160714,27861.124906994046,26867.83056640625,27938.455436197917,0.019624767511609163,0.01806128666832754,0.01732667204439986,0.01844183547936414,805.73046875,15722009290.571428,12729390984.428572,12284363447.2,13720615396.583334,-0.4641029027857302,0.13941789738459942,0.25263857233608045,1.3063290549226094,1
2023-10-22,29993.896484375,30199.43359375,29720.3125,29918.654296875,10446520040.0,0.002523007395046406,29918.412109375,27159.65234375,27935.08984375,26579.568359375,29176.916015625,28307.59765625,29082.66015625,27956.846168154763,26927.201497395832,27947.823763020835,0.02021670386932063,0.016449894243980807,0.017243775022869588,0.01832448482719556,479.12109375,16200340442.0,12774276822.809525,12175384351.45,13680132879.366667,-0.09484559518905555,0.15151695901672713,0.19403667738390795,1.2460520125351024,1
2023-10-23,33086.234375,34370.4375,30097.828125,30140.685546875,38363572311.0,0.10309890521346299,29993.896484375,28519.466796875,27583.677734375,26579.390625,29227.390625,28422.701171875,29735.055524553572,28221.39136904762,27042.599186197916,27973.732280815973,0.037948051008844415,0.02672278136992024,0.021528261901612913,0.019855277556353627,4272.609375,17704582695.142857,13658587822.285715,12600251689.583334,13716295825.433332,2.672378185664209,0.04280115078070135,0.13135690872195238,1.0359345063727883,1
2023-10-24,33901.52734375,35150.43359375,32880.76171875,33077.3046875,44934999645.0,0.02464145540134477,33086.234375,28415.748046875,27391.01953125,26256.826171875,29354.97265625,29473.787109375,30518.73828125,28529.560360863095,27173.496842447916,27998.33083767361,0.036226686318587484,0.026759833900846294,0.021659135266781867,0.01975152269788923,2269.671875,21999221571.857143,15255120463.142857,13142400931.7,13815082239.977777,0.17129341555389432,0.022602341731699616,0.0999392657341327,0.9595634921960905,1
2023-10-25,34502.8203125,35133.7578125,33709.109375,33916.04296875,25254318008.0,0.017736456610143003,33901.52734375,28328.341796875,26873.3203125,26298.48046875,29210.689453125,29340.26171875,31400.806640625,28848.77111235119,27315.069466145833,28027.01171875,0.03423547925968693,0.02679997800347339,0.021709207759163043,0.019786581546294413,1424.6484375,23789248632.142857,15927071067.619047,13462725943.233334,13857914757.316668,-0.43798112367827524,0.02708281773161203,0.0932521141274456,0.9755212492819314,1
2023-10-26,34156.6484375,34832.91015625,33762.32421875,34504.2890625,19427195376.0,-0.010033147199696724,34502.8203125,28719.806640625,26756.798828125,26217.25,29319.24609375,29248.48828125,32177.49832589286,29169.75855654762,27449.518717447918,28054.279275173612,0.03707247366715313,0.02664040900509564,0.021794214192871073,0.019801499816202106,1070.5859375,24500553943.714287,16286592101.238094,13671283055.983334,13906606763.11111,-0.2307376754404573,0.022882624196286727,0.10657206423255361,0.9510817691742388,1
2023-10-27,33909.80078125,34238.2109375,33416.88671875,34156.5,16418032871.0,-0.007226928505637331,34156.6484375,29682.94921875,26862.375,26352.716796875,29356.91796875,29268.806640625,32781.334263392855,29453.720610119046,27579.579557291665,28080.06257595486,0.03878617884019091,0.026846577490412273,0.021842802713347848,0.0198111056146375,821.32421875,23769397892.42857,16425908352.285715,13761536851.066668,13916416949.772223,-0.15489433481054415,0.024256215564522066,0.10525925338003206,0.9762633152818443,1
2023-10-28,34089.57421875,34399.390625,33874.8046875,33907.72265625,10160330825.0,0.005301518539129857,33909.80078125,29918.412109375,26861.70703125,27021.546875,29275.30859375,28091.568359375,33377.214564732145,29745.184151785714,27685.61591796875,28113.384830729166,0.038932938462969004,0.026790810954968318,0.020497714853664594,0.019570910272807433,524.5859375,23572138439.42857,16597683900.333334,13441402502.95,13869221010.044445,-0.3811481006992802,0.029118025569355277,0.09283171827530201,0.9926707338467555,1
2023-10-29,34538.48046875,34743.26171875,33947.56640625,34089.37109375,11160323986.0,0.013168432293093613,34089.57421875,29993.896484375,27159.65234375,26911.720703125,29230.111328125,28680.537109375,34026.44084821428,30059.631324404763,27806.30283203125,28145.928960503472,0.038366041012755786,0.026679075916159006,0.020377336626471104,0.019535654299986806,795.6953125,23674110431.714287,16752133838.238094,13355013648.8,13839928784.816668,0.09842131897314466,0.014791472961939833,0.09533150920548206,1.0240542393216083,1
2023-10-30,34502.36328125,34843.93359375,34110.97265625,34531.7421875,17184860315.0,-0.0010457086417764438,34538.48046875,33086.234375,28519.466796875,26967.916015625,29675.732421875,29006.30859375,34228.74497767857,30389.09254092262,27949.151009114583,28176.46259765625,0.013030323926498066,0.02629661732407786,0.019112589624420754,0.019521565311588475,732.9609375,20648580146.57143,16998666778.571428,13305077963.2,13829161494.8,0.5398173329517533,0.015506410622913691,0.09727243548194453,1.1076959741774934,1
2023-10-31,34667.78125,34719.25390625,34083.30859375,34500.078125,15758270810.0,0.004794395311462418,34502.36328125,33901.52734375,28415.748046875,27983.75,29151.958984375,28847.7109375,34338.20982142857,30735.605003720237,28096.935286458334,28208.796321614584,0.010161096732039233,0.026017332133759286,0.019067612300991882,0.019517110357101346,635.9453125,16480476027.285715,17274139165.809525,13281001439.683332,13830325896.444445,-0.08301432067823011,0.02237758581680227,0.08783270039094293,1.0866503841372888,1
2023-11-01,35437.25390625,35527.9296875,34170.69140625,34657.2734375,22446272005.0,0.022195613001625203,34667.78125,34502.8203125,28328.341796875,27530.78515625,29178.6796875,29534.384765625,34471.70033482143,31143.41136532738,28256.409537760417,28241.5900390625,0.011297459997991446,0.025140086930255285,0.019191435495946933,0.019507077210090585,1357.23828125,16079326598.285715,17693100007.333332,13486766181.883333,13855379815.816668,0.42441212463209355,0.0061523795855285,0.09175361336834675,0.9813947120664528,1
2023-11-02,34938.2421875,35919.84375,34401.57421875,35441.578125,20998158544.0,-0.014081557224217889,35437.25390625,34156.6484375,28719.806640625,27429.978515625,29074.091796875,28904.623046875,34583.35658482143,31533.00390625,28405.887467447916,28275.110145399307,0.012196238317566372,0.02557291594895176,0.01935549262001722,0.019467795811128105,1518.26953125,16303749908.0,18245730923.95238,13687360082.233334,13883625881.538889,-0.06451465351027674,0.050228136924640454,0.129888899945104,0.9887225114851093,1
2023-11-03,34732.32421875,34942.47265625,34133.44140625,34942.47265625,17158456701.0,-0.005893770145759425,34938.2421875,33909.80078125,29682.94921875,27799.39453125,29042.126953125,28454.978515625,34700.85993303572,31907.76339285714,28554.552604166667,28309.984288194446,0.012013481752498258,0.025837457553045055,0.01935395992198827,0.01943451700469454,809.03125,16409524740.857143,18340642535.857143,13795323775.483334,13916165332.733334,-0.18285897951261798,0.07432973719208569,0.151042768494541,0.9949506690397263,1
2023-11-04,35082.1953125,35256.03125,34616.69140625,34736.32421875,9561294264.0,0.010073356782761111,34732.32421875,34089.57421875,29918.412109375,27415.912109375,29041.85546875,27694.2734375,34842.66294642857,32299.21521577381,28709.589485677083,28351.028298611112,0.012266053184449144,0.025683991542424192,0.019345790443527956,0.019331337726263192,639.33984375,16323948089.285715,18539365273.095238,13769766345.883333,13863045280.022223,-0.4427649041744667,0.058601106642191425,0.1966211715745234,0.9594303200007304,1
2023-11-05,35049.35546875,35340.33984375,34594.2421875,35090.01171875,12412743996.0,-0.0009360829177728069,35082.1953125,34538.48046875,29993.896484375,27946.59765625,29180.578125,27658.775390625,34915.64508928572,32674.915364583332,28864.5248046875,28392.087076822918,0.011686892283759687,0.025864364879741603,0.01934522958473912,0.019331077173876846,746.09765625,16502865233.571428,18792438702.42857,13764100323.7,13853512784.133333,0.29822842528089777,0.057209727131439125,0.2576735819522358,0.9347433613425711,1
2023-11-06,35037.37109375,35286.02734375,34765.36328125,35044.7890625,12693436420.0,-0.0003419285416157436,35049.35546875,34502.36328125,33086.234375,27968.83984375,29765.4921875,27621.755859375,34992.07477678572,32985.29175967262,29011.144401041667,28433.28493923611,0.011657728435137859,0.024509286865207966,0.019275682070055915,0.01933040241611884,520.6640625,15861233248.571428,18071465363.42857,13790852479.033333,13809276180.766666,0.022613245233322532,0.041812051796926264,0.2485652874882367,0.9795880893693085,1
2023-11-07,35443.5625,35892.41796875,34545.81640625,35047.79296875,18834737789.0,0.011593090279608864,35037.37109375,34667.78125,33901.52734375,27935.08984375,29561.494140625,27000.7890625,35102.900669642855,33319.94959077381,29170.109537760418,28480.18923611111,0.012175901082049176,0.02430631353439094,0.01915139866753757,0.01926090881661309,1346.6015625,16300728531.285715,18260142043.47619,13924475502.183332,13821000591.022223,0.4838170819781835,0.002654307816828405,0.22145351677049963,1.1340709790388592,1
2023-11-08,35655.27734375,35994.41796875,35147.80078125,35419.4765625,17295394918.0,0.005973294692089626,35443.5625,35437.25390625,34502.8203125,27583.677734375,29429.591796875,26804.990234375,35134.046875,33668.851283482145,29332.76953125,28529.35749782986,0.009126389059286479,0.024126695926720777,0.019136359726930712,0.01925181280653433,846.6171875,15564888947.428572,18477821392.61905,14121376848.616667,13809788341.13889,-0.08172892493884454,0.06241164992340398,0.23871148544696275,1.1288534273119413,1
2023-11-09,36693.125,37926.2578125,35592.1015625,35633.6328125,37762672382.0,0.029107827327892632,35655.27734375,34938.2421875,34156.6484375,27391.01953125,29397.71484375,26784.078125,35384.744419642855,34048.533110119046,29513.784505208332,28584.40775824653,0.01157180068771318,0.024435916124021673,0.019346163686046712,0.01935830502497355,2334.15625,17959819495.714287,19588041115.809525,14619095504.2,13964030012.122223,1.1833946296709823,-0.014671834812379658,0.1916669505527262,1.086098596467322,0
2023-11-10,37313.96875,37493.80078125,36362.75390625,36702.25,22711265155.0,0.01691989303173269,36693.125,34732.32421875,33909.80078125,26873.3203125,29415.96484375,26930.638671875,35753.55078125,34411.91499255953,29716.306412760416,28642.09292534722,0.010468121564989281,0.023968448809568346,0.018932584258752706,0.019388773819587306,1131.046875,18753077846.285713,19644000159.857143,14754283149.0,14034565602.1,-0.39857897435708023,-0.019222966097649397,0.17327908784160084,1.05764408771179,0
2023-11-11,37138.05078125,37407.09375,36773.66796875,37310.0703125,13924272142.0,-0.0047145338500075296,37313.96875,35082.1953125,34089.57421875,26756.798828125,29282.9140625,27192.693359375,36047.244419642855,34755.707310267855,29904.718196614584,28697.344911024305,0.011922366874266966,0.024212675178924604,0.01880656056826773,0.019386483474318296,633.42578125,19376360400.285713,19757482309.666668,14675399695.966667,14031849159.6,-0.386900199219659,-0.014872823011186864,0.11055457041038075,1.166893140784579,0
2023-11-12,37054.51953125,37227.69140625,36779.1171875,37133.9921875,11545715999.0,-0.002249209321512735,37138.05078125,35049.35546875,34538.48046875,26862.375,29408.443359375,27036.650390625,36333.69642857143,35091.927455357145,30085.15478515625,28752.999739583334,0.012099616027286045,0.024314571694453495,0.01879975264205183,0.019380528862423575,448.57421875,19252499257.857143,19809824974.38095,14649960344.783333,14025257366.172222,-0.17082086005957353,0.008960508676140844,0.11862798872058988,1.393810134285871,1
2023-11-13,36502.35546875,37405.1171875,36399.60546875,37070.3046875,19057712790.0,-0.014901395821212304,37054.51953125,35037.37109375,34502.36328125,26861.70703125,29170.34765625,27398.802734375,36542.97991071428,35254.599888392855,30251.199479166666,28803.575032552082,0.01474340339971111,0.012657823183511644,0.018973593317253724,0.019401820451847508,1005.51171875,20161681596.42857,18890498330.52381,14737399572.55,14047022398.755556,0.6506306574361114,0.026699689649736902,0.17501299948216098,1.4095927884790824,1
2023-11-14,35537.640625,36753.3515625,34948.5,36491.7890625,23857403554.0,-0.026428838121854925,36502.35546875,35443.5625,34667.78125,27159.65234375,28701.779296875,26832.208984375,36556.419642857145,35332.510044642855,30400.015266927083,28851.938541666666,0.018775366547038905,0.013524553921928197,0.019413726356723317,0.019443688699710526,1804.8515625,20879205277.142857,17886803278.57143,14943694035.316668,14094991648.5,0.25185030422530574,0.007771249586156159,0.21065923059572844,1.548963928651355,1
2023-11-15,37880.58203125,37964.89453125,35383.78125,35548.11328125,27365821679.0,0.06592844558740318,35537.640625,35655.27734375,35437.25390625,28519.466796875,26664.55078125,26890.12890625,36874.3203125,35493.35584077381,30588.55361328125,28912.996614583335,0.03122217999655148,0.019176430977684678,0.020923117023155583,0.020023530969700675,2581.11328125,22317837671.57143,17987351072.42857,15276423873.016666,14184474083.933332,0.14705783540354167,-0.011833033270983506,0.10689317756283656,1.3033022463995354,0
2023-11-16,36154.76953125,37934.625,35545.47265625,37879.98046875,26007385366.0,-0.04555929205565723,37880.58203125,36693.125,34938.2421875,28415.748046875,26049.556640625,27129.5859375,36797.412388392855,35588.50446428572,30748.896647135418,28963.1365234375,0.03568148784850782,0.021907161816940097,0.02194509700841566,0.02032933399184942,2389.15234375,20638510955.0,18300693452.904762,15596976784.616667,14289821161.744444,-0.049639887628239454,0.03138870962845175,0.16831382788902016,1.5187826943216454,1
2023-11-17,36596.68359375,36704.484375,35901.234375,36164.82421875,22445028430.0,0.012222842746045792,36154.76953125,37313.96875,34732.32421875,28328.341796875,26096.205078125,26753.826171875,36694.943080357145,35716.451264880954,30912.936686197918,29017.81906467014,0.03531809268560436,0.02186707905736505,0.02195973502168032,0.020310079809255213,803.25,20600477137.142857,18587693241.42857,15710804930.866667,14366474559.016666,-0.13697482026229146,0.03070217150610577,0.13028449576683165,1.4744995357438788,1
2023-11-18,36585.703125,36839.28125,36233.3125,36625.37109375,11886022717.0,-0.000300039994658885,36596.68359375,37138.05078125,35082.1953125,28719.806640625,26189.583984375,26851.27734375,36616.03627232143,35835.314546130954,31069.17978515625,29071.899207899307,0.03530601910835054,0.02188281533743029,0.02191856065287001,0.020310364296483162,605.96875,20309298647.857143,18669869045.809525,15678777133.65,14371081515.822222,-0.47043850917501373,0.033102817229236914,0.165032660896824,1.4557639703008989,1
2023-11-19,37386.546875,37509.35546875,36414.59765625,36585.765625,12915986553.0,0.021889527372586093,36585.703125,37054.51953125,35049.35546875,29682.94921875,26124.140625,27225.7265625,36663.46875,35970.93675595238,31240.08876953125,29128.348209635416,0.0363954894468129,0.022154621077990988,0.021997210125662886,0.02034523712614371,1094.7578125,20505051584.142857,18753472025.190475,15672691632.8,14366741423.655556,0.086653362569036,0.002476137180026816,0.13063470357611084,1.4217973627712843,1
2023-11-20,37476.95703125,37756.8203125,36882.53125,37374.07421875,20888209068.0,0.0024182537251242753,37386.546875,36502.35546875,35037.37109375,29918.412109375,26031.65625,26334.818359375,36802.697544642855,36112.584077380954,31421.91083984375,29190.24898003472,0.03564907509645079,0.022127963002391927,0.02172766845824965,0.020178421321174648,874.2890625,20766551052.42857,18929821965.809525,15797971055.466667,14392236449.433332,0.6172368237057579,-0.005944694557624475,0.16477573042018223,1.4640151276289464,0
2023-11-21,35813.8125,37631.140625,35813.8125,37469.16015625,25172163756.0,-0.04437779006078835,37476.95703125,35537.640625,35443.5625,29993.896484375,26431.640625,26476.20703125,36842.150669642855,36167.15699404762,31575.814908854165,29242.124565972223,0.038740041992079484,0.024530542012811237,0.022671136200675377,0.02047277966836392,1817.328125,20954373938.42857,19378102582.285713,16041194672.916666,14455131121.983334,0.20508961175435902,0.05632668785262673,0.22492271225661886,1.634165021875289,1
2023-11-22,37432.33984375,37856.98046875,35670.97265625,35756.5546875,24397247860.0,0.045192824521265385,35813.8125,37880.58203125,35655.27734375,33086.234375,26162.373046875,26719.291015625,36778.11607142857,36262.16108630953,31756.697395833333,29301.64150390625,0.0334453816867106,0.025956796718791034,0.023238092243882423,0.020718948861254236,2186.0078125,20530291964.285713,19471006194.42857,16324403798.9,14520051281.066668,-0.03078463589826652,0.011384603407877947,0.1753981324011793,1.631540720502064,1
2023-11-23,37289.62109375,37643.91796875,36923.86328125,37420.43359375,14214948217.0,-0.003812712499291715,37432.33984375,36154.76953125,36693.125,33901.52734375,26047.66796875,26868.353515625,36940.23772321428,36374.131510416664,31940.577311197918,29359.537434895832,0.027395341869913607,0.025715900540116698,0.023152791108846858,0.020721927976138612,720.0546875,18845658085.857143,19147996178.857143,16424771807.75,14555178687.044445,-0.4173544369196731,0.01134699113558213,0.17296828677299314,1.6548315900987447,1
2023-11-24,37720.28125,38415.33984375,37261.60546875,37296.31640625,22922957823.0,0.011549062275727495,37289.62109375,36596.68359375,37313.96875,34502.8203125,26008.462890625,28085.646484375,37100.751674107145,36516.41517857143,32130.940657552084,29413.06318359375,0.02736586761233548,0.025681729804453112,0.023155446325440233,0.020479451015850202,1153.734375,18913933713.42857,19422496232.285713,16606857217.183332,14601721621.73889,0.6125952393963616,0.02567501402180028,0.14039757292371724,1.5921673436621049,1
2023-11-25,37796.79296875,37892.4296875,37617.41796875,37721.4140625,9099571165.0,0.0020283973558654633,37720.28125,36585.703125,37138.05078125,34156.6484375,26089.693359375,27745.884765625,37273.76450892857,36645.681733630954,32323.933040364584,29468.9015625,0.0273097466652526,0.025650501330597333,0.023129738780928354,0.020452769618417167,275.01171875,18515869206.0,19400509418.04762,16592091767.25,14567934189.411112,-0.6030367793169411,0.044436020375819396,0.15388468701719993,1.5931782200023377,1
2023-11-26,37479.12109375,37820.30078125,37162.75,37796.828125,13744796068.0,-0.008404730932136117,37796.79296875,37386.546875,37054.51953125,33909.80078125,26106.150390625,27702.349609375,37286.98939732143,36761.384858630954,32509.373111979166,29523.216959635418,0.026574690466359723,0.025771913108276995,0.02320795200921006,0.020465634516128626,657.55078125,18634270565.285713,19463940469.095238,16625865351.766666,14570677046.172222,0.5104883316773312,0.0666843153818455,0.13450905738663876,1.4841109972166793,1
2023-11-27,37254.16796875,37559.35546875,36750.12890625,37454.19140625,19002925720.0,-0.006002091789647501,37479.12109375,37476.95703125,36502.35546875,34089.57421875,27727.392578125,27219.658203125,37255.162388392855,36866.946614583336,32679.916796875,29578.96423611111,0.02667203260009488,0.025843722101321073,0.023120589039067763,0.020423088548126783,809.2265625,18364944372.714287,19764392340.52381,16707930735.316668,14589269013.872223,0.3825542136810407,0.12685640144920862,0.16612067420727983,1.469128296991098,1
2023-11-28,37831.0859375,38368.48046875,36891.08984375,37247.9921875,21696137014.0,0.01548599794884531,37254.16796875,35813.8125,35537.640625,34538.48046875,27297.265625,26819.97265625,37543.34430803572,36980.63820684524,32861.90621744792,29640.13708767361,0.01867402829896774,0.025920470641908593,0.02311951630209291,0.02040961088767208,1477.390625,17868369123.857143,19900649446.47619,16896259095.933332,14628253272.755556,0.14172613910527887,0.16519648709859358,0.12679439176487417,1.536605251261828,1
2023-11-29,37858.4921875,38366.11328125,37612.6328125,37826.10546875,20728546658.0,0.0007244373065387055,37831.0859375,37432.33984375,37880.58203125,34502.36328125,25931.47265625,27249.58984375,37604.22321428572,37085.55319940476,33043.4158203125,29699.075434027778,0.00894352118024105,0.025919995786907412,0.023124045604105557,0.02038323463247618,753.48046875,17344268952.142857,20064132862.666668,17152881993.55,14660981781.966667,-0.04459735644993568,0.15552529392451775,0.11202004916746922,1.5265789317827676,1
2023-11-30,37712.74609375,38141.75390625,37531.140625,37861.1171875,18115982627.0,-0.0038497596002547985,37858.4921875,37289.62109375,36154.76953125,34667.78125,25800.724609375,27075.12890625,37664.669642857145,37134.10658482143,33205.565755208336,29758.173307291665,0.008947304553928509,0.025260806452897716,0.022776668477286804,0.020378220867273172,610.61328125,17901559582.142857,19128576207.666668,17296416413.433334,14715039477.283333,-0.12603700944907803,0.14795841052992786,0.11784228703346833,1.5843125609368434,1
2023-12-01,38688.75,38954.109375,37629.359375,37718.0078125,23512784002.0,0.025879947957747618,37712.74609375,37720.28125,36596.68359375,35437.25390625,25868.798828125,27119.06640625,37803.02232142857,37199.572358630954,33391.5318359375,29822.449327256945,0.012517732953148694,0.0256056875485658,0.02275356050748149,0.02045546197875128,1324.75,17985820464.857143,19166743771.809525,17358412124.766666,14793660986.63889,0.29790276829679807,0.14158771122096225,0.0924412781493329,1.492948329617783,1
2023-12-02,39476.33203125,39678.9375,38652.59375,38689.27734375,15534035612.0,0.020356874575942596,38688.75,37796.79296875,36585.703125,34938.2421875,25969.56640625,25760.09765625,38042.95647321428,37310.91908482143,33592.30439453125,29898.650629340278,0.013946484396255775,0.025858523542042152,0.022793110799282843,0.020120651572198382,1026.34375,18905029671.57143,19243399175.142857,17427182481.85,14760442892.005556,-0.33933660894096274,0.10765063837202304,0.11883069572640492,1.4642560252429733,1
2023-12-03,39978.390625,40135.60546875,39298.1640625,39472.20703125,15769696322.0,0.012717964611113297,39476.33203125,37479.12109375,37386.546875,34732.32421875,25812.416015625,27238.783203125,38399.99497767857,37450.151041666664,33795.28766276042,29969.42622612847,0.01243450953787143,0.025906228051918966,0.022789340135557282,0.019711899816612633,837.44140625,19194301136.42857,19444541095.285713,17504288165.316666,14726220812.166666,0.015170604464042281,0.09508408253365008,0.12455674295918451,1.3979280603544804,1
2023-12-04,41980.09765625,42371.75,39978.62890625,39978.62890625,39856129827.0,0.05006972516793251,39978.390625,37254.16796875,37476.95703125,35082.1953125,25779.982421875,26345.998046875,39075.12779017857,37710.99590773809,34038.024088541664,30056.282335069445,0.017809877967625082,0.027381091768230118,0.023319080771060048,0.01985441881206552,2393.12109375,22173330294.57143,20434941906.57143,17970602767.933334,14839143505.194445,1.5273872757712827,-0.017538444789453322,0.02067832552720983,1.2868494696845278,0
2023-12-05,44080.6484375,44408.6640625,41421.1484375,41986.265625,36312154535.0,0.05003682455553493,41980.09765625,37831.0859375,35813.8125,35049.35546875,25753.236328125,26508.216796875,39967.92243303572,38117.80580357143,34306.92493489583,30153.90695529514,0.021595552124617896,0.02778977067643007,0.023914757577568283,0.020163036340996577,2987.515625,24261332797.57143,21028025286.61905,18350932150.2,14974739784.305555,-0.08891920282734478,-0.0596730282899437,0.002252086596247649,1.240632448727235,0
2023-12-06,43746.4453125,44265.76953125,43478.08203125,44080.0234375,29909761586.0,-0.007581629055975703,44080.6484375,37858.4921875,37432.33984375,35037.37109375,26240.1953125,26480.375,40809.05859375,38397.13262648809,34569.885026041666,30249.829568142362,0.023149402782712557,0.02496858605646197,0.02398129225866342,0.020176290499136915,787.6875,25572934930.142857,21149165282.190475,18740210771.366665,15079707617.338888,-0.17631542471072492,-0.01956051786350499,0.009514969519844874,1.2080324383499015,0
2023-12-07,43292.6640625,44042.58984375,42880.6484375,43769.1328125,27635760671.0,-0.010372985662227885,43746.4453125,37712.74609375,37289.62109375,35443.5625,25905.654296875,25851.240234375,41606.189732142855,38737.03236607143,34825.84459635417,30346.7263671875,0.024417268244196304,0.022289732774472923,0.024068413624673757,0.020101672625774922,1161.94140625,26932903222.142857,21226706963.38095,19068858861.05,15122834436.683332,-0.07602872087300094,-0.006206395750146032,0.016088897855637718,1.3080286949596864,0
2023-12-08,44166.6015625,44705.515625,43125.296875,43293.13671875,24421116687.0,0.02018673414826888,43292.6640625,38688.75,37720.28125,35655.27734375,25895.677734375,25940.16796875,42388.739955357145,39097.50465029762,35102.22666015625,30447.98433159722,0.024289397068106212,0.0224173517209457,0.023974187018338977,0.020142123407264484,1580.21875,27062665034.285713,21320806404.190475,19275749663.033333,15198881698.26111,-0.11632189257498293,-0.05064559352239606,-0.005060473261310872,1.2624184882348,0
2023-12-09,43725.984375,44361.2578125,43627.59765625,44180.01953125,17368210171.0,-0.009976252913108663,44166.6015625,39476.33203125,37796.79296875,36693.125,25832.2265625,25902.5,42995.83314732143,39437.51804315476,35374.47607421875,30547.00368923611,0.026668037216037947,0.02272042866750803,0.024009288164300348,0.020163037060640692,733.66015625,27324689971.285713,21581862949.61905,19398997321.25,15230494588.116667,-0.28880360412652406,-0.0339813318954012,0.07420117757497602,1.3152369711516645,0
2023-12-10,43779.69921875,44034.625,43593.28515625,43728.3828125,13000481418.0,0.0012284421841561866,43725.984375,39978.390625,37479.12109375,37313.96875,25162.654296875,25918.728515625,43538.877232142855,39741.95386904762,35656.24905598958,30646.231304253473,0.027181362469730918,0.022570733968825526,0.023764972446802188,0.02016267236716337,441.33984375,26929087842.142857,21585886514.61905,19388203772.666668,15224144626.627777,-0.25147834520639734,-0.05516335651789239,0.05390697725463678,1.2255227991212752,0
2023-12-11,41243.83203125,43808.375,40234.578125,43792.01953125,40632672038.0,-0.05792335792051162,43779.69921875,41980.09765625,37254.16796875,37138.05078125,25833.34375,25124.67578125,43433.69642857143,39921.32886904762,35897.699609375,30735.782172309027,0.03292108253659216,0.026743441071996357,0.025215828463584992,0.020517320189385454,3573.796875,27040022443.714287,22526099037.0,19908866485.05,15370627705.916666,2.1254744137198998,0.03345244520937363,0.1305394054660256,1.3439972700463452,1
2023-12-12,41450.22265625,42048.3046875,40667.5625,41238.734375,24779520132.0,0.005004157345118276,41243.83203125,44080.6484375,37831.0859375,37054.51953125,26228.32421875,25576.39453125,43057.92131696428,40189.72935267857,36140.830403645836,30823.970106336805,0.02432122555412831,0.024247285155869373,0.025213638225876123,0.02048704430084405,1380.7421875,25392503243.285713,22507401721.57143,20069103273.066666,15420306237.711111,-0.3901577501763607,0.019790115346372206,0.11865710160445642,1.4408320333773839,1
2023-12-13,42890.7421875,43429.78125,40676.8671875,41468.46484375,26797884674.0,0.03475299863154757,41450.22265625,43746.4453125,37858.4921875,36502.35546875,26539.673828125,26327.462890625,42935.678013392855,40449.65327380953,36407.98098958333,30915.98832465278,0.029332267525203702,0.023527080111225042,0.025435038759680333,0.02052982595505363,2752.9140625,24947949398.714287,22621717760.333332,20425932737.933334,15478490891.65,0.08145293093846107,0.01775459629891718,-0.0008760449652687186,1.3325080168269121,1
2023-12-14,43023.97265625,43390.859375,41767.08984375,42884.26171875,25578530178.0,0.0031062756659134827,42890.7421875,43292.6640625,37712.74609375,35537.640625,26608.693359375,26510.67578125,42897.29352678572,40722.71763392857,36672.386328125,31007.728862847223,0.029166883844952057,0.023419721199333377,0.02544023406594582,0.020527601946991617,1623.76953125,24654059328.285713,23162840710.857143,20733938207.9,15558981187.916666,-0.045501893557406414,0.019644389751098945,-0.004220666585135091,1.3582029168513157,1
2023-12-15,41929.7578125,43087.82421875,41692.96875,43028.25,19639442462.0,-0.025432678020983368,43023.97265625,44166.6015625,38688.75,37880.58203125,26568.28125,26336.212890625,42577.744419642855,40923.16889880953,36895.89117838542,31094.35966796875,0.02886479569238654,0.02443647830311402,0.025190643059111374,0.020624111869573483,1394.85546875,23970963010.42857,23006482836.52381,20597364306.616665,15614946450.877777,-0.23219034380279546,0.04932402759153187,-0.0031836167966180495,1.4176855302459899,1
2023-12-16,42240.1171875,42664.9453125,41723.11328125,41937.7421875,14386729590.0,0.007401888090740938,41929.7578125,43725.984375,39476.33203125,36154.76953125,26534.1875,26851.029296875,42365.47767857143,41134.755766369046,37126.29733072917,31179.854600694445,0.02931343764557435,0.024428254871909832,0.025153777070298255,0.020588836579673035,941.83203125,23545037213.142857,23258252285.333332,20589267674.65,15623611691.811111,-0.2674573314473351,0.035497670960385586,0.006435861938859588,1.4691857470358727,1
2023-12-17,41364.6640625,42359.49609375,41274.54296875,42236.109375,16678702876.0,-0.02072563201266564,42240.1171875,43779.69921875,39978.390625,36596.68359375,26754.28125,28327.48828125,42020.47265625,41319.78162202381,37343.56936848958,31252.28335503472,0.02976293826391512,0.024924130842385636,0.025375058194269346,0.02028641710552329,1084.953125,24070497421.42857,23397962133.333332,20655177246.15,15592871934.75,0.15931162615255623,0.039924248448016675,0.04328044940229603,1.5632921517214364,1
2023-12-18,42623.5390625,42720.296875,40530.2578125,41348.203125,25224642008.0,0.030433584522719714,41364.6640625,41243.83203125,41980.09765625,36585.703125,27211.1171875,30027.296875,42217.57366071428,41575.46595982143,37575.2982421875,31322.26247829861,0.022837795092917654,0.025383602125776818,0.025544811362966536,0.01993321235301031,2190.0390625,21869350274.285713,23694234337.52381,20834786976.366665,15547749051.577778,0.512386316582045,0.023217254696962675,0.0027945422616206805,1.4901874386090581,1
2023-12-19,42270.52734375,43354.296875,41826.3359375,42641.51171875,23171001281.0,-0.008282083715112631,42623.5390625,41450.22265625,44080.6484375,37386.546875,27132.0078125,29912.28125,42334.760044642855,41786.86793154762,37785.0912109375,31390.919401041665,0.023376773942392355,0.025503703067765303,0.025376165404355954,0.019943424929128904,1527.9609375,21639561867.0,23764465969.285713,20862034910.55,15561737055.966667,-0.08141406828880615,0.00591132913881065,-0.02385749157560746,1.3666972084106694,1
2023-12-20,43652.25,44275.5859375,42223.81640625,42261.30078125,27868908174.0,0.032687613405284255,42270.52734375,42890.7421875,43746.4453125,37476.95703125,26567.6328125,30695.46875,42443.546875,42062.76116071428,38013.988509114584,31462.90151909722,0.022918273354774883,0.026143471519425872,0.025604689475707498,0.01999310429827905,2051.76953125,21792565224.142857,24104483184.333332,21134164263.516666,15582588934.23889,0.2027494123377498,-0.004796878310969088,-0.046591956886529284,1.2333545951239628,0
2023-12-21,43869.15234375,44240.66796875,43330.05078125,43648.125,22452766169.0,0.0049688697318006625,43652.25,43023.97265625,43292.6640625,35813.8125,26579.568359375,30548.6953125,42564.286830357145,42355.92336309524,38245.2427734375,31536.904058159722,0.022934024371536868,0.026028872149058076,0.025599981853770642,0.019987413403264494,910.6171875,21346027508.57143,24310996686.333332,21334268365.666668,15639838621.311111,-0.1943435304743274,-0.02829543788020894,-0.05023043046246456,1.2283523721065746,0
2023-12-22,43997.90234375,44367.95703125,43441.96875,43868.98828125,21028503216.0,0.002934864092908329,43869.15234375,41929.7578125,44166.6015625,37432.33984375,26579.390625,30480.26171875,42859.736049107145,42608.740141369046,38427.10390625,31612.002061631945,0.019287415416789012,0.025700445592956832,0.022252453401961816,0.01998469940253364,925.98828125,21544464759.142857,24192697601.285713,21045350547.416668,15686088838.544445,-0.06343374096000898,-0.043149784395793755,-0.05573259307550438,1.209758224446602,0
2023-12-23,43739.54296875,44015.69921875,43351.35546875,44012.19921875,13507796558.0,-0.005872083923035065,43997.90234375,42240.1171875,43725.984375,37289.62109375,26256.826171875,30271.130859375,43073.939732142855,42811.75018601191,38591.07083333333,31686.826573350696,0.019891261396882538,0.025628388514057587,0.022144475122367318,0.01998231935455677,664.34375,21418902897.42857,24096210027.285713,20521563829.3,15669503336.105556,-0.35764346043791195,-0.03618329130989617,-0.09675857345545891,1.1743468505820545,0
2023-12-24,43016.1171875,43945.5234375,42786.91796875,43728.3671875,18830554085.0,-0.01653939964043194,43739.54296875,41364.6640625,43779.69921875,37720.28125,26298.48046875,30688.1640625,43309.861607142855,42956.40383184524,38732.95911458333,31755.315201822916,0.01902734047902012,0.025992365152268007,0.022239020777575533,0.02001230587337779,1158.60546875,21726310213.0,24241965158.857143,20414501097.25,15682846259.11111,0.3940507620280669,-0.01745693792461145,-0.07370647593389323,1.2011805894701895,0
2023-12-25,43613.140625,43765.09375,42765.76953125,43010.57421875,21115795370.0,0.013879063861056418,43016.1171875,42623.5390625,41243.83203125,37796.79296875,26217.25,30086.24609375,43451.23325892857,43034.16778273809,38890.56731770833,31830.464615885416,0.01628022821119334,0.023886654788854725,0.02219887671002383,0.019965169038643527,999.32421875,21139332121.857143,23349568279.95238,20442644430.483334,15719203451.283333,0.1213581541299611,0.01270698230643652,-0.08107800437153223,1.2625312540192697,1
2023-12-26,42520.40234375,43603.17578125,41676.48828125,43599.84765625,30026850982.0,-0.025055253200995553,43613.140625,42270.52734375,41450.22265625,37479.12109375,26352.716796875,30445.3515625,43486.9296875,42959.87034970238,39034.07734375,31897.548231336805,0.01924925561286859,0.0218872992831333,0.02247371393612108,0.02005520396379551,1926.6875,22118739222.0,23050268110.761906,20669458065.666668,15812792285.51111,0.4220089963866702,0.057326983562945744,-0.06083182678021393,1.335330566953015,1
2023-12-27,43442.85546875,43683.16015625,42167.58203125,42518.46875,25260941032.0,0.021694364920222586,42520.40234375,43652.25,42890.7421875,37254.16796875,27021.546875,30477.251953125,43457.01618303572,42945.41369047619,39189.96536458333,31969.579361979166,0.01648282937418541,0.022405752912382292,0.022588834395357155,0.02010838012459579,1515.578125,21746172487.42857,22828895703.42857,20921134902.45,15806534701.26111,-0.15872160396896062,-0.01368877991751194,-0.03742811924896672,1.2050925196183098,0
2023-12-28,42627.85546875,43804.78125,42318.55078125,43468.19921875,22992093014.0,-0.01876027694786908,43442.85546875,43869.15234375,43023.97265625,37831.0859375,26911.720703125,30590.078125,43279.68805803572,42913.756138392855,39324.78828125,32036.45590277778,0.017558820457322433,0.02267138746824413,0.0227518481469049,0.020168430864747396,1486.23046875,21823219179.57143,22607768672.142857,21118331052.916668,15883787402.822222,-0.08981644884590301,0.036409676001360136,-0.011912416790993974,1.2089982791658658,1
2023-12-29,42099.40234375,43124.32421875,41424.0625,42614.64453125,26000021055.0,-0.012396896798793966,42627.85546875,43997.90234375,41929.7578125,37858.4921875,26967.916015625,30620.76953125,43008.47377232143,42815.318080357145,39451.405598958336,32100.226085069444,0.017511616725631972,0.02229745719345894,0.022839569286189885,0.020197010354362378,1700.26171875,22533436013.714287,22682954594.42857,21265250398.583332,15969712975.116667,0.13082445513631402,0.049009937140029436,-0.0015156650735559385,1.2604579730245948,1
2023-12-30,42156.90234375,42584.125,41556.2265625,42091.75390625,16013925945.0,0.0013658151137276864,42099.40234375,43739.54296875,42240.1171875,37712.74609375,27983.75,31156.439453125,42782.38225446428,42740.599888392855,39576.224283854164,32161.33976779514,0.01774292194343258,0.02223292144637455,0.02284076274291828,0.020163509068684537,1027.8984375,22891454497.57143,22618464869.38095,21269511317.5,15973835425.516666,-0.38408027012268897,0.04346365285118359,0.026836500954812825,1.218621894935466,1
2023-12-31,42265.1875,42860.9375,41998.25390625,42152.09765625,16397498810.0,0.002568622223877659,42156.90234375,43016.1171875,41364.6640625,38688.75,27530.78515625,30777.58203125,42675.10658482143,42668.48028273809,39690.023177083334,32225.159798177083,0.01715260288877426,0.02224307024340209,0.02270893811759401,0.020136076188092815,862.68359375,22543875172.57143,22780227602.333332,21168698430.916668,15993761372.088888,0.023952456525488275,0.03969957914536648,0.01626449368052607,1.1919507854425109,1
2024-01-01,44167.33203125,44175.4375,42214.9765625,42280.234375,18426978443.0,0.0450049945064126,42265.1875,43613.140625,42623.5390625,39476.33203125,27429.978515625,30514.166015625,42754.27678571428,42807.69456845238,39843.84134114583,32301.010720486112,0.02452292866319955,0.020441219115206865,0.02322244806960686,0.02037409348402627,1960.4609375,22159758468.714287,21722813621.61905,21125845429.233334,16026791128.55,0.12376763410785085,0.06346708633015585,-0.03588006088705442,1.1153463165693465,1
