Date,Close,High,Low,Open,Volume,Daily_Return,Close_Lag_1,Close_Lag_7,Close_Lag_14,Close_Lag_30,Close_Lag_90,Close_Lag_180,MA_7,MA_21,MA_60,MA_180,Volatility_7,Volatility_21,Volatility_60,Volatility_180,HL_Spread,Volume_MA_7,Volume_MA_21,Volume_MA_60,Volume_MA_180,Volume_Change,Target_Return_7,Target_Return_30,Target_Return_365,Target_Up
2021-06-30,2274.547607421875,2282.989013671875,2090.7607421875,2164.21630859375,25828056268.0,0.052656870391718735,2160.768310546875,1989.736328125,2367.66357421875,2714.9453125,1977.27685546875,730.3675537109375,2017.8258405412946,2196.6270577566966,2741.5088745117187,2079.728921508789,0.055443657168934575,0.06049884555415632,0.08293136970721492,0.06745423304457597,192.228271484375,22818283056.857143,25230027863.904762,38252111628.75,34587386694.583336,0.040819132392680535,0.01785597174575515,0.08459432448524118,-0.530764348636893,1
2021-07-01,2113.60546875,2274.3974609375,2081.0810546875,2274.3974609375,29061701793.0,-0.07075786769497328,2274.547607421875,1988.456298828125,2372.001953125,2633.518310546875,2143.2255859375,774.5349731445312,2035.7042933872767,2179.5835774739585,2727.534696451823,2087.1682020399307,0.06537302839024797,0.06134840955754669,0.08341936568507148,0.06759956392595326,193.31640625,24073833917.42857,25244698121.190475,38269273107.85,34639169642.43889,0.12519894998859704,0.0030378888266680004,0.19994483286298026,-0.498597373231094,1
2021-07-02,2150.040283203125,2155.596435546875,2021.8248291015625,2109.892578125,31796212554.0,0.017238228700587443,2113.60546875,1813.21728515625,2231.733154296875,2706.125,2028.4224853515625,975.5076904296876,2083.82186453683,2169.8822195870534,2706.1839314778645,2093.693383110894,0.04890188191788364,0.06075357295028991,0.08063140811667102,0.06492098252772902,133.7716064453125,25362673568.285713,25576300424.0,37979638480.21667,34564701582.361115,0.09409327714107407,-0.0015571337973432353,0.1915367683086424,-0.5039568208489916,0
2021-07-03,2226.1142578125,2237.567138671875,2117.590087890625,2150.8349609375,17433361641.0,0.035382581063104546,2150.040283203125,1829.2392578125,2178.4990234375,2855.12646484375,2093.122802734375,1040.2330322265625,2140.518293108259,2162.9122140066966,2689.0586791992187,2100.281612141927,0.048405439648451516,0.06128128943478533,0.0805506205676839,0.06480250373173158,119.97705078125,24904933465.42857,25181490768.333332,37230160421.6,34345187003.905556,-0.45171577868299084,-0.051529562311009136,0.17251543183474216,-0.5176496606115003,0
2021-07-04,2321.72412109375,2384.286865234375,2190.837646484375,2226.55029296875,18787107473.0,0.0429492165308718,2226.1142578125,1978.8946533203125,2246.364501953125,2688.195068359375,2107.88720703125,1100.006103515625,2189.4939313616073,2154.0232863653273,2669.0410278320314,2107.0689344618054,0.04336714006316257,0.06067456972927494,0.0799946459380384,0.06474757792309936,193.44921875,24748023855.57143,24785974678.0,36737708906.433334,34218804641.083332,0.07765259849920425,-0.07841557251259812,0.0777979978931167,-0.5042222839598216,0
2021-07-05,2198.58251953125,2321.9228515625,2163.04150390625,2321.9228515625,20103794829.0,-0.05303886040710504,2321.72412109375,2079.657470703125,1888.447509765625,2630.576904296875,2118.37890625,1207.1121826171875,2206.483224051339,2137.8657342819943,2647.5027303059896,2112.577103000217,0.049887561478273695,0.0615891855400423,0.08024572673647831,0.06453566980644576,158.88134765625,23975051282.42857,24459270796.95238,36334432240.45,34082159533.533333,0.07008462361181911,-0.07362082103237244,0.23926204672444085,-0.4839670535236993,0
2021-07-06,2324.679443359375,2346.294921875,2197.91943359375,2197.91943359375,20891861314.0,0.057353737104673064,2198.58251953125,2160.768310546875,1874.9500732421875,2715.0927734375,1971.0772705078125,1225.6781005859375,2229.899100167411,2124.2344331287204,2628.1685709635417,2118.682666015625,0.0521539342824843,0.06267701402587819,0.08064096547885188,0.06464750345390839,148.37548828125,23414585124.57143,24072917563.38095,36022509253.76667,33973403055.944443,0.039199886971747366,-0.16544021158831224,0.21622310787767174,-0.4894031508670498,0
2021-07-07,2315.161865234375,2403.7734375,2298.02685546875,2323.20849609375,22398345285.0,-0.004094146464876158,2324.679443359375,2274.547607421875,1989.736328125,2590.26318359375,2088.57373046875,1224.1971435546875,2235.7011369977677,2121.734351748512,2601.7104736328124,2124.743581136068,0.04904115233176937,0.05922861721220276,0.07899778160454282,0.06464957865304735,105.74658203125,22924626412.714287,23991794663.61905,35559006820.416664,33851533714.93889,0.07210865266420652,-0.13857802826834775,0.24869958070856568,-0.4654398025583516,0
2021-07-08,2120.0263671875,2324.0068359375,2089.414306640625,2317.94921875,23188123689.0,-0.08428589852706492,2315.161865234375,2113.60546875,1988.456298828125,2517.438720703125,2072.10888671875,1281.0772705078125,2236.618408203125,2109.7355143229165,2571.5635009765624,2129.404409450955,0.05259635055221449,0.06205838319235109,0.0796301242772431,0.06492254189206129,234.592529296875,22085543826.42857,24054484687.57143,35102670710.6,33795728261.205555,0.03526056920503451,-0.09851325966519986,0.4892450482678439,-0.42335329196506344,0
2021-07-09,2146.6923828125,2185.376220703125,2051.066650390625,2115.573974609375,23029574602.0,0.012578152818153887,2120.0263671875,2150.040283203125,1813.21728515625,2608.26708984375,2135.942138671875,1262.2467041015625,2236.14013671875,2105.6859537760415,2541.4701416015623,2134.3179965549043,0.0523951743397112,0.06079975815049453,0.07965297613166639,0.06490828822090149,134.3095703125,20833166976.142857,24067663554.904762,34441633803.85,33698020686.47778,-0.006837512561450265,-0.1240557102519183,0.40389591454513285,-0.4330914474620976,0
2021-07-10,2111.403564453125,2190.1240234375,2081.923583984375,2146.999755859375,17581542471.0,-0.016438693611583566,2146.6923828125,2226.1142578125,1829.2392578125,2471.5185546875,2157.656982421875,1090.1453857421875,2219.7528948102677,2102.4909319196427,2507.181848144531,2139.9916531032986,0.05034470978639854,0.060675766250187044,0.07924794353584633,0.06405840150579283,108.200439453125,20854335666.142857,24011267725.142857,33856663880.616665,33458286865.205555,-0.23656677229838485,-0.10068106955937861,0.5003556186533114,-0.4466232647330247,0
2021-07-11,2139.664794921875,2172.6533203125,2083.8037109375,2110.875732421875,14705386138.0,0.013385044405790802,2111.403564453125,2321.72412109375,1978.8946533203125,2353.768798828125,2139.353271484375,1043.4345703125,2193.7444196428573,2097.4099934895835,2479.7454508463543,2146.081821017795,0.046614175094577645,0.06034768903251926,0.07852446969358273,0.0639570934893447,88.849609375,20271232618.285713,23638384663.95238,32951363946.666668,33331680112.127777,-0.16358953361140505,-0.114089212234457,0.46830997526604934,-0.4871923046685973,0
2021-07-12,2036.7210693359373,2167.710205078125,2011.0189208984373,2140.5068359375,17768129077.0,-0.04811208084100693,2139.664794921875,2198.58251953125,2079.657470703125,2372.484375,2299.187744140625,1130.7393798828125,2170.621355329241,2104.470639183408,2451.771661376953,2151.115052625868,0.04589916338761591,0.049642511106342574,0.07869455862886805,0.06381789397932729,156.69128417968773,19937566082.285713,22877573009.285713,31940862522.3,33263115313.694443,0.20827354754633776,-0.10773416241434797,0.5535976746286551,-0.49026321472231726,0
2021-07-13,1940.083984375,2040.693603515625,1922.577880859375,2034.098388671875,16621628658.0,-0.04744738315710817,2036.7210693359373,2324.679443359375,2160.768310546875,2508.3916015625,2435.10498046875,1218.4530029296875,2115.6791469029017,2107.5722539992557,2416.1221048990888,2155.1241136338977,0.03639757787166914,0.050890500616670165,0.07764457423591596,0.06370752737937871,118.11572265625,19327532845.714287,21976352863.238094,31414985146.35,33169841495.52222,-0.06452566919294223,-0.07864259661761586,0.5687023505949222,-0.4260108494417224,0
2021-07-14,1994.331298828125,2015.107421875,1869.22314453125,1941.1678466796875,17342819679.0,0.02796132275201524,1940.083984375,2315.161865234375,2274.547607421875,2537.89111328125,2519.1162109375,1171.8345947265625,2069.846208844866,2107.791062127976,2388.7255920410157,2159.6935397677953,0.041159036980023905,0.04948196566892547,0.07669013585264355,0.0636495894330782,145.88427734375,18605314902.0,21449408123.857143,30996993445.15,33066345830.905556,0.04338870972507802,-0.0016850127332339593,0.6658273737538074,-0.40254347619308195,0
2021-07-15,1911.1756591796875,2037.7425537109373,1883.272216796875,1994.7120361328125,15688092552.0,-0.04169600090882597,1994.331298828125,2120.0263671875,2113.60546875,2610.936767578125,2431.946533203125,1233.53759765625,2040.0103934151787,2104.1110316685267,2360.7867513020833,2163.4581956651477,0.032331669946814356,0.05036529291999527,0.0768163792811781,0.06364350621769782,154.47033691406227,17533881882.42857,21231086542.095238,30469137008.783333,32973950566.433334,-0.09541280816081299,0.059663327680888,0.7086045145513153,-0.35477979511317803,1
2021-07-16,1880.3829345703125,1959.6962890625,1853.59033203125,1916.598388671875,14884569147.0,-0.016111927996504405,1911.1756591796875,2146.6923828125,2150.040283203125,2367.66357421875,2344.89501953125,1230.1722412109375,2001.9661865234375,2107.309395926339,2337.4198384602864,2167.070477294922,0.03010533901818766,0.046408408127085306,0.07614886704169098,0.06365979387375251,106.10595703125,16370309674.571428,20855383406.333332,29816184281.666668,32894097990.47778,-0.05121868081391212,0.12997016313257448,0.7605478594428483,-0.2806643583197379,1
2021-07-17,1898.8251953125,1917.597900390625,1855.5908203125,1876.88134765625,13364282076.0,0.009807715440898646,1880.3829345703125,2111.403564453125,2226.1142578125,2372.001953125,2237.136962890625,1257.279541015625,1971.5978480747767,2110.6230119977677,2312.732423909505,2170.6346198187935,0.031960535004418096,0.04641524515876406,0.07603218492657392,0.06364740205684,62.007080078125,15767843903.857143,20509037678.47619,29365313562.633335,32824913693.344444,-0.10213846675611804,0.15293327442903903,0.6623486613073359,-0.29501896989143683,1
2021-07-18,1895.5521240234373,1988.33642578125,1883.0125732421875,1900.1943359375,13791868728.0,-0.001723734916274977,1898.8251953125,2139.664794921875,2321.72412109375,2231.733154296875,2166.188720703125,1377.2958984375,1936.724609375,2106.654320126488,2303.3136393229165,2173.513821072049,0.030218157003755367,0.04274033079399317,0.06758084837227692,0.06328130026534319,105.3238525390625,15637341416.714285,20218865963.52381,28187129495.166668,32639335546.333332,0.03199473414047982,0.15606094473705978,0.5904843285799026,-0.16714614412349826,1
2021-07-19,1817.296630859375,1916.1180419921875,1807.909912109375,1893.0535888671875,14157735481.0,-0.041283746393615206,1895.5521240234373,2036.7210693359373,2198.58251953125,2178.4990234375,2330.2109375,1382.2740478515625,1905.3782610212054,2094.1609468005954,2287.197013346354,2175.9306131998696,0.029127954609336086,0.041848907951818295,0.0654365755371308,0.06337046284793517,108.2081298828125,15121570903.0,19678062755.904762,27296244641.85,32458078349.511112,0.026527714279735326,0.22895000259953213,0.6618584949017599,-0.15095026671737655,1
2021-07-20,1787.5107421875,1836.998046875,1722.05078125,1819.08203125,17368597636.0,-0.01639021839697663,1817.296630859375,1940.083984375,2324.679443359375,2246.364501953125,2364.751708984375,1121.5709228515625,1883.5820835658483,2076.3867768787204,2276.4785034179686,2179.6302788628473,0.025660224333307703,0.04062787131147279,0.06346954661189681,0.06173198663141617,114.947265625,15228280757.0,19323466242.42857,26689486755.75,32299390198.855556,0.22679207132447488,0.28577324983296104,0.7805219702023207,-0.14954319002672078,1
2021-07-21,1990.9708251953125,2025.680419921875,1759.0233154296875,1786.2762451171875,21253359756.0,0.1138231386284283,1787.5107421875,1994.331298828125,2315.161865234375,1888.447509765625,2403.53515625,1236.51220703125,1883.102015904018,2062.883120582217,2271.399591064453,2183.8217156304254,0.053260538043938564,0.046914623385668035,0.06485269370856162,0.06183823434412617,266.6571044921875,15786929339.428572,19105623551.38095,26342210457.35,32173473650.244446,0.22366584806755085,0.15348019222278708,0.650920877965115,-0.20804991626932945,1
2021-07-22,2025.2027587890625,2044.116455078125,1954.2978515625,1994.8228759765625,17495480331.0,0.01719358875607435,1990.9708251953125,1911.1756591796875,2120.0263671875,1874.9500732421875,2363.586181640625,1230.9906005859375,1899.3916015625,2058.6734677269346,2269.9933064778647,2188.2340053982207,0.04995604396440078,0.04464816515990428,0.0640149684406307,0.06184162498290778,89.818603515625,16045127593.571428,18554851100.809525,25700373096.583332,32119260232.966667,-0.1768134294126894,0.17566341284910658,0.5929683931025185,-0.24086359022814374,1
2021-07-23,2124.776611328125,2129.441162109375,2000.436279296875,2025.105712890625,16200392492.0,0.04916734984036908,2025.2027587890625,1880.3829345703125,2146.6923828125,1989.736328125,2211.625732421875,1391.609375,1934.3049839564733,2057.470435732887,2261.346398925781,2192.3071567111547,0.05050495313395913,0.0458315865442928,0.05522643871908184,0.0612114194241801,129.0048828125,16233102357.142857,17812193002.61905,25075427609.116665,32006939282.622223,-0.07402413734850433,0.16104507769371446,0.525861806474371,-0.27084217837697777,1
2021-07-24,2189.21875,2197.6494140625,2107.323486328125,2123.961181640625,16057446601.0,0.03032890061397775,2124.776611328125,1898.8251953125,2111.403564453125,1988.456298828125,2316.0595703125,1324.414794921875,1975.7897774832588,2055.7135067894346,2252.7228963216144,2197.1116231282554,0.050501310347803204,0.04565178375007063,0.05528440379771868,0.06111493900402713,90.325927734375,16617840146.428572,17746673238.809525,24517079498.2,31854115220.711113,-0.008823606654628224,0.1585000178431233,0.5161834897580473,-0.26938471335022485,1
2021-07-25,2191.373779296875,2194.438232421875,2108.829833984375,2187.1455078125,14566483636.0,0.0009843828063664795,2189.21875,1895.5521240234373,2139.664794921875,1813.21728515625,2534.481689453125,1357.05810546875,2018.050013950893,2049.50634765625,2241.1008138020834,2201.746710205078,0.05030294722320167,0.044592527602935826,0.054533834757056206,0.061097188037889695,85.6083984375,16728499419.0,17545691151.333332,24051524791.8,31704079475.633335,-0.09285180901097612,0.16906210842919123,0.44770204371343736,-0.3404213208595894,1
2021-07-26,2233.36669921875,2428.817138671875,2177.32958984375,2191.309814453125,29614324233.0,0.01916282850447759,2191.373779296875,1817.296630859375,2036.7210693359373,1829.2392578125,2662.865234375,1253.1871337890625,2077.488595145089,2051.1627371651784,2232.715450032552,2207.192152235243,0.04216360247049156,0.04320722945681706,0.05421460168815434,0.060803323828673365,251.487548828125,18936583526.42857,17998573503.904762,23988869607.633335,31649745626.983334,1.0330455155155196,0.16870790686793757,0.44397034500927535,-0.3544245272396743,1
2021-07-27,2298.33349609375,2316.9501953125,2154.731201171875,2230.197021484375,23067480378.0,0.029089175950248514,2233.36669921875,1787.5107421875,1940.083984375,1978.8946533203125,2746.380126953125,1332.4921875,2150.4632742745534,2049.9081682477677,2230.689237467448,2212.557937282986,0.0368881796990063,0.04180187836316374,0.052251164575410215,0.06067373454299424,162.218994140625,19750709632.42857,18102174411.714287,23706675700.516666,31585469213.58889,-0.22107017548300778,0.08876697556207391,0.348944983276988,-0.28807865838592717,1
2021-07-28,2296.54541015625,2341.77783203125,2250.9140625,2302.081298828125,18991302378.0,-0.0007779923760146135,2298.33349609375,1990.9708251953125,1994.331298828125,2079.657470703125,2756.876953125,1382.5228271484375,2194.11678641183,2049.0216703869046,2230.9730916341146,2217.6358405219185,0.017503060389826186,0.04179078702986822,0.051684148068056594,0.06062570947510786,90.86376953125,19427558578.42857,17939934273.285713,23460302069.816666,31393132253.13889,-0.17670668548124346,0.186399302621018,0.424139412011715,-0.24866796362148058,1
2021-07-29,2380.956787109375,2396.451904296875,2273.40478515625,2299.011962890625,16313373113.0,0.03675580573317805,2296.54541015625,2025.2027587890625,1911.1756591796875,2160.768310546875,2773.20703125,1376.115478515625,2244.938790457589,2061.4469284784227,2230.8172810872397,2223.218292236328,0.01838287548132011,0.0376645635384389,0.051523348242430884,0.06066868624536972,123.047119140625,19258686118.714287,17612565198.238094,23300914631.233334,31313670024.68889,-0.1410081947882721,0.18747592259094414,0.3626468728361094,-0.2744904100006573,1
2021-07-30,2466.96142578125,2469.704833984375,2322.337158203125,2382.545166015625,20212848934.0,0.03612188139554173,2380.956787109375,2124.776611328125,1880.3829345703125,2274.547607421875,2945.892822265625,1314.9862060546875,2293.822335379464,2076.6978352864585,2226.684216308594,2229.6181545681425,0.01583536170519841,0.03821027661063352,0.048637119331023125,0.060599840106784035,147.36767578125,19831894181.857143,17478435404.52381,23121005727.633335,31285969998.872223,0.23903553201345829,0.17186333769896978,0.3080880194650515,-0.31252695534759456,1
2021-07-31,2536.2099609375,2551.1611328125,2423.816162109375,2461.57568359375,18001710283.0,0.028070376144742504,2466.96142578125,2189.21875,1898.8251953125,2113.60546875,2952.05615234375,1369.04052734375,2343.392508370536,2096.926711309524,2225.0624104817707,2236.102429199219,0.015651386992573707,0.038060435436277434,0.048616075368445054,0.06056465004739059,127.344970703125,20109646136.42857,17498443395.57143,22964980514.183334,31223697995.333332,-0.10939272629107955,0.24486490399406402,0.2713357006082602,-0.33699600589739476,1
2021-08-01,2561.85205078125,2695.429443359375,2520.931884765625,2530.462890625,22697987055.0,0.010110397103823221,2536.2099609375,2191.373779296875,1895.5521240234373,2150.040283203125,3431.086181640625,1515.1937255859375,2396.3179757254466,2117.0308663504466,2222.657861328125,2241.917197672526,0.01396174294815565,0.03805018506849935,0.048503803620928695,0.06008651034505789,174.49755859375,21271289482.0,17879043439.238094,22881225842.45,31097369352.3,0.2608794774591474,0.1763882559481027,0.3403321495355247,-0.36171341343361785,1
2021-08-02,2610.1533203125,2665.73095703125,2511.375244140625,2557.774658203125,22162754104.0,0.01885404331468732,2561.85205078125,2233.36669921875,1817.296630859375,2226.1142578125,3253.62939453125,1660.9095458984375,2450.1446358816966,2144.337164015997,2218.5749755859374,2247.1907741970485,0.01397506917978735,0.03573486846169024,0.04803355692222756,0.0597044141108321,154.355712890625,20206779463.57143,18088311297.666668,22749968287.483334,30987859283.994446,-0.023580635133109595,0.2136667131847274,0.46919650089400733,-0.3743871588452097,1
2021-08-03,2502.349609375,2630.314208984375,2449.353515625,2609.4130859375,22696753413.0,-0.04130167760589376,2610.1533203125,2298.33349609375,1787.5107421875,2321.72412109375,3522.783203125,1594.7626953125,2479.289794921875,2171.1117175874256,2215.4775512695314,2252.232923719618,0.02740367324357424,0.03524134106261887,0.04773159719763396,0.05971061105799471,180.960693359375,20153818468.57143,18377602952.666668,22558683484.183334,30867303070.533333,0.02409444721960896,0.2554964943104254,0.51497215897871,-0.3530582195015154,1
2021-08-04,2724.619873046875,2764.443603515625,2463.469482421875,2508.544921875,25038698173.0,0.0888246242008488,2502.349609375,2296.54541015625,1990.9708251953125,2198.58251953125,3490.88037109375,1718.65087890625,2540.443289620536,2205.887363978795,2217.0449340820314,2257.8216403537326,0.03872863549571364,0.03886921413326997,0.04899980193430585,0.05979281163999111,300.97412109375,21017732153.57143,18744073357.142857,22467717241.666668,30783581235.63889,0.10318413023153372,0.1613528729235183,0.44629890762965707,-0.40975039253881007,1
2021-08-05,2827.328857421875,2840.4306640625,2540.68408203125,2725.669677734375,31057928075.0,0.03769662894668069,2724.619873046875,2380.956787109375,2025.2027587890625,2324.679443359375,3484.72900390625,1677.8468017578125,2604.2107282366073,2249.5137067522323,2218.915535481771,2264.2076517740884,0.03877642657462269,0.03681775420570527,0.04906346470189456,0.05980682070729952,299.74658203125,23124097148.142857,19475970286.809525,22563488719.35,30734606276.9,0.24039707896997298,0.07642741970093625,0.37508884363942574,-0.3873175969167425,1
2021-08-06,2890.941650390625,2944.9033203125,2727.792724609375,2827.50341796875,26528577879.0,0.02249925501300054,2827.328857421875,2466.96142578125,2124.776611328125,2315.161865234375,3902.647705078125,1614.227783203125,2664.7793317522323,2297.6355503627233,2223.9268432617187,2271.300506591797,0.03849427498096862,0.03590597048977066,0.048726548058892157,0.05973576034738481,217.110595703125,24026344140.285713,20030446893.095238,22495629829.383335,30660379264.27778,-0.1458355555806019,0.149179773127893,0.3670748229691392,-0.41484184544986924,1
2021-08-07,3157.23876953125,3170.229736328125,2868.53564453125,2891.70751953125,33081467129.0,0.09211431822037741,2890.941650390625,2536.2099609375,2189.21875,2120.0263671875,3928.8447265625,1746.6168212890625,2753.497732979911,2357.5600062779017,2234.5901774088543,2279.1372951931426,0.04652473108670745,0.038953197500326456,0.04988263273085985,0.05981316196905149,301.694091796875,26180595118.285713,20969360467.04762,22348492001.9,30577430270.794445,0.24701245878646438,0.034271905846327444,0.24424526660506252,-0.4617604324140411,1
2021-08-08,3013.732666015625,3184.60400390625,2951.747314453125,3161.232666015625,28433638008.0,-0.045453041087839874,3157.23876953125,2561.85205078125,2191.373779296875,2146.6923828125,3952.2939453125,1768.0350341796875,2818.0521065848216,2410.8066987537204,2241.347937011719,2286.057837592231,0.054988246095173804,0.041547222499230894,0.050132367511322766,0.05992913209463062,232.856689453125,26999973825.857143,21666587575.61905,22221122098.933334,30489946440.122223,-0.14049646295540508,0.09847306223327146,0.13692708240088147,-0.4108581251074893,1
2021-08-09,3167.856201171875,3185.701171875,2900.926025390625,3012.8857421875,31983260936.0,0.0511404136452529,3013.732666015625,2610.1533203125,2233.36669921875,2111.403564453125,4168.701171875,1744.243408203125,2897.723946707589,2475.1190592447915,2252.953564453125,2293.9667975531684,0.05576014916293033,0.03921310113478089,0.049950713990883605,0.06001268015324575,284.775146484375,28402903373.285713,22515422121.095238,22274949341.366665,30434764086.33889,0.12483885906549452,-0.0035818165241536803,0.10400061222890233,-0.46240456754821513,0
2021-08-10,3141.691162109375,3228.940673828125,3059.22900390625,3163.050048828125,27605221710.0,-0.008259541279942217,3167.856201171875,2502.349609375,2298.33349609375,2139.664794921875,3785.8486328125,1783.7979736328125,2989.0584542410716,2539.6038411458335,2266.0856038411457,2301.5106486002605,0.049868742252039605,0.038795742925694716,0.04949863555422609,0.06000646642858266,169.711669921875,29104113130.0,23002880410.333332,22321160299.95,30388007011.05,-0.13688532994683256,-0.04037481989750524,0.0909220260814756,-0.41059048129416886,0
2021-08-11,3164.2451171875,3269.20947265625,3122.91650390625,3142.830322265625,26729035052.0,0.007178921769949609,3141.691162109375,2724.619873046875,2296.54541015625,2036.7210693359373,3715.1484375,1843.5325927734373,3051.862060546875,2595.4740455264136,2279.2816162109375,2308.8479404025607,0.0441509082105476,0.03362267591774962,0.049498234085073575,0.05996863521700455,146.29296875,29345589827.0,23263626853.0,22337904810.65,30325918112.08889,-0.031739888460399546,-0.04555755578304588,0.014935866355861638,-0.4054745914356177,0
2021-08-12,3043.414306640625,3236.314697265625,2984.1669921875,3164.17578125,25403699845.0,-0.03818629912409377,3164.2451171875,2827.328857421875,2380.956787109375,1940.083984375,4079.057373046875,1814.10986328125,3082.7314104352677,2643.9603097098216,2288.198661295573,2315.677409532335,0.04884066264342868,0.036162988356290865,0.0493573283677222,0.06003450668308936,252.147705078125,28537842937.0,23640208734.61905,22309750718.566666,30270608163.81111,-0.049584102247672845,0.045766966887470284,0.07454251924762301,-0.35689122059711254,1
2021-08-13,3322.211669921875,3324.671630859375,3037.676025390625,3049.001220703125,23868866254.0,0.09160677291715547,3043.414306640625,2890.941650390625,2466.96142578125,1994.331298828125,3638.1220703125,1805.0841064453125,3144.3414132254466,2700.981026785714,2301.2706705729165,2324.1058959960938,0.05761331574217664,0.03894201318706078,0.05061809141093559,0.0603782115430946,286.99560546875,28157884133.42857,24005374151.857143,22258155550.616665,30228551226.88889,-0.06041771869313317,-0.010618338231389579,0.02646515643735836,-0.40360917825017584,0
2021-08-14,3265.443359375,3329.281005859375,3214.519775390625,3322.7626953125,19860862133.0,-0.017087505609842735,3322.211669921875,3157.23876953125,2536.2099609375,1911.1756591796875,3587.506103515625,1779.791015625,3159.7992117745534,2752.2298177083335,2312.1791137695313,2332.359520128038,0.049503564975058895,0.03981306364825749,0.050611192151065104,0.06038412245017276,114.76123046875,26269226276.857143,24186489177.190475,22105748599.183334,30122469289.38889,-0.16791765802149605,-0.01205330200782695,0.006145676763121388,-0.4068793150575959,0
2021-08-15,3310.504150390625,3320.084228515625,3117.791748046875,3266.276123046875,22166205051.0,0.013799287280931383,3265.443359375,3013.732666015625,2561.85205078125,1880.3829345703125,3282.397705078125,1781.0675048828125,3202.195138113839,2805.5217401413693,2327.8931233723956,2340.8563903808595,0.0440330036852468,0.03960535367840938,0.048950531691428566,0.06038655111861693,202.29248046875,25373878711.57143,24548380673.142857,22073486580.366665,30055229488.183334,0.11607466496479701,-0.020658083714207187,0.03584515286886081,-0.42479209724314293,0
2021-08-16,3156.509521484375,3333.994873046875,3139.778564453125,3309.422119140625,23080039949.0,-0.04651697201106941,3310.504150390625,3167.856201171875,2610.1533203125,1898.8251953125,3380.070068359375,1848.458251953125,3200.5741838727677,2849.4809221540177,2340.9682495117186,2348.1233418782554,0.04585314474634053,0.042228468394022334,0.04942929527515125,0.06045981254592429,194.21630859375,24101989999.142857,24237224278.666668,22093626693.083332,29983699639.55,0.0412264930283488,0.05155942081804388,0.14534193235812998,-0.40499485538897906,1
2021-08-17,3014.845947265625,3288.812744140625,2996.46826171875,3149.38037109375,25509056745.0,-0.04487981843695865,3156.509521484375,3141.691162109375,2502.349609375,1895.5521240234373,2460.67919921875,1937.44921875,3182.453438895089,2883.600562686012,2354.020129394531,2354.1088792588976,0.048982965734456145,0.04424514534786814,0.04914438009901934,0.06048498458008868,292.344482421875,23802537861.285713,24353489819.95238,22139563999.033333,29968439382.75,0.10524317988042498,0.052278077991164906,0.1845696212484944,-0.3920088568865224,1
2021-08-18,3020.08984375,3124.97607421875,2959.0283203125,3011.963623046875,21539248425.0,0.0017393580222999638,3014.845947265625,3164.2451171875,2724.619873046875,1817.296630859375,2784.294189453125,1960.164794921875,3161.8598284040177,2918.0550595238096,2368.0466430664064,2359.997351752387,0.0488027877092571,0.04420672768846498,0.048989666082795584,0.06048271839680343,165.94775390625,23061139771.714287,24474820584.095238,22185787224.516666,29942164017.038887,-0.15562348540300763,0.06782097555044797,0.1253105020675347,-0.388426203173281,1
2021-08-19,3182.7021484375,3184.435546875,2963.150146484375,3019.126953125,19546290360.0,0.05384353217968729,3020.08984375,3043.414306640625,2827.328857421875,1787.5107421875,2430.621337890625,1919.5340576171875,3181.7580915178573,2956.2334100632443,2383.6522705078123,2367.0149522569445,0.05092570129679675,0.04479906543783589,0.04926875715314906,0.06056602929405257,221.285400390625,22224366988.142857,24628769024.42857,22135959890.133335,29857998457.36111,-0.09252681549867026,-0.025882632160479258,0.07833474528295814,-0.49320193047930294,0
2021-08-20,3286.935302734375,3298.24658203125,3178.103759765625,3182.16259765625,20885619828.0,0.03274989283808627,3182.7021484375,3322.211669921875,2890.941650390625,1990.9708251953125,2295.70556640625,1935.60107421875,3176.7186104910716,2995.27978515625,2406.960400390625,2374.5223646375866,0.037923986196708545,0.04472500303195063,0.04426147038929078,0.060601619228793605,120.142822265625,21798188927.285713,24660805733.666668,21921633990.183334,29842771080.2,0.06852090311422132,-0.00496951450266192,0.012933840005044939,-0.5202206192291674,0
2021-08-21,3226.083984375,3307.3515625,3209.8662109375,3286.931640625,18113977628.0,-0.01851308673728791,3286.935302734375,3265.443359375,3157.23876953125,2025.2027587890625,2109.579833984375,1781.992919921875,3171.0958426339284,3028.130929129464,2429.4792989095054,2382.5450927734373,0.038029037727532265,0.04518120692013241,0.044361339299924626,0.06029851677139284,97.4853515625,21548633998.0,24666151797.714287,21631079421.9,29707795144.6,-0.1327057670696581,0.005678505589509442,-0.08279095568047323,-0.49805430436111897,1
2021-08-22,3242.115478515625,3272.733154296875,3142.007080078125,3226.227294921875,15983278460.0,0.004969335646024975,3226.083984375,3310.504150390625,3013.732666015625,2124.776611328125,2643.591064453125,1570.2039794921875,3161.3260323660716,3060.5244256882443,2450.352284749349,2391.8334899902343,0.0375960098720613,0.04520857586920781,0.04385300317901219,0.059578165543975097,130.72607421875,20665358770.714287,24346403769.38095,21423989742.8,29507536332.083332,-0.11762734898747107,-0.004661398728360355,-0.14733723377138275,-0.49955334098159565,0
2021-08-23,3319.25732421875,3373.38427734375,3235.851318359375,3241.357421875,20511110509.0,0.023793676139643116,3242.115478515625,3156.509521484375,3167.856201171875,2189.21875,2706.62890625,1626.57568359375,3184.5757184709823,3094.291283017113,2472.5323018391928,2401.2372768825953,0.03294053368903337,0.04525759098335213,0.04387436124328403,0.059550846390774924,137.532958984375,20298368850.714287,24267754074.38095,21427960821.8,29447436943.038887,0.28328556374284686,-0.02858562846222157,-0.07272392005753592,-0.4990536330736871,0
2021-08-24,3172.456298828125,3358.688232421875,3154.121337890625,3324.85546875,20131028906.0,-0.04422706980850821,3319.25732421875,3014.845947265625,3141.691162109375,2191.373779296875,2888.69873046875,1475.7037353515625,3207.091482979911,3126.201125372024,2495.1862854003907,2410.663680013021,0.03276744248657309,0.04543551284037651,0.0425648746989736,0.059211263086344286,204.56689453125,19530079159.42857,24145576716.904762,21383905720.266666,29423266648.77778,-0.01853052290041657,0.0823577514003937,-0.005337383904627679,-0.477673118865762,1
2021-08-25,3224.915283203125,3248.727294921875,3086.114990234375,3174.269775390625,18902728235.0,0.01653576265002532,3172.456298828125,3020.08984375,3164.2451171875,2233.36669921875,2736.488525390625,1446.03369140625,3236.3522600446427,3150.0247163318454,2518.4475524902346,2420.5463555230035,0.03279118457095498,0.04195501494000542,0.042572150158495095,0.059183904866244835,162.6123046875,19153433418.0,23853387672.238094,21354992151.5,29353637372.966667,-0.061015295181157336,0.18912522911023055,-0.09093140997450799,-0.47395299340545605,1
2021-08-26,3100.325439453125,3249.6552734375,3060.228759765625,3228.747314453125,17405668117.0,-0.03863352454525626,3224.915283203125,3182.7021484375,3043.414306640625,2298.33349609375,2419.90625,1459.97314453125,3224.584158761161,3163.0245535714284,2537.138065592448,2429.659423828125,0.030687715314324078,0.04263485894291926,0.04198224587329836,0.05927765915230437,189.426513671875,18847630240.42857,23203280055.190475,21313662041.083332,29335101622.322224,-0.07919809772369613,0.22277162971093722,-0.056368200383449585,-0.513669494909533,1
2021-08-27,3270.600830078125,3281.840576171875,3064.485107421875,3096.406005859375,18489602004.0,0.05492177964873113,3100.325439453125,3286.935302734375,3322.211669921875,2296.54541015625,2279.51416015625,1416.0489501953125,3222.250662667411,3181.103562127976,2556.9871215820312,2439.9624898274737,0.03575796879244177,0.04386024790487182,0.04205412960178068,0.0593274822183901,217.35546875,18505341979.857143,22820471680.190475,21196578693.8,29284282599.677776,0.06227476473260629,0.20485958110627034,-0.0636994424091103,-0.5439996817050814,1
2021-08-28,3244.4033203125,3284.845947265625,3217.403564453125,3275.1044921875,13709633698.0,-0.008009999118418598,3270.600830078125,3226.083984375,3265.443359375,2380.956787109375,2390.305419921875,1564.7076416015625,3224.8677106584823,3185.2542550223216,2575.047705078125,2449.2941324869794,0.03507354376251288,0.039329564519975324,0.041912704636891215,0.05887497855402705,67.4423828125,17876149989.857143,21898003421.57143,21011487181.783333,29226931461.083332,-0.258521968453724,0.19831845344251176,-0.09563065182259478,-0.5590722786144048,1
2021-08-29,3227.002685546875,3283.235595703125,3158.84033203125,3246.77099609375,13296586731.0,-0.005363277326429605,3244.4033203125,3242.115478515625,3310.504150390625,2466.96142578125,2714.9453125,1492.6087646484375,3222.708740234375,3195.4099702380954,2590.9219563802085,2458.9296542697484,0.035112538498773195,0.037855139980027375,0.041524292858898075,0.0587526183463033,124.395263671875,17492336885.714287,21177191456.0,20802629356.166668,29175669888.91111,-0.030128227792129647,0.22470723765515332,-0.13006064623598945,-0.51873688842238,1
2021-08-30,3224.374267578125,3346.5810546875,3151.444580078125,3227.192626953125,19306924485.0,-0.0008145075244350153,3227.002685546875,3319.25732421875,3156.509521484375,2536.2099609375,2633.518310546875,1575.8531494140625,3209.1540178571427,3198.1013067336307,2609.4347696940104,2468.0881049262152,0.03351230783781489,0.0362806665967049,0.04027636761549418,0.05863626010548037,195.136474609375,17320310310.857143,20573556386.904762,20640049734.366665,29156959576.716667,0.4520210995192733,0.21833852665060305,-0.11513271296203687,-0.5274001276743603,1
2021-08-31,3433.732666015625,3466.9921875,3195.216552734375,3227.758056640625,27280502987.0,0.0649299309148601,3224.374267578125,3172.456298828125,3014.845947265625,2561.85205078125,2706.125,1541.914306640625,3246.4792131696427,3212.0080450148807,2630.8296427408854,2478.598206922743,0.036729306839145916,0.03873287344666799,0.040930055814271504,0.058765782583528235,271.775634765625,18341663751.0,20558093590.57143,20564787908.25,29181261711.544445,0.4129906090529778,-0.0021371433422524566,-0.1258262517678288,-0.5475230346553812,0
2021-09-01,3834.828125,3836.867431640625,3387.408447265625,3430.762451171875,30070890104.0,0.11681033382537342,3433.732666015625,3224.915283203125,3020.08984375,2610.1533203125,2855.12646484375,1533.2750244140625,3333.609619140625,3243.9405691964284,2657.6415405273438,2491.3846130371094,0.05421390820642953,0.045793737920412,0.04312280950268148,0.05933403561639264,449.458984375,19937115446.57143,20717229545.42857,20775413382.633335,29231282506.916668,0.10228503185332416,-0.08801253366554074,-0.13750603535034567,-0.5863760496925792,0
2021-09-02,3790.989990234375,3830.71142578125,3726.75048828125,3825.02783203125,24387397330.0,-0.011431577462321041,3834.828125,3100.325439453125,3182.7021484375,2502.349609375,2688.195068359375,1654.7415771484375,3432.2759835379466,3279.5394112723216,2682.1293050130207,2503.252659776476,0.04956225852762004,0.04474136767083095,0.04298990197330707,0.05910082752146472,103.9609375,20934505334.142857,20668834187.57143,20868751546.916668,29240399923.383335,-0.1890031440487353,-0.09592478568408658,-0.10532754117670162,-0.5839555200495624,0
2021-09-03,3940.61474609375,4022.46923828125,3712.67822265625,3787.486572265625,26207765094.0,0.039468517786860335,3790.989990234375,3270.600830078125,3286.935302734375,2724.619873046875,2630.576904296875,1723.15380859375,3527.992257254464,3308.9871768043154,2711.1631754557293,2515.571887207031,0.048609929481436796,0.04139151523552799,0.042378179576273,0.05909479568773316,309.791015625,22037100061.285713,20780210322.809525,20970484384.666668,29253721199.405556,0.07464378996116516,-0.18502414818436652,-0.13253163203363805,-0.6049162932744546,0
2021-09-04,3887.828369140625,3969.44873046875,3837.93115234375,3937.91015625,20806963328.0,-0.013395467548673934,3940.61474609375,3244.4033203125,3226.083984375,2827.328857421875,2715.0927734375,1834.7279052734373,3619.9101213727677,3338.624558221726,2737.2156575520835,2526.9780008951825,0.049311325740928565,0.04128306108310522,0.04203925495136327,0.05895033146194339,131.517578125,23051004294.142857,20825262760.666668,20969069418.233334,29215809933.683334,-0.20607639555028134,-0.1588419637735332,-0.1305971379402049,-0.594210070052237,0
2021-09-05,3952.133544921875,3979.1865234375,3838.4873046875,3886.3310546875,18371468576.0,0.016540127206146282,3887.828369140625,3227.002685546875,3242.115478515625,2890.941650390625,2590.26318359375,1868.048828125,3723.500244140625,3369.1783389136904,2764.4985188802084,2538.5562493218317,0.04756678954200957,0.041302881636808876,0.042010888104558365,0.05894857604693533,140.69921875,23775987414.857143,20644561023.761906,20901954806.416668,29187533400.733334,-0.11705190774871732,-0.1371408676546162,-0.10971668474905916,-0.5908075450494347,0
2021-09-06,3928.37939453125,3968.426513671875,3868.994384765625,3951.520751953125,18674691198.0,-0.0060104624807395535,3952.133544921875,3224.374267578125,3319.25732421875,3157.23876953125,2517.438720703125,1799.166259765625,3824.0724051339284,3405.9340471540177,2794.637736002604,2550.3852111816404,0.04816999062966122,0.03947298133483653,0.04021659643625691,0.05886823691905034,99.43212890625,23685668373.857143,20434782511.809525,20826730931.566666,29151536278.583332,0.016505083452942992,-0.16364704403963493,-0.08853966174873573,-0.6024445761704225,0
2021-09-07,3426.394287109375,3945.314208984375,3062.222412109375,3926.527587890625,39131346397.0,-0.1277842736169259,3928.37939453125,3433.732666015625,3172.456298828125,3013.732666015625,2608.26708984375,1826.1949462890625,3823.0240652901784,3425.5315871465773,2815.966101074219,2559.2752075195312,0.07316905676095742,0.04847954241664772,0.044031132391057555,0.05970358116756584,883.091796875,25378646003.857143,21083462971.42857,21095093794.816666,29235526353.516666,1.095421336937065,0.0008100032840474558,0.04715761026515275,-0.5243085776198402,1
2021-09-08,3497.315185546875,3559.121337890625,3224.764892578125,3428.378173828125,31738430771.0,0.02069840552335589,3426.394287109375,3834.828125,3224.915283203125,3167.856201171875,2471.5185546875,1772.1024169921875,3774.807931082589,3448.2566034226193,2839.064628092448,2568.859722900391,0.054736116543833174,0.04854839501908307,0.04393168957283705,0.059656954947407886,334.3564453125,25616866099.142857,21569138321.238094,21331041933.15,29287207517.177776,-0.18892566463204485,0.03373088298829674,0.0189985998606772,-0.5323991206144948,1
2021-09-09,3427.340087890625,3562.99267578125,3400.51708984375,3452.54833984375,24118055831.0,-0.020008233157088995,3497.315185546875,3790.989990234375,3100.325439453125,3141.691162109375,2353.768798828125,1924.6854248046875,3722.8579450334823,3459.906029110863,2860.5258829752606,2577.207804361979,0.054824971324769864,0.04774080857463852,0.04409142438750113,0.059380424738259295,162.4755859375,25578388742.142857,21786841438.904762,21487919761.366665,29282226219.155556,-0.24009929775617256,0.04200191118850216,0.0432920880856309,-0.4984199393306281,1
2021-09-10,3211.505859375,3512.5712890625,3157.05908203125,3425.56494140625,22355974097.0,-0.06297426662682348,3427.340087890625,3940.61474609375,3270.600830078125,3164.2451171875,2372.484375,1854.5643310546875,3618.699532645089,3456.3141508556546,2880.1056294759114,2584.746368408203,0.05211336349189871,0.04946055593953106,0.044456982662734866,0.05951665380441256,355.51220703125,25028132885.42857,21856858308.857143,21564383845.033333,29298956135.18889,-0.07306068724391623,0.0582383987992392,0.06674343227567392,-0.4469249588424433,1
2021-09-11,3270.278076171875,3346.5263671875,3208.9619140625,3209.030517578125,18627122934.0,0.01830051675767863,3211.505859375,3887.828369140625,3244.4033203125,3043.414306640625,2508.3916015625,1791.7022705078125,3530.4780622209823,3458.418631417411,2902.275531005859,2592.96067843967,0.054854319076795444,0.04942130338942931,0.0438587657905027,0.059453989245943153,137.564453125,24716727114.857143,21881293799.61905,21597808749.633335,29256636046.988888,-0.16679439450148514,0.04945763956694771,0.08411392588864297,-0.4612690395764587,1
2021-09-12,3410.134521484375,3462.46826171875,3235.109375,3270.291748046875,16810411424.0,0.04276591838826538,3270.278076171875,3952.133544921875,3227.002685546875,3322.211669921875,2537.89111328125,1806.9718017578125,3453.049630301339,3466.4195382254466,2925.8722513834637,2601.867137993707,0.05876399269270034,0.050223292508454136,0.04400476242563439,0.0595196530339421,227.35888671875,24493718950.285713,21920681083.61905,21588935278.716667,29217646612.733334,-0.09753044076838968,-0.02366080368066492,0.02417462425125705,-0.49744936805510864,0
2021-09-13,3285.51171875,3426.502197265625,3121.51416015625,3407.471923828125,22721552948.0,-0.036544834800279036,3410.134521484375,3928.37939453125,3224.374267578125,3265.443359375,2610.936767578125,1823.4493408203125,3361.2113909040177,3464.8126046316966,2948.7778523763022,2609.9897067599827,0.05874746130726456,0.050735086989474217,0.043907258320593695,0.05960063455279352,304.988037109375,25071842057.42857,22025940247.38095,21706159618.65,29207694588.288887,0.35163574376060436,-0.09938126492852739,0.09760730408481355,-0.518860957078366,0
2021-09-14,3429.169677734375,3429.169677734375,3273.630859375,3286.31640625,19125420848.0,0.043724683179346746,3285.51171875,3426.394287109375,3433.732666015625,3310.504150390625,2367.66357421875,1782.8551025390625,3361.6078752790177,3477.0370512462796,2974.59096476237,2619.1358988444013,0.04123234765406236,0.05046598389826753,0.0439833205437993,0.05963452398263086,155.538818359375,22213852693.285713,21978054149.38095,21776840480.333332,29184703340.2,-0.15826964416692912,-0.1938482454533461,0.10406148308696106,-0.5232796395298578,0
2021-09-15,3615.28271484375,3615.28271484375,3365.9130859375,3431.21728515625,17548551804.0,0.054273499009923176,3429.169677734375,3497.315185546875,3834.828125,3156.509521484375,2372.001953125,1817.6241455078125,3378.460379464286,3495.6259765625,3003.198590087891,2629.1228908962676,0.04564280170838922,0.051559615457413284,0.0443359328479336,0.05973658060252933,249.36962890625,20186727126.57143,21913569557.42857,21846578309.133335,29164143640.72222,-0.08244885467003449,-0.14865083516576427,0.06841845307578942,-0.5929243720269002,0
2021-09-16,3571.294921875,3673.310791015625,3489.8056640625,3613.07373046875,20093903064.0,-0.012167179288121388,3615.28271484375,3427.340087890625,3790.989990234375,3014.845947265625,2231.733154296875,1812.6346435546875,3399.0253557477677,3518.0530947730654,3031.12763671875,2638.8932257758247,0.044999896972903054,0.05071165615016427,0.04441016439096824,0.05974808474543733,183.505126953125,19611848159.857143,22041580745.38095,21951612214.733334,29149789352.355556,0.14504622879591778,-0.11642030393168623,0.07254711914609935,-0.598899618977929,0
2021-09-17,3398.538818359375,3589.30517578125,3356.449951171875,3569.568115234375,17722363229.0,-0.04837351921216426,3571.294921875,3211.505859375,3940.61474609375,3020.08984375,2178.4990234375,1788.217041015625,3425.7443498883927,3524.1453799293154,3057.4816731770834,2647.8394578721786,0.04142479824579599,0.05094162249088539,0.04456236473807386,0.05986675744948804,232.855224609375,18949903750.142857,22005045565.61905,22011022677.2,29120594677.961113,-0.11802285635829624,-0.1373736343348959,0.13198780352453565,-0.5675371747178515,0
2021-09-18,3432.018310546875,3540.8076171875,3371.892333984375,3397.4228515625,15995220233.0,0.009851143087328929,3398.538818359375,3270.278076171875,3887.828369140625,3182.7021484375,2246.364501953125,1691.333984375,3448.85009765625,3533.0794270833335,3084.8901326497394,2657.5099263509114,0.041226295907725634,0.05089632824212723,0.04441293825423046,0.05970088495824464,168.915283203125,18573917650.0,22113883019.666668,21988133053.816666,29078349811.872223,-0.09745556919710285,-0.14756699728622635,0.09229028364621517,-0.610920169784956,0
2021-09-19,3329.447998046875,3448.322021484375,3286.17236328125,3433.287841796875,14257609743.0,-0.029886295240556526,3432.018310546875,3410.134521484375,3952.133544921875,3286.935302734375,1888.447509765625,1678.650146484375,3437.3234514508927,3537.9577752976193,3107.1980855305987,2666.6810255262585,0.04003960591395386,0.05139901929692279,0.04266349951252094,0.059751909558514296,162.149658203125,18209231695.57143,22159646020.238094,21871537220.266666,29035346321.75,-0.10863310818410032,-0.08024832264814918,0.16465278363889824,-0.5862553244129259,0
2021-09-20,2958.993408203125,3343.325439453125,2940.839111328125,3329.670654296875,27371684581.0,-0.11126606874805267,3329.447998046875,3285.51171875,3928.37939453125,3226.083984375,1874.9500732421875,1593.4134521484375,3390.677978515625,3525.3205915178573,3122.761263020833,2674.2675808376734,0.05694702145287502,0.05711635106170154,0.04540599562694869,0.0602389325100779,402.486328125,18873536214.57143,22543682215.285713,22036140624.433334,29013922061.238888,0.9197947674531184,-0.008399644324518118,0.4045290455796464,-0.5524193531752419,0
2021-09-21,2764.43115234375,3101.697509765625,2676.407470703125,2977.310546875,30405062665.0,-0.06575285207462656,2958.993408203125,3429.169677734375,3426.394287109375,3242.115478515625,1989.736328125,1595.3592529296875,3295.71533203125,3493.4490908668154,3133.4221720377604,2680.7624247233075,0.0535752010936027,0.05651844891988532,0.04603202907857606,0.060470512231396,425.2900390625,20484913617.0,22692470771.38095,22272885127.316666,29018115027.705555,0.11082175359077517,0.015506075627632399,0.46660290326597553,-0.5468840716022365,1
2021-09-22,3077.867919921875,3089.0830078125,2741.440673828125,2763.209228515625,23742102645.0,0.11338201253895797,2764.43115234375,3615.28271484375,3497.315185546875,3319.25732421875,1988.456298828125,1702.842041015625,3218.9417898995534,3457.403366815476,3148.2329915364585,2688.4014573838977,0.07078875141649787,0.0561414128611681,0.04799970349325008,0.060832202708676494,347.642333984375,21369706594.285713,22391099940.0,22400962728.05,29024746061.577778,-0.21913982198990478,-0.07301307763092846,0.28991301383277013,-0.5686364034052018,0
2021-09-23,3155.523681640625,3173.544677734375,3038.097900390625,3077.974365234375,18516291047.0,0.0252303749670717,3077.867919921875,3571.294921875,3427.340087890625,3172.456298828125,1813.21728515625,1716.49462890625,3159.5458984375,3427.14306640625,3164.3021565755207,2696.396063232422,0.07291082952607138,0.056626209475266295,0.048051705151081266,0.060850246901844526,135.44677734375,21144333449.0,22111523450.333332,22466792851.566666,29027046135.672222,-0.22010736269394982,-0.04875410299012961,0.32201941582318017,-0.5790684350707251,0
2021-09-24,2931.669189453125,3159.64404296875,2747.337646484375,3154.56201171875,25595422789.0,-0.07094052042452526,3155.523681640625,3398.538818359375,3211.505859375,3224.915283203125,1829.2392578125,1691.35595703125,3092.8502371651784,3379.0980398995534,3175.9405314127603,2703.286692301432,0.07508553755561342,0.057205045393073195,0.04906970938615465,0.06109726902731782,412.306396484375,22269056243.285713,22082364292.95238,22399811160.833332,29077023634.844444,0.3823191007330249,0.12820236511686223,0.39439439172686286,-0.5504290556129658,1
2021-09-25,2925.565673828125,2968.99462890625,2818.970458984375,2930.884765625,18932786754.0,-0.002081925084507441,2931.669189453125,3432.018310546875,3270.278076171875,3100.325439453125,1978.8946533203125,1819.6849365234373,3020.4998604910716,3333.2760067894346,3186.3944010416667,2709.430474175347,0.07446794902792024,0.057248429435911706,0.04898314471969908,0.0608675285486165,150.024169921875,22688708603.42857,21993117789.42857,22330899600.433334,29055558169.322224,-0.2603057620858431,0.15932941320693095,0.44173039452089125,-0.5576182724411354,1
2021-09-26,3062.265380859375,3114.857421875,2744.5830078125,2926.343017578125,21172766310.0,0.046725906122755845,2925.565673828125,3329.447998046875,3410.134521484375,3270.600830078125,2079.657470703125,1846.03369140625,2982.3309151785716,3290.9013323102677,3199.1564005533855,2716.1873168945312,0.07833449718196762,0.05836518689795432,0.04926778591479635,0.06094444211497855,370.2744140625,23676588113.0,22126512919.61905,22367257332.633335,29048113639.36111,0.11831219487679223,0.11628425934097786,0.3490346318782873,-0.5639436742562947,1
2021-09-27,2934.138916015625,3163.6650390625,2932.69287109375,3065.837890625,19164053681.0,-0.04184041841853481,3062.265380859375,2958.993408203125,3285.51171875,3244.4033203125,2160.768310546875,1918.362060546875,2978.7802734375,3243.5565476190477,3208.376102701823,2721.8305216471354,0.06681208324505843,0.05875223635159936,0.04948066351557616,0.06098745446133292,230.97216796875,22504069413.0,22149815895.0,22414768675.433334,28986653367.47222,-0.09487246964282015,0.1519867354876545,0.3394925859733291,-0.5466718776379189,1
2021-09-28,2807.296630859375,2970.7705078125,2793.360595703125,2928.96337890625,16895079070.0,-0.04322981589722885,2934.138916015625,2764.43115234375,3429.169677734375,3227.002685546875,2274.547607421875,1977.27685546875,2984.9039132254466,3214.075706845238,3214.0483561197916,2726.4417426215277,0.06354217251458559,0.053050373659123295,0.04968641856376156,0.06105712667432739,177.409912109375,20574071756.57143,21090946022.285713,22359472511.033333,28908769030.11111,-0.1183974251360792,0.2533476213414627,0.5272054974624494,-0.523594737381755,1
2021-09-29,2853.143310546875,2946.88134765625,2786.98828125,2809.297607421875,15763456158.0,0.01633125590773976,2807.296630859375,3077.867919921875,3615.28271484375,3224.374267578125,2113.60546875,2143.2255859375,2952.8003976004466,3183.400855654762,3219.3305786132814,2730.3857299804686,0.0429084552834467,0.05294028108139431,0.04961056238885033,0.06076890984109093,159.89306640625,19434265115.57143,20330232945.47619,22322168275.616665,28802663169.755554,-0.06697943864668754,0.25495343976691,0.5473273164063586,-0.5318663668899304,1
2021-09-30,3001.678955078125,3046.51953125,2840.28955078125,2852.558837890625,17661065099.0,0.0520603518169509,2853.143310546875,3155.523681640625,3571.294921875,3433.732666015625,2150.040283203125,2028.4224853515625,2930.822579520089,3163.131277901786,3226.661027018229,2735.7927103678385,0.04752682060056136,0.05445808875350498,0.0500040077667338,0.06072521608476875,206.22998046875,19312089980.142857,20022757196.333332,22238219576.35,28722938426.577778,0.12038025937839514,0.19532265349218214,0.44107696238034744,-0.5575880506978639,1
2021-10-01,3307.51611328125,3329.853515625,2978.654296875,3001.12939453125,22307625573.0,0.10188869721917504,3001.678955078125,2931.669189453125,3398.538818359375,3834.828125,2226.1142578125,2093.122802734375,2984.5149972098216,3167.703194754464,3238.283740234375,2742.5393398708766,0.052846493519247584,0.05746430905996484,0.05155074028495322,0.06112735531086634,351.19921875,18842404663.57143,20020454885.666668,22240634100.833332,28702389113.63889,0.26309627692064264,0.0774729903910556,0.2964635913734004,-0.6034352171671027,1
2021-10-02,3391.6943359375,3464.83740234375,3260.027587890625,3308.870361328125,19202671704.0,0.02545058580916182,3307.51611328125,2925.565673828125,3432.018310546875,3790.989990234375,2321.72412109375,2107.88720703125,3051.104806082589,3173.4849214099704,3253.10615234375,2749.6716016981336,0.05207387354410379,0.05758072539808314,0.05124830959890484,0.061147147051845915,204.809814453125,18880959656.42857,20047861969.95238,22182399405.683334,28648574005.494446,-0.1391880036196267,0.05425679401225714,0.2750638839421322,-0.6237592838664073,1
2021-10-03,3418.358642578125,3484.605712890625,3348.1201171875,3390.767578125,15516566862.0,0.00786164789618482,3391.6943359375,3062.265380859375,3329.447998046875,3940.61474609375,2198.58251953125,2118.37890625,3101.975272042411,3173.8765462239585,3264.668465169271,2756.8937113444013,0.05112155652154048,0.05688454736508808,0.0500933385086079,0.0611476428760308,136.485595703125,18072931163.857143,19986250324.142857,22023697217.166668,28572427899.833332,-0.19195791600354073,0.0021923213473433734,0.34122814704636917,-0.6128436634763877,1
2021-10-04,3380.089111328125,3434.775390625,3283.44873046875,3418.7763671875,17747154101.0,-0.01119529436534994,3418.358642578125,2934.138916015625,2958.993408203125,3887.828369140625,2324.679443359375,1971.0772705078125,3165.682442801339,3178.3802315848216,3273.881136067708,2764.721554904514,0.04633803890465283,0.056299412956545274,0.04995025098844277,0.06090692630590078,151.32666015625,17870516938.142857,19749374188.57143,21801850984.266666,28470377245.2,0.14375520428186328,0.04889364958582054,0.3630391672857298,-0.5970145927960913,1
2021-10-05,3518.5185546875,3541.45166015625,3365.817626953125,3381.784423828125,16632591670.0,0.040954376881792376,3380.089111328125,2807.296630859375,2764.43115234375,3952.133544921875,2315.161865234375,2088.57373046875,3267.285574776786,3182.634940011161,3284.340751139323,2772.6656928168404,0.03672291107026677,0.056202032046837595,0.05012133603590203,0.06082907917592404,175.634033203125,17833018738.142857,19630668037.238094,21636917880.783333,28422152995.983334,-0.06280231887642185,-0.0073739308452515084,0.2895552910201964,-0.615509443199944,0
2021-10-06,3580.56201171875,3622.55126953125,3354.4697265625,3516.5703125,21855226591.0,0.01763340339603814,3518.5185546875,2853.143310546875,3077.867919921875,3928.37939453125,2120.0263671875,2072.10888671875,3371.2025320870534,3180.9815731956846,3291.3961385091147,2781.0459879557293,0.03662558604169452,0.055079320207775485,0.048820413229801775,0.060829167665664166,268.08154296875,18703271657.142857,19835747789.0,21449813871.816666,28433501632.08889,0.31400006833691485,0.007160788824096542,0.2529438533335169,-0.6224867860876959,1
2021-10-07,3587.974853515625,3650.01318359375,3479.9091796875,3576.814453125,19090322927.0,0.0020703011908782543,3580.56201171875,3001.678955078125,3155.523681640625,3426.394287109375,2146.6923828125,2135.942138671875,3454.9590890066966,3181.775855654762,3300.9668416341146,2789.112836371528,0.037276302001895585,0.054996928237941514,0.04840020051946518,0.06079852061034475,170.10400390625,18907451346.857143,19787958258.666668,21294091953.8,28400746517.177776,-0.12650995186380676,0.055195288352307914,0.26020422084538697,-0.6286158565275923,1
2021-10-08,3563.75927734375,3667.95751953125,3547.828125,3587.832763671875,16222029488.0,-0.00674909305681104,3587.974853515625,3307.51611328125,2931.669189453125,3497.315185546875,2111.403564453125,2157.656982421875,3491.565255301339,3189.6434965587796,3307.565226236979,2796.9245157877604,0.018471603391073982,0.05384145465153082,0.04802137541669299,0.060803172321723824,120.12939453125,18038080477.57143,19716513794.809525,21031404763.0,28381464258.044445,-0.15024855524802516,0.08386522910829619,0.2965395044706647,-0.630867186612627,1
2021-10-09,3575.716796875,3628.2373046875,3544.640380859375,3559.997802734375,12707036942.0,0.003355310670748457,3563.75927734375,3391.6943359375,2925.565673828125,3427.340087890625,2139.664794921875,2139.353271484375,3517.854178292411,3196.486281622024,3314.7989868164063,2804.9043131510416,0.01742091824028291,0.05382265970081507,0.047998214627393794,0.060795284390566584,83.596923828125,17110132654.428572,19559933638.095238,20783101683.533333,28331348148.783333,-0.21668019704933728,0.07122076430261193,0.345768604087795,-0.6301149327030693,1
2021-10-10,3425.852783203125,3603.244873046875,3414.970947265625,3575.0205078125,16171746693.0,-0.041911600438504726,3575.716796875,3418.358642578125,3062.265380859375,3211.505859375,2036.7210693359373,2299.187744140625,3518.9247698102677,3201.0769856770835,3319.159114583333,2811.1635633680557,0.025588865214583804,0.054255990629761656,0.04834797615270384,0.06066650854530941,188.27392578125,17203729773.142857,19651083016.666668,20607146877.55,28257543169.63889,0.2726607128644012,0.12296258352074041,0.3821577129268894,-0.6230609637355776,1
2021-10-11,3545.35400390625,3622.28955078125,3385.76171875,3419.726806640625,18579189588.0,0.03488218212091221,3425.852783203125,3380.089111328125,2934.138916015625,3270.278076171875,1940.083984375,2435.10498046875,3542.5340401785716,3228.9989188058034,3327.524776204427,2817.331613498264,0.02787512367033487,0.04789926878486614,0.048226514259250175,0.06057048982914467,236.52783203125,17322591985.57143,19232392778.904762,20493405039.933334,28163022984.094444,0.14886721519340096,0.057372620555207865,0.30767599266480605,-0.6390838031452089,1
2021-10-12,3492.5732421875,3546.477783203125,3407.338134765625,3546.477783203125,18109578443.0,-0.014887303682677766,3545.35400390625,3518.5185546875,2807.296630859375,3410.134521484375,1994.331298828125,2519.1162109375,3538.827566964286,3263.6723516555057,3330.3641357421875,2822.7397081163194,0.02436705848279724,0.04509597452685467,0.04687692335831278,0.06054312654615209,139.1396484375,17533590096.0,18646893530.238094,20397416909.75,28084045048.683334,-0.025276191018757554,0.11025613781475485,0.3544123342080503,-0.6292400238228719,1
2021-10-13,3606.20166015625,3607.74169921875,3417.60205078125,3492.753662109375,16211275589.0,0.03253429780547168,3492.5732421875,3580.56201171875,2853.143310546875,3285.51171875,1911.1756591796875,2431.946533203125,3542.4903738839284,3288.831101190476,3336.0434407552084,2829.2633477105037,0.026777526993960243,0.039069204040210186,0.04697356714982252,0.0605128596764201,190.1396484375,16727311381.428572,18288282718.04762,20336590467.35,27973013644.97778,-0.1048231387591334,0.15245695586528263,0.29419141639815627,-0.6428031422648239,1
2021-10-14,3786.01416015625,3819.258544921875,3590.275146484375,3604.958984375,19443499909.0,0.049862020193349066,3606.20166015625,3587.974853515625,3001.678955078125,3429.169677734375,1880.3829345703125,2344.89501953125,3570.7817034040177,3318.8544573102677,3343.9686075846353,2837.26956515842,0.032483198746693705,0.039962667353113594,0.04734664827426341,0.060534675068523384,228.9833984375,16777765236.0,18332435521.0,20291212048.316666,27901311927.927776,0.19938124561852444,0.07086835452800488,0.2285903465894017,-0.6573118682981682,1
2021-10-15,3862.634765625,3895.46630859375,3735.363525390625,3790.154296875,20966841512.0,0.020237802139014605,3786.01416015625,3563.75927734375,3307.51611328125,3615.28271484375,1898.8251953125,2237.136962890625,3613.478201729911,3363.1861514136904,3355.7373616536456,2846.3001085069445,0.03201760781643424,0.03549319621615993,0.04693763814218091,0.060427345284967064,160.102783203125,17455595525.142857,18112026888.761906,20255992074.366665,27736147887.894444,0.07834708823666436,0.027842942878712362,0.19772102915098522,-0.6699476441709913,1
2021-10-16,3830.382080078125,3962.453125,3805.885986328125,3865.66650390625,16578095629.0,-0.008349918515181298,3862.634765625,3575.716796875,3391.6943359375,3571.294921875,1895.5521240234373,2166.188720703125,3649.858956473214,3406.2726469494046,3369.329630533854,2855.5456271701387,0.03284007144956103,0.03565946101757595,0.046521896148830795,0.06037337058307679,156.567138671875,18008603909.0,17999898739.95238,20107142722.433334,27639022558.216667,-0.20931840785309408,0.08909855126871946,0.18983010336061423,-0.6589644052342862,1
2021-10-17,3847.1044921875,3914.89794921875,3660.723388671875,3829.85888671875,15908090346.0,0.004365729517258554,3830.382080078125,3425.852783203125,3418.358642578125,3398.538818359375,1817.296630859375,2330.2109375,3710.037772042411,3443.6459379650296,3383.1132080078123,2863.9728135850696,0.024050321731084217,0.034876005714265794,0.046519947388532754,0.06014030412450582,254.174560546875,17970938716.57143,17749199884.52381,20013290087.783333,27508325930.61111,-0.04041509338551297,0.06259216105862886,0.09598406878143684,-0.6538400176675081,1
2021-10-18,3748.76025390625,3888.209228515625,3686.75048828125,3847.72998046875,17386204158.0,-0.02556318355297138,3847.1044921875,3545.35400390625,3380.089111328125,3432.018310546875,1787.5107421875,2364.751708984375,3739.0958077566966,3482.437430245536,3392.547509765625,2871.6617499457466,0.027185403384501167,0.03379559902895837,0.046238728841827864,0.06017732570431945,201.458740234375,17800512226.57143,17664540383.42857,19977288651.083332,27388810022.36111,0.09291585475384623,0.12513915733339442,0.14373645141277835,-0.6504318940858183,1
2021-10-19,3877.65087890625,3883.9287109375,3736.7802734375,3747.162841796875,15998757133.0,0.03438220005285597,3748.76025390625,3492.5732421875,3518.5185546875,3329.447998046875,1990.9708251953125,2403.53515625,3794.1068987165177,3533.4066801525296,3402.3927693684896,2879.851281738281,0.026547830263856462,0.03159528071558334,0.046256534762496734,0.060212292017909674,147.1484375,17498966325.142857,17621858386.42857,19895840939.5,27180048091.3,-0.07980160662967872,0.06536204000564627,0.031720235740947844,-0.6684218608514916,1
2021-10-20,4155.9921875,4167.47216796875,3833.2880859375,3877.73095703125,20338319988.0,0.0717809099596558,3877.65087890625,3606.20166015625,3580.56201171875,2958.993408203125,2025.2027587890625,2363.586181640625,3872.6484026227677,3595.4471028645835,3417.891239420573,2889.8090928819443,0.0339057920954062,0.033863235890921654,0.04698094314247047,0.060399381603258966,334.18408203125,18088544096.42857,17839709045.0,19932913312.166668,26985183569.427776,0.2712437484314927,-0.05431551675197899,0.034243195536565185,-0.6912407748037002,0
2021-10-21,4054.32275390625,4366.08837890625,4032.48388671875,4161.71337890625,28220661820.0,-0.02446333607159845,4155.9921875,3786.01416015625,3587.974853515625,2764.43115234375,2124.776611328125,2211.625732421875,3910.978201729911,3645.572998046875,3431.42802734375,2900.0462985568574,0.0349673538823908,0.03419856847443333,0.047138058876361945,0.06021686628580718,333.6044921875,19342424369.42857,18342546984.095238,20136869701.5,26964997096.56111,0.3875611081274526,0.05746856081586338,0.08771092486282184,-0.6793678031971325,1
2021-10-22,3970.181884765625,4162.9755859375,3908.34033203125,4055.6865234375,19432937968.0,-0.02075337220243678,4054.32275390625,3862.634765625,3563.75927734375,3077.867919921875,2189.21875,2316.0595703125,3926.3420758928573,3677.1285109747023,3442.2767700195313,2909.2358669704863,0.036435345367501856,0.028629713410714734,0.04718509093079371,0.060165000369132984,254.63525390625,19123295291.714287,18205657098.142857,20118900159.15,26896211443.35,-0.3113932588842454,0.11197590190301043,0.07545020205247055,-0.6689574350789409,1
2021-10-23,4171.66357421875,4171.66357421875,3944.6318359375,3971.3564453125,14781537792.0,0.050748730234816186,3970.181884765625,3830.382080078125,3575.716796875,3155.523681640625,2191.373779296875,2534.481689453125,3975.0965750558034,3714.2699032738096,3458.930224609375,2918.3313218858507,0.03966901788446146,0.02985720244208049,0.04712988257318058,0.05989004225216978,227.03173828125,18866644172.142857,17995126911.857143,20029741973.916668,26782729289.927776,-0.23935650819548793,0.036912568251644684,-0.01994547476481423,-0.6731646746610638,1
2021-10-24,4087.903076171875,4185.7294921875,3967.120361328125,4171.85595703125,14978083638.0,-0.02007844030485162,4171.66357421875,3847.1044921875,3425.852783203125,2931.669189453125,2233.36669921875,2662.865234375,4009.4963727678573,3746.1529715401784,3473.3133544921875,2926.2481987847223,0.04157834089611277,0.030586026564173176,0.04722374968655879,0.05981806084706985,218.609130859375,18733786071.0,17969484853.57143,19964331230.633335,26686629925.61111,0.013296711665979233,0.04896670465229702,0.06185581971770149,-0.6709808158133297,1
2021-10-25,4217.876953125,4236.6669921875,4072.03466796875,4084.42578125,15995727040.0,0.031794755044642464,4087.903076171875,3748.76025390625,3545.35400390625,2925.565673828125,2298.33349609375,2746.380126953125,4076.5130440848216,3786.047630673363,3491.9392130533856,2934.4231811523437,0.03910990178779075,0.030605910544490533,0.046994033487438386,0.059819165763161604,164.63232421875,18535146482.714287,17886083564.95238,19940832212.683334,26585111569.855556,0.06794216313615697,0.025308941248489925,0.005240667860432202,-0.6534594485525477,1
2021-10-26,4131.10205078125,4289.13134765625,4106.82373046875,4217.337890625,17157714562.0,-0.02057312323429894,4217.876953125,3877.65087890625,3492.5732421875,3062.265380859375,2296.54541015625,2756.876953125,4112.720354352678,3815.2182733444943,3506.280900065104,2942.0577650282116,0.04067130553040886,0.030544001366468915,0.046677929730928755,0.05984763522338356,182.3076171875,18700711829.714287,17911089416.95238,19918634088.65,26499442606.366665,0.0726436203302454,0.10982463559764866,0.03477065236238497,-0.620787230348288,1
2021-10-27,3930.25732421875,4299.15283203125,3930.25732421875,4132.17333984375,26219530404.0,-0.04861771122902114,4131.10205078125,4155.9921875,3606.20166015625,2934.138916015625,2380.956787109375,2773.20703125,4080.4725167410716,3831.870431082589,3517.7118001302083,2948.4858222113717,0.03516661409269458,0.03284592865041526,0.04716128079642734,0.059976057769926906,368.8955078125,19540884746.285713,18118913408.04762,20127132367.083332,26479677887.005554,0.5281481871757927,0.17223720168807533,0.025609420204599997,-0.6146881099621861,1
2021-10-28,4287.31884765625,4293.15087890625,3905.7060546875,3924.8154296875,25958154575.0,0.09084940093801008,3930.25732421875,4054.32275390625,3786.01416015625,2807.296630859375,2466.96142578125,2945.892822265625,4113.757672991072,3865.1725260416665,3535.3837361653646,2955.938189019097,0.049811396450870016,0.03779629876717818,0.048445407950982226,0.06016935729130882,387.44482421875,19217669425.57143,18445953010.333332,20338158497.816666,26464299827.577778,-0.009968745624831077,0.05831275442236361,-0.04441161132331917,-0.6371909903263269,1
2021-10-29,4414.74658203125,4455.7353515625,4271.70751953125,4288.6865234375,22967641914.0,0.029722010166018054,4287.31884765625,3970.181884765625,3862.634765625,2853.143310546875,2536.2099609375,2952.05615234375,4177.26691545759,3905.695731026786,3555.2232747395833,2964.0642469618056,0.048411231666879634,0.0378654671061037,0.0485339746889188,0.060199926073405644,184.02783203125,19722627132.142857,18767172649.666668,20399170454.966667,26436164432.394444,-0.11520513341422689,0.01619494589389414,-0.027247989553831342,-0.6331163168185993,1
2021-10-30,4325.650390625,4426.8486328125,4252.494140625,4414.24365234375,14615490626.0,-0.020181496208386274,4414.74658203125,4171.66357421875,3830.382080078125,3001.678955078125,2561.85205078125,3431.086181640625,4199.265032087053,3941.4068545386904,3570.0885701497396,2969.03404812283,0.047402857398985636,0.03844448240350174,0.04803585414167272,0.05904622132740201,174.3544921875,19698906108.42857,18858051396.52381,20188086915.616665,26244171101.36111,-0.3636486200574609,0.045295076201059103,0.027615405559044737,-0.6322441294277911,1
2021-10-31,4288.07421875,4394.44970703125,4179.01611328125,4322.744140625,17498160238.0,-0.008686825906328188,4325.650390625,4087.903076171875,3847.1044921875,3307.51611328125,2610.1533203125,3253.62939453125,4227.860909598215,3982.465018136161,3577.6426717122395,2974.780963812934,0.046540816052699996,0.03686104529917086,0.04576292190999233,0.05891017880003622,215.43359375,20058917051.285713,18921213946.285713,19978541417.85,25994705074.02778,0.19723385863433962,0.07753608071805251,0.08008368503853802,-0.6332352479669723,1
2021-11-01,4324.626953125,4377.322265625,4160.966796875,4288.21728515625,17985288261.0,0.008524277451908313,4288.07421875,4217.876953125,3748.76025390625,3391.6943359375,2502.349609375,3522.783203125,4243.110909598215,4019.5732538132443,3586.53662109375,2979.235651312934,0.04535371052367441,0.03646746259345199,0.0457294991263133,0.05861007944140317,216.35546875,20343140082.857143,18892932930.714287,19871839600.033333,25826100017.794445,0.02783881370237573,0.11271734059431604,0.06066726311743831,-0.634718877034643,1
2021-11-02,4584.798828125,4599.9482421875,4288.6865234375,4322.5009765625,20794448222.0,0.0601605358843722,4324.626953125,4131.10205078125,3877.65087890625,3418.358642578125,2724.619873046875,3490.88037109375,4307.924734933035,4071.5839960007443,3597.2730224609377,2985.3129760742186,0.048115740394178666,0.03755469135090209,0.046084048273647524,0.05875821806977279,311.26171875,20862673462.857143,19020783872.57143,19781617652.166668,25695511425.761112,0.1561921010235623,0.03277570623370285,-0.016030492238916172,-0.6685325029596361,1
2021-11-03,4607.19384765625,4664.91015625,4462.97607421875,4589.6845703125,21220463155.0,0.004884624248695513,4584.798828125,3930.25732421875,4155.9921875,3380.089111328125,2827.328857421875,3484.72900390625,4404.629952566965,4119.250290643601,3609.2624471028644,2991.5488918728297,0.039651469508105185,0.03734545452607229,0.04603032755333939,0.058757131180826934,201.93408203125,20148520998.714287,19259316613.809525,19788509315.95,25593362662.65,0.020486955385971006,0.006290264683510793,-0.08388789483328607,-0.6675760129289994,1
2021-11-04,4537.32421875,4606.51611328125,4426.62255859375,4604.6787109375,18415244464.0,-0.015165333002385761,4607.19384765625,4287.31884765625,4054.32275390625,3518.5185546875,2890.941650390625,3902.647705078125,4440.345005580357,4155.026960100447,3619.015625,2995.0748725043404,0.028314634112460522,0.03677400533124861,0.0460645327940613,0.0581183974275302,179.8935546875,19070962411.42857,19210352068.809525,19789238914.083332,25416733513.63889,-0.1321940369778889,0.042549319662004814,-0.09206677686377318,-0.6374309384833262,1
2021-11-05,4486.2431640625,4570.89599609375,4447.4873046875,4537.42333984375,15086003586.0,-0.011257968843489952,4537.32421875,4414.74658203125,3970.181884765625,3580.56201171875,3157.23876953125,3928.8447265625,4450.558803013393,4184.72259812128,3628.3133544921875,2998.1715304904515,0.027409154076913845,0.036946895292640225,0.04608758963830923,0.05812663971415291,123.40869140625,17945014078.857143,18930312167.57143,19729427453.883335,25219609698.683334,-0.18078722139737757,0.040317045621020675,-0.06417851186994616,-0.6371199781101644,1
2021-11-06,4521.5810546875,4530.9970703125,4334.9736328125,4482.64794921875,14429076700.0,0.007876944992210255,4486.2431640625,4325.650390625,4171.66357421875,3587.974853515625,3013.732666015625,3952.2939453125,4478.548897879465,4217.636835007441,3646.5664672851562,3001.334236653646,0.025505973537022643,0.036761758507864895,0.04275671135426308,0.05812745928328451,196.0234375,17918383518.0,18827977932.857143,19317722958.933334,24951483519.2,-0.04354545471602811,0.028724331812343573,-0.036014780677475766,-0.6522820840331924,1
2021-11-07,4620.5546875,4640.921875,4510.984375,4523.98193359375,13541376033.0,0.021889164788917004,4521.5810546875,4288.07421875,4087.903076171875,3563.75927734375,3167.856201171875,4168.701171875,4526.046107700893,4254.4677966889885,3665.2871256510416,3003.8445339626737,0.025062100941386847,0.036860553368894045,0.04276414803291237,0.05801378192282076,129.9375,17353128631.57143,18715277251.285713,19014438713.3,24734048175.68889,-0.061521654188725794,0.0012561693587247458,-0.0661161234362081,-0.6605188305990048,1
2021-11-08,4812.08740234375,4822.36328125,4619.6494140625,4619.6494140625,19290896267.0,0.04145232072718552,4620.5546875,4324.626953125,4217.876953125,3575.716796875,3141.691162109375,3785.8486328125,4595.683314732143,4305.102422805059,3688.366247558594,3009.5458604600694,0.02749484779981659,0.03658270505619995,0.042877567422961,0.05765531251512505,202.7138671875,17539644061.0,18805976875.52381,18933986053.9,24457756587.31111,0.4245890683478961,-0.05290500250883923,-0.0774569248276663,-0.7230234075466089,0
2021-11-09,4735.06884765625,4837.58935546875,4718.0390625,4810.0712890625,20834172627.0,-0.01600522772092372,4812.08740234375,4584.798828125,4131.10205078125,3425.852783203125,3164.2451171875,3715.1484375,4617.150460379465,4345.931849888393,3713.758964029948,3015.2120849609373,0.02134727348704756,0.03673369392992648,0.04200624394450192,0.05765004424836775,119.55029296875,17545318976.0,19036234756.190475,18908622696.066666,24137956354.466667,0.08000024149422269,-0.10954510482735569,-0.12993537147660184,-0.7676549517650105,0
2021-11-10,4636.17431640625,4859.5029296875,4485.09326171875,4733.36279296875,22748160545.0,-0.020885552973311183,4735.06884765625,4607.19384765625,3930.25732421875,3545.35400390625,3043.414306640625,4079.057373046875,4621.29052734375,4368.797665550595,3736.5239013671876,3018.307179090712,0.023450849256896986,0.03446000585433881,0.04213759946439963,0.057235923734527475,374.40966796875,17763561460.285713,19150989068.42857,18977306656.25,23996700184.077778,0.09186771907225011,-0.07518711390395982,-0.15695661400848981,-0.7197118764471608,0
2021-11-11,4730.38427734375,4778.05908203125,4580.990234375,4635.45361328125,17933201129.0,0.020320625262970626,4636.17431640625,4537.32421875,4287.31884765625,3492.5732421875,3322.211669921875,3638.1220703125,4648.870535714285,4400.991071428572,3758.5280639648436,3024.375302463108,0.02317527486882861,0.033876043648334755,0.041911025341303795,0.05664858780871947,197.06884765625,17694698126.714287,18661109987.904762,18996019818.0,23860649513.955555,-0.21166368183814843,-0.1542651411921373,-0.13654955853361128,-0.7278823465778239,0
2021-11-12,4667.115234375,4808.73876953125,4510.92041015625,4724.306640625,18316060208.0,-0.013375032398906361,4730.38427734375,4486.2431640625,4414.74658203125,3606.20166015625,3265.443359375,3587.506103515625,4674.709402901785,4434.178373790923,3781.5547892252603,3030.373130967882,0.023453199019552336,0.03360108807620321,0.041615005246353545,0.05664770071235395,297.818359375,18156134787.0,18607925332.666668,18922594939.0,23699297188.81111,0.021349176660985236,-0.07902281714271608,-0.11413091012875576,-0.7310397863542413,0
2021-11-13,4651.46044921875,4702.115234375,4582.1806640625,4666.71923828125,14457436261.0,-0.0033542744008004943,4667.115234375,4521.5810546875,4325.650390625,3786.01416015625,3310.504150390625,3282.397705078125,4693.263602120535,4457.025844029018,3801.926302083333,3037.9790351019965,0.023678198992932414,0.03222619113947252,0.041348318766689825,0.05626357717472659,119.9345703125,18160186152.857143,18592491926.42857,18844795195.883335,23479273319.294445,-0.21066888311027987,-0.05192547577515505,-0.18644330142026333,-0.7373256792772683,0
2021-11-14,4626.35888671875,4689.8427734375,4516.935546875,4648.6328125,12172962219.0,-0.005396490580547919,4651.46044921875,4620.5546875,4288.07421875,3862.634765625,3156.509521484375,3380.070068359375,4694.0927734375,4482.666596912202,3818.7775716145834,3044.9028618706598,0.022515830486062868,0.03179579802393712,0.04088078330254942,0.05623307997127441,172.9072265625,17964698465.142857,18458914716.0,18755202036.133335,23322364635.966667,-0.15801377234237146,-0.07708567045809911,-0.19041290972046532,-0.7316238799347701,0
2021-11-15,4557.50390625,4764.63623046875,4546.59912109375,4627.0908203125,16275851299.0,-0.01488319046462594,4626.35888671875,4812.08740234375,4324.626953125,3830.382080078125,3014.845947265625,2460.67919921875,4657.723702566965,4498.839308965774,3835.214388020833,3056.5518880208333,0.013759675701360774,0.03156096928040956,0.04090153929096025,0.05232971852928144,218.037109375,17533977755.42857,18472253966.42857,18691567840.05,22943436516.65,0.3370493562853636,-0.10291733199282438,-0.11829177669725666,-0.7253461035243216,0
2021-11-16,4216.365234375,4891.70458984375,4144.3349609375,4570.47802734375,27417502801.0,-0.07485208546001998,4557.50390625,4735.06884765625,4584.798828125,3847.1044921875,3020.08984375,2784.294189453125,4583.623186383928,4502.899460565476,3848.8448282877603,3064.507838270399,0.02911782097919596,0.03564579934526128,0.04162245464303643,0.051795407630246725,747.36962890625,18474453494.57143,18960815311.142857,18853153499.583332,22720140272.877777,0.6845510749219337,0.029503714831393024,-0.06021667803883579,-0.7116942030657145,1
2021-11-17,4287.59375,4300.306640625,4107.1259765625,4213.91064453125,22183461850.0,0.016893345729229292,4216.365234375,4636.17431640625,4607.19384765625,3748.76025390625,3182.7021484375,2430.621337890625,4533.825962611607,4519.915480840774,3863.1044189453123,3074.8243516710068,0.03147987354352791,0.033855419244303984,0.04164787035407963,0.050869826159594386,193.1806640625,18393782252.42857,18768621570.47619,18956290859.866665,22544636889.81111,-0.19090144675061727,-0.011104667900847631,-0.09518326630977458,-0.7199341486702187,0
2021-11-18,4000.65087890625,4343.55712890625,3959.227783203125,4287.80224609375,21383250893.0,-0.06692398763146579,4287.59375,4730.38427734375,4537.32421875,3877.65087890625,3286.935302734375,2295.70556640625,4429.578334263393,4506.2646251860115,3874.291133626302,3084.296270073785,0.03431151792113412,0.031180244009612296,0.042434218128511066,0.050952028710811975,384.329345703125,18886646504.42857,18550769014.190475,19075051545.7,22429599741.105556,-0.036072411168773466,0.06851192304767784,-0.00994607444857909,-0.6969742350274302,1
2021-11-19,4298.306640625,4311.7138671875,3982.91748046875,3995.7294921875,20626269711.0,0.07440183378363852,4000.65087890625,4667.115234375,4486.2431640625,4155.9921875,3226.083984375,2109.579833984375,4376.891392299107,4500.719866071428,3896.6130208333334,3096.4558634440104,0.05062910824338163,0.03482342655562017,0.04062102624385122,0.05081317444109551,328.79638671875,19216676433.42857,18439275099.761906,18962627964.533333,22233047228.516666,-0.03540065941272774,-0.06221001139165905,-0.08740979709942098,-0.7165333095836706,0
2021-11-20,4409.93115234375,4434.38818359375,4209.24267578125,4298.3505859375,15448261277.0,0.02596941564469657,4298.306640625,4651.46044921875,4521.5810546875,4054.32275390625,3242.115478515625,2643.591064453125,4342.38720703125,4504.733235677083,3924.038020833333,3106.268863932292,0.05250572665644328,0.03498794576397816,0.03954676257815327,0.047322718962424716,225.1455078125,19358222864.285713,18478930845.04762,18713347941.4,22020553559.27778,-0.25103949994596286,-0.07098048294980508,-0.10795784638697792,-0.740933217472681,0
2021-11-21,4269.73291015625,4422.49169921875,4255.455078125,4412.1953125,14094831413.0,-0.031791480942506056,4409.93115234375,4626.35888671875,4620.5546875,3970.181884765625,3319.25732421875,2706.62890625,4291.440638950893,4503.8598400297615,3943.9024373372395,3114.952775065104,0.05336254461486698,0.03568084199928642,0.03740874477481537,0.047373827913090416,167.03662109375,19632775606.285713,18316867567.666668,18552560087.533333,21823534104.594444,-0.0876104980186373,0.0057897539834863565,-0.058428221539856384,-0.7404163092479735,1
2021-11-22,4088.457763671875,4302.02294921875,4033.572265625,4266.50927734375,19752218877.0,-0.04245585152485365,4269.73291015625,4557.50390625,4812.08740234375,4171.66357421875,3172.456298828125,2888.69873046875,4224.434047154018,4492.613688151042,3959.451338704427,3121.6181030273438,0.054767618183923956,0.03681691837995948,0.03784172582512393,0.04725654511330464,268.45068359375,20129399546.0,18401007120.809525,18573158884.7,21697158842.68889,0.40138028602329046,0.08723270176981535,-0.02601424802328245,-0.7223467802454306,1
2021-11-23,4340.763671875,4385.4833984375,4069.7666015625,4089.680419921875,22133497059.0,0.06171175606728707,4088.457763671875,4216.365234375,4735.06884765625,4087.903076171875,3224.915283203125,2736.488525390625,4242.20525251116,4480.992966424851,3982.936246744792,3130.530742730035,0.05383866757277159,0.03694923825829876,0.03719793662728199,0.04727201216814363,315.716796875,19374541582.857143,18464771351.142857,18515460122.533333,21634713630.333332,0.12055750277113542,0.06697331483740387,-0.053619147336455675,-0.7274213308070161,1
2021-11-24,4239.9814453125,4376.8759765625,4176.18359375,4340.0361328125,21838037128.0,-0.023217625786793206,4340.763671875,4287.59375,4636.17431640625,4217.876953125,3100.325439453125,2419.90625,4235.40349469866,4463.50666155134,4004.8431762695313,3140.642271592882,0.05454157510572723,0.037197397081533946,0.03738725240913249,0.046463016742158504,200.6923828125,19325195194.0,18494179635.57143,18563880962.1,21533818754.35,-0.013348994522302982,0.08184205368307329,-0.045282871548533166,-0.716040466255357,1
2021-11-25,4274.7431640625,4550.51806640625,4249.7744140625,4271.39453125,18705358318.0,0.008198554450852713,4239.9814453125,4000.65087890625,4730.38427734375,4131.10205078125,3270.600830078125,2279.51416015625,4274.559535435268,4451.002801804316,4025.0511393229167,3151.726877170139,0.045971714008193526,0.03717378415239696,0.03702039385413764,0.04622923758033602,300.74365234375,18942639111.857143,18507994581.0,18522757495.566666,21450105632.672222,-0.14345056708340254,0.055338782460660374,-0.04244983879468267,-0.7195326462184657,1
2021-11-26,4030.908935546875,4550.84228515625,3933.506591796875,4522.208984375,26281795488.0,-0.05704067335916796,4274.7431640625,4298.306640625,4667.115234375,3930.25732421875,3244.4033203125,2390.305419921875,4236.35986328125,4429.320219494048,4043.3306396484377,3160.841341145833,0.04216013577849587,0.03902927836894634,0.03740500566768586,0.04633751170177098,617.335693359375,19750571365.714287,19041127528.714287,18641386525.683334,21452356610.783333,0.4050410070310848,0.04708543958085598,0.009034981944632703,-0.7008372135166716,1
2021-11-27,4096.912109375,4187.68408203125,4033.513916015625,4042.9990234375,16515693874.0,0.016374265676426303,4030.908935546875,4409.93115234375,4651.46044921875,4287.31884765625,3227.002685546875,2714.9453125,4191.642857142857,4409.097888764881,4064.8242309570314,3168.5189344618057,0.04099734678761813,0.03920608702424147,0.036863319159965435,0.04528223475034101,154.170166015625,19903061736.714287,19140490251.285713,18635063439.083332,21371847225.916668,-0.3715918731069612,0.005534727707939391,-0.014490059920319154,-0.7082859184627904,1
2021-11-28,4294.45361328125,4297.91650390625,3989.969970703125,4101.64892578125,15953126340.0,0.048217169085520206,4096.912109375,4269.73291015625,4626.35888671875,4414.74658203125,3224.374267578125,2633.518310546875,4195.174386160715,4393.569266183035,4088.8460693359375,3177.74635281033,0.04480311627839366,0.04047415169941788,0.03722844227365777,0.04533604465378286,307.946533203125,20168532440.57143,19255335504.0,18638224608.783333,21308457799.52778,-0.03406260362367386,-0.022384887119912267,-0.11492976553491907,-0.7275354941494871,0
2021-11-29,4445.10498046875,4460.8486328125,4284.5048828125,4296.94677734375,19086475837.0,0.03508045044929298,4294.45361328125,4088.457763671875,4557.50390625,4325.650390625,3433.732666015625,2706.125,4246.123988560268,4376.093912760417,4112.9031697591145,3187.407352701823,0.04153729454407224,0.0401492066184372,0.036947535360808144,0.045361538293113804,176.34375,20073426292.0,19245601197.809525,18661981454.416668,21260475624.405556,0.19640974629177288,-0.01942983937628895,-0.18370167763763134,-0.7262379065367177,0
2021-11-30,4631.47900390625,4753.26611328125,4358.07421875,4447.76806640625,28626354111.0,0.041927923919998555,4445.10498046875,4340.763671875,4216.365234375,4288.07421875,3834.828125,2855.12646484375,4287.654750279018,4371.161063058035,4134.969217936198,3197.275977918837,0.03818961929139676,0.04118787101157276,0.03510895526143132,0.0452891184778787,395.19189453125,21000977299.42857,19616657458.95238,18767293596.716667,21252631995.011112,0.49982397774588194,-0.0683188847886127,-0.19812827659394794,-0.7202430157753038,0
2021-12-01,4586.990234375,4780.732421875,4530.2724609375,4623.6796875,27634826695.0,-0.009605737064494413,4631.47900390625,4239.9814453125,4287.59375,4324.626953125,3790.989990234375,2688.195068359375,4337.227434430803,4368.818963913691,4154.89081624349,3207.8248399522568,0.03653075430291339,0.04097821232818094,0.0350753398324278,0.04506016294933467,250.4599609375,21829090094.714287,19849355847.04762,18907829513.233334,21216304134.366665,-0.03463687384552383,-0.032185009488877925,-0.19715704103700216,-0.7217622317534433,0
2021-12-02,4511.30224609375,4628.919921875,4441.5078125,4586.3330078125,21502671027.0,-0.016500577593133392,4586.990234375,4274.7431640625,4000.65087890625,4584.798828125,3940.61474609375,2630.576904296875,4371.021589006697,4358.386486235119,4173.10654296875,3218.273314073351,0.03810440444360013,0.04086611997332188,0.035190066764416744,0.045046111358276,187.412109375,22228706196.0,20019330604.095238,19007597915.983334,21166337458.27222,-0.22189955217303747,-0.08677900676328665,-0.16438828173206899,-0.7130976214579117,0
2021-12-03,4220.7060546875,4647.2890625,4100.1455078125,4514.35595703125,25879591528.0,-0.0644151456839035,4511.30224609375,4030.908935546875,4298.306640625,4607.19384765625,3887.828369140625,2715.0927734375,4398.135463169643,4337.12890625,4187.116825358073,3226.6378323025174,0.0402548900935661,0.04306872928489463,0.03626561758289141,0.04528366353180083,547.1435546875,22171248487.42857,20379498762.190475,19143138539.766666,21169492747.794445,0.20355240962874266,-0.07397102685953716,-0.09267196251367715,-0.7054201778666049,0
2021-12-04,4119.58740234375,4242.7255859375,3525.494140625,4227.76220703125,38478999182.0,-0.023957757548988323,4220.7060546875,4096.912109375,4409.93115234375,4537.32421875,3952.133544921875,2590.26318359375,4401.374790736607,4311.801618303572,4197.134639485677,3235.1340779622396,0.04160290643606646,0.043290054532639975,0.03612313621699854,0.04517893694272732,717.2314453125,25308863531.42857,21523382710.809525,19507245331.633335,21213264347.266666,0.486847237923685,-0.008528769105769163,-0.08695216201656653,-0.6892269864043907,0
2021-12-05,4198.32275390625,4246.92333984375,4040.217529296875,4119.62890625,25533062707.0,0.019112436240023678,4119.58740234375,4294.45361328125,4269.73291015625,4486.2431640625,3928.37939453125,2517.438720703125,4387.641810825893,4291.4189453125,4207.430651855469,3244.4723225911457,0.03740220829075874,0.043604382074432235,0.036133607078026236,0.04513081673699384,206.705810546875,26677425869.57143,22159577972.142857,19568542600.233334,21122282824.65,-0.3364416110140398,-0.015213129778272494,-0.09629229027356423,-0.6999571420180934,0
2021-12-06,4358.7373046875,4375.5205078125,3930.806640625,4199.0,28229518513.0,0.03820919928845279,4198.32275390625,4445.10498046875,4088.457763671875,4521.5810546875,3426.394287109375,2608.26708984375,4375.303571428572,4281.953869047619,4220.276692708333,3254.1971571180557,0.03794265119212959,0.044454594431923,0.03641297317253288,0.045139586844695836,444.7138671875,27983574823.285713,22728800220.42857,19720862526.666668,21078692193.133335,0.10560643808941705,-0.13180663524480618,-0.18545516402825057,-0.708251789520286,0
2021-12-07,4315.0615234375,4428.58935546875,4264.32373046875,4358.5869140625,22366213354.0,-0.01002028298494384,4358.7373046875,4631.47900390625,4340.763671875,4620.5546875,3497.315185546875,2471.5185546875,4330.10107421875,4286.653692336309,4232.798396809896,3264.4390625,0.032580064204591704,0.041215246235537455,0.036431627512843116,0.04495435197600425,164.265625,27089269000.857143,22488262627.714287,19823265591.1,21043206565.155556,-0.2077012102172371,-0.1320076412945843,-0.20779618446742343,-0.7143870386769815,0
2021-12-08,4439.35791015625,4453.1123046875,4234.53759765625,4311.67431640625,18704315119.0,0.028805240908762686,4315.0615234375,4586.990234375,4239.9814453125,4812.08740234375,3427.340087890625,2353.768798828125,4309.0107421875,4293.880557105655,4247.192415364583,3276.025668674045,0.03566677069245599,0.041512625809745296,0.036573736048341174,0.04482358734648894,218.57470703125,25813481632.857143,22322588973.857143,19923220227.383335,21009160736.955555,-0.16372455082322201,-0.09482660483809324,-0.2807044365777752,-0.7114185522016805,0
2021-12-09,4119.81591796875,4482.31396484375,4078.84423828125,4433.02490234375,22296131874.0,-0.07197932643737959,4439.35791015625,4511.30224609375,4274.7431640625,4735.06884765625,3211.505859375,2372.484375,4253.084123883928,4299.555082775298,4258.758467610677,3285.7330661349824,0.04405636690652267,0.041947599711925965,0.03741353937539106,0.04518406073145236,403.4697265625,25926833182.42857,22366059496.761906,20025293313.733334,20990115000.644444,0.19203145007706812,-0.038192529603077174,-0.2494876669697227,-0.6931210483155736,0
2021-12-10,3908.49609375,4227.11181640625,3897.767578125,4113.58837890625,28014595631.0,-0.05129351127002291,4119.81591796875,4220.7060546875,4030.908935546875,4636.17431640625,3270.278076171875,2508.3916015625,4208.482700892857,4280.99267578125,4264.81083577474,3293.511424424913,0.041670808057159635,0.040061194661932344,0.03785030370992026,0.04519475189128939,329.34423828125,26231833768.57143,22717884540.57143,20182550081.116665,20995235279.872223,0.25647784061003076,-0.007422169752392405,-0.19208017889713414,-0.6759919608724982,0
2021-12-11,4084.452392578125,4095.6484375,3846.054443359375,3909.667724609375,19131502454.0,0.0450189266171952,3908.49609375,4119.58740234375,4096.912109375,4730.38427734375,3410.134521484375,2537.89111328125,4203.463413783482,4265.493687220982,4274.67548828125,3302.103431532118,0.045813878683795384,0.04097299622681277,0.038177166815673,0.04529662123267585,249.593994140625,23467905664.57143,22893276977.57143,20199582147.966667,20951718202.77778,-0.3170880384641451,-0.03025920570914964,-0.24516248347197422,-0.6905659783010281,0
2021-12-12,4134.453125,4173.60888671875,3993.055908203125,4084.811279296875,14057603914.0,0.01224172241858712,4084.452392578125,4198.32275390625,4294.45361328125,4667.115234375,3285.51171875,2610.936767578125,4194.33918108259,4259.051792689732,4283.479679361979,3310.567411295573,0.04540022815264089,0.040541702939989356,0.0380035322687548,0.04526216815552772,180.552978515625,21828554408.42857,22891504239.52381,20163687620.05,20868675562.194443,-0.26521171309988534,-0.051242713195139955,-0.21679809291207652,-0.6917079526558455,0
2021-12-13,3784.226806640625,4145.955078125,3680.609130859375,4136.35986328125,23999841386.0,-0.08470922459893049,4134.453125,4358.7373046875,4445.10498046875,4651.46044921875,3429.169677734375,2367.66357421875,4112.266252790178,4244.564604259673,4283.449890136719,3318.43720703125,0.05100272062777181,0.04364515944081165,0.03914424603981828,0.04516536321421639,465.345947265625,21224314818.857143,23093771978.04762,20239626644.666668,20868108424.45,0.7072497939779412,0.03953718511763049,-0.10886464445958832,-0.6510385709390845,1
2021-12-14,3745.4404296875,3866.6337890625,3700.104736328125,3782.82275390625,23836759957.0,-0.010249485280602655,3784.226806640625,4315.0615234375,4631.47900390625,4626.35888671875,3615.28271484375,2372.001953125,4030.8918108258927,4216.21587844122,4281.4966512044275,3326.0674207899306,0.0509961818859295,0.04108022619798102,0.03908477664034621,0.04517702632079228,166.529052734375,21434392905.0,23174879735.095238,20287458618.75,20879025795.4,-0.006795104449945688,0.07337443626117279,-0.13273521894198959,-0.6504206221053672,1
2021-12-15,4018.388671875,4086.372802734375,3664.719970703125,3862.25146484375,26411188833.0,0.07287480532970947,3745.4404296875,4439.35791015625,4586.990234375,4557.50390625,3571.294921875,2231.733154296875,3970.753348214286,4205.6638416108635,4284.630094401042,3335.993284776476,0.05982105272572373,0.04431229699154308,0.040173749145905956,0.04522499160731384,421.65283203125,22535374864.142857,23392648863.904762,20451343505.483334,20899350075.65,0.10800246680522463,-0.009030749751508527,-0.17628638364160854,-0.6848602797685446,0
2021-12-16,3962.4697265625,4110.36865234375,3956.05712890625,4020.4150390625,19825531254.0,-0.013915763227156375,4018.388671875,4119.81591796875,4511.30224609375,4216.365234375,3398.538818359375,2178.4990234375,3948.275320870536,4190.7936779203865,4286.552848307291,3345.9042331271703,0.053950328714232006,0.044330428627551,0.04022165572403677,0.045196492233308426,154.3115234375,22182431918.42857,23445990432.285713,20516634187.283333,20905237166.52778,-0.24935104665835472,0.0367311067291769,-0.15948108337775646,-0.7051688769802806,1
2021-12-17,3879.486572265625,3992.79248046875,3711.424560546875,3959.012451171875,23143541098.0,-0.020942280956898096,3962.4697265625,3908.49609375,4220.7060546875,4287.59375,3432.018310546875,2246.364501953125,3944.131103515625,4183.583089192708,4288.7316202799475,3354.977133517795,0.050662639985725344,0.04278933919474079,0.04017376687452138,0.045190710154647915,281.367919921875,21486566985.142857,23296549747.04762,20612589802.95,20908612781.38889,0.16736045059728522,0.04343263850819912,-0.13624604375339866,-0.6937353657499756,1
2021-12-18,3960.860107421875,3993.829833984375,3774.614990234375,3880.29150390625,19530895889.0,0.020975336205050432,3879.486572265625,4084.452392578125,4119.58740234375,4000.65087890625,3329.447998046875,1888.447509765625,3926.4750627790177,4177.104422433035,4290.118440755208,3366.490536838108,0.04784189929409058,0.0428940761260443,0.040024014866484985,0.043515979158722004,219.21484375,21543623190.142857,23440130795.38095,20671458782.216667,20829644570.633335,-0.15609734023425637,0.03343235934775102,-0.18898803681013743,-0.7008944578120764,1
2021-12-19,3922.592529296875,4018.658447265625,3894.398681640625,3960.872314453125,16167785597.0,-0.009661431377819718,3960.860107421875,4134.453125,4198.32275390625,4298.306640625,2958.993408203125,1874.9500732421875,3896.2092633928573,4159.3967517671135,4286.2284464518225,3377.8663282606335,0.047363066839405096,0.04142679386398792,0.03895446175713841,0.043520323745977155,124.259765625,21845077716.285713,23450352664.761906,20601949875.7,20721980869.922222,-0.17219436891751283,0.03689794303694072,-0.1933841909775098,-0.7023372031225115,1
2021-12-20,3933.844482421875,3980.0986328125,3759.4033203125,3923.69580078125,21589690675.0,0.0028684990961875823,3922.592529296875,3784.226806640625,4358.7373046875,4409.93115234375,2764.43115234375,1989.736328125,3917.5832170758927,4135.051013764881,4284.220475260417,3388.6669291178387,0.032501683421239255,0.040514072728165665,0.038825707519757495,0.04331642795448449,220.6953125,21500770471.857143,23569553371.333332,20491433689.95,20684097711.416668,0.3353523613651863,0.026361775475210125,-0.2130278811051456,-0.6904545620137048,1
2021-12-21,4020.260009765625,4058.8212890625,3918.837890625,3938.4638671875,16388555198.0,0.021967194618366825,3933.844482421875,3745.4404296875,4315.0615234375,4269.73291015625,3077.867919921875,1988.456298828125,3956.8431570870534,4105.945347377232,4285.055110677084,3399.9547275119357,0.03209686322764086,0.03958119312608554,0.038825923972738326,0.04333355122330898,139.9833984375,20436741220.57143,22986801042.142857,20440693977.116665,20662518319.355556,-0.24090829068814346,-0.05456536214735119,-0.2535009900112255,-0.698128983538881,0
2021-12-22,3982.099609375,4073.79150390625,3947.690185546875,4018.69580078125,13921756199.0,-0.009492022978098258,4020.260009765625,4018.388671875,4439.35791015625,4088.457763671875,3155.523681640625,1813.21728515625,3951.659005301339,4077.1410319010415,4281.8957112630205,3412.0040737575955,0.017013784595195657,0.039580677320748464,0.03829158591811965,0.04278383658367503,126.101318359375,18652536558.57143,22333797685.190475,20426364283.9,20613337326.02778,-0.15051961379127787,-0.08878930860025458,-0.3576424771989887,-0.6940854703789174,0
2021-12-23,4108.015625,4149.02685546875,3897.234375,3981.961669921875,18007273742.0,0.03162050877094025,3982.099609375,3962.4697265625,4119.81591796875,4340.763671875,2931.669189453125,1829.2392578125,3972.4512765066966,4057.9369070870534,4282.230920410157,3424.6639424641926,0.019805263018340496,0.04032559993159664,0.038414797514305946,0.042828073107993185,251.79248046875,18392785485.42857,22167350195.42857,20476850785.633335,20598724722.58889,0.293462799132588,-0.09594987220107032,-0.41451509149414445,-0.7029808220780258,0
2021-12-24,4047.98291015625,4134.1064453125,4029.064453125,4111.34521484375,12769090623.0,-0.01461355562486455,4108.015625,3879.486572265625,3908.49609375,4239.9814453125,2925.565673828125,1978.8946533203125,3996.5221819196427,4049.7119954427085,4279.399353027344,3436.158877224392,0.018507812955199522,0.03796982934773933,0.03824717583378122,0.042468687848372724,105.0419921875,16910721131.857143,21543040628.52381,20423073512.016666,20559189255.261112,-0.29089262450553577,-0.09025485180275816,-0.3737525284161467,-0.6983315921353095,0
2021-12-25,4093.281005859375,4138.56494140625,4027.927001953125,4049.781982421875,10894785525.0,0.011190288276532456,4047.98291015625,3960.860107421875,4084.452392578125,4274.7431640625,3062.265380859375,2079.657470703125,4015.439453125,4048.4593098958335,4278.7690022786455,3447.345674641927,0.017554147864992802,0.0376944500374393,0.03817685016974353,0.04233109374184561,110.637939453125,15676991079.857143,20229506644.857143,20318691361.4,20477968047.95,-0.14678454036687272,-0.07905247255485315,-0.40381510787346286,-0.7022041647304655,0
2021-12-26,4067.328125,4105.02392578125,4013.0263671875,4094.151611328125,11197244172.0,-0.0063403613927860425,4093.281005859375,3922.592529296875,4134.453125,4030.908935546875,2934.138916015625,2160.768310546875,4036.115966796875,4042.2214704241073,4281.053515625,3457.937673611111,0.017136814471805373,0.037470592947453495,0.03764009047955589,0.0422604348559301,91.99755859375,14966913733.428572,19546848619.38095,20068319924.2,20402313157.68889,0.02776178074418767,-0.05845684839940224,-0.39617975655855153,-0.6983340592334495,0
2021-12-27,4037.547607421875,4126.00146484375,4033.492431640625,4064.746337890625,11424360002.0,-0.007321887161027885,4067.328125,3933.844482421875,3784.226806640625,4096.912109375,2807.296630859375,2274.547607421875,4050.9306989397323,4026.9267229352677,4276.890661621093,3467.7321180555555,0.017799251878587656,0.036400691496162985,0.03576724007339079,0.04211407378284881,92.509033203125,13514723637.285715,18746602976.0,19826090014.65,20322292622.877777,0.020283189909167998,-0.06839974736656251,-0.3887303597607783,-0.6996217149867924,0
2021-12-28,3800.89306640625,4037.5380859375,3769.280029296875,4037.5380859375,17299472803.0,-0.058613436676413055,4037.547607421875,4020.260009765625,3745.4404296875,4294.45361328125,2853.143310546875,2113.60546875,4019.5925641741073,4002.4425106956846,4266.659769694011,3477.105938042535,0.027532127010730073,0.03836107560836261,0.03632147690924352,0.04200310180408418,268.258056640625,13644854723.714285,18505329616.42857,19731620529.466667,20256946906.266666,0.5142618754986255,-0.0017986367050609742,-0.3625179192441538,-0.686919346797223,0
2021-12-29,3628.53173828125,3827.98193359375,3612.7958984375,3797.436279296875,15722555672.0,-0.045347586768066606,3800.89306640625,3982.099609375,4018.388671875,4445.10498046875,3001.678955078125,2150.040283203125,3969.0828683035716,3963.831740606399,4255.041125488281,3485.3197794596354,0.031042855396968917,0.038476186772693224,0.036680417328584174,0.04215285202346763,215.18603515625,13902111791.285715,18363341071.333332,19750071613.566666,20167648812.47778,-0.0911540570604289,-0.02153619729054379,-0.2980378222564143,-0.6688480565741917,0
2021-12-30,3713.85205078125,3767.559814453125,3595.204833984375,3632.2197265625,12925377999.0,0.02351372914831229,3628.53173828125,4108.015625,3962.4697265625,4631.47900390625,3307.51611328125,2226.1142578125,3912.7737862723216,3944.5001278831846,4245.470756022135,3493.584989420573,0.02920751316190176,0.03621812039643621,0.036820067347359,0.04211242572937355,172.35498046875,13176126685.142857,17917114696.333332,19673858576.25,20142604458.91111,-0.17790858759568207,-0.07955186249115664,-0.300703237154924,-0.6770919326649898,0
2021-12-31,3682.6328125,3807.288818359375,3636.869873046875,3713.43017578125,14157285268.0,-0.008406161003285728,3713.85205078125,4047.98291015625,3879.486572265625,4586.990234375,3391.6943359375,2321.72412109375,3860.5809151785716,3933.7447335379466,4234.770853678386,3501.1455932617187,0.02927756370495931,0.03460898774478841,0.03680508629391592,0.0420190775134865,170.4189453125,13374440205.857143,17257242774.285713,19610058526.366665,20116883224.43889,0.0953091870191578,-0.13290012558949627,-0.2930420475542931,-0.6750229248563252,0
2022-01-01,3769.697021484375,3769.91796875,3682.28662109375,3683.047119140625,9776191466.0,0.023641838167751006,3682.6328125,4093.281005859375,3960.860107421875,4511.30224609375,3418.358642578125,2198.58251953125,3814.3546316964284,3918.7563825334823,4221.185823567708,3509.8740071614584,0.031303667629584926,0.03344377960292131,0.03605393999064088,0.04183154447209023,87.63134765625,13214641054.571428,16811751774.857143,19426420913.766666,20059507650.2,-0.3094586086996972,-0.17978218444927196,-0.28687138693835934,-0.6814160828030944,0
2022-01-02,3829.56494140625,3836.161865234375,3727.357421875,3769.29833984375,9881471548.0,0.01588136117589123,3769.697021484375,4067.328125,3922.592529296875,4220.7060546875,3380.089111328125,2324.679443359375,3780.3884626116073,3904.2378976004466,4208.225341796875,3518.2344821506076,0.032969093397334094,0.03353749786229935,0.03612058667052255,0.04164912162739473,108.804443359375,13026673536.857143,16612888328.857143,19237437720.316666,19998338818.166668,0.010769028242352485,-0.1754281457140675,-0.27090485989389956,-0.6828212512920842,0
2022-01-03,3761.38037109375,3836.19873046875,3698.047607421875,3829.53564453125,12080777893.0,-0.017804782359288618,3829.56494140625,4037.547607421875,3933.844482421875,4119.58740234375,3518.5185546875,2315.161865234375,3740.9360002790177,3903.149972098214,4195.292944335937,3526.269029405382,0.033165716905366516,0.02814085819325305,0.03613796377855465,0.041675869805385866,138.151123046875,13120447521.285715,16045313876.809525,19131863277.466667,19941018999.322224,0.22256870692960073,-0.18032807208644286,-0.28673685210780253,-0.677039095027629,0
2022-01-04,3794.056640625,3876.78515625,3723.349853515625,3761.361572265625,14030925983.0,0.008687307931515731,3761.38037109375,3800.89306640625,4020.260009765625,4198.32275390625,3580.56201171875,2120.0263671875,3739.9593680245534,3905.4650297619046,4183.756502278646,3535.569197591146,0.02544141126528073,0.028096448201054156,0.03614752015944484,0.04115390574592687,153.435302734375,12653512261.285715,15578369401.857143,19114278650.75,19890145678.733334,0.16142570513857213,-0.1465305136477334,-0.293852767254706,-0.6688171183651239,0
2022-01-05,3550.386962890625,3842.059814453125,3456.745361328125,3794.26904296875,18061338502.0,-0.06422404850925867,3794.056640625,3628.53173828125,3982.099609375,4358.7373046875,3587.974853515625,2146.6923828125,3728.795828683036,3883.1792340959823,4167.569934082031,3543.367500813802,0.031363216117147354,0.0264369361957498,0.03699731499060421,0.041462267973899014,385.314453125,12987624094.142857,15180757481.333334,19174816347.45,19862544367.066666,0.28725206902832245,-0.05017161902947831,-0.1596445837460636,-0.6478021658758175,0
2022-01-06,3418.408203125,3549.708984375,3335.376708984375,3549.708984375,24293791313.0,-0.0371730634280415,3550.386962890625,3713.85205078125,4108.015625,4315.0615234375,3563.75927734375,2111.403564453125,3686.5895647321427,3857.2715425037204,4147.534159342448,3550.6286376953126,0.031305737226784335,0.02727909276605579,0.037100186726711164,0.04154710959793197,214.332275390625,14611683139.0,15393531769.857143,19354023268.783333,19899834638.41111,0.34507148018458644,-0.049765744404290824,-0.11811345684126329,-0.6286637075233183,0
2022-01-07,3193.21044921875,3420.4619140625,3117.38134765625,3417.837890625,24494179209.0,-0.06587795854818668,3418.408203125,3682.6328125,4047.98291015625,4439.35791015625,3575.716796875,2139.664794921875,3616.6720842633927,3824.591727120536,4120.552876790364,3556.4816691080728,0.037358466794674555,0.030075524935629656,0.037441436950072175,0.041861001043344774,303.08056640625,16088382273.428572,15457847870.380953,19440744651.15,19954216822.13889,0.008248522983432816,0.03657479439025835,-0.042507181145298056,-0.6040754576474896,1
2022-01-08,3091.97265625,3240.304443359375,3020.880859375,3193.50244140625,16037732700.0,-0.031704077942472875,3193.21044921875,3769.697021484375,4093.281005859375,4119.81591796875,3425.852783203125,2036.7210693359373,3519.854317801339,3783.216134207589,4093.167940266927,3562.344177924262,0.032192688829135535,0.029663087320042088,0.037566362754263255,0.04176662741174812,219.423583984375,16982888164.0,15291506766.142857,19360803985.7,19944603508.933334,-0.34524310599853913,0.07715401524865917,0.016331983652224435,-0.5836446048550619,1
2022-01-09,3157.75146484375,3206.790771484375,3075.911376953125,3091.6962890625,12334683863.0,0.021274058960640163,3091.97265625,3829.56494140625,4067.328125,3908.49609375,3545.35400390625,1940.083984375,3423.8809640066966,3746.7951311383927,4068.527559407552,3569.1089972601994,0.0334429575102737,0.03050452552388358,0.03768449642580938,0.04161501043162934,130.87939453125,17333347066.142857,15108978112.142857,19187246041.0,19920787148.961113,-0.23089603164417372,0.06117340528755277,-0.011129065303866148,-0.5814936814556813,1
2022-01-10,3083.097900390625,3177.21337890625,2947.68359375,3157.570556640625,19535744145.0,-0.02364136800640171,3157.75146484375,3761.38037109375,4037.547607421875,4084.452392578125,3492.5732421875,1994.331298828125,3326.983468191964,3706.2833891369046,4041.072786458333,3575.1577006022135,0.03325678220049336,0.030501599661776027,0.03759777935233227,0.04162377563678245,229.52978515625,18398342245.0,15011171134.52381,19213955091.266666,19932970062.66111,0.5838058244525273,0.04190818307573996,0.05071494188996217,-0.5664795271661764,1
2022-01-11,3238.111572265625,3247.511962890625,3061.140625,3082.990966796875,15211447193.0,0.05027854349203764,3083.097900390625,3794.056640625,3800.89306640625,4134.453125,3606.20166015625,1911.1756591796875,3247.562744140625,3669.0382254464284,4017.2560587565104,3582.529566786024,0.04307132545240647,0.03258973587871787,0.03828953194616477,0.04163307887060187,186.371337890625,18566988132.142857,14955118372.380953,19162211541.016666,19930322032.88889,-0.22135307055128306,-0.022879516078383233,-0.04960588631566565,-0.5713758750175767,0
2022-01-12,3372.25830078125,3401.219970703125,3216.718017578125,3238.449951171875,16662871689.0,0.04142745718356022,3238.111572265625,3550.386962890625,3628.53173828125,3784.226806640625,3786.01416015625,1880.3829345703125,3222.115792410714,3639.9981631324404,3995.9360229492186,3590.817763264974,0.04413594968872776,0.03445001598423402,0.038762558168034526,0.04170023522224933,184.501953125,18367207158.857143,15085647681.428572,19198968798.15,19940201491.455555,0.09541659498827415,-0.0819724790900015,-0.13192190994275588,-0.5795285087639916,0
2022-01-13,3248.28857421875,3396.9697265625,3247.91748046875,3372.10498046875,15294466275.0,-0.03676163434271329,3372.25830078125,3418.408203125,3713.85205078125,3745.4404296875,3862.634765625,1898.8251953125,3197.81298828125,3599.0587797619046,3972.968184407552,3598.3147820366753,0.044088524611095525,0.033811930372416026,0.038984340551733165,0.04180902653445834,149.05224609375,17081589296.285715,14956466373.47619,19250993865.75,19950924737.005554,-0.08212302414255246,-0.07609190236144481,-0.10187696495826004,-0.5531139444674518,0
2022-01-14,3310.00146484375,3330.76611328125,3203.82373046875,3248.648681640625,13562957230.0,0.018998586244709736,3248.28857421875,3193.21044921875,3682.6328125,4018.388671875,3830.382080078125,1895.5521240234373,3214.4974190848216,3563.9168061755954,3952.176477050781,3606.1728339301217,0.03593065692890928,0.03440128910323062,0.039085824692788575,0.0418221102232593,126.9423828125,15519986156.428572,14994269545.238094,19205778964.6,19949653006.461113,-0.11321147229768236,-0.22721132670382427,-0.12886341304312232,-0.5315086939839498,0
2022-01-15,3330.53076171875,3364.537841796875,3278.6708984375,3309.84423828125,9619999078.0,0.006202201749167191,3310.00146484375,3091.97265625,3769.697021484375,3962.4697265625,3847.1044921875,1817.296630859375,3248.5771484375,3527.5953659784227,3937.412569173177,3614.5796902126735,0.031995568247017506,0.03427212405634034,0.038000771678629815,0.0416846067329976,85.866943359375,14603167067.571428,14933565428.714285,18909153902.55,19924443359.77778,-0.2907152242048322,-0.2778384814849947,-0.11921576055571337,-0.5338642386877912,0
2022-01-16,3350.921875,3376.401123046875,3291.563720703125,3330.38720703125,9505934874.0,0.006122481592311324,3330.53076171875,3157.75146484375,3829.56494140625,3879.486572265625,3748.76025390625,1787.5107421875,3276.172921316964,3493.480782645089,3921.8013712565103,3623.2653076171873,0.031704636295357795,0.034431748745397416,0.03792958139328754,0.04165614721618669,84.83740234375,14199060069.142857,14853026890.714285,18697861786.283333,19880761899.988888,-0.011856986999183139,-0.24348010575447987,-0.051044066115201514,-0.5294329277391017,0
2022-01-17,3212.304931640625,3355.8193359375,3157.22412109375,3350.947265625,12344309617.0,-0.04136680845756069,3350.921875,3083.097900390625,3761.38037109375,3960.860107421875,3877.65087890625,1990.9708251953125,3294.6310686383927,3454.1835123697915,3908.6622721354165,3630.0504970974393,0.03525072828740144,0.03516172485137227,0.037342926872559315,0.040978351801534266,198.59521484375,13171712279.428572,14896834015.238094,18547212765.016666,19831267176.994446,0.2985897526779122,-0.24031113270572657,-0.026297271060279126,-0.5119248942113384,0
2022-01-18,3164.025146484375,3236.01611328125,3096.12353515625,3212.28759765625,13024154091.0,-0.015029639521672689,3212.304931640625,3238.111572265625,3794.056640625,3922.592529296875,4155.9921875,2025.2027587890625,3284.047293526786,3423.856468563988,3889.7575805664064,3636.377288140191,0.02995040047695609,0.033405707481835904,0.035961968059242296,0.04098856135179387,139.892578125,12859241836.285715,14693247409.904762,18420510838.016666,19806426475.66111,0.055073511204202896,-0.22379407719859656,-0.08929866224500949,-0.5210193067865694,0
2022-01-19,3095.825927734375,3171.158447265625,3055.21240234375,3163.850341796875,13187424144.0,-0.021554575451392277,3164.025146484375,3372.25830078125,3550.386962890625,3933.844482421875,4054.32275390625,2124.776611328125,3244.556954520089,3398.489525204613,3867.8558268229167,3641.77200656467,0.023081811652316736,0.03247172008435693,0.035803602035461096,0.040885427404951935,115.946044921875,12362749329.857143,14572526860.952381,18382830219.133335,19789687762.616665,0.012535942976352077,-0.20278777584769314,-0.10016661011002481,-0.49850005950079423,0
2022-01-20,3001.1201171875,3265.3369140625,3000.908203125,3095.271728515625,10645922764.0,-0.030591452089873683,3095.825927734375,3248.28857421875,3418.408203125,4020.260009765625,3970.181884765625,2189.21875,3209.2471749441966,3364.5499093191966,3846.7122802734375,3646.282569715712,0.02207037434223413,0.03207152999232057,0.035788852652606,0.04090944353433664,264.4287109375,11698671685.428572,14463981373.571428,18325348408.316666,19759623741.3,-0.19272159234798936,-0.19263437447020926,-0.0791101109058564,-0.4469551082327009,0
2022-01-21,2557.931640625,3029.0810546875,2496.81298828125,3002.956787109375,26796291874.0,-0.14767435465989753,3001.1201171875,3310.00146484375,3193.21044921875,3982.099609375,4171.66357421875,2191.373779296875,3101.8086286272323,3310.9927106584823,3821.2035115559897,3648.3190022786457,0.05279454054597211,0.04399481401598513,0.039976935840422834,0.04241481460369528,532.26806640625,13589148063.142857,15065838831.0,18442749624.933334,19827567120.4,1.5170473680885328,-0.004237642412807552,0.027646085513732155,-0.3638930226982402,0
2022-01-22,2405.18115234375,2615.247314453125,2330.247314453125,2561.145263671875,27369692036.0,-0.05971640752836038,2557.931640625,3330.53076171875,3091.97265625,4108.015625,4087.903076171875,2233.36669921875,2969.6158272879466,3246.0157645089284,3788.9438028971354,3649.2735270182293,0.05006158500536538,0.04397773074955361,0.039511572753508584,0.042640881192643906,285.0,16124818485.714285,15903624572.428572,18530019541.216667,19815096941.52778,0.02139848919007936,0.07978757203636122,0.07011322602511538,-0.32296905017265176,1
2022-01-23,2535.0390625,2542.144775390625,2381.51513671875,2406.92431640625,16481489511.0,0.053990906269038685,2405.18115234375,3350.921875,3157.75146484375,4047.98291015625,4217.876953125,2298.33349609375,2853.0611397879466,3184.3716750372023,3760.5280965169272,3650.588557942708,0.06031079587756279,0.04626783866922028,0.04029030207527388,0.042771668343720835,160.629638671875,17121326291.0,16217911142.095238,18440743747.6,19778508103.377777,-0.397819694524823,0.02699267685717377,0.04112767154105734,-0.35770177165354333,1
2022-01-24,2440.352294921875,2537.20849609375,2172.30126953125,2535.89111328125,28220804648.0,-0.03735120652726631,2535.0390625,3212.304931640625,3083.097900390625,4093.281005859375,4131.10205078125,2296.54541015625,2742.7821916852677,3121.465576171875,3729.9549153645835,3651.387485080295,0.0602860944813829,0.046451773350033074,0.04041432972957711,0.042869116307980515,364.9072265625,19389397009.714287,16986483844.714285,18599334519.766666,19829783115.988888,0.7122727062481216,0.10159455837084863,0.06146953639886332,-0.36213953563753476,1
2022-01-25,2455.93505859375,2498.507080078125,2359.384765625,2440.3935546875,16179776932.0,0.006385456601614825,2440.352294921875,3164.025146484375,3238.111572265625,4067.328125,3930.25732421875,2380.956787109375,2641.62646484375,3057.7455008370534,3703.705350748698,3651.804031032986,0.062094012229505016,0.04638505227972535,0.03994926947522992,0.04278830735185868,139.122314453125,19840200272.714287,17088810080.380953,18430967543.833332,19829040914.983334,-0.4266720196744406,0.1368855938311111,0.057872898381730264,-0.34374850266066637,1
2022-01-26,2468.0302734375,2705.7841796875,2417.68310546875,2455.5791015625,21229909340.0,0.0049248919678990255,2455.93505859375,3095.825927734375,3372.25830078125,4037.547607421875,4287.31884765625,2466.96142578125,2551.9413713727677,3006.2047061011904,3676.5573201497396,3651.8099690755207,0.06374798087411726,0.045491833094689356,0.03986095247361305,0.04270871550073495,288.10107421875,20989126729.285713,17239694406.0,18509537801.6,19834691250.572224,0.312126207253943,0.08704258322145342,0.12013846600057065,-0.3504512589311045,1
2022-01-27,2423.001220703125,2510.45166015625,2328.4521484375,2467.1884765625,16126522783.0,-0.018244935331225953,2468.0302734375,3001.1201171875,3248.28857421875,3800.89306640625,4414.74658203125,2536.2099609375,2469.352957589286,2958.804373604911,3645.366446940104,3651.181031629774,0.0638996595601445,0.045240984711146764,0.03920135927757236,0.042683705939059666,181.99951171875,21772069589.142857,16850776856.952381,18512427742.316666,19824273542.238888,-0.24038663921114978,0.10572069661557593,0.14779629190579024,-0.3404227449473345,1
2022-01-28,2547.092041015625,2548.778564453125,2367.833740234375,2421.64697265625,14666227351.0,0.05121368460412512,2423.001220703125,2557.931640625,3310.00146484375,3628.53173828125,4325.650390625,2561.85205078125,2467.804443359375,2928.0368303571427,3613.7328979492186,3651.0990315755207,0.042615961710796416,0.04589798091502514,0.03956053178508946,0.042844208398025635,180.94482421875,20039203228.714287,16382779149.428572,18438756934.216667,19779652654.994446,-0.0905524056022412,0.1713698861360453,0.029331376956085675,-0.38265479485116727,1
2022-01-29,2597.084716796875,2627.609375,2526.98974609375,2546.590576171875,11172062661.0,0.019627353458854913,2547.092041015625,2405.18115234375,3330.53076171875,3713.85205078125,4288.07421875,2610.1533203125,2495.21923828125,2904.4707380022323,3579.8263264973957,3651.0264282226562,0.033638518564307204,0.046031849934287626,0.03918219214020232,0.04284605897423289,100.61962890625,17725256175.142857,16151080576.142857,18147852076.716667,19718593258.08889,-0.23824563784371955,0.16078161557914195,0.12403001449849071,-0.36615250592259063,1
2022-01-30,2603.466552734375,2631.408447265625,2550.4609375,2598.56494140625,9501221177.0,0.0024573075711489256,2597.084716796875,2535.0390625,3350.921875,3682.6328125,4324.626953125,2502.349609375,2504.9945940290177,2878.076218377976,3546.7675984700522,3651.588189019097,0.027949015729304402,0.04563098801620431,0.039209018438135484,0.0427293137029315,80.947509765625,16728074984.571428,16016153781.571428,17845625318.083332,19645284745.666668,-0.14955532695252938,0.17438653898108925,0.1417412312441373,-0.3979847613406817,1
2022-01-31,2688.27880859375,2697.7353515625,2489.072265625,2603.263427734375,13778234614.0,0.03257666428258821,2603.466552734375,2440.352294921875,3212.304931640625,3769.697021484375,4584.798828125,2724.619873046875,2540.412667410714,2859.2753092447915,3516.3838745117187,3651.3862942165797,0.022637726631930328,0.046318133288862876,0.03955216404008104,0.04228781854925501,208.6630859375,14664850694.0,15741986661.047619,17716884711.2,19582726614.783333,0.450154075704873,0.16895267450657014,0.097400462620298,-0.40983227062651717,1
2022-02-01,2792.1171875,2802.3154296875,2682.621826171875,2687.89892578125,13194846235.0,0.03862634283851252,2688.27880859375,2455.93505859375,3164.025146484375,3829.56494140625,4607.19384765625,2827.328857421875,2588.4386858258927,2838.0374813988096,3492.5740600585937,3651.190673828125,0.024035100103010097,0.04568280966004547,0.039288351883430536,0.04229240433744267,119.693603515625,14238432023.0,15645958044.0,17505472289.65,19483487271.22778,-0.04234130099709743,0.11836589687485133,0.015168348531440445,-0.41199003682241575,1
2022-02-02,2682.85400390625,2802.212158203125,2630.120361328125,2791.958984375,13876301217.0,-0.039132735575322264,2792.1171875,2468.0302734375,3095.825927734375,3761.38037109375,4537.32421875,2890.941650390625,2619.1277901785716,2805.2087053571427,3468.6285034179687,3650.034631347656,0.03252494594859688,0.044877479922622907,0.03945387754143421,0.04236537760456073,172.091796875,13187916576.857143,15513264212.0,17095427323.566668,19413196845.327778,0.05164554174132063,0.20746675985101426,-0.024488100340614216,-0.38750242288403736,1
2022-02-03,2679.16259765625,2712.482666015625,2587.783447265625,2682.22607421875,12755505065.0,-0.0013759251322007504,2682.85400390625,2423.001220703125,3001.1201171875,3794.056640625,4486.2431640625,3157.23876953125,2655.7222726004466,2778.107468377976,3443.3091674804687,3647.3786526150175,0.03042938470534494,0.04447800082247982,0.039318336429749724,0.041805104497304096,124.69921875,12706342617.142857,15392361297.238094,16882468029.533333,19300274833.86111,-0.080770526271576,0.14867316393061691,-0.005349262109469288,-0.37863211179303524,1
2022-02-04,2983.5869140625,2983.5869140625,2675.44384765625,2681.0576171875,18987223729.0,0.11362666703116964,2679.16259765625,2547.092041015625,2557.931640625,3550.386962890625,4521.5810546875,3013.732666015625,2718.078683035714,2762.563918340774,3420.3899943033853,3647.2111762152776,0.04731622855095724,0.05158963805835851,0.04189841230503804,0.04251508540584929,308.14306640625,13323627814.0,15650659701.952381,16728429783.133333,19247794754.533333,0.48855130645506906,-0.018837516975195978,-0.14363568848187336,-0.4412566980220235,0
2022-02-05,3014.648193359375,3054.130126953125,2966.781005859375,2984.446044921875,13102093957.0,0.010410717097086852,2983.5869140625,2597.084716796875,2405.18115234375,3418.408203125,4620.5546875,3167.856201171875,2777.7306082589284,2747.5218912760415,3398.7164388020833,3646.3600206163196,0.04757830020615114,0.05163790415596086,0.041943378336804456,0.04235400054100713,87.34912109375,13599346570.571428,15816473743.809525,16574027793.183332,19142899382.427776,-0.30995209494537046,-0.03227089668536576,-0.17145514831998288,-0.4587607676353067,0
2022-02-06,3057.47607421875,3061.26123046875,2965.429931640625,3014.959716796875,9466018022.0,0.014206593311191451,3014.648193359375,2603.466552734375,2535.0390625,3193.21044921875,4812.08740234375,3141.691162109375,2842.589111328125,2733.5482817150296,3375.6850748697916,3645.892159016927,0.046958424947466285,0.05174272193898406,0.041785538260663405,0.04236078548251898,95.831298828125,13594317548.428572,15814572941.333334,16420056174.9,19042126028.605556,-0.277518688763285,-0.05691383712854203,-0.15723050776377256,-0.4713786695042298,0
2022-02-07,3142.470703125,3182.5283203125,3002.927001953125,3057.422119140625,15197063785.0,0.027798951436755814,3057.47607421875,2688.27880859375,2440.352294921875,3091.97265625,4735.06884765625,3164.2451171875,2907.4736676897323,2730.2228422619046,3359.395987955729,3645.771190049913,0.0468498574133623,0.051381647962639776,0.04106703421482833,0.04240613577583043,179.601318359375,13797007430.0,15950418377.904762,16301738373.416666,18978059521.566666,0.6054336416516912,-0.06650553623647792,-0.13132572897146888,-0.4679334517339002,0
2022-02-08,3122.608642578125,3219.47265625,3038.3779296875,3143.008544921875,17136080906.0,-0.00632052369720526,3142.470703125,2792.1171875,2455.93505859375,3157.75146484375,4636.17431640625,3043.414306640625,2954.6867327008927,2728.2506277901784,3346.2978637695314,3646.2111585828993,0.04749903653455085,0.05128724514282855,0.04059052368871272,0.04230861905445353,181.0947265625,14360040954.428572,16146224416.714285,16120429794.666666,18932128305.238888,0.12759156297770313,0.018339971876916827,-0.16478531813993602,-0.47136609616499503,1
2022-02-09,3239.45703125,3263.15576171875,3063.16015625,3121.1826171875,13951308490.0,0.037420119536786256,3122.608642578125,2682.85400390625,2468.0302734375,3083.097900390625,4730.38427734375,3322.211669921875,3034.2014508928573,2735.0902041480654,3332.214607747396,3645.751410590278,0.04074551440050996,0.05162349175673973,0.04045006096981454,0.04185089635621429,199.99560546875,14370756279.142857,16182599861.761906,16034093228.6,18877030762.105556,-0.18585185454422593,-0.034458537973546366,-0.20987901256600439,-0.5226242492171118,0
2022-02-10,3077.482177734375,3271.316162109375,3070.378173828125,3240.113037109375,18629485080.0,-0.05000061799033162,3239.45703125,2679.16259765625,2423.001220703125,3238.111572265625,4667.115234375,3265.443359375,3091.104248046875,2738.726492745536,3314.598425292969,3644.7071818033855,0.04973483804419285,0.052431222415960745,0.040847796197175094,0.04200083865116099,200.93798828125,15209896281.285715,16562769495.857143,16110291248.033333,18870189778.47778,0.33532170787802573,-0.06368850664958825,-0.16335692566507587,-0.5077569736763714,0
2022-02-11,2927.383544921875,3127.45068359375,2888.707763671875,3077.4130859375,16043881065.0,-0.04877319319619966,3077.482177734375,2983.5869140625,2547.092041015625,3372.25830078125,4651.46044921875,3310.504150390625,3083.0751953125,2756.3194405691966,3300.317704264323,3642.578733995226,0.03504481580068785,0.0415827753239487,0.039897830410498485,0.04214928046749989,238.742919921875,14789418757.857143,16050749933.52381,15977691909.35,18836176867.444443,-0.13879095444113043,-0.04838997134663314,-0.13952355698393815,-0.4739579784535555,0
2022-02-12,2917.36279296875,2980.079345703125,2870.177001953125,2927.386474609375,11254355757.0,-0.0034231086563658586,2927.383544921875,3014.648193359375,2597.084716796875,3248.28857421875,4626.35888671875,3156.509521484375,3069.1772809709823,2780.7090425037204,3286.5164103190104,3641.2501410590276,0.0346037634998267,0.03876888002747185,0.039887913434833236,0.042004546875005724,109.90234375,14525456157.857143,15283352967.857143,15767985172.683332,18770478621.933334,-0.29852660267149644,-0.05267141319005508,-0.11197330302360309,-0.4806838233977303,0
2022-02-13,2883.46337890625,2947.776611328125,2845.397705078125,2916.78955078125,9054963563.0,-0.011619882910758439,2917.36279296875,3057.47607421875,2603.466552734375,3310.00146484375,4557.50390625,3014.845947265625,3044.3183244977677,2797.3006766183034,3267.6009887695313,3640.520237901476,0.033684225629826134,0.037669134915277167,0.03862228295803365,0.041877008454330386,102.37890625,14466734092.285715,14929708875.095238,15478714751.516666,18679066993.144444,-0.1954258636823364,-0.08837113842691002,-0.0913185590042086,-0.4773070798886363,0
2022-02-14,2933.47900390625,2957.963623046875,2840.257568359375,2880.187744140625,12164552172.0,0.01734567720397817,2883.46337890625,3142.470703125,2688.27880859375,3330.53076171875,4216.365234375,3020.08984375,3014.4623674665177,2820.7829008556546,3250.451143391927,3640.0390665690106,0.03203181081385312,0.036330070711920334,0.03870755883599043,0.041895468815753796,117.7060546875,14033518147.571428,14165125423.857143,15351031766.816668,18626985347.294445,0.3434126031943703,-0.12260624375287643,-0.05502795132632521,-0.469273473579609,0
2022-02-15,3179.877197265625,3185.520751953125,2917.857177734375,2933.72900390625,13921257873.0,0.08399521286202116,2933.47900390625,3122.608642578125,2792.1171875,3350.921875,4287.59375,3182.7021484375,3022.6435895647323,2855.2563360305057,3238.790987141927,3640.023372395833,0.04777215286610347,0.039789182564854246,0.04027926391345189,0.0421684571658715,267.66357421875,13574257714.285715,14057576897.238094,15197327046.4,18595735166.81111,0.14441186787324,-0.16999960920636104,-0.11479144710116729,-0.4736444623965539,0
2022-02-16,3127.830078125,3181.616943359375,3055.168212890625,3180.44677734375,12352406833.0,-0.01636765067071777,3179.877197265625,3239.45703125,2682.85400390625,3212.304931640625,4000.65087890625,3286.935302734375,3006.6968819754466,2886.6753743489585,3224.9071533203123,3639.139454481337,0.0456996419601119,0.04027653600748528,0.0401988334955906,0.04211999626051881,126.44873046875,13345843191.857143,13634838682.619047,15077685562.133333,18548328427.95,-0.11269463250463563,-0.17183492886754437,-0.05834302247527079,-0.4756532209267982,0
2022-02-17,2881.48193359375,3154.615234375,2861.85205078125,3126.8583984375,15860206214.0,-0.07876007915331673,3127.830078125,3077.482177734375,2679.16259765625,3164.025146484375,4298.306640625,3226.083984375,2978.696847098214,2908.507789248512,3207.555310058594,3637.224998643663,0.051443604386795065,0.0444994572828008,0.04136234580474168,0.04251038652153486,292.76318359375,12950231925.285715,13622156941.238094,15072559239.083334,18535807475.65,0.28397699561098966,-0.09835730414190158,0.022479803093399253,-0.4118362133606721,0
2022-02-18,2785.7275390625,2937.30859375,2761.643310546875,2884.340576171875,15748173433.0,-0.03323095432766643,2881.48193359375,2927.383544921875,2983.5869140625,3095.825927734375,4409.93115234375,3242.115478515625,2958.460274832589,2919.871384393601,3188.420027669271,3634.6895100911456,0.04970818859386683,0.04432965726776084,0.04151896866262056,0.04258212303347999,175.665283203125,12907987977.857143,13673678183.238094,14975200618.383333,18534501336.61111,-0.007063765722106874,-0.007607310562174341,0.026826632685791996,-0.3926830839396548,0
2022-02-19,2763.701171875,2826.347900390625,2707.37841796875,2784.872802734375,9774183169.0,-0.00790686342387692,2785.7275390625,2917.36279296875,3014.648193359375,3001.1201171875,4269.73291015625,3319.25732421875,2936.508614676339,2927.8055013020835,3167.4773803710937,3631.6030870225695,0.04969820580238731,0.04428860662977468,0.04137049040473477,0.04254897693144077,118.969482421875,12696534751.0,13607112493.142857,14864961084.566668,18474851740.27778,-0.379344962729558,0.006299756539683399,0.04858535068532843,-0.39159986819927706,1
2022-02-20,2628.6484375,2763.756591796875,2585.9462890625,2763.756591796875,11641437834.0,-0.048866619788482835,2763.701171875,2883.46337890625,3057.47607421875,2557.931640625,4088.457763671875,3172.456298828125,2900.1064801897323,2929.004638671875,3144.9198608398438,3628.581932237413,0.052247620079213554,0.04576282079143848,0.04174752643443567,0.04257724650207479,177.810302734375,13066031075.428572,13709027572.047619,14826955778.483334,18427687345.433334,0.1910394590232587,-0.002604638790728364,0.13104934882172703,-0.352262118201785,0
2022-02-21,2573.816162109375,2752.45849609375,2568.25439453125,2627.66552734375,18646392740.0,-0.02085949365019457,2628.6484375,2933.47900390625,3142.470703125,2405.18115234375,4340.763671875,3224.915283203125,2848.72607421875,2923.5540364583335,3119.3498697916666,3624.9647148980034,0.05064576940419051,0.04542931945540137,0.04149436154702556,0.04258667060728279,184.2041015625,13992008299.428572,13940844625.666666,14837607761.783333,18426263259.35,0.601725921306844,0.1341917946006541,0.17765487034153948,-0.3558062143823517,1
2022-02-22,2639.29931640625,2648.916748046875,2510.6787109375,2572.898681640625,16360200507.0,0.02544204798341476,2573.816162109375,3179.877197265625,3122.608642578125,2535.0390625,4239.9814453125,3100.325439453125,2771.500662667411,2916.2769949776784,3095.8718098958334,3622.403458658854,0.03279061676467824,0.044941265610557696,0.04168996526588818,0.04253259810388114,138.238037109375,14340428675.714285,14091575781.47619,14897459593.183332,18420455105.961113,-0.12260774858054391,0.12624024450144633,0.1776087662352679,-0.3773985090517892,1
2022-02-23,2590.359619140625,2741.368408203125,2587.412841796875,2639.447021484375,13382637240.0,-0.01854268553832039,2639.29931640625,3127.830078125,3239.45703125,2440.352294921875,4274.7431640625,3270.600830078125,2694.719168526786,2911.8725004650296,3070.8231201171875,3618.6243408203127,0.032696590478057945,0.04430461695645051,0.04165602211390877,0.042354845811501424,153.95556640625,14487604448.142857,14068067973.047619,14938923788.433332,18392083079.494446,-0.18200041409798107,0.1388837234815501,0.1993204973406033,-0.36260824931836255,1
2022-02-24,2598.067138671875,2689.047607421875,2308.914794921875,2588.166259765625,29312342666.0,0.002975463126547284,2590.359619140625,2881.48193359375,3077.482177734375,2455.93505859375,4030.908935546875,3244.4033203125,2654.2313406808034,2908.010811941964,3046.3354370117186,3615.0335842556424,0.02426551339688616,0.04431173022380125,0.041674859269095935,0.0423517292748204,380.1328125,16409338227.0,14856488811.190475,15240842096.666666,18478764795.983334,1.190326326591813,0.0909914343436089,0.2098143686482674,-0.38093471681124125,1
2022-02-25,2764.53564453125,2821.972412109375,2579.2080078125,2598.436279296875,17208902048.0,0.0640739815309288,2598.067138671875,2785.7275390625,2927.383544921875,2468.0302734375,4096.912109375,3227.002685546875,2651.203927176339,2897.5797991071427,3025.1185709635415,3612.464322916667,0.03648995743453519,0.038919198476439994,0.04266079960152781,0.042621061855371296,242.764404296875,16618013743.428572,14771806826.380953,15337251130.766666,18500499881.077778,-0.41291277042960595,-0.05331081151491701,0.19064394891419978,-0.42308035704035263,0
2022-02-26,2781.11181640625,2849.424072265625,2745.009033203125,2764.989501953125,11724648351.0,0.005996005841990337,2764.53564453125,2763.701171875,2917.36279296875,2423.001220703125,4294.45361328125,3224.374267578125,2653.691162109375,2886.4590192522323,3008.122216796875,3610.0017537434896,0.03639953564438183,0.03885554824189851,0.042106293197704814,0.04262331321526577,104.4150390625,16896651626.571428,14706214178.47619,15244337389.9,18458376124.77778,-0.3186870191778083,-0.04181089053406273,0.19974842500075063,-0.4100139631235189,0
2022-02-27,2621.8017578125,2831.12548828125,2581.61572265625,2780.50439453125,16150857254.0,-0.05728286710874153,2781.11181640625,2628.6484375,2883.46337890625,2547.092041015625,4445.10498046875,3433.732666015625,2652.713065011161,2865.712623232887,2991.3433837890625,3605.4910264756945,0.03842176203897606,0.04036446844961826,0.04233105022121112,0.042557982234984186,249.509765625,17540854400.857143,15024539856.190475,15251475749.6,18396544759.594444,0.37751314755827936,-0.02546508487833954,0.29757628807419745,-0.3766399724366555,0
2022-02-28,2919.201171875,2929.180419921875,2586.38818359375,2621.172119140625,19266124733.0,0.1134332194172587,2621.8017578125,2573.816162109375,2933.47900390625,2597.084716796875,4631.47900390625,3834.828125,2702.053780691964,2855.080740792411,2978.0992024739585,3600.4042100694446,0.05574323104247863,0.04766942625667994,0.04485631647735548,0.042506649840642785,342.792236328125,17629387542.714287,15218304663.238094,15357154861.833334,18336518285.31111,0.19288558062318684,-0.14436481312109817,0.1596179090357419,-0.4498854148615946,0
2022-03-01,2972.485107421875,3029.651611328125,2868.93896484375,2919.77587890625,18757425786.0,0.018252916606172453,2919.201171875,2639.29931640625,3179.877197265625,2603.466552734375,4586.990234375,3790.989990234375,2749.6517508370534,2847.9320010230654,2966.2634073893228,3595.8569607204863,0.055680456185971505,0.04787062991423317,0.04493391706314982,0.04252201199243815,160.712646484375,17971848296.857143,15295511562.285715,15433823870.466667,18305240665.622223,-0.02640380222020855,-0.13313356821873534,0.10400648066219986,-0.44038955429349214,0
2022-03-02,2950.118408203125,3026.8681640625,2919.943115234375,2972.471923828125,16636517503.0,-0.0075245790678323266,2972.485107421875,2590.359619140625,3127.830078125,2688.27880859375,4511.30224609375,3940.61474609375,2801.0458635602677,2834.1539713541665,2952.6037638346356,3590.3542032877604,0.05460696617113212,0.04705200375093636,0.044805792279941206,0.04241972333749114,106.925048828125,18436688334.42857,15423378658.142857,15548162637.75,18252067067.894444,-0.11307032783693505,-0.0746868194594612,0.1692928109264682,-0.441609078687503,0
2022-03-03,2834.468994140625,2964.67333984375,2797.3193359375,2950.15673828125,13091199728.0,-0.03920161771843611,2950.118408203125,2598.067138671875,2881.48193359375,2792.1171875,4220.7060546875,3887.828369140625,2834.817557198661,2822.5819149925596,2936.018831380208,3584.5022067599825,0.058951219392940006,0.04657395041082259,0.04497460467773288,0.042506369599041915,167.35400390625,16119382200.428572,15159650784.238094,15601658107.416666,18209201714.56111,-0.21310456195899685,-0.07988106789112992,0.2154161267219552,-0.44639803582864235,0
2022-03-04,2617.156005859375,2835.17626953125,2587.748291015625,2834.9873046875,14496939024.0,-0.07666797157791327,2834.468994140625,2764.53564453125,2785.7275390625,2682.85400390625,4119.58740234375,3952.133544921875,2813.7633231026784,2807.8091750372023,2916.9484252929688,3577.085664876302,0.06288193572723458,0.04831310048650031,0.04591300513211807,0.042859613783785444,247.427978515625,15731958911.285715,15085986877.52381,15641927459.6,18187676550.383335,0.10738047888715241,-0.02200595510897474,0.34605407098648855,-0.4012875248218939,0
2022-03-05,2664.8310546875,2679.1025390625,2596.989990234375,2618.4736328125,8072368396.0,0.018216357267732075,2617.156005859375,2781.11181640625,2763.701171875,2679.16259765625,4198.32275390625,3928.37939453125,2797.151785714286,2795.7838541666665,2898.127998860677,3570.06595187717,0.06344222396831649,0.048561207386638626,0.0459775301785536,0.04288298550239539,82.112548828125,15210204632.0,14934463669.857143,15542618166.483334,18128774757.038887,-0.44316738984443427,-0.033802106943488064,0.32137502853832123,-0.4129200996633302,0
2022-03-06,2555.037353515625,2673.63720703125,2555.037353515625,2664.943603515625,8872976607.0,-0.04120099883208184,2664.8310546875,2621.8017578125,2628.6484375,2983.5869140625,4358.7373046875,3426.394287109375,2787.614013671875,2780.1445196242557,2881.5388387044272,3565.2250800238717,0.06146834816737815,0.0492420606290889,0.04556763864562921,0.041930554029170244,118.599853515625,14170507396.714285,14925797624.333334,15389478801.566668,17960672702.65,0.09917884959223566,-0.01412612359182841,0.33532000061535916,-0.38654568807616463,0
2022-03-07,2497.771240234375,2639.943115234375,2455.59375,2555.297607421875,14594098731.0,-0.02241302390450539,2555.037353515625,2919.201171875,2573.816162109375,3014.648193359375,4315.0615234375,3497.315185546875,2727.409737723214,2759.396530877976,2866.194889322917,3559.6720581054688,0.03439673170686758,0.049120117649585716,0.045427561932290104,0.04193047196174644,184.349365234375,13503075110.714285,15041490317.619047,15227817258.533333,17865426413.538887,0.6447804809365254,0.03720308857378818,0.26980879731549745,-0.37466927302670516,1
2022-03-08,2576.74755859375,2618.166015625,2489.755126953125,2497.721435546875,13922922903.0,0.031618715552175436,2497.771240234375,2972.485107421875,2639.29931640625,3057.47607421875,4439.35791015625,3427.340087890625,2670.875802176339,2730.676071893601,2855.9205078125,3554.9465440538193,0.03722620590950286,0.04549122836641347,0.04492470198841823,0.041976210933213506,128.410888671875,12812431841.714285,15041569604.761906,15051629653.433332,17808786786.16111,-0.04598953593306343,0.016843753073374934,0.2547890643845887,-0.404641618182745,1
2022-03-09,2729.783447265625,2761.79638671875,2573.6552734375,2577.165283203125,14173665398.0,0.0593911064983772,2576.74755859375,2950.118408203125,2590.359619140625,3142.470703125,4119.81591796875,3211.505859375,2639.3993791852677,2711.7214704241073,2849.8840209960936,3552.2703084309896,0.0479032617150285,0.04782126699263775,0.045459527197653,0.0419529658491872,188.14111328125,12460595826.714285,15128296203.095238,15020561865.066668,17763329515.61111,0.01800932869821259,0.015485556863207739,0.16935062296125292,-0.4729762289229781,1
2022-03-10,2608.048583984375,2729.116455078125,2566.193115234375,2729.116455078125,13292477213.0,-0.04459506244101141,2729.783447265625,2834.468994140625,2598.067138671875,3122.608642578125,3908.49609375,3270.278076171875,2607.0536063058034,2698.7008347284227,2840.722306315104,3548.5912556966146,0.04849031941057833,0.04573583222631108,0.04570592034029246,0.04206126907717932,162.92333984375,12489349753.142857,15006023393.52381,15036525087.566668,17733692594.93889,-0.06217080481696302,0.07929526676500132,0.2507114628908951,-0.4520201464685407,1
2022-03-11,2559.56298828125,2664.55859375,2534.688232421875,2608.271240234375,12382419582.0,-0.018590756322895086,2608.048583984375,2617.156005859375,2764.53564453125,3239.45703125,4084.452392578125,3410.134521484375,2598.8260323660716,2687.9310942150296,2831.9967244466147,3543.8658582899307,0.03947354610028118,0.04537424445667986,0.04567030454665933,0.041958198056749316,129.870361328125,12187275547.142857,14845749400.619047,14917303011.516666,17709092640.261112,-0.06846411067080604,0.15072105318882056,0.2548497372655587,-0.42075397010865156,1
2022-03-12,2574.754150390625,2606.438720703125,2559.126953125,2559.66064453125,6532996574.0,0.005935060859578956,2559.56298828125,2664.8310546875,2781.11181640625,3077.482177734375,4134.453125,3285.51171875,2585.9579031808034,2678.933617001488,2820.9407674153645,3539.9172051323785,0.03866338101697347,0.045400840790531846,0.04516489369579139,0.041874926914852124,47.311767578125,11967365286.857143,14691407181.809525,14772662167.866667,17619156215.961113,-0.472397415485997,0.14428675826433301,0.15780073435030073,-0.38235152722883037,1
2022-03-13,2518.944580078125,2594.5498046875,2503.88525390625,2573.488037109375,8632000379.0,-0.021675689037740864,2574.754150390625,2555.037353515625,2621.8017578125,2927.383544921875,3784.226806640625,3429.169677734375,2580.8017926897323,2673.7096237909227,2806.7188720703125,3534.860399034288,0.036179053585885065,0.044385782243708,0.04485107333364687,0.04177284747145541,90.66455078125,11932940111.428572,14548100636.333334,14638814312.7,17560859435.577778,0.321292653566299,0.13557846851355015,0.20303419488084296,-0.3329313501971438,1
2022-03-14,2590.696044921875,2604.034423828125,2505.29931640625,2518.486328125,11244398839.0,0.02848473341224711,2518.944580078125,2497.771240234375,2919.201171875,2917.36279296875,3745.4404296875,3615.28271484375,2594.0767647879466,2674.513427734375,2795.758996582031,3529.1682508680556,0.03638386271216223,0.04459337962423125,0.044830697918066736,0.04162672626247863,98.735107421875,11454411555.428572,14195624736.285715,14571313188.766666,17525836363.55,0.30264114287523247,0.1186092510468133,0.20367043613380997,-0.3424519702273695,1
2022-03-15,2620.149658203125,2662.32958984375,2515.765869140625,2590.6689453125,12861105614.0,0.011368996119395458,2590.696044921875,2576.74755859375,2972.485107421875,2883.46337890625,4018.388671875,3571.294921875,2600.2770647321427,2673.601539248512,2784.261466471354,3523.884110514323,0.03475715080827606,0.04431643579664402,0.04477870046840982,0.04162837240805933,146.563720703125,11302723371.285715,14029001169.952381,14559615661.833334,17485654155.494446,0.14377885364512544,0.13471804719527802,0.1525713481187756,-0.36790612825987157,1
2022-03-16,2772.0556640625,2781.30712890625,2610.764404296875,2620.028564453125,17915109769.0,0.057976079871540964,2620.149658203125,2729.783447265625,2950.118408203125,2933.47900390625,3962.4697265625,3398.538818359375,2606.3159528459823,2682.253731863839,2774.953548177083,3520.403648546007,0.03437588313080961,0.04578738094523667,0.045450795873414246,0.04170481210587813,170.542724609375,11837215424.285715,14244833195.142857,14697867506.683332,17486724969.605556,0.3929680936216282,0.09343660661914299,0.09698969733159313,-0.3949560696614687,1
2022-03-17,2814.8544921875,2826.16064453125,2751.560791015625,2771.964111328125,12685265194.0,0.015439382650158429,2772.0556640625,2608.048583984375,2834.468994140625,3179.877197265625,3879.486572265625,3432.018310546875,2635.8596540178573,2692.5769391741073,2766.019091796875,3516.9749606662326,0.027388388472753083,0.04585121178064306,0.04549502447501628,0.04171446295892177,74.599853515625,11750470850.142857,13453067601.238094,14750856345.35,17468336330.5,-0.2919236690388375,0.10416436101583004,0.08791069351317349,-0.36320505646141377,1
2022-03-18,2945.343017578125,2973.6162109375,2774.855712890625,2814.4345703125,15830879093.0,0.04635711215367966,2814.8544921875,2559.56298828125,2617.156005859375,3127.830078125,3960.860107421875,3329.447998046875,2690.9710867745534,2701.186814081101,2761.5697265625,3514.8410441080728,0.026572833268533956,0.044858504719133656,0.04561388373295268,0.041798685099343265,198.760498046875,12243107923.142857,13387447460.52381,14808965836.616667,17477076715.77778,0.24797383822041374,0.05477405116409195,0.016317387294975783,-0.40188302094018424,1
2022-03-19,2946.257080078125,2979.987060546875,2910.80224609375,2944.7216796875,11576463120.0,0.00031034161201071164,2945.343017578125,2574.754150390625,2664.8310546875,2881.48193359375,3922.592529296875,2958.993408203125,2744.0429338727677,2709.0508742559523,2757.9402587890627,3514.7702867296007,0.027167007652094035,0.044862807150382815,0.04557355530877785,0.040955388577820544,69.184814453125,12963603144.0,13380391020.952381,14784837653.766666,17389325485.43889,-0.2687416123897498,0.06683798108845895,0.037793582280351234,-0.39395087069639223,1
2022-03-20,2860.459228515625,2956.965576171875,2826.107421875,2946.547607421875,12684727326.0,-0.029120965764543816,2946.257080078125,2518.944580078125,2555.037353515625,2785.7275390625,3933.844482421875,2764.43115234375,2792.830740792411,2720.4155157180057,2754.01748046875,3515.303776041667,0.02913378863305311,0.043344061037002106,0.045644173938949456,0.040713079108239264,130.858154296875,13542564136.428572,13215337214.857143,14776459373.466667,17290879178.0,0.09573426654686212,0.15071650170900863,0.08517765761804297,-0.39334171528709105,1
2022-03-21,2897.9765625,2954.556640625,2838.25048828125,2860.103271484375,15206116098.0,0.013115842942408973,2860.459228515625,2590.696044921875,2497.771240234375,2763.701171875,4020.260009765625,3077.867919921875,2836.727957589286,2719.4048200334823,2752.2984212239585,3514.3043796115453,0.02885017079145008,0.03564450745613831,0.04550086382452565,0.039843712581802145,116.30615234375,14108523744.857143,13022003470.333334,14852462595.7,17243457030.516666,0.19877358867871653,0.15136697951965417,0.0620326918566565,-0.3765440460881919,1
2022-03-22,2973.131103515625,3040.3828125,2892.54443359375,2897.774169921875,16830539230.0,0.025933453702879916,2897.9765625,2620.149658203125,2576.74755859375,2628.6484375,3982.099609375,3155.523681640625,2887.153878348214,2719.4355817522323,2759.2184122721355,3513.2910875108505,0.028944127362982026,0.035876997257704504,0.041243022621255385,0.03984618914658904,147.83837890625,14675585690.0,12930246967.666666,14686366718.3,17234091742.644444,0.10682695841140233,0.14424412329009528,0.004826430075024923,-0.4155262648993734,1
2022-03-23,3031.067138671875,3036.752197265625,2933.306640625,2973.14501953125,16008767658.0,0.019486538985025836,2973.131103515625,2772.0556640625,2729.783447265625,2573.816162109375,4108.015625,2931.669189453125,2924.155517578125,2723.290283203125,2769.6498453776044,3513.843298339844,0.023320858530769175,0.03605391566668801,0.04045062014001989,0.03950956740805844,103.445556640625,14403251102.714285,12900354117.904762,14497017978.666666,17180832547.47222,-0.04882621767312201,0.11682051373749913,-0.02185086713107931,-0.4007374075642933,1
2022-03-24,3108.06201171875,3118.3876953125,3012.32666015625,3031.060791015625,18070503166.0,0.02540190286930155,3031.067138671875,2814.8544921875,2608.048583984375,2639.29931640625,4047.98291015625,2925.565673828125,2966.042306082589,2736.3185221354165,2779.200227864583,3514.8571668836807,0.023788538662505163,0.03511431538812303,0.04002578587266117,0.039550818709688164,106.06103515625,15172570813.0,13137463805.428572,14523501539.583334,17176042083.094444,0.12878789623570408,0.05584856733630139,-0.05467973206650856,-0.436290269242147,1
2022-03-25,3106.67138671875,3183.9580078125,3087.49072265625,3108.448974609375,17030503831.0,-0.0004474251140281771,3108.06201171875,2945.343017578125,2559.56298828125,2590.359619140625,4093.281005859375,3062.265380859375,2989.0892159598216,2759.6287783668154,2790.305546061198,3515.1038669162326,0.019539508340037513,0.02978702291905244,0.03965863943570614,0.03940292134224265,96.46728515625,15343945775.571428,13258109748.619047,14336996525.966667,17153029513.766666,-0.05755231746710732,0.11036920764804448,-0.059207652759631024,-0.4387031798848968,1
2022-03-26,3143.178955078125,3146.825439453125,3091.825439453125,3106.4052734375,8876420740.0,0.011751345351635134,3106.67138671875,2946.257080078125,2574.754150390625,2598.067138671875,4067.328125,2934.138916015625,3017.2209123883927,2782.407249813988,2801.7596110026043,3516.2652004665797,0.01928433069458052,0.02971619273383511,0.0396683365075514,0.03928080043123512,55.0,14958225435.571428,13296397955.47619,14215273922.766666,17095875997.427778,-0.47879282797009337,0.09604301104333612,-0.042563723638605166,-0.4350697866108725,1
2022-03-27,3291.57763671875,3291.57763671875,3129.997802734375,3143.795654296875,13431866834.0,0.047212927981994834,3143.178955078125,2860.459228515625,2518.944580078125,2764.53564453125,4037.547607421875,2807.296630859375,3078.809256417411,2817.4805966331846,2815.485400390625,3518.955650499132,0.01493241396541563,0.028592622564012887,0.040042977708918265,0.039288373051942604,161.579833984375,15064959651.0,13513487966.285715,14085306547.666666,17076635929.45,0.5132075447338473,0.07025684486224981,-0.14682299803104837,-0.47883325117624576,1
2022-03-28,3336.634521484375,3424.019287109375,3279.027099609375,3292.322509765625,20620450770.0,0.013688537758611341,3291.57763671875,2897.9765625,2590.696044921875,2781.11181640625,3800.89306640625,2853.143310546875,3141.474679129464,2857.426467168899,2830.7126220703126,3521.6417127821182,0.014887670330187418,0.02744966005727106,0.039932893264421364,0.03928335109718829,144.9921875,15838436032.714285,13800457111.0,14160205347.45,17103619232.85,0.5351887436676772,0.05532721317376965,-0.13417856558805963,-0.4686904924358969,1
2022-03-29,3401.98779296875,3470.186279296875,3335.021240234375,3335.021240234375,19533323636.0,0.0195865837458582,3336.634521484375,2973.131103515625,2620.149658203125,2621.8017578125,3628.53173828125,3001.678955078125,3202.739920479911,2896.7236211867557,2844.9608846028646,3523.8656507703995,0.014688750649833271,0.027193153120137706,0.03953432939011531,0.039124745739389816,135.1650390625,16224548090.714285,14067619050.666666,14241323618.866667,17114020669.166666,-0.05272082294057434,0.0028820466435135472,-0.13669857251138928,-0.47295465469909237,1
2022-03-30,3385.157958984375,3435.2861328125,3349.237060546875,3401.526123046875,15302506131.0,-0.004947058898670642,3401.98779296875,3031.067138671875,2772.0556640625,2919.201171875,3713.85205078125,3307.51611328125,3253.3243233816966,2927.931931268601,2858.0954386393228,3524.296994357639,0.017359860429118707,0.025345655661449425,0.03951376972174728,0.038396270465254526,86.049072265625,16123653586.857143,14121373371.285715,14310164343.366667,17075103338.933332,-0.21659486034432895,-0.0630594102371429,-0.16825098244887515,-0.4704125466703333,0
2022-03-31,3281.642822265625,3435.12841796875,3272.9345703125,3385.289306640625,17685495686.0,-0.030579115649246424,3385.157958984375,3108.06201171875,2814.8544921875,2972.485107421875,3682.6328125,3391.6943359375,3278.12158203125,2960.0078473772323,2869.3983764648438,3523.685597059462,0.02396406370178977,0.023966455000384856,0.03978168056469599,0.03842295171838353,162.19384765625,16068652518.285715,14330564727.142857,14446568918.516666,17066674583.277779,0.1557254435711357,-0.014739009295687722,-0.16804268000951372,-0.44478354488662775,0
2022-04-01,3449.55224609375,3467.555908203125,3223.891357421875,3282.576171875,20982988937.0,0.051166270347545506,3281.642822265625,3106.67138671875,2945.343017578125,2950.118408203125,3769.697021484375,3418.358642578125,3327.104561941964,3002.3882882254466,2882.0862670898437,3523.858894856771,0.0284404018009641,0.024449981752394375,0.04007430638373145,0.0386041092728826,243.66455078125,16633293247.714285,14740115648.809525,14566648157.233334,17097043594.805555,0.18645184220707622,-0.07464107023627242,-0.18025416002388217,-0.4741750620657714,0
2022-04-02,3445.059326171875,3521.28466796875,3442.000244140625,3449.78857421875,23571556215.0,-0.0013024646682661123,3449.55224609375,3143.178955078125,2946.257080078125,2834.468994140625,3829.56494140625,3380.089111328125,3370.2303292410716,3043.8313918340773,2892.9686360677083,3524.2198404947917,0.029139754372475336,0.024628477477102402,0.03983631095151879,0.0385939847377564,79.284423828125,18732598315.57143,15551475631.714285,14739593323.566668,17129401384.327778,0.12336504040353824,-0.05316107766705924,-0.17057730220113254,-0.47875843059045653,0
2022-04-03,3522.83349609375,3573.960205078125,3421.259765625,3444.810546875,15333808649.0,0.022575567663241758,3445.059326171875,3291.57763671875,2860.459228515625,2617.156005859375,3761.38037109375,3518.5185546875,3403.2668805803573,3091.6356259300596,2906.968294270833,3524.243812391493,0.025677923244503142,0.023256000795915353,0.03949164124031301,0.038511514114461416,152.700439453125,19004304289.142857,15870609358.857143,14763885114.1,17122185923.1,-0.3494783072811215,-0.08827171453864802,-0.20987570901497388,-0.48612470014607545,0
2022-04-04,3521.2412109375,3535.148193359375,3422.0009765625,3522.364990234375,18209969743.0,-0.0004519898990444915,3522.83349609375,3336.634521484375,2897.9765625,2664.8310546875,3794.056640625,3580.56201171875,3429.6392647879466,3135.9473005022323,2921.002937825521,3523.914252387153,0.025897133514410402,0.02335841687403023,0.03948917141706422,0.038490800070027864,113.147216796875,18659949856.714287,16202303211.428572,14854792858.733334,17101934496.166666,0.18756990907067106,-0.15340867963428428,-0.1648840283203139,-0.4686518148369091,0
2022-04-05,3411.79248046875,3546.706787109375,3410.547607421875,3521.23974609375,16681503199.0,-0.031082429152761826,3521.2412109375,3401.98779296875,2973.131103515625,2555.037353515625,3550.386962890625,3587.974853515625,3431.0399344308034,3173.644577752976,2928.139697265625,3522.9354614257813,0.029014606248581234,0.02543125081285122,0.037109699966002496,0.038563203023418986,136.1591796875,18252546937.142857,16384226905.952381,14816364183.233334,17088552164.344444,-0.08393569926647182,-0.11179343931627306,-0.1942027100112761,-0.44043665474941796,0
2022-04-06,3171.69189453125,3411.672119140625,3171.205078125,3411.672119140625,25632563639.0,-0.07037373677091652,3411.79248046875,3385.157958984375,3031.067138671875,2497.771240234375,3418.408203125,3563.75927734375,3400.5447823660716,3192.674874441964,2930.7570922851564,3520.757309299045,0.03972425702238258,0.029212565001364443,0.03828000520183788,0.038919621970743674,240.467041015625,19728269438.285713,16751724709.285715,15025205344.6,17140832909.627777,0.536585961901598,-0.016819936495718224,-0.1503021649186953,-0.4094878475897239,0
2022-04-07,3233.274658203125,3263.474609375,3155.5810546875,3172.197265625,16745496605.0,0.019416376407197067,3171.69189453125,3281.642822265625,3108.06201171875,2576.74755859375,3193.21044921875,3575.716796875,3393.6350446428573,3212.5996442522323,2933.6870686848956,3518.85485297309,0.03960362830460555,0.02928387887441752,0.038315061219800856,0.03894550755022598,107.8935546875,19593983855.285713,16945069062.190475,15146529987.65,17163268796.644444,-0.34671003490568963,-0.06599044526999032,-0.18469870448830983,-0.4229886707381505,0
2022-04-08,3192.073974609375,3301.607421875,3179.142333984375,3233.2724609375,17557050669.0,-0.012742710703286475,3233.274658203125,3449.55224609375,3106.67138671875,2729.783447265625,3091.97265625,3425.852783203125,3356.8524344308034,3224.3487374441966,2934.513789876302,3517.556081814236,0.03211448271843592,0.028132993856236587,0.038203431892941016,0.038829824010436415,122.465087890625,19104564102.714287,17027267708.666666,15185863102.383333,17170964929.844444,0.04846401890271079,-0.04735399990898481,-0.21134034456530093,-0.42059670807859584,0
2022-04-09,3261.916259765625,3261.963134765625,3187.46923828125,3191.97607421875,9908112156.0,0.02187990808226714,3192.073974609375,3445.059326171875,3143.178955078125,2608.048583984375,3157.75146484375,3545.35400390625,3330.689139229911,3239.380126953125,2936.835583496094,3515.9814276801217,0.03434672516459269,0.028375856664906607,0.03828553968911488,0.0387773036666151,74.493896484375,17152643522.857143,16947822424.666666,15065396956.55,17122792277.444445,-0.4356619262086837,-0.06119285142089825,-0.3116222977216424,-0.42997070761209144,0
2022-04-10,3211.866943359375,3303.003173828125,3211.866943359375,3261.29150390625,10427054790.0,-0.015343531967263346,3261.916259765625,3522.83349609375,3291.57763671875,2559.56298828125,3083.097900390625,3492.5732421875,3286.2653459821427,3256.1138276599704,2936.3757486979166,3514.4219482421877,0.031750074292612014,0.02769258438589438,0.038050459185645265,0.03877831603929665,91.13623046875,16451678685.857143,16840314208.666666,15006659394.883333,17080111590.483334,0.0523755308609164,-0.0680176442235737,-0.27035863326362264,-0.4049543292935204,0
2022-04-11,2981.05224609375,3214.4619140625,2962.756591796875,3209.576904296875,21891804831.0,-0.07186309437345806,3211.866943359375,3521.2412109375,3336.634521484375,2574.754150390625,3238.111572265625,3606.20166015625,3209.0954938616073,3260.0698125930057,2934.768583170573,3510.9488959418404,0.038022523710474675,0.03239529321066339,0.038642957985749606,0.03907288857041164,251.705322265625,16977655127.0,17158680338.809525,15061031390.733334,17111670086.272223,1.0995194972980475,0.025680342724515803,-0.3049069685734853,-0.3652611423549944,1
2022-04-12,3030.37646484375,3077.45263671875,2957.872314453125,2981.420654296875,20235707410.0,0.016545908853034197,2981.05224609375,3411.79248046875,3401.98779296875,2518.944580078125,3372.25830078125,3786.01416015625,3154.607491629464,3262.7957821800596,2936.4851318359374,3506.7509087456597,0.04048999824918013,0.03210993969454899,0.038156894379502315,0.03891255110082364,119.580322265625,17485398585.714287,17320831204.52381,15130895163.15,17116071239.055555,-0.07564919538542914,0.024330303948737697,-0.3526541798208279,-0.3661902568249774,1
2022-04-13,3118.34423828125,3123.575439453125,3006.481689453125,3029.8779296875,16088473629.0,0.0290286617712483,3030.37646484375,3171.69189453125,3385.157958984375,2590.696044921875,3248.28857421875,3862.634765625,3146.986397879464,3266.951834542411,2939.834822591146,3502.6159613715276,0.03537849180724564,0.032444326733453065,0.038318612213964744,0.038944201362456556,117.09375,16121957155.714285,17324626726.95238,15211463794.35,17088969195.26111,-0.2049463207276132,-0.013019213265002327,-0.3540103147813727,-0.3545822751550999,0
2022-04-14,3019.909423828125,3139.9287109375,2988.435302734375,3117.82177734375,15821419931.0,-0.03156637206525337,3118.34423828125,3233.274658203125,3281.642822265625,2620.149658203125,3310.00146484375,3830.382080078125,3116.5056501116073,3262.7540922619046,2942.108923339844,3498.113335503472,0.03551393734599733,0.03275787972101382,0.03852326194907814,0.03900896879166124,151.493408203125,15989946202.285715,17217527525.285713,15324238067.15,17084765441.383333,-0.0165990698781161,-0.010738305818587257,-0.31909417230975845,-0.3040733336356888,0
2022-04-15,3040.91650390625,3044.287353515625,3001.123291015625,3020.134521484375,11256651536.0,0.0069561954118133595,3019.909423828125,3192.073974609375,3449.55224609375,2772.0556640625,3330.53076171875,3847.1044921875,3094.9117257254466,3259.6229073660716,2943.899548339844,3493.634513346354,0.035959626368144634,0.03280223818827161,0.03847414054721864,0.039011273694034385,43.1640625,15089889183.285715,16942582177.904762,15309106389.883333,17058924114.661112,-0.2885182502523641,-0.02501903963793295,-0.29438812793673264,-0.3118960043174175,0
2022-04-16,3062.310302734375,3074.886962890625,3016.421142578125,3041.123291015625,8766710365.0,0.007035312808044258,3040.91650390625,3261.916259765625,3445.059326171875,2814.8544921875,3350.921875,3748.76025390625,3066.3965890066966,3255.772019159226,2941.9401000976563,3489.8209025065103,0.0344230998822231,0.03273025209109468,0.03692292762043631,0.038970126583164934,58.4658203125,14926831784.571428,16937357874.333334,15223197264.75,17011038038.033333,-0.22119732169348016,-0.040556402449354545,-0.3394771423580687,-0.3077103069920706,0
2022-04-17,2993.4033203125,3075.77587890625,2989.0439453125,3061.8818359375,10463091281.0,-0.022501632953508044,3062.310302734375,3211.866943359375,3522.83349609375,2945.343017578125,3212.304931640625,3877.65087890625,3035.1875,3241.5732421875,2939.6996541341146,3484.9084160698785,0.03476633969706278,0.031121182851018406,0.03697758579838112,0.03891739502387228,86.73193359375,14931979854.714285,16795987609.904762,15191708672.216667,16980284338.855556,0.1935025620069062,-0.0236087979916777,-0.3016613680146285,-0.30639386084962217,0
2022-04-18,3057.606689453125,3062.52099609375,2893.912841796875,2993.48388671875,18629381299.0,0.021448285536718847,2993.4033203125,2981.05224609375,3521.2412109375,2946.257080078125,3164.025146484375,4155.9921875,3046.123849051339,3228.286202566964,2942.6350667317706,3478.8062744140625,0.022632474453523163,0.03138715541401185,0.03560010336698332,0.03857314845220579,168.608154296875,14465919350.142857,16701174777.952381,15237861590.3,16970790235.027779,0.7804854032793562,-0.015768259185176103,-0.3731515127367493,-0.3117043598920054,0
2022-04-19,3104.1064453125,3125.084228515625,3035.53515625,3057.5703125,14156035096.0,0.015207893160284813,3057.606689453125,3030.37646484375,3411.79248046875,2860.459228515625,3095.825927734375,4054.32275390625,3056.6567034040177,3214.1013764880954,2947.9413818359376,3473.527294921875,0.022512707107505508,0.03123911400155726,0.03534492222217241,0.03855143258975085,89.549072265625,13597394733.857143,16445113418.904762,15211325951.35,16892653419.894444,-0.240123175923192,-0.09529573507875311,-0.3497851258649628,-0.37618007742390136,0
2022-04-20,3077.745849609375,3157.8857421875,3045.288330078125,3103.93505859375,15547362265.0,-0.00849216873439762,3104.1064453125,3118.34423828125,3171.69189453125,2897.9765625,3001.1201171875,3970.181884765625,3050.85693359375,3199.4627046130954,2953.175459798177,3468.569316948785,0.019764433675104828,0.03125473983746507,0.03534790069526336,0.03852669547216751,112.597412109375,13520093110.428572,16456773234.809525,15307545602.95,16871066888.211111,0.09828508897898547,-0.061348847934711515,-0.3627428092943238,-0.36866208218699525,0
2022-04-21,2987.480712890625,3173.451416015625,2962.410400390625,3077.829345703125,20783591093.0,-0.029328327006015287,3077.745849609375,3019.909423828125,3233.274658203125,2973.131103515625,2557.931640625,4171.66357421875,3046.2242606026784,3185.4549851190477,2959.155997721354,3461.9905232747396,0.019211167494514063,0.03120280376854069,0.034955351887669045,0.03839172273158042,211.041015625,14228974705.0,16604301587.52381,15459914823.933332,16904411628.772223,0.3367921026570355,-0.016917195382651906,-0.3390691019268969,-0.3807491810918955,0
2022-04-22,2964.835693359375,3024.8544921875,2942.358642578125,2986.938720703125,16782795477.0,-0.007579971791462747,2987.480712890625,3040.91650390625,3192.073974609375,3031.067138671875,2405.18115234375,4087.903076171875,3035.3555733816966,3162.373244512649,2965.672989908854,3455.7512600368923,0.018943404829133724,0.02852949759242661,0.03484530452669313,0.038368530435459784,82.495849609375,15018423839.428572,16404292375.142857,15428854869.55,16914437805.655556,-0.1924978026221602,-0.05033462294487456,-0.3108656339398814,-0.36784738463139766,0
2022-04-23,2938.114013671875,2975.32275390625,2926.740234375,2964.80224609375,9116955609.0,-0.00901287034129783,2964.835693359375,3062.310302734375,3261.916259765625,3108.06201171875,2535.0390625,4217.876953125,3017.6132463727677,3138.2329915364585,2970.6532348632813,3448.6414659288193,0.01842574888036213,0.028504984374349767,0.034752218787392555,0.03829388516722808,48.58251953125,15068458874.285715,15715978060.571428,15308134121.25,16876222408.816668,-0.456767758297815,-0.07076895080524637,-0.32875923957051867,-0.366239021680558,0
2022-04-24,2922.732666015625,2961.882080078125,2922.128662109375,2937.34716796875,9696829579.0,-0.005235109183876596,2938.114013671875,2993.4033203125,3211.866943359375,3106.67138671875,2440.352294921875,4131.10205078125,3007.5174386160716,3109.656761532738,2976.1927856445313,3441.9283026801213,0.016902417010340044,0.027689040290614215,0.0346587601391674,0.038267755035593654,39.75341796875,14958992916.857143,15447550485.809525,15246703993.566668,16834773047.8,0.0636039040738079,-0.032495809009270626,-0.3228998289522804,-0.36950872458644113,0
2022-04-25,3009.3935546875,3018.41552734375,2804.507080078125,2922.990234375,22332690614.0,0.029650638144067543,2922.732666015625,3057.606689453125,2981.05224609375,3143.178955078125,2455.93505859375,3930.25732421875,3000.6298479352677,3085.2830636160716,2983.0482259114583,3436.8123928493924,0.0190506055139421,0.02887900126233875,0.03483427074865965,0.038170359200859046,213.908447265625,15488037104.714285,15643870527.285715,15130376459.366667,16813179493.411112,1.3030919984780316,-0.05050291745994562,-0.35374757554389424,-0.379691081214128,0
2022-04-26,2808.29833984375,3026.4150390625,2786.253173828125,3008.9462890625,19052045399.0,-0.06682250466394446,3009.3935546875,3104.1064453125,3030.37646484375,3291.57763671875,2468.0302734375,4287.31884765625,2958.3715471540177,3056.5452473958335,2983.7776041666666,3428.595612250434,0.02916505257518731,0.0313166357902092,0.03504574324287591,0.03786441680053519,240.161865234375,16187467148.0,15756753489.190475,15161095515.216667,16774812220.211111,-0.14689878938919332,-0.008838812149052577,-0.35764897038022947,-0.3353397740895905,0
2022-04-27,2888.9296875,2911.87744140625,2802.2734375,2808.64599609375,17419284041.0,0.028711816872254436,2808.29833984375,3077.745849609375,3118.34423828125,3336.634521484375,2423.001220703125,4414.74658203125,2931.3978097098216,3043.0803803943454,2985.574568684896,3420.1188517252604,0.03338485517077292,0.028941730896985037,0.035224352165258065,0.037859818646155584,109.60400390625,16454884544.571428,15365644936.904762,15256006110.05,16743988009.805555,-0.08570005602053099,0.017901123767182447,-0.40291975293618154,-0.3392755852756887,1
2022-04-28,2936.94091796875,2973.135009765625,2861.821533203125,2888.849853515625,18443524633.0,0.01661903738138304,2888.9296875,2987.480712890625,3019.909423828125,3401.98779296875,2547.092041015625,4325.650390625,2924.1778390066966,3028.9692499069943,2990.8268880208334,3412.4037990993925,0.03312695520386035,0.028834666071234697,0.03442617302214024,0.03785846728970876,111.3134765625,16120589336.0,15446503414.428572,15294217233.033333,16765254865.4,0.05879923592664493,-0.06391949598119984,-0.401437815209178,-0.35561767490654383,0
2022-04-29,2815.601806640625,2943.44580078125,2782.435302734375,2936.776611328125,18771041399.0,-0.041314794787239206,2936.94091796875,2964.835693359375,3040.91650390625,3385.157958984375,2597.084716796875,4288.07421875,2902.858712332589,3011.0420038132443,2989.100231933594,3404.223396809896,0.03637650747012211,0.029913691902832506,0.03165797925331014,0.03797134950050323,161.010498046875,16404624467.714285,15504312496.809525,15285965844.133333,16772326427.405556,0.01775781866628634,-0.042840599841927784,-0.3564320772966967,-0.3220216766144629,0
2022-04-30,2730.186767578125,2836.82763671875,2727.40625,2815.533447265625,13520941867.0,-0.030336334797430475,2815.601806640625,2938.114013671875,3062.310302734375,3281.642822265625,2603.466552734375,4324.626953125,2873.1548200334823,2985.7215518043154,2985.0619262695313,3395.36539577908,0.03747177541248211,0.02969137724997875,0.0318015968114897,0.03802383728341547,109.42138671875,17033765361.714285,15676352006.857143,15198691112.15,16747524502.994444,-0.2796914364207673,-0.03446421728996507,-0.26875285314246955,-0.3125289673602737,0
2022-05-01,2827.756103515625,2838.704345703125,2728.078857421875,2729.994140625,15332730152.0,0.03573723860073175,2730.186767578125,2922.732666015625,2993.4033203125,3449.55224609375,2688.27880859375,4584.798828125,2859.586739676339,2967.4305594308034,2983.0225545247395,3385.604047309028,0.04131036229121152,0.03111853563621647,0.032137815275958145,0.03784455654452731,110.62548828125,17838894015.0,15909955595.52381,15176961322.966667,16717181624.827778,0.13399867426558187,-0.1097322863850766,-0.31312039234399447,-0.3521524604944585,0
2022-05-02,2857.410400390625,2874.14599609375,2785.52294921875,2827.614013671875,18609741545.0,0.010486865128902734,2827.756103515625,3009.3935546875,3057.606689453125,3445.059326171875,2792.1171875,4607.19384765625,2837.8748604910716,2961.5428524925596,2983.404911295573,3375.883028157552,0.03929728084244283,0.027302472073060538,0.03175346656773494,0.037852522343725124,88.623046875,17307044148.0,15753666867.619047,15268937019.916666,16702677615.883333,0.21372654188220652,-0.21417293798086856,-0.36181049257460274,-0.34528505027318546,0
2022-05-03,2783.476318359375,2859.193359375,2762.11865234375,2857.15234375,13026093219.0,-0.02587450581867512,2857.410400390625,2808.29833984375,3104.1064453125,3522.83349609375,2682.85400390625,4537.32421875,2834.328857421875,2949.7857026599704,2986.1769165039063,3366.1394287109374,0.03103570043929994,0.027457322984526234,0.03030147701478598,0.03788184329244301,97.07470703125,16446193836.571428,15410351906.142857,15244422923.166666,16672737886.744444,-0.30003900443744713,-0.15806325677330446,-0.34105761899336373,-0.31572909641588687,0
2022-05-04,2940.644775390625,2956.686767578125,2779.273681640625,2783.131103515625,18186749944.0,0.05646480841047263,2783.476318359375,2888.9296875,3077.745849609375,3521.2412109375,2679.16259765625,4486.2431640625,2841.716727120536,2941.3238234747023,2990.7738118489583,3357.552770996094,0.03669810569245917,0.029655972324489344,0.031052510354580516,0.0381248222106875,177.4130859375,16555831822.714285,15510269825.904762,15412995948.966667,16689964255.4,0.39617839656426,-0.2953556784828343,-0.3963641483880165,-0.36146517346248586,0
2022-05-05,2749.213134765625,2948.960693359375,2704.916259765625,2940.2265625,22642925048.0,-0.0650985260875554,2940.644775390625,2936.94091796875,2987.480712890625,3411.79248046875,2983.5869140625,4521.5810546875,2814.8984723772323,2928.433523995536,2994.010074869792,3347.7062825520834,0.043963500916762675,0.03210802521757777,0.03176271786690888,0.038410261543212226,244.04443359375,17155746167.714285,15835103402.904762,15642495089.65,16735596746.222221,0.24502316894009635,-0.28644981602956887,-0.3446817657431632,-0.2743156622318337,0
2022-05-06,2694.979736328125,2754.837646484375,2645.335205078125,2748.931640625,21027599270.0,-0.01972688030319758,2749.213134765625,2815.601806640625,2964.835693359375,3171.69189453125,3014.648193359375,4620.5546875,2797.666748046875,2911.9603445870534,2997.296883138021,3337.008643934462,0.04199618297017288,0.032182084463637683,0.03173000007943345,0.03839078277812364,109.50244140625,17478111577.857143,16300386628.333334,15749720098.633333,16777186875.316668,-0.07133909486410095,-0.2525293657178871,-0.3301601003819584,-0.29490312073854774,0
2022-05-07,2636.093017578125,2696.65283203125,2599.5234375,2694.991943359375,13369276367.0,-0.02185052375578611,2694.979736328125,2730.186767578125,2938.114013671875,3233.274658203125,3057.47607421875,4812.08740234375,2784.224783761161,2891.664283389137,2998.2859741210937,3324.9197862413193,0.04127532609924136,0.03224859670928761,0.031628063428216266,0.03827797093809035,97.12939453125,17456445077.857143,16519556437.952381,15740492656.366667,16744288986.983334,-0.36420338835000066,-0.219953957591973,-0.2946797929916146,-0.28944980183723235,0
2022-05-08,2517.4599609375,2638.83056640625,2498.43017578125,2636.121826171875,20802269935.0,-0.04500336515045189,2636.093017578125,2827.756103515625,2922.732666015625,3192.073974609375,3142.470703125,4735.06884765625,2739.8967633928573,2869.000313895089,2994.747249348958,3312.59973687066,0.039475536553039904,0.03316380174397411,0.03122331582658913,0.03839553206799112,140.400390625,18237807904.0,17011898278.619047,15850969398.65,16744111749.805555,0.5559757584447278,-0.14766994494311025,-0.2794132307994285,-0.2655125589680508,0
2022-05-09,2245.430419921875,2528.258056640625,2238.062744140625,2518.50830078125,36333567678.0,-0.10805714698013369,2517.4599609375,2857.410400390625,3009.3935546875,3261.916259765625,3122.608642578125,4636.17431640625,2652.4710518973216,2830.3252534412204,2988.70361328125,3299.3178263346354,0.05027042144215337,0.039002797642114125,0.03370600393759988,0.039167365332679546,290.1953125,20769783065.857143,17854954772.857143,16234987573.066668,16819586233.877777,0.7466155276097277,-0.09918119296753192,-0.20123453850446915,-0.17672659414742375,0
2022-05-10,2343.510986328125,2450.76025390625,2206.7568359375,2242.650390625,38202099639.0,0.04368007377831029,2245.430419921875,2783.476318359375,2808.29833984375,3211.866943359375,3239.45703125,4730.38427734375,2589.6188616071427,2794.106422061012,2985.102746582031,3286.0574191623264,0.058114529832518046,0.04052846064457975,0.034139968108888585,0.03928441911262195,244.00341796875,24366355411.57143,19000005465.38095,16665315574.016666,16932191225.6,0.05142715346754678,-0.10800111803068246,-0.2362630001538698,-0.2138285248047691,0
2022-05-11,2072.108642578125,2441.079345703125,2018.8555908203125,2342.754150390625,45743399154.0,-0.11581014355526464,2343.510986328125,2940.644775390625,2888.9296875,2981.05224609375,3077.482177734375,4667.115234375,2465.5422712053573,2746.2189360119046,2976.7253214518228,3271.640715874566,0.055366017560241884,0.04634695799389328,0.03720786029589912,0.040165881147754684,422.2237548828125,28303019584.42857,20437911983.904762,17318822283.683334,17084565330.855556,0.19740536740816172,-0.07502141125912343,-0.19645032016445163,-0.13301331615955359,0
2022-05-12,1961.7015380859373,2170.4580078125,1748.3031005859375,2072.504638671875,42463486402.0,-0.05328248829405913,2072.108642578125,2749.213134765625,2936.94091796875,3030.37646484375,2927.383544921875,4651.46044921875,2353.04061453683,2697.372308640253,2967.4379374186196,3256.697610812717,0.054915116703820974,0.04694089016535508,0.037698497362713884,0.04033560214419636,422.1549072265625,31134528349.285713,21470287951.0,17882680384.066666,17240154498.305557,-0.07170242729356047,0.02887016320023239,-0.22023640067033134,-0.07834105225062016,1
2022-05-13,2014.418212890625,2139.71337890625,1941.9759521484373,1960.12255859375,24816096567.0,0.026872933410718725,1961.7015380859373,2694.979736328125,2815.601806640625,3118.34423828125,2917.36279296875,4626.35888671875,2255.817539760045,2652.1143333798364,2957.8333068847655,3242.1868292914496,0.061071039297178734,0.047942042735471466,0.0376759299742003,0.04040086564069826,197.73742675781273,31675742248.857143,21852826098.142857,18108875346.2,17310394133.572224,-0.4155897532278183,-0.026361228628041244,-0.28256379758375205,-0.10837041848092921,0
2022-05-14,2056.27392578125,2063.429931640625,1956.572998046875,2014.2806396484373,15457044616.0,0.020778065161833226,2014.418212890625,2636.093017578125,2730.186767578125,3019.909423828125,2883.46337890625,4557.50390625,2172.98624093192,2610.1219482421875,2948.4353780110678,3228.2911071777344,0.06506821156106486,0.04862929275105086,0.03775822100961654,0.04043356903588972,106.85693359375,31973994855.857143,22154735098.47619,18152140996.233334,17305845207.555557,-0.3771363447805687,-0.03975910709625574,-0.4141914904580565,-0.12438661309269528,0
2022-05-15,2145.706787109375,2147.1943359375,2008.1627197265625,2056.18310546875,14846088335.0,0.04349267877534668,2056.27392578125,2517.4599609375,2827.756103515625,3040.91650390625,2933.47900390625,4216.365234375,2119.878644670759,2573.1207159133182,2937.996230061849,3216.78744913737,0.0706953444881297,0.050287181828164544,0.03740441157072359,0.040229967248071215,139.0316162109375,31123111770.142857,22399937896.38095,18100990639.0,17236004016.077778,-0.03952607346216641,-0.047786874567276705,-0.4353082867257987,-0.15293648802483606,0
2022-05-16,2022.7259521484373,2145.8369140625,1988.811767578125,2145.8369140625,21459552191.0,-0.057314837096923865,2145.706787109375,2245.430419921875,2857.410400390625,3062.310302734375,3179.877197265625,4287.59375,2088.063720703125,2526.136544363839,2924.7940877278647,3204.2048502604166,0.06230465822112956,0.05014826220615373,0.037953558985445286,0.040405531818073895,157.025146484375,28998252414.857143,22358359876.238094,18247228755.616665,17231982295.75,0.4454684430516693,-0.024988094570659425,-0.3903245174717871,-0.0981865546227616,0
2022-05-17,2090.4091796875,2113.059814453125,2015.9715576171875,2022.88232421875,18509929297.0,0.033461392764142284,2022.7259521484373,2343.510986328125,2783.476318359375,2993.4033203125,3127.830078125,4000.65087890625,2051.906319754464,2491.951346261161,2910.5451904296874,3193.5923963758682,0.06085588342621614,0.0499919186750445,0.037694785942867445,0.04021538886714427,97.0882568359375,26185085223.142857,22332544823.761906,18291879592.35,17216019397.994446,-0.13745034694792246,-0.053303627196193304,-0.48922406040608635,-0.12846746137376852,0
2022-05-18,1916.6561279296875,2102.32666015625,1916.6561279296875,2090.4599609375,17740965589.0,-0.08311915841461581,2090.4091796875,2072.108642578125,2940.644775390625,3057.606689453125,2881.48193359375,4298.306640625,2029.6988176618304,2445.652605329241,2893.385174560547,3180.361004638672,0.05246527103511437,0.05129578317592233,0.039012114801589115,0.04024023700515979,185.6705322265625,22184737571.0,22347862992.714287,18394621300.166668,17199989930.65,-0.04154330876480605,0.01469838669501855,-0.43311725495433584,-0.05996256220923091,1
2022-05-19,2018.336181640625,2028.38818359375,1907.0205078125,1916.1495361328125,18734247914.0,0.053050754503766395,1916.6561279296875,1961.7015380859373,2749.213134765625,3104.1064453125,2785.7275390625,4409.93115234375,2037.7894810267858,2401.9095226469494,2879.3497904459637,3167.0743659125433,0.05319054512837104,0.05311112146414256,0.03963721378445035,0.04040193837387155,121.36767578125,18794846358.42857,22361706958.47619,18495446643.3,17218245411.966667,0.055988064461151454,-0.10623743136200636,-0.5076951060861088,-0.10193876816612346,0
2022-05-20,1961.315673828125,2054.7958984375,1926.6767578125,2018.0001220703125,15892482289.0,-0.02825124393605738,2018.336181640625,2014.418212890625,2694.979736328125,3077.745849609375,2763.701171875,4269.73291015625,2030.203404017857,2361.229230608259,2863.7387756347657,3154.2498257107204,0.05354674191999893,0.05287975387464482,0.03967651105996165,0.040388953374357224,128.119140625,17520044318.714287,22224632715.142857,18506886079.816666,17228232361.27778,-0.1516882683545766,-0.12052767712003754,-0.425050995518917,-0.07180774026523018,0
2022-05-21,1974.518310546875,1985.39599609375,1944.26513671875,1961.0179443359373,8546822406.0,0.006731520527228918,1961.315673828125,2056.27392578125,2636.093017578125,2987.480712890625,2628.6484375,4088.457763671875,2018.5240304129463,2325.2450183686756,2847.0952290852865,3142.5057176378036,0.05278426666384357,0.052985323261369226,0.03949413651011367,0.04029012203981145,41.130859375,16532869717.285715,21987769883.666668,18368824132.75,17165980158.661112,-0.4622097259208089,-0.1096857582576447,-0.4289025074969457,-0.08609033280095635,0
2022-05-22,2043.170166015625,2047.19140625,1966.038818359375,1974.670654296875,10941123403.0,0.03476891305694485,1974.518310546875,2145.706787109375,2517.4599609375,2964.835693359375,2573.816162109375,4340.763671875,2003.875941685268,2287.883783249628,2830.6302795410156,3129.7413092719185,0.051549057993253614,0.052940336730657726,0.03971004422304845,0.04009714252791623,81.152587890625,15975017584.142857,21778645752.761906,18284363395.166668,17103800305.016666,0.2801393176625695,-0.11312770908699843,-0.4494709233375056,-0.11043396175687747,0
2022-05-23,1972.181884765625,2080.33349609375,1964.3865966796875,2042.3447265625,16434529708.0,-0.03474418451813721,2043.170166015625,2022.7259521484373,2245.430419921875,2938.114013671875,2639.29931640625,4239.9814453125,1996.6553606305804,2245.730044410342,2811.698944091797,3117.142422824436,0.04840026149568733,0.05281505369965868,0.0396693299740322,0.040138205434282724,115.9468994140625,15257157229.428572,21675064236.714287,18257097170.866665,17073780819.35,0.5020879577588657,0.01230079213355384,-0.4668737791773443,-0.05973144284572396,1
2022-05-24,1978.9827880859373,1991.5355224609373,1920.6881103515625,1972.390869140625,13057109007.0,0.003448415875253019,1972.181884765625,2090.4091796875,2343.510986328125,2922.732666015625,2590.359619140625,4274.7431640625,1980.7373046875,2207.420828683036,2792.9041341145835,3104.388198513455,0.045941681859123805,0.05293217212950123,0.039683019343027266,0.0401320779243888,70.84741210937477,14478182902.285715,21676541179.0,18190873923.8,17042401656.51111,-0.20550759656699757,-0.018522033327890708,-0.42223513734756724,-0.09039129272721691,0
2022-05-25,1944.827880859375,2014.3695068359373,1943.9385986328125,1978.677001953125,13364545730.0,-0.017258819749310095,1978.9827880859373,1916.6561279296875,2072.108642578125,3009.3935546875,2598.067138671875,4030.908935546875,1984.7618408203125,2160.0009765625,2772.9316162109376,3092.7988593207465,0.03250291635997704,0.05035569328747834,0.03963118538800944,0.03994444264599696,70.43090820312477,13852980065.285715,21446912406.904762,18265676006.966667,16970639157.855556,0.023545543108752565,-0.0623492423752654,-0.3691756794331922,-0.07140690797092397,0
2022-05-26,1803.913330078125,1962.171142578125,1759.1995849609375,1945.0333251953125,23458681818.0,-0.07245605236746355,1944.827880859375,2018.336181640625,1961.7015380859373,2808.29833984375,2764.53564453125,4096.912109375,1954.1300048828125,2114.9867001488096,2748.1372111002606,3080.0599772135415,0.034545107890205984,0.050722215590581425,0.039858192418921926,0.0402483892322335,202.9715576171875,14527899194.428572,21485757967.38095,18432789590.033333,17009211313.1,0.7552921208044683,0.016761993003221454,-0.3106947663831441,0.013734788015800525,1
2022-05-27,1724.9228515625,1814.656494140625,1721.2647705078125,1802.5438232421875,25470760032.0,-0.04378840002928741,1803.913330078125,1961.315673828125,2014.418212890625,2888.9296875,2781.11181640625,4294.45361328125,1920.3596017020088,2068.7935151599704,2721.275349934896,3065.784806315104,0.03597827727005871,0.0510198500841223,0.039989967280347434,0.040169139555009524,93.3917236328125,15896224586.285715,21697337051.285713,18513628077.733334,17062087055.833334,0.08577115413433489,0.029077104331545645,-0.30441430238331535,0.06156532419645133,1
2022-05-28,1757.9417724609375,1757.9417724609375,1724.635986328125,1724.635986328125,23214777872.0,0.019142259532667127,1724.9228515625,1974.518310546875,2056.27392578125,2936.94091796875,2621.8017578125,4445.10498046875,1889.4200962611608,2026.9767892020088,2693.874582926432,3050.856121826172,0.03764513078871826,0.05171474362459302,0.03998441208294469,0.040099485094995634,33.3057861328125,17991646795.714287,22166170456.285713,18574985648.333332,17085022067.13889,-0.08857145044614745,0.024840256539466976,-0.32097826972308074,0.08701790611371019,1
2022-05-29,1812.031005859375,1818.776611328125,1765.9373779296875,1792.1844482421875,10642556101.0,0.030768501122035552,1757.9417724609375,2043.170166015625,2145.706787109375,2815.601806640625,2919.201171875,4631.47900390625,1856.4002162388392,1993.3849341982886,2667.655800374349,3035.1925218370225,0.0367689414914024,0.052360649742897905,0.04032735248374843,0.0400361451613564,52.8392333984375,17948994324.0,21682374559.42857,18497319814.5,16985112078.194445,-0.5415611486924332,-0.003767071193933713,-0.36834457030166345,0.044727225350201794,0
2022-05-30,1996.4412841796875,2005.2108154296875,1804.4560546875,1811.885986328125,19580808705.0,0.10176993535099799,1812.031005859375,1972.181884765625,2022.7259521484373,2730.186767578125,2972.485107421875,4586.990234375,1859.8658447265625,1981.528308686756,2646.235774739583,3020.8005832248264,0.056392223819149406,0.0535582935264849,0.04270651089376139,0.04080830795433432,200.7547607421875,18398462752.142857,20884624132.142857,18528908364.816666,16940367533.805555,0.839859571250946,-0.0686980440721946,-0.4495486261656866,-0.04779237616836163,0
2022-05-31,1942.3280029296875,2005.490966796875,1932.35205078125,1996.4080810546875,18363115560.0,-0.02710486988964189,1996.4412841796875,1978.9827880859373,2090.4091796875,2827.756103515625,2950.118408203125,4511.30224609375,1854.6294468470983,1962.4243570963542,2621.115370686849,3006.528504096137,0.05753072399756342,0.0526138273929195,0.04208008649283132,0.04083443152525261,73.138916015625,19156463688.285713,19939910604.57143,18485243808.533333,16922925558.98889,-0.06218809260360425,-0.06604428443210852,-0.45050535928269975,-0.0351112220298323,0
2022-06-01,1823.5693359375,1965.1666259765625,1776.05322265625,1942.0506591796875,21037797760.0,-0.061142436711543735,1942.3280029296875,1944.827880859375,1916.6561279296875,2857.410400390625,2834.468994140625,4220.7060546875,1837.3067975725446,1950.5891520182292,2594.090537516276,2993.211077880859,0.06179561982246123,0.04815361355099005,0.0426090526050665,0.04080802569147628,189.1134033203125,20252642549.714287,18763453395.333332,18443014500.95,16896026704.722221,0.1456551417574372,-0.01644964615347544,-0.41884999210104235,0.021184870416931068,0
2022-06-02,1834.1505126953125,1845.31396484375,1789.6641845703125,1822.412109375,17065041354.0,0.00580245376432198,1823.5693359375,1803.913330078125,2018.336181640625,2783.476318359375,2617.156005859375,4119.58740234375,1841.6263950892858,1944.5152936662946,2565.9458211263022,2980.5142062717014,0.05477514666153094,0.046898845559593776,0.04244885242114941,0.040786234941647626,55.6497802734375,19339265340.57143,17554003631.142857,18471868379.366665,16777060272.344444,-0.18883898644341757,-0.024166208053170934,-0.41852491930143976,0.039858276949219285,0
2022-06-03,1775.07861328125,1840.058837890625,1746.509765625,1834.135009765625,14878001811.0,-0.03220668042518249,1834.1505126953125,1724.9228515625,1961.315673828125,2940.644775390625,2664.8310546875,4198.32275390625,1848.79150390625,1933.1181698753721,2536.8431111653645,2967.051738823785,0.05325782717621186,0.04684294154323489,0.042526738353819545,0.040805607965554554,93.549072265625,17826014166.142857,17080761023.714285,18416335580.5,16717865489.588888,-0.12815905321479715,-0.061989579576828824,-0.39508765429348003,0.06610065685361088,0
2022-06-04,1801.6094970703125,1810.2996826171875,1751.5333251953125,1775.2208251953125,8677951273.0,0.014946314822654516,1775.07861328125,1757.9417724609375,1974.518310546875,2749.213134765625,2555.037353515625,4358.7373046875,1855.029750279018,1920.9912923177083,2510.006728108724,2952.8454732259115,0.053099309655340585,0.046699791637238405,0.04256329965319708,0.040708113177432774,58.766357421875,15749324652.0,16757947055.0,18282943048.4,16609245671.588888,-0.41672602388151436,-0.1509461652839309,-0.36109401959578646,0.04934701603146863,0
2022-06-05,1805.2049560546875,1825.859619140625,1777.13330078125,1801.8189697265625,8850385937.0,0.0019956927348694364,1801.6094970703125,1812.031005859375,2043.170166015625,2694.979736328125,2497.771240234375,4315.0615234375,1854.0546003069196,1904.7769194103423,2487.2319458007814,2938.9018256293402,0.05184295171454337,0.045394402813784304,0.04183330454554039,0.04070814046871624,48.726318359375,15493300342.857143,16472437417.0,18003240086.7,16534157741.494444,0.019870434688484817,-0.19941691502280967,-0.3715167843852132,0.003669064315230397,0
2022-06-06,1859.2896728515625,1915.030517578125,1804.990234375,1805.635986328125,16518471852.0,0.029960430041737984,1805.2049560546875,1996.4412841796875,1972.181884765625,2636.093017578125,2576.74755859375,4439.35791015625,1834.4615129743304,1896.9942394438244,2464.332196044922,2924.56811319987,0.031657824330367464,0.044565806293794426,0.041974354111185004,0.04071343116799215,110.040283203125,15055823649.571428,16237147877.047619,17999456340.816666,16522014167.788889,0.8664126027479473,-0.35212743809606284,-0.3615981326874178,0.013556360024662428,0
2022-06-07,1814.04833984375,1862.9149169921875,1729.41357421875,1859.333740234375,24020076750.0,-0.024332589842456676,1859.2896728515625,1942.3280029296875,1978.9827880859373,2517.4599609375,2729.783447265625,4119.81591796875,1816.1358468191963,1883.8341994512648,2441.3651021321616,2911.7582933213976,0.03141993203763764,0.04397844328182554,0.042021803794896305,0.040422766697530525,133.5013427734375,15863960962.428572,16499535851.0,18107173442.166668,16531591639.322222,0.4541343149179826,-0.3320669492736673,-0.3177726543408096,0.010114204702825313,0
2022-06-08,1793.572265625,1830.676025390625,1770.231201171875,1814.1007080078125,18041476023.0,-0.01128750197501005,1814.04833984375,1823.5693359375,1944.827880859375,2245.430419921875,2608.048583984375,3908.49609375,1811.850551060268,1877.9730631510417,2416.8927022298176,2900.0087164984807,0.021919384577837674,0.04030491634369251,0.04183325932160591,0.04026944835909133,60.44482421875,15435915000.0,16513845871.666666,18242729506.616665,16476185419.277779,-0.24890015087066697,-0.31243003444374384,-0.31839589125229084,0.029399213663374724,0
2022-06-09,1789.8260498046875,1827.2930908203125,1779.8675537109375,1793.5128173828125,12013083393.0,-0.0020886896458599535,1793.572265625,1834.1505126953125,1803.913330078125,2343.510986328125,2559.56298828125,4084.452392578125,1805.5184849330358,1867.0916283017114,2393.192020670573,2887.260792371962,0.021642785407953682,0.038256615673916514,0.04183441840151148,0.040105090754489967,47.425537109375,14714206719.857143,16193790418.285715,18269163316.666668,16436638646.716667,-0.33414076665982106,-0.4034444224302469,-0.3200577946570974,0.02815869728087539,0
2022-06-10,1665.042236328125,1797.6077880859375,1663.4339599609375,1789.68994140625,18504740451.0,-0.06971840279684127,1789.8260498046875,1775.07861328125,1724.9228515625,2072.108642578125,2574.754150390625,4134.453125,1789.7990025111608,1852.9833693731398,2371.2585205078126,2873.541842990451,0.03210966292378386,0.04051916243198706,0.041780521909093336,0.040386636313824706,134.173828125,15232312239.857143,16318183664.095238,18212712243.666668,16461344960.811111,0.5403822520521813,-0.3474524168795573,-0.2982750912644888,0.05245664487736312,0
2022-06-11,1529.6634521484375,1679.314208984375,1507.0389404296875,1665.2178955078125,21127089064.0,-0.08130651657115606,1665.042236328125,1801.6094970703125,1757.9417724609375,1961.7015380859373,2518.944580078125,3784.226806640625,1750.9495675223213,1831.7998046875,2346.2466369628905,2861.0164910210506,0.039969874422907975,0.04347504979407245,0.04267518110377622,0.040349529833081134,172.2752685546875,17010760495.714285,16917243981.142857,18227568604.566666,16445385225.688889,0.14171226124159375,-0.3504213110474875,-0.28269413070924965,0.1462752023920193,0
2022-06-12,1445.216552734375,1539.705078125,1436.1839599609375,1530.189697265625,23465074882.0,-0.05520619538595595,1529.6634521484375,1805.2049560546875,1812.031005859375,2014.418212890625,2590.696044921875,3745.4404296875,1699.5226527622767,1803.3258231026787,2318.3611755371094,2848.237469482422,0.03999910765389249,0.043152435536900624,0.04274104362734476,0.040525936420043464,103.5211181640625,19098573202.142857,17513622623.0,18350511958.783333,16443320308.605556,0.11066294135067878,-0.2197318166560719,-0.28163592616874733,0.20572151158007612,0
2022-06-13,1204.582763671875,1448.738037109375,1181.9482421875,1443.83544921875,45162788786.0,-0.16650362093294369,1445.216552734375,1859.2896728515625,1996.4412841796875,2056.27392578125,2620.149658203125,4018.388671875,1605.9930943080358,1766.7734840029761,2288.1057312011717,2832.605214436849,0.056125100876590936,0.054247768542612346,0.047123081605850485,0.04187937145964372,266.789794921875,23190618478.42857,18881634960.04762,18839534773.033333,16547495863.9,0.9246812129563782,-0.0638729939839533,-0.0755411817377929,0.4436846102257188,0
2022-06-14,1211.662841796875,1252.4718017578125,1094.701904296875,1204.5552978515625,33327826525.0,0.0058776186564533095,1204.582763671875,1814.04833984375,1942.3280029296875,2145.706787109375,2772.0556640625,3962.4697265625,1519.938023158482,1730.2344389415923,2257.6181701660157,2817.3229539659287,0.06021488186254338,0.05430672591667745,0.047115129942735236,0.04188387522088464,157.7698974609375,24520297017.714287,19846907222.809525,19207387689.516666,16622508615.405556,-0.2620511837096454,-0.07166866379029824,-0.016618976818522646,0.3621935328656969,0
2022-06-15,1233.2064208984375,1236.6275634765625,1025.6842041015625,1211.365966796875,37539999450.0,0.017780176430609806,1211.662841796875,1793.572265625,1823.5693359375,2022.7259521484373,2814.8544921875,3879.486572265625,1439.8857596261162,1696.3477027529761,2227.13310546875,2802.6213975694445,0.06452502317443662,0.05498167537916119,0.0472170866868998,0.04190443319722345,210.943359375,27305800364.42857,20998119304.714287,19686942507.6,16702488939.583334,0.1263860672654531,-0.14740804363149573,-6.265821074480371e-05,0.3505604148389292,0
2022-06-16,1067.730712890625,1246.140625,1058.7845458984375,1233.603515625,18907671369.0,-0.13418330070586004,1233.2064208984375,1789.8260498046875,1834.1505126953125,2090.4091796875,2945.343017578125,3960.860107421875,1336.729282924107,1661.2913876488096,2195.0385620117186,2786.548456488715,0.06737395813205965,0.05940106898936414,0.04969774334932353,0.04294074308294772,187.3560791015625,28290741503.857143,20781404521.42857,19827685509.066666,16699026581.13889,-0.4963326679270902,0.0708568227419013,0.26682359935291,0.6077731983514065,1
2022-06-17,1086.519287109375,1112.4715576171875,1060.86767578125,1067.9876708984375,14591486540.0,0.01759673482453694,1067.730712890625,1665.042236328125,1775.07861328125,1916.6561279296875,2946.257080078125,3922.592529296875,1254.0831473214287,1630.8912179129463,2162.1871053059895,2770.792494032118,0.07489029615676797,0.05983039844872725,0.04965132133652281,0.04297693085632244,51.6038818359375,27731705230.857143,20263343878.95238,19760387263.083332,16690269364.155556,-0.2282769117764858,0.1291513561866473,0.23204047831388896,0.5896672263937732,1
2022-06-18,993.6367797851562,1095.1668701171875,896.1090087890625,1086.3779296875,21655406608.0,-0.08548629410097963,1086.519287109375,1529.6634521484375,1801.6094970703125,2018.336181640625,2860.459228515625,3933.844482421875,1177.5079084123884,1594.4957420712426,2127.012610880534,2754.4580067952475,0.07513671249558754,0.060759423563679256,0.05028205809871508,0.043375893900721545,199.057861328125,27807179165.714287,20189088104.47619,19885376788.283333,16690634452.672222,0.48411243423591577,0.2514098961623785,0.5888279576860693,0.7315960415841893,1
2022-06-19,1127.656494140625,1142.3408203125,943.1163330078124,993.400634765625,21795481981.0,0.13487797259723666,993.6367797851562,1445.216552734375,1805.2049560546875,1961.315673828125,2897.9765625,4020.260009765625,1132.1421857561384,1561.906479608445,2094.5111216227215,2738.3879872639973,0.10455179821821023,0.06919524200177804,0.053988016312438485,0.044591541577500365,199.2244873046876,27568665894.142857,20720179813.04762,19989512116.883335,16720672934.8,0.006468378799604491,0.06400457167006457,0.3683025174279224,0.5409474719093217,1
2022-06-20,1127.6424560546875,1159.9853515625,1066.1131591796875,1127.65625,19739691429.0,-1.2448902667161477e-05,1127.656494140625,1204.582763671875,1859.2896728515625,1974.518310546875,2973.131103515625,3982.099609375,1121.1507132393974,1520.5351068405878,2063.5138173421224,2722.5298919677734,0.08553217811665259,0.06357605228640209,0.05398993042913056,0.04459302651175234,93.8721923828125,23936794843.142857,20727745657.04762,19972113789.15,16752994797.188889,-0.09432186697188505,0.05856307347531242,0.34812295815157257,0.5892626120049835,1
2022-06-21,1124.8245849609375,1185.4324951171875,1112.5726318359375,1127.5118408203125,15632089439.0,-0.0024989047535589615,1127.6424560546875,1211.662841796875,1814.04833984375,2043.170166015625,3031.067138671875,4108.015625,1108.7452479771205,1481.6063726515997,2032.8469655354818,2705.956608412001,0.08539317748230432,0.06375880004279492,0.0540051652140326,0.04450474913386661,72.85986328125,21408832402.285713,20597696794.142857,19952935355.183334,16739799328.838888,-0.20808845998298808,0.01756241723020402,0.40177369236066873,0.6811574243944067,1
2022-06-22,1051.421875,1126.26171875,1049.7633056640625,1125.3729248046875,15010593493.0,-0.06525702846678672,1124.8245849609375,1233.2064208984375,1793.572265625,1972.181884765625,3108.06201171875,4047.98291015625,1082.7760271344866,1444.83744594029,2001.4020965576171,2689.309047105577,0.08706065587313579,0.06388589709799551,0.05439416765327464,0.04471802231486779,76.4984130859375,18190345837.0,20310687067.142857,20051162653.25,16752252122.561111,-0.03975770151682023,0.045197816201275165,0.4622152990370183,0.7813429962773626,1
2022-06-23,1143.38671875,1146.4942626953125,1050.2196044921875,1051.329345703125,14657862919.0,0.0874671204172921,1051.421875,1067.730712890625,1789.8260498046875,1978.9827880859373,3106.67138671875,4093.281005859375,1093.58402797154,1411.9439319428943,1971.7463307698567,2672.920745510525,0.07815723198206602,0.0681270615516717,0.05598365150137002,0.04524440525571684,96.274658203125,17583230344.142857,20196059522.61905,20133846542.25,16773158108.083334,-0.023498775992067955,-0.06654606825255294,0.35500741782738365,0.6554871851373558,0
2022-06-24,1226.8447265625,1238.616943359375,1134.5140380859375,1143.2047119140625,16981552654.0,0.07299193391343572,1143.38671875,1086.519287109375,1665.042236328125,1944.827880859375,3143.178955078125,4067.328125,1113.6305193219866,1385.8375563848585,1942.03718363444,2657.1402821858724,0.08150573037395716,0.07099059526736363,0.0568288906931898,0.04562608649457973,104.1029052734375,17924668360.42857,20296228610.38095,20044660909.583332,16805293155.205555,0.15852854865957022,-0.136184627900109,0.30373196374401124,0.5291745171692182,0
2022-06-25,1243.4468994140625,1246.394287109375,1184.56201171875,1226.7247314453125,12481946184.0,0.013532415710079349,1226.8447265625,993.6367797851562,1529.6634521484375,1803.913330078125,3291.57763671875,4037.547607421875,1149.3176792689733,1359.2583850678943,1915.9563262939453,2641.617500474718,0.06747097137538288,0.0709614672145513,0.05649007669060499,0.04564811754873993,61.832275390625,16614174014.142857,20477371225.190475,19935159256.0,16811168633.994444,-0.2649702628304791,-0.14229323513100955,0.1624006007274268,0.5284175821349366,0
2022-06-26,1199.8316650390625,1272.1312255859375,1199.4063720703125,1242.987548828125,12096607824.0,-0.035076073128295526,1243.4468994140625,1127.656494140625,1445.216552734375,1724.9228515625,3336.634521484375,3800.89306640625,1159.62841796875,1330.4310854957216,1887.804692586263,2627.1671593560113,0.05467079194452065,0.07097764389611629,0.05631315673477019,0.045528579659528515,72.724853515625,15228620563.142857,20631953219.809525,19846447985.716667,16782263828.555555,-0.03087165689705873,-0.10506865332773219,0.20167420539644798,0.5497447812961229,0
2022-06-27,1193.6806640625,1234.1807861328125,1179.79248046875,1199.713134765625,12492225250.0,-0.005126553295592751,1199.8316650390625,1127.6424560546875,1204.582763671875,1757.9417724609375,3401.98779296875,3628.53173828125,1169.0624476841517,1298.7354184105284,1858.7503550211588,2613.6402089436847,0.05486327873979133,0.07023082730358049,0.05618951213498881,0.04542970277375437,54.3883056640625,14193268251.857143,20440227191.142857,19747259662.666668,16764317548.433332,0.032704823679170936,-0.03570601695615505,0.37074572394175376,0.5830895364504973,0
2022-06-28,1144.5792236328125,1229.739013671875,1141.15966796875,1193.2540283203125,14023205651.0,-0.04113448588718749,1193.6806640625,1124.8245849609375,1211.662841796875,1812.031005859375,3385.157958984375,3713.85205078125,1171.8845389229912,1266.855936686198,1830.8999786376953,2599.3664710150824,0.05811103376617993,0.07039641459226756,0.05618799355390058,0.04545766369845295,88.579345703125,13963427710.714285,19964185710.238094,19668129066.866665,16770416590.944445,0.12255465862657267,-0.0087702168627104,0.5075130703245907,0.5970682969453178,0
2022-06-29,1098.94384765625,1152.684814453125,1092.09912109375,1144.5244140625,15386286815.0,-0.03987087571947978,1144.5792236328125,1051.421875,1233.2064208984375,1996.4412841796875,3281.642822265625,3682.6328125,1178.6733921595983,1233.7783929734003,1803.7125966389974,2585.012643432617,0.05369943706976168,0.07051050410663798,0.056250431965842264,0.045529451689727114,60.585693359375,14017098185.285715,19837748128.904762,19699218149.333332,16777244377.316668,0.09720182374297548,0.08010432157651359,0.5718792057537487,0.6854612716310982,1
2022-06-30,1067.298828125,1103.6904296875,1009.0948486328124,1099.3531494140625,16350755497.0,-0.0287958475755975,1098.94384765625,1143.38671875,1067.730712890625,1942.3280029296875,3449.55224609375,3769.697021484375,1167.8036934988838,1199.372334798177,1774.3716420491537,2569.9993201361763,0.04143837000512379,0.0704000233480143,0.05590969691369269,0.045508759529393004,94.59558105468761,14258939982.142857,20044303943.38095,19716185238.416668,16813769733.044445,0.06268365419132471,0.15955658450710675,0.589029649176422,0.8112911903406856,1
2022-07-01,1059.767333984375,1100.223876953125,1040.1507568359375,1068.3167724609375,17499453625.0,-0.007056593656957433,1067.298828125,1226.8447265625,1086.519287109375,1823.5693359375,3445.059326171875,3829.56494140625,1143.9354945591517,1170.5497204008557,1744.410924275716,2554.611555650499,0.021045858949128665,0.06959559147404745,0.05582241603896877,0.04547942608179311,60.0731201171875,14332925835.142857,19996433142.142857,19697680439.75,16856091855.694445,0.07025351998020879,0.1535609622818983,0.5866853790090183,0.8160268355630647,1
2022-07-02,1066.5128173828125,1073.0526123046875,1033.962158203125,1060.1212158203125,9935603640.0,0.006365060690327828,1059.767333984375,1243.4468994140625,993.6367797851562,1834.1505126953125,3522.83349609375,3761.38037109375,1118.6591971261162,1148.4949282691591,1715.7948659261067,2539.640069240994,0.01920806758689739,0.06828351200270635,0.05586944272613279,0.045480252358574016,39.0904541015625,13969162614.571428,19463505264.809525,19646172280.1,16844174220.955555,-0.4322334940900191,0.14108171195804275,0.5332172048283179,0.8166104737930837,1
2022-07-03,1073.7669677734375,1083.4189453125,1044.005615234375,1066.4674072265625,8557248150.0,0.0068017470323764595,1066.5128173828125,1199.8316650390625,1127.656494140625,1775.07861328125,3521.2412109375,3794.056640625,1100.6499546595983,1130.806852794829,1684.6802357991537,2524.527348836263,0.020745199904211607,0.06778541797837333,0.05516686153406985,0.04547708358572959,39.413330078125,13463539804.0,18753608753.761906,19485680583.533333,16813764899.661112,-0.13872891270046683,0.0881333160684965,0.5207633346706382,0.8210554234229646,1
2022-07-04,1151.05908203125,1152.94384765625,1048.3963623046875,1073.7943115234375,13670889311.0,0.0719822052433643,1073.7669677734375,1193.6806640625,1127.6424560546875,1801.6094970703125,3411.79248046875,3550.386962890625,1094.5611572265625,1128.2581060500372,1658.0443349202474,2511.197749498155,0.03933893174917987,0.06011369765639909,0.055895682805972596,0.04563479882692769,104.5474853515625,13631920384.142857,17253994493.04762,19336146654.583332,16789373515.266666,0.597580094834576,-0.04675912001897031,0.4064217354177475,0.6824797051288958,0
2022-07-05,1134.541015625,1165.6827392578125,1086.8299560546875,1150.509765625,16195518291.0,-0.014350320208673328,1151.05908203125,1144.5792236328125,1124.8245849609375,1805.2049560546875,3171.69189453125,3418.408203125,1093.1271275111608,1124.5856381370909,1632.0370229085286,2498.5095984564887,0.036376196071638965,0.06016945298302793,0.05588875652570227,0.045577094412972335,78.852783203125,13942250761.285715,16438170291.428572,19255611971.6,16744383109.588888,0.18467189094776804,-0.08492365098083099,0.41749464179656903,0.6840184589032252,0
2022-07-06,1186.9739990234375,1193.63671875,1116.24755859375,1134.822265625,15373536703.0,0.046215150158809504,1134.541015625,1098.94384765625,1051.421875,1859.2896728515625,3233.274658203125,3193.21044921875,1105.7028634207588,1122.3840942382812,1607.8850392659506,2487.363840399848,0.035468199479763,0.060937766217658826,0.056389369040169224,0.045507177332688616,77.38916015625,13940429316.714285,15382624446.333334,19289016310.533333,16693712873.444445,-0.05075364512766367,-0.061826830984242465,0.4593871812668666,0.557436368555932,0
2022-07-07,1237.5933837890625,1246.8948974609375,1165.6231689453125,1186.9609375,14230795894.0,0.04264574018240608,1186.9739990234375,1067.298828125,1143.38671875,1814.04833984375,3192.073974609375,3091.97265625,1130.0306570870537,1130.4727928524926,1586.5539296468098,2477.061733330621,0.0320198681943117,0.053202397427594736,0.05664439170929864,0.045595623256778454,81.271728515625,13637577944.857143,15159916090.380953,19179491743.183334,16683674335.633333,-0.0743316798910042,-0.03722316172282214,0.36689328111584074,0.5114839522940828,0
2022-07-08,1222.5062255859375,1262.8857421875,1200.6322021484375,1237.580322265625,16315929082.0,-0.012190723060375164,1237.5933837890625,1059.767333984375,1226.8447265625,1793.572265625,3261.916259765625,3157.75146484375,1153.2790701729912,1136.9483613513764,1569.5051930745442,2466.3103708902995,0.032839348310781245,0.053341061032616745,0.05516875499818196,0.04556011409425306,62.2535400390625,13468503010.142857,15242032401.904762,18845864433.25,16705792364.627777,0.14652259814077828,0.0086894647915563,0.3900549498336008,0.5259959513802164,1
2022-07-09,1216.978271484375,1228.7679443359375,1209.3775634765625,1222.306884765625,8821353104.0,-0.00452182081846908,1222.5062255859375,1066.5128173828125,1243.4468994140625,1789.8260498046875,3211.866943359375,3083.097900390625,1174.774135044643,1147.5836704799108,1550.7296478271485,2455.943039618598,0.033892587817793064,0.049081458343668435,0.05474457918961241,0.0455368358583529,19.390380859375,13309324362.142857,14630886996.952381,18356185324.333332,16646267969.955555,-0.4593410488813744,0.11146311855997393,0.4589546542319234,0.5308488321263503,1
2022-07-10,1168.401611328125,1216.9044189453125,1157.175537109375,1216.9044189453125,10984558039.0,-0.03991579906928,1216.978271484375,1073.7669677734375,1199.8316650390625,1665.042236328125,2981.05224609375,3238.111572265625,1188.2933698381696,1149.523914155506,1535.6678639729819,2444.444650946723,0.04072374608242998,0.041173271663624146,0.05309514731679795,0.04543121870100801,59.7288818359375,13656082917.714285,14116081094.952381,17776871305.75,16622785252.433332,0.24522370995659437,0.14569830202978706,0.45756819222307454,0.6095119847932613,1
2022-07-11,1097.236572265625,1169.19384765625,1095.0028076171875,1168.1390380859375,12064180410.0,-0.06090802885970559,1168.401611328125,1151.05908203125,1193.6806640625,1529.6634521484375,3030.37646484375,3372.25830078125,1180.6044398716517,1148.0760149274554,1521.2601145426431,2431.8056413438585,0.0395139017581234,0.04344000005257871,0.05321414728323017,0.045492248247019904,74.1910400390625,13426553074.714285,13750580570.238094,17270216205.883335,16597236967.55,0.09828546284400952,0.43881268216206326,0.6876421389761789,0.7118788300064014,1
2022-07-12,1038.191650390625,1097.2591552734375,1038.1356201171875,1097.2591552734375,12583282453.0,-0.05381238956798651,1097.236572265625,1134.541015625,1144.5792236328125,1445.216552734375,3118.34423828125,3248.28857421875,1166.8402448381696,1143.9506370907739,1504.98967183431,2419.527325100369,0.043493977678027484,0.044979045827567087,0.05333169717742965,0.04557606914562426,59.12353515625,12910519383.571428,13605399285.190475,17066335970.65,16582174835.205555,0.04302837203675414,0.4862142448805189,0.8120200835615752,0.8032448718180862,1
2022-07-13,1113.587158203125,1113.587158203125,1019.2203369140624,1038.1866455078125,18302588147.0,0.07262195547819328,1038.191650390625,1186.9739990234375,1098.94384765625,1204.582763671875,3019.909423828125,3310.00146484375,1156.356410435268,1146.910888671875,1489.2782257080078,2407.3250233968097,0.05001866725052275,0.04547558226038032,0.054243785806545396,0.04590959609165003,94.36682128906261,13328955304.142857,13762160935.380953,17113761696.166666,16608506118.077778,0.4545161976107792,0.36513848278093763,0.7576050922849487,0.8018450193400803,1
2022-07-14,1191.5262451171875,1202.953369140625,1077.40576171875,1113.5157470703125,16688640823.0,0.0699892112978604,1113.587158203125,1237.5933837890625,1067.298828125,1211.662841796875,3040.91650390625,3330.53076171875,1149.775390625,1149.2032470703125,1473.3752166748047,2395.4416649712457,0.05541111876408808,0.044002060665820554,0.054781084394323235,0.04624128730332705,125.547607421875,13680076008.285715,13858864645.095238,17144470904.3,16647776349.994444,-0.08818137145617544,0.32330237641024473,0.6628559848941444,0.6276158866376469,1
2022-07-15,1233.129150390625,1275.7781982421875,1182.9031982421875,1191.6748046875,17411448225.0,0.034915643229785465,1191.5262451171875,1222.5062255859375,1059.767333984375,1233.2064208984375,3062.310302734375,3350.921875,1151.2929513113838,1149.5025053478423,1460.2152699788412,2383.6761498345268,0.057100230158981004,0.04169223340823578,0.05467508743884594,0.046328355256502175,92.875,13836578743.0,13879335862.761906,17077002504.866667,16691695868.61111,0.04331134031022099,0.2467511216324545,0.5706400269100715,0.5663132706923146,1
2022-07-16,1352.62646484375,1377.944580078125,1195.60595703125,1232.7916259765625,18364013796.0,0.09690575753178088,1233.129150390625,1216.978271484375,1066.5128173828125,1067.730712890625,2993.4033203125,3212.304931640625,1170.6712646484375,1154.7015322730654,1447.918891398112,2373.3446027967666,0.06699618380783796,0.046617751552294875,0.05606128980261355,0.046856233350411954,182.338623046875,15199815984.714285,14159434320.47619,17074570579.85,16725138669.605556,0.05470915220207084,0.1453993586696023,0.4078004526061312,0.4221826459589795,1
2022-07-17,1338.6357421875,1378.41748046875,1329.7633056640625,1353.205078125,16079711737.0,-0.010343374922703541,1352.62646484375,1168.401611328125,1073.7669677734375,1086.519287109375,3057.606689453125,3164.025146484375,1194.9904261997767,1161.3112502325148,1438.2852183024088,2363.203550550673,0.06364946013858629,0.045860050768205846,0.05513671092421506,0.04685119680444721,48.6541748046875,15927695084.428572,14349105935.380953,17046883015.65,16742113989.86111,-0.12439012976006147,0.194855802936029,0.4030249941091202,0.4280554880748897,1
2022-07-18,1578.7178955078125,1578.7178955078125,1338.8060302734375,1338.8060302734375,27440420623.0,0.17934838115706353,1338.6357421875,1097.236572265625,1151.05908203125,993.6367797851562,3104.1064453125,3095.825927734375,1263.773472377232,1179.6463564918154,1430.958246866862,2354.7751725938583,0.07556899749078207,0.05928348987321624,0.05959936183156623,0.04877600926171186,239.911865234375,18124300829.142857,15060924762.666666,17191985894.133335,16821297303.633333,0.7065244123660872,-0.08445744045573222,0.1610685094561859,0.20198754227314186,0
2022-07-19,1542.9752197265625,1607.0330810546875,1501.7974853515625,1578.3839111328125,27753529276.0,-0.02264031837667424,1578.7178955078125,1038.191650390625,1134.541015625,1127.656494140625,3077.745849609375,3001.1201171875,1335.8854108537946,1198.6175944010417,1423.9859059651692,2346.6743676079645,0.06864390710450727,0.0585406960382283,0.05956241440813717,0.04875406191882803,105.235595703125,20291478946.714287,15714749697.190475,17389670010.583332,16916339562.033333,0.011410490287366848,-0.06556713013782456,0.19704308201872256,0.2242633001617953,0
2022-07-20,1520.20068359375,1612.645751953125,1500.80322265625,1542.954345703125,22942708340.0,-0.014760143806359038,1542.9752197265625,1113.587158203125,1186.9739990234375,1127.6424560546875,2987.480712890625,2557.931640625,1393.9730573381696,1218.6774437313989,1416.4139455159504,2340.9091956244574,0.07374593920795322,0.05759388932501056,0.05957210047059779,0.04753428741639837,111.842529296875,20954353260.0,16074579293.619047,17629601442.816666,16894930764.622223,-0.173340870927006,0.07632675322022342,0.061035771194631216,0.24389439935041457,1
2022-07-21,1576.74951171875,1595.761962890625,1472.1854248046875,1520.37451171875,20009556587.0,0.037198265160175215,1520.20068359375,1191.5262451171875,1237.5933837890625,1124.8245849609375,2964.835693359375,2405.18115234375,1449.0049525669642,1242.937000093006,1408.6402679443358,2336.3067976209854,0.07312786720762106,0.0567604796698858,0.059598755537896585,0.04742290702588604,123.5765380859375,21428769797.714287,16248807916.952381,17780741995.883335,16854041123.23889,-0.12784679600734528,0.09431975518265756,0.00016126370044688976,0.1999877368362215,1
2022-07-22,1537.4051513671875,1641.209228515625,1523.6417236328125,1576.745361328125,18926100582.0,-0.02495282862569259,1576.74951171875,1233.129150390625,1222.5062255859375,1051.421875,2938.114013671875,2535.0390625,1492.4729527064733,1265.6816580636162,1401.393989054362,2330.764387003581,0.07758852842358754,0.057321958918202284,0.05952251862948219,0.047274239001793054,117.5675048828125,21645148705.857143,16316743486.333334,17822268177.116665,16867622295.855556,-0.05414692725894332,0.1235860507464297,0.05328056712085982,0.213025956012435,1
2022-07-23,1549.2974853515625,1591.632568359375,1495.6781005859375,1536.4573974609375,14998811383.0,0.00773532856566761,1537.4051513671875,1352.62646484375,1216.978271484375,1143.38671875,2922.732666015625,2440.352294921875,1520.568812779018,1288.6714041573662,1394.2325673421224,2325.8140825059677,0.07278607515731425,0.05730720297516209,0.059532237035970825,0.047203472313578104,95.9544677734375,21164405504.0,16557848616.952381,17854629883.383335,16794166777.716667,-0.2075065163045322,0.09467000266706682,0.04725262560329102,0.21938599155599525,1
2022-07-24,1599.4766845703125,1654.4287109375,1548.671142578125,1549.2225341796875,17217849557.0,0.03238835646038862,1549.2974853515625,1338.6357421875,1168.401611328125,1226.8447265625,3009.3935546875,2455.93505859375,1557.8318045479912,1313.7052001953125,1388.476714070638,2321.0559804280597,0.07143449717851594,0.05729735736432187,0.05966616070501491,0.04726721132763212,105.757568359375,21326996621.142857,16970258207.761906,17918851613.833332,16799933847.855556,0.14794760180230737,0.05129218212774522,0.039571200694074715,0.1566295983190913,1
2022-07-25,1445.3834228515625,1605.3369140625,1445.3834228515625,1599.1572265625,20585056021.0,-0.09633979863866915,1599.4766845703125,1578.7178955078125,1097.236572265625,1243.4468994140625,2808.29833984375,2468.0302734375,1538.7840227399554,1327.7206449962798,1382.501215616862,2315.374609035916,0.04505756240215306,0.06138428333244987,0.060224577263047134,0.04779282272193496,159.9534912109375,20347658820.857143,17299504241.57143,17870957850.55,16796351329.416666,0.19556486731126332,0.1313232011165668,0.1464495703378068,0.28529351726912733,1
2022-07-26,1441.8067626953125,1445.151123046875,1362.95166015625,1445.151123046875,18238563509.0,-0.0024745407341075776,1445.3834228515625,1542.9752197265625,1038.191650390625,1199.8316650390625,2888.9296875,2423.001220703125,1524.3313860212054,1342.3523472377233,1377.7826141357423,2309.9235287136503,0.04488017549609555,0.061177651292186414,0.059973247872562134,0.047777013305206,82.199462890625,18988377997.0,17396792109.095238,17750421241.833332,16808084889.005556,-0.1139900960000404,0.13256885514788785,0.17661886123952186,0.2984818496825197,1
2022-07-27,1636.232666015625,1636.7994384765625,1423.618896484375,1443.726806640625,23007524016.0,0.13484879413164408,1441.8067626953125,1520.20068359375,1113.587158203125,1193.6806640625,2936.94091796875,2547.092041015625,1540.9073835100446,1363.745617094494,1375.7541290283202,2304.863198852539,0.07008377952873449,0.06640378300029981,0.06244818386601564,0.04869279222822405,213.1805419921875,18997637379.285713,17760315314.47619,17746967010.9,16854425426.033333,0.2614767607463553,-0.010608610045137246,-0.07850340099513442,0.1369759425867676,0
2022-07-28,1725.4681396484375,1774.576416015625,1604.8909912109375,1636.23193359375,27231399966.0,0.054537154456223425,1636.232666015625,1576.74951171875,1191.5262451171875,1144.5792236328125,2815.601806640625,2597.084716796875,1562.1529017857142,1386.977748325893,1374.3114145914712,2300.0208845350476,0.07139107148652737,0.06667981432171755,0.06271689150218979,0.048845800351786095,169.6854248046875,20029329290.57143,18379391698.857143,18023447741.983334,16943643966.616667,0.18358672350239047,-0.06795971852917237,-0.13565774686797738,0.08651375819019913,0
2022-07-29,1727.406982421875,1759.884033203125,1662.7911376953125,1725.6239013671875,23249531113.0,0.0011236618798609044,1725.4681396484375,1537.4051513671875,1233.129150390625,1098.94384765625,2730.186767578125,2603.466552734375,1589.2960205078125,1411.0206415085565,1369.8275095621746,2295.1538869222004,0.06961053872294636,0.0664414451091353,0.06130909272637281,0.04884536153541935,97.0928955078125,20646962223.57143,18709563224.142857,18084593115.45,17020023466.26111,-0.14622343537135796,0.0028063197030749887,-0.1718527377517134,0.08895521831163178,1
2022-07-30,1695.969482421875,1738.016845703125,1678.1080322265625,1727.0618896484375,15576977870.0,-0.018199243328242076,1727.406982421875,1549.2974853515625,1352.62646484375,1067.298828125,2827.756103515625,2688.27880859375,1610.2491629464287,1433.8297467912946,1365.7215342203776,2289.641057332357,0.07097630601830021,0.06674594275797936,0.06125451790011743,0.04879643966039754,59.9088134765625,20729557436.0,19031259641.57143,18038157487.283333,17030016484.35,-0.3300089453722309,-0.0025421456057279634,-0.08427753588003262,0.09768708583698338,0
2022-07-31,1681.517333984375,1745.8831787109375,1672.61279296875,1695.884765625,14200735370.0,-0.008521467271251915,1695.969482421875,1599.4766845703125,1338.6357421875,1059.767333984375,2857.410400390625,2792.1171875,1621.9692557198662,1458.2638288225446,1363.3540008544921,2283.471058146159,0.07100231223187725,0.06572854284623517,0.06074497927931973,0.04870699320930002,73.2703857421875,20298541123.57143,19184410943.04762,17924206447.45,17035604757.322222,-0.08835105958842837,0.010605597535823907,-0.0937715381281583,0.10386156360186116,1
2022-08-01,1635.19580078125,1700.1708984375,1613.416015625,1681.445556640625,16191371176.0,-0.027547461014490793,1681.517333984375,1445.3834228515625,1578.7178955078125,1066.5128173828125,2783.476318359375,2682.85400390625,1649.0853097098213,1483.8809349423364,1360.0380889892579,2277.6507347954644,0.05740550029660198,0.06407125349284377,0.06084772372476559,0.04866480103038021,86.7548828125,19670871860.0,19380943836.666668,17909645277.816666,17048466257.094444,0.14017836077738277,0.08581254454846254,-0.04984777004617358,0.14468989790918219,1
2022-08-02,1632.9454345703125,1672.6297607421875,1567.85107421875,1634.6458740234375,20426082309.0,-0.0013762059625289647,1635.19580078125,1441.8067626953125,1542.9752197265625,1073.7669677734375,2940.644775390625,2679.16259765625,1676.390834263393,1512.2025437127977,1357.6692026774087,2271.8384172227647,0.057338133996313496,0.06199608125561611,0.06070199626774235,0.04866480102413605,104.7786865234375,19983374545.714287,19754410496.47619,18002113286.116665,17091080575.116667,0.26154123001497176,0.04291606342755139,-0.028640685578155356,0.12624076882496627,1
2022-08-03,1618.87451171875,1678.0982666015625,1595.634521484375,1633.05126953125,16786218830.0,-0.008616897144064772,1632.9454345703125,1636.232666015625,1520.20068359375,1151.05908203125,2749.213134765625,2983.5869140625,1673.911097935268,1536.2638462611608,1354.6236195882161,2264.2566816541885,0.026469581036016716,0.06131147602565876,0.06068260489160051,0.047895106499895715,82.4637451171875,19094616662.0,19682202433.761906,18137251078.733334,17078852770.122223,-0.17819684773306865,0.14384571650045008,-0.025730254218500948,0.1335878484250277,1
2022-08-04,1608.205810546875,1658.5115966796875,1585.3265380859375,1618.88671875,14467440626.0,-0.006590196519029812,1618.87451171875,1725.4681396484375,1576.74951171875,1134.541015625,2694.979736328125,3014.648193359375,1657.1593366350446,1556.1057303292412,1351.3403004964193,2256.4431128607857,0.009907588546029158,0.06044060751423417,0.06068799366027535,0.047886764442106315,73.18505859375,17271193899.142857,19576430995.809525,18230868656.883335,17086438029.394444,-0.13813582602985763,0.16976577795974657,-0.031919502806271094,0.136491908335713,1
2022-08-05,1732.254638671875,1732.254638671875,1606.4970703125,1607.52392578125,18546491876.0,0.07713492098552788,1608.205810546875,1727.406982421875,1537.4051513671875,1186.9739990234375,2636.093017578125,3057.47607421875,1657.8518589564733,1579.8736107235864,1349.2230499267578,2249.080771552192,0.03470451893412322,0.06178736502371988,0.06138589716901819,0.048236692277691014,125.757568359375,16599331151.0,19630480693.47619,18264668990.616665,17136885106.36111,0.2819469839516313,0.12988380360843732,-0.08925537484946056,0.059306105507648255,1
2022-08-06,1691.6580810546875,1744.326416015625,1691.6580810546875,1732.6611328125,11757911705.0,-0.023435675512644583,1732.254638671875,1695.969482421875,1549.2974853515625,1237.5933837890625,2517.4599609375,3142.470703125,1657.2359444754463,1596.0179734002977,1347.1832122802734,2241.020701429579,0.035237110829920336,0.05965089249146311,0.06137981562744486,0.04821106517044033,52.6683349609375,16053750270.285715,19315904403.42857,18060299573.2,17117778705.916666,-0.3660304178487108,0.1712393716206948,-0.04402476738632233,0.08027860747927029,1
2022-08-07,1699.350830078125,1724.7891845703125,1672.908447265625,1691.7779541015625,10252090340.0,0.00454746092581626,1691.6580810546875,1681.517333984375,1599.4766845703125,1222.5062255859375,2245.430419921875,3122.608642578125,1659.7835867745537,1613.1948823474702,1345.6128550211588,2233.113713582357,0.03504682291181742,0.05945632543992748,0.06136152863709484,0.04821277994173185,51.8807373046875,15489658123.142857,19038398622.61905,17930476478.483334,17079534313.883333,-0.12806877639331615,0.139730518073236,-0.08097344732255729,0.07508044274144776,1
2022-08-08,1775.51611328125,1806.886474609375,1697.407958984375,1699.6934814453125,16841424404.0,0.044820223025767714,1699.350830078125,1635.19580078125,1445.3834228515625,1216.978271484375,2343.510986328125,3239.45703125,1679.829345703125,1622.5662260509673,1345.3743560791015,2224.98070848253,0.035542570594836294,0.046467868330291776,0.061620530039401586,0.04824990950429216,109.478515625,15582522870.0,18533684516.95238,18010948828.666668,17095590513.405556,0.6427307842080525,0.07249274459973543,-0.08200981118771311,0.045221363616487986,1
2022-08-09,1703.0250244140625,1786.12255859375,1675.849853515625,1776.0712890625,16368619692.0,-0.04082817853633558,1775.51611328125,1632.9454345703125,1441.8067626953125,1168.401611328125,2072.108642578125,3077.482177734375,1689.8407156808037,1630.1876453218006,1346.0074025472006,2217.3448354085285,0.04081908009993026,0.04720403759024276,0.061163988815432675,0.04820394115915999,110.272705078125,15002885353.285715,17991545965.333332,17975346816.016666,17083030150.13889,-0.028073914691426283,0.10282548839413663,-0.0397395030571247,0.08882581338454432,1
2022-08-10,1851.74267578125,1869.400634765625,1665.0904541015625,1702.906494140625,23512477984.0,0.08732558197044393,1703.0250244140625,1618.87451171875,1636.232666015625,1097.236572265625,1961.7015380859373,2927.383544921875,1723.1075962611608,1645.9753592354912,1351.3753896077474,2211.3690528021916,0.04990734371443258,0.050151091549176116,0.061135825444348535,0.04853442412274547,204.3101806640625,15963779518.142857,18018677853.142857,18015103298.016666,17124522355.244444,0.43643620698765995,-0.01012183940961442,-0.07163912583401033,-0.0005342307143635372,0
2022-08-11,1881.22412109375,1927.939208984375,1851.828369140625,1851.828369140625,23826986482.0,0.015920919087778707,1851.74267578125,1608.205810546875,1725.4681396484375,1038.191650390625,2014.418212890625,2917.36279296875,1762.1102120535713,1660.4741501581102,1358.642182413737,2205.6127268473306,0.04858418174131061,0.049800745464987826,0.06063581964081294,0.0485512654720018,76.11083984375,17300857497.57143,18200460229.095238,18021135158.016666,17194370303.716667,0.013376237851834283,-0.01818832121600511,-0.05582555771245812,-0.018126352444113425,0
2022-08-12,1957.2464599609373,1957.552978515625,1860.08349609375,1880.899169921875,17168141904.0,0.04041110148161797,1881.22412109375,1732.254638671875,1727.406982421875,1113.587158203125,2056.27392578125,2883.46337890625,1794.2519008091517,1680.4665934244792,1371.186577351888,2200.4670772976347,0.04356889557535763,0.049575641391288894,0.05638165839229743,0.04864405552468045,97.469482421875,17103950358.714285,18116747911.095238,17554557709.983334,17239443516.72222,-0.2794665025319252,-0.1758895276174407,-0.0998578437263915,-0.05536173885069884,0
2022-08-13,1981.3365478515625,2013.7557373046875,1948.59521484375,1957.333984375,16038975216.0,0.012308152490466684,1957.2464599609373,1691.6580810546875,1695.969482421875,1191.5262451171875,2145.706787109375,2933.47900390625,1835.6345389229912,1701.0398821149554,1384.0144724527995,2195.1773969862197,0.0397790886907819,0.04956274955444318,0.05638047515682303,0.04863490549820099,65.1605224609375,17715530860.285713,18166279522.190475,17266410188.166668,17260968089.18889,-0.06577104816083301,-0.20407071383723685,-0.13504585546187875,-0.07169725740859723,0
2022-08-14,1936.802001953125,2022.79150390625,1919.0101318359373,1981.782470703125,14062754456.0,-0.02247702236489202,1981.3365478515625,1699.350830078125,1681.517333984375,1233.129150390625,2022.7259521484373,3179.877197265625,1869.5561349051338,1717.102992466518,1395.7410654703776,2188.271423678928,0.04309805106595154,0.04993021200917015,0.05652275619480681,0.04824125805156058,103.78137207031273,18259911448.285713,18016036898.333332,16875122771.6,17261754181.316666,-0.12321365507370952,-0.1639212639735005,-0.18381540174314315,-0.047819142506101975,0
2022-08-15,1904.2281494140625,2007.2103271484373,1881.8568115234373,1936.760498046875,20349931313.0,-0.016818369924346488,1936.802001953125,1775.51611328125,1635.19580078125,1352.62646484375,2090.4091796875,3127.830078125,1887.943568638393,1738.9527413504463,1409.682689412435,2181.4736351860893,0.043391772218959235,0.04411388650363666,0.053426567458592776,0.04824204092653504,125.353515625,18761126721.0,18004840483.666668,16899160437.333334,17306184872.872223,0.44708004229694276,-0.14794565983374908,-0.14151305588785035,-0.04059146493556143,0
2022-08-16,1878.139404296875,1910.745361328125,1862.2734375,1902.8331298828125,15637578930.0,-0.01370043034245405,1904.2281494140625,1703.0250244140625,1632.9454345703125,1338.6357421875,1916.6561279296875,2881.48193359375,1912.9599086216517,1759.7304861886162,1422.8763580322266,2175.899510023329,0.038997585082214035,0.044391913341990406,0.05351421354431901,0.04790320386195429,48.471923828125,18656692326.42857,17880984075.142857,16916595310.5,17304948054.627777,-0.23156600926655913,-0.11467173647664675,-0.21640881498023035,-0.0385915691422396,0
2022-08-17,1832.9996337890625,1951.6756591796875,1823.5322265625,1877.934326171875,20308508124.0,-0.02403430246154259,1878.139404296875,1851.74267578125,1618.87451171875,1578.7178955078125,2018.336181640625,2785.7275390625,1910.2823311941963,1769.100341796875,1436.8657389322916,2170.606577216254,0.02443150661771275,0.03529499133419976,0.05221794133995943,0.047873781230093844,128.1434326171875,18198982346.42857,17752459508.857143,16894147002.433332,17330283247.355556,0.29869900033176044,-0.0959849780896066,-0.21852261860784805,-0.08077806420686617,0
2022-08-18,1847.0078125,1876.376953125,1826.957763671875,1833.715576171875,14999352229.0,0.007642215771740624,1832.9996337890625,1881.22412109375,1608.205810546875,1542.9752197265625,1961.315673828125,2763.701171875,1905.394287109375,1774.8879452659971,1448.8549275716146,2165.513836330838,0.023652634737339997,0.03350878717976521,0.04964463652388196,0.04787560881945921,49.419189453125,16937891738.857143,17169981045.190475,16780878173.233334,17359311964.355556,-0.26142520477542097,-0.08151063586797902,-0.20425799540642176,-0.10073738880875738,0
2022-08-19,1612.9873046875,1847.0953369140625,1611.3388671875,1847.0953369140625,25906358731.0,-0.12670250024321428,1847.0078125,1957.2464599609373,1732.254638671875,1520.20068359375,1974.518310546875,2628.6484375,1856.2144077845983,1769.4393891834077,1456.9440083821614,2159.8712744818795,0.04653262312642304,0.04398510267865239,0.05265575769909601,0.04865466478828961,235.7564697265625,18186208428.42857,17296496646.04762,16883655961.6,17438561524.894444,0.7271651692339227,-0.0652233699965914,-0.17213911251384184,0.035018638383870204,0
2022-08-20,1577.0037841796875,1652.21875,1534.298828125,1612.650634765625,18334580263.0,-0.022308619790894157,1612.9873046875,1981.3365478515625,1691.6580810546875,1576.74951171875,2043.170166015625,2573.816162109375,1798.4525844029017,1763.7743559337798,1464.4803283691406,2154.3334279378255,0.043491389382496276,0.04406833827355069,0.052780288604474125,0.04865800101052877,117.919921875,18514152006.57143,17427811045.714287,16928697475.333334,17436829233.355556,-0.2922749023366019,-0.05428570654506626,-0.12648187933645616,0.06838808358196946,0
2022-08-21,1619.3189697265625,1640.9365234375,1569.0465087890625,1576.5435791015625,15849221752.0,0.02683264680235764,1577.0037841796875,1936.802001953125,1699.350830078125,1537.4051513671875,1972.181884765625,2639.29931640625,1753.097865513393,1760.8125290643602,1473.9452799479166,2148.6668704562717,0.048808026518966215,0.0445006532038524,0.05197679286111011,0.04866241863880582,71.8900146484375,18769361620.285713,17506310397.238094,16942674612.983334,17433990462.494446,-0.13555578995258288,-0.11657468971489193,-0.1821326073779117,0.02961125889254812,0
2022-08-22,1622.505859375,1622.77880859375,1535.0147705078125,1619.1668701171875,18557078599.0,0.0019680431761850414,1619.3189697265625,1904.2281494140625,1775.51611328125,1549.2974853515625,1978.9827880859373,2590.359619140625,1712.8518240792412,1760.2082461402529,1481.9305989583333,2143.2899051242402,0.04978542773678068,0.0440788277182598,0.05093729591175484,0.048646368340193175,87.7640380859375,18513239804.0,17618963131.666668,17007661540.983334,17462737358.933334,0.17085109220951478,-0.04281556547730114,-0.22797949797947092,0.007017983130357619,0
2022-08-23,1662.7698974609375,1666.676513671875,1569.4285888671875,1622.9393310546875,18322041914.0,0.024815958508431768,1622.505859375,1878.139404296875,1703.0250244140625,1599.4766845703125,1944.827880859375,2598.067138671875,1682.084751674107,1761.6284586588542,1489.1960184733073,2138.0938093397353,0.052823241088948154,0.04439039304856018,0.05025607514828862,0.048684603622303056,97.2479248046875,18896734516.0,17518770731.904762,17030003028.65,17401680132.533333,-0.012665608099146852,-0.08355397249227703,-0.20152501088176544,0.009925917366416792,0
2022-08-24,1657.0592041015625,1686.5577392578125,1610.0992431640625,1662.6954345703125,16780932907.0,-0.0034344459615821554,1662.7698974609375,1832.9996337890625,1851.74267578125,1445.3834228515625,1803.913330078125,2764.53564453125,1656.950404575893,1763.44677734375,1496.0895568847657,2131.941162448459,0.0528728564042509,0.044343851766594194,0.05026237223749424,0.048437625318126426,76.45849609375,18392795199.285713,17518519021.285713,17101652807.366667,17399302526.194443,-0.08411229568372658,-0.06238417270925045,-0.198423618059838,0.0017412630577233745,0
2022-08-25,1696.45703125,1718.1832275390625,1656.8560791015625,1657.3365478515625,14818795695.0,0.023775751072091955,1657.0592041015625,1847.0078125,1881.22412109375,1441.8067626953125,1724.9228515625,2781.11181640625,1635.443150111607,1767.6492164248511,1504.3666463216146,2125.9153025309247,0.05425751047067271,0.04454210651250301,0.050020692007851364,0.048471460093722794,61.3271484375,18367001408.714287,17535250215.04762,17147022605.216667,17416492233.66111,-0.11692658703030234,-0.06500622851392956,-0.22309067553471962,-0.02565462717566247,0
2022-08-26,1507.7828369140625,1698.56103515625,1498.771240234375,1696.3245849609375,26713710143.0,-0.11121660664574373,1696.45703125,1612.9873046875,1957.2464599609373,1636.232666015625,1757.9417724609375,2621.8017578125,1620.4139404296875,1756.9600830078125,1509.6016825358072,2119.7263085259333,0.04877959188900053,0.04781901361115114,0.05228025872296377,0.04898179120362238,199.789794921875,18482337324.714287,17924165370.61905,17384047353.433334,17475174749.711113,0.8026910346036726,0.04605280042345394,-0.14164244001885729,0.09187259755838784,1
2022-08-27,1491.39501953125,1517.1500244140625,1454.282958984375,1508.156982421875,18120831899.0,-0.010868818096081423,1507.7828369140625,1577.0037841796875,1981.3365478515625,1725.4681396484375,1812.031005859375,2919.201171875,1608.184116908482,1747.4237467447917,1515.3819458007813,2111.7940521240234,0.048430618981613854,0.04766113999929322,0.05197050927452107,0.04821738563116971,62.8670654296875,18451801844.142857,18227161570.333332,17452341124.233334,17468812011.744446,-0.3216654743201838,0.04390363403076969,-0.10465022818073866,0.11138433467774278,1
2022-08-28,1430.54736328125,1505.7919921875,1430.54736328125,1491.206787109375,12823572918.0,-0.040799154786720804,1491.39501953125,1619.3189697265625,1936.802001953125,1727.406982421875,1996.4412841796875,2972.485107421875,1581.2167445591517,1734.6235816592261,1520.908671061198,2103.227731323242,0.047318613281413166,0.04823746233556812,0.051984449342995134,0.04827584034340648,75.24462890625,18019566296.42857,18349613121.666668,17409629225.95,17435846162.47778,-0.29232978985320923,0.10282374569120134,-0.0701966815723194,0.1551224656209158,1
2022-08-29,1553.037353515625,1556.3095703125,1427.7283935546875,1430.439453125,17965837488.0,0.08562456118434225,1430.54736328125,1622.505859375,1904.2281494140625,1695.969482421875,1942.3280029296875,2950.118408203125,1571.2926722935267,1724.0293550037202,1529.0043131510417,2095.4661699083117,0.061276814770212615,0.051163059611833414,0.0527896572889379,0.04872305160286889,128.5811767578125,17935103280.57143,18403156601.857143,17436547259.133335,17443231273.505554,0.40100092251060415,0.041303497226405916,-0.1388417763137727,0.11376954591093158,1
2022-08-30,1523.8388671875,1600.461181640625,1480.831787109375,1553.18896484375,21835784470.0,-0.018800891209749815,1553.037353515625,1662.7698974609375,1878.139404296875,1681.517333984375,1823.5693359375,2834.468994140625,1551.4453822544642,1715.4966808500744,1536.738838704427,2088.1848914252387,0.05999290385638142,0.050616279384598964,0.052866703832865285,0.04866058654610671,119.62939453125,18437066502.857143,18663497781.761906,17508819439.883335,17491812299.85,0.21540587710341197,0.024877740543997717,-0.12349502791251787,0.11895832251887484,1
2022-08-31,1553.6849365234375,1612.35888671875,1524.2864990234375,1524.2864990234375,20591680941.0,0.019586105840063928,1523.8388671875,1657.0592041015625,1832.9996337890625,1635.19580078125,1834.1505126953125,2617.156005859375,1536.6776297433037,1701.303455171131,1544.8583740234376,2082.276718817817,0.061086053033564625,0.04649415625141895,0.05288977571126284,0.048366292743669784,88.0723876953125,18981459079.142857,18524412208.285713,17686420728.233334,17525671977.166668,-0.05697544462894211,0.049058489115193504,-0.14527160141821982,0.05918460137650006,1
2022-09-01,1586.1767578125,1593.082763671875,1520.1883544921875,1553.75634765625,16434276817.0,0.020912747832753542,1553.6849365234375,1696.45703125,1847.0078125,1632.9454345703125,1775.07861328125,2664.8310546875,1520.923304966518,1687.2535807291667,1553.3985371907552,2076.284194946289,0.06085065473587226,0.04663110861731333,0.05291734503033166,0.048372919879783975,72.8944091796875,19212242096.57143,18172378414.714287,17817704539.35,17572127023.95,-0.20189726792639895,0.030999633675954152,-0.17307803010013878,0.026677009933846252,1
2022-09-02,1577.220458984375,1643.1832275390625,1551.8779296875,1586.0179443359375,17708478709.0,-0.005646469590486647,1586.1767578125,1507.7828369140625,1612.9873046875,1618.87451171875,1801.6094970703125,2555.037353515625,1530.8429652622767,1669.1571044921875,1560.5012268066407,2070.8518788655597,0.040749895904412296,0.0453546942601942,0.05226843772263218,0.04828326143811281,91.3052978515625,17925780463.142857,18198108738.761906,17884997695.983334,17621213146.738888,0.07753318908939977,0.08994620214711557,-0.19092255075039144,0.03791792789648141,1
2022-09-03,1556.8726806640625,1579.454345703125,1541.672119140625,1577.2137451171875,9516825994.0,-0.01290103625298844,1577.220458984375,1491.39501953125,1577.0037841796875,1608.205810546875,1805.2049560546875,2497.771240234375,1540.1969168526787,1648.9445393880208,1567.540087890625,2065.624664645725,0.04090655208285153,0.04508961145138814,0.05225893399297913,0.048265458293287544,37.7822265625,16696636762.428572,17887530204.38095,17773686157.7,17593006075.97778,-0.46258364987822176,0.14087924941553176,-0.14993741914728675,0.05090011283606488,1
2022-09-04,1577.6416015625,1578.00927734375,1543.6988525390625,1556.8958740234375,8884144998.0,0.013340153730219573,1556.8726806640625,1430.54736328125,1619.3189697265625,1732.254638671875,1859.2896728515625,2576.74755859375,1561.2103794642858,1631.8416631789435,1574.0512145996095,2060.074075995551,0.03510135935684725,0.04528720925528022,0.052008357776273356,0.04821468108704436,34.3104248046875,16133861345.285715,17640929754.0,17665529629.283333,17565012865.394444,-0.06648025259670409,0.11673021748617307,-0.13660581366198188,0.032969257291063814,1
2022-09-05,1617.1832275390625,1621.661376953125,1559.7818603515625,1577.884033203125,13060541168.0,0.025063757153335864,1577.6416015625,1553.037353515625,1622.505859375,1691.6580810546875,1814.04833984375,2729.783447265625,1570.3740757533483,1618.1728573753721,1580.3777119954427,2053.892963663737,0.017945390651463684,0.045830837931186606,0.05184800589102127,0.04803982515670947,61.8795166015625,15433104728.142857,17293815937.57143,17646025383.85,17558828841.894444,0.4700954532980035,0.05972238000326846,-0.16346080322525003,0.010169637374494833,1
2022-09-06,1561.74853515625,1680.5953369140625,1561.74853515625,1617.240234375,22946059125.0,-0.0342785476863805,1617.1832275390625,1523.8388671875,1662.7698974609375,1699.350830078125,1793.572265625,2608.048583984375,1575.7897426060267,1603.1066255115327,1586.0317504882812,2048.080185614692,0.02199737201061667,0.046206289116703714,0.052055660753950454,0.04799455561146109,118.8468017578125,15591715393.142857,17641838804.0,17756527551.233334,17612459852.516666,0.7568995671650105,0.012191097530968698,-0.134489681131019,0.045144133381648244,1
2022-09-07,1629.9063720703125,1651.0511474609375,1500.013671875,1560.90673828125,19560363854.0,0.04364200470163615,1561.74853515625,1553.6849365234375,1657.0592041015625,1775.51611328125,1789.8260498046875,2559.56298828125,1586.6785191127233,1593.4355178106398,1592.913885498047,2042.9154266357423,0.02633887371324289,0.04735492167521284,0.052271013087673304,0.04809618996819109,151.0374755859375,15444384380.714285,17606212886.38095,17935511063.733334,17652337320.694443,-0.14755018509087892,0.002974792230759471,-0.18245796776604417,0.010854546515317809,1
2022-09-08,1635.34765625,1655.0640869140625,1603.0638427734375,1629.80517578125,17621046717.0,0.0033384029125402837,1629.9063720703125,1586.1767578125,1696.45703125,1703.0250244140625,1665.042236328125,2574.754150390625,1593.7029331752233,1583.3564627511162,1600.6963195800781,2037.6965016682943,0.025637943707638815,0.04730919751045343,0.051921315782043724,0.04809438308978691,52.000244140625,15613922937.857143,17731055481.04762,18046119208.366665,17713937599.266666,-0.09914524859942309,-0.10007301761141196,-0.19558359150505555,0.0004831762407171425,0
2022-09-09,1719.08544921875,1735.809814453125,1632.8365478515625,1635.187744140625,20242323690.0,0.05120488762662756,1635.34765625,1577.220458984375,1507.7828369140625,1851.74267578125,1529.6634521484375,2518.944580078125,1613.9693603515625,1588.4087553478423,1611.0604675292968,2033.2528398301865,0.030395464880215318,0.039677362580775144,0.05145415051510345,0.04822899643482539,102.9732666015625,15975900792.285715,17461339526.714287,18182421596.366665,17778439395.43889,0.14875830108725085,-0.1667384803022819,-0.23063495846123216,-0.04881845503448612,0
2022-09-10,1776.2037353515625,1784.497802734375,1710.2969970703125,1718.9613037109375,13130928217.0,0.03322597265817717,1719.08544921875,1556.8726806640625,1491.39501953125,1881.22412109375,1445.216552734375,2590.696044921875,1645.3023681640625,1597.8944673084077,1623.3606689453125,2028.727882554796,0.028863282743651696,0.03970073152042832,0.050883055805310495,0.048246456938996755,74.2008056640625,16492201109.857143,17213546572.142857,18191549025.766666,17788920114.205555,-0.35131319812424167,-0.1725376599729731,-0.2729788701695407,-0.0897278137398706,0
2022-09-11,1761.800048828125,1782.7298583984375,1730.164794921875,1775.97607421875,12464301922.0,-0.008109253593359123,1776.2037353515625,1577.6416015625,1430.54736328125,1957.2464599609373,1204.582763671875,2620.149658203125,1671.6107177734375,1604.6792805989583,1634.164217122396,2023.9592736138238,0.03068993459857002,0.03953550630785934,0.05026922552553657,0.04824056126627264,52.5650634765625,17003652099.0,17052359913.571428,18094244255.35,17786715649.25,-0.0507676444485432,-0.24206546455103994,-0.2737111771310997,-0.11928842529855532,0
2022-09-12,1713.7652587890625,1778.1634521484375,1698.29345703125,1762.0848388671875,17688391310.0,-0.02726460932443109,1761.800048828125,1617.1832275390625,1553.037353515625,1981.3365478515625,1211.662841796875,2772.0556640625,1685.4081508091517,1609.0249662853423,1642.8682006835938,2018.0798824734159,0.03435339269461913,0.04014944460545928,0.049831940194840205,0.0480761129154392,79.8699951171875,17664773547.857143,17010993852.190475,18110906763.466667,17785456102.255554,0.4191241050394703,-0.19619015803290296,-0.24440855278786167,-0.0708007206981327,0
2022-09-13,1580.7879638671875,1745.779052734375,1564.0318603515625,1713.9625244140625,23066821734.0,-0.07759364606085906,1713.7652587890625,1561.74853515625,1523.8388671875,1936.802001953125,1233.2064208984375,2814.8544921875,1688.1280691964287,1605.1210646856398,1648.6625142415364,2011.2239573160807,0.04550269602647114,0.043496908710815595,0.05087999444738623,0.04839190665883384,181.7471923828125,17682025349.142857,17236935748.38095,18205162988.616665,17843131416.366665,0.30406554953131004,-0.16219745224159576,-0.1851380888452847,0.01720696396048904,0
2022-09-14,1634.7550048828125,1642.1572265625,1564.0318603515625,1574.858154296875,17897150206.0,0.03413932940354747,1580.7879638671875,1629.9063720703125,1553.6849365234375,1904.2281494140625,1067.730712890625,2945.343017578125,1688.8207310267858,1604.0589599609375,1653.364656575521,2003.9429128011068,0.04419844816534786,0.04418016319862945,0.049595743515248945,0.04833219157032994,78.1253662109375,17444423399.42857,17290088953.095238,18197381928.783333,17854610700.327778,-0.22411720121719303,-0.23376421277527715,-0.20635072823427092,-0.004759514193379277,0
2022-09-15,1471.6934814453125,1648.9456787109375,1466.139404296875,1635.0830078125,26946275878.0,-0.09974676508128455,1634.7550048828125,1635.34765625,1586.1767578125,1878.139404296875,1086.519287109375,2946.257080078125,1665.4415631975446,1593.355933779762,1655.5822855631511,1995.7508928087022,0.05831602292983866,0.04887243411310057,0.051356528742912806,0.04887667340464298,182.8062744140625,18776598993.857143,17867588009.42857,18378491331.133335,17939998548.983334,0.5056182446837985,-0.09785550284739364,-0.1337382952532048,0.1154771027776531,0
2022-09-16,1432.44775390625,1480.564208984375,1415.581298828125,1471.9283447265625,16764804299.0,-0.026667052639602784,1471.6934814453125,1719.08544921875,1577.220458984375,1832.9996337890625,993.6367797851562,2860.459228515625,1624.4933210100446,1589.7685488746279,1653.1444498697917,1987.8174957275392,0.05088029659387932,0.04284576872670513,0.045960489013230306,0.04886959111775236,64.98291015625,18279810509.42857,17393830588.285713,18200564392.4,17962665643.27778,-0.3778433660034095,-0.07273440314856594,-0.08806682317233838,0.14155764161610107,0
2022-09-17,1469.74169921875,1473.0604248046875,1415.0423583984375,1432.87646484375,10798098671.0,0.026035117309375133,1432.44775390625,1776.2037353515625,1556.8726806640625,1847.0078125,1127.656494140625,2897.9765625,1580.7130301339287,1588.7374383835565,1651.9238911946616,1979.8828575981988,0.04957467523594701,0.04319989219459652,0.04599390800181918,0.04890233473624703,58.01806640625,17946549145.714287,17045129006.0,17917973882.316666,17938176657.572224,-0.35590666741966726,-0.10324835524949738,-0.09391315238946041,0.1042054051935013,0
2022-09-18,1335.3291015625,1469.7054443359375,1331.4947509765625,1469.7054443359375,15762284723.0,-0.09145321094699688,1469.74169921875,1761.800048828125,1577.6416015625,1612.9873046875,1127.6424560546875,2973.131103515625,1519.788609095982,1584.2032354445685,1648.8426981608072,1970.7839575873481,0.05444282848322782,0.046862736292429236,0.04746017742786684,0.04930123108379883,138.210693359375,18417689545.857143,17185067663.38095,17798300155.366665,17932241910.31111,0.45972779127607954,-0.030788144015878594,-0.018633668695612116,0.22617491372167287,0
2022-09-19,1377.5413818359375,1388.272216796875,1287.4208984375,1335.270751953125,18712714223.0,0.031611892696747024,1335.3291015625,1713.7652587890625,1617.1832275390625,1577.0037841796875,1124.8245849609375,3031.067138671875,1471.756626674107,1575.8462844122023,1645.5225626627605,1961.597703382704,0.060499957352380326,0.043135093426812474,0.04738932258085802,0.04934069619155062,100.851318359375,18564021390.57143,17220633222.190475,17776686115.966667,17947263835.672222,0.1871828578058099,-0.03064967191764445,-0.06663837497083469,0.19310003997405722,0
2022-09-20,1324.38818359375,1381.9656982421875,1319.201416015625,1377.6190185546875,14722317220.0,-0.03858555462874502,1377.5413818359375,1580.7879638671875,1561.74853515625,1619.3189697265625,1051.421875,3108.06201171875,1435.1280866350446,1566.3486328125,1641.9722798665364,1951.688404337565,0.05698267156727184,0.04366941250039251,0.04753792422089597,0.049364327190553364,62.7642822265625,17371949317.142857,16881896686.47619,17706623059.933334,17928662802.63889,-0.21324522757341957,0.004333700665880791,-0.031099081349104662,0.22538893438044605,1
2022-09-21,1252.6077880859375,1384.4769287109375,1229.4267578125,1324.215576171875,20643507800.0,-0.054198909652784066,1324.38818359375,1634.7550048828125,1629.9063720703125,1622.505859375,1143.38671875,3106.67138671875,1380.5356270926338,1552.0116257440477,1637.027451578776,1941.3880510118272,0.05161278531389722,0.04449198093870301,0.04800722952760605,0.049508085016702105,155.0501708984375,17764286116.285713,16884364632.142857,17800701333.55,17948735046.91111,0.4021914819194474,0.0677012400789252,0.03779205549983944,0.26480692672113837,1
2022-09-22,1327.68017578125,1336.1578369140625,1240.96826171875,1251.5673828125,18461527259.0,0.05993287636350053,1252.6077880859375,1471.6934814453125,1635.34765625,1662.7698974609375,1226.8447265625,3143.178955078125,1359.9622977120537,1539.7022646949404,1632.497509765625,1931.3019466824003,0.05404636756083726,0.04657977929160397,0.04847486193653697,0.04972245445141672,95.1895751953125,16552179170.714285,16980900367.47619,17821429295.25,18001985638.683334,-0.10569814791844634,0.006004584623747089,-0.010078467457299123,0.20003924108405435,1
2022-09-23,1328.259521484375,1353.288330078125,1270.1983642578125,1327.481201171875,18771106339.0,0.00043635938360231386,1327.68017578125,1432.44775390625,1719.08544921875,1657.0592041015625,1243.4468994140625,3291.57763671875,1345.0782645089287,1527.8469819568452,1630.5454447428385,1920.394623819987,0.05390248533541498,0.046609980160287945,0.046863564906654206,0.04957775364027782,83.0899658203125,16838793747.857143,17031501683.190475,17791196800.55,18031648080.377777,0.016768877008757732,-0.00021146755172407605,0.026491434415374382,0.19995961806074414,0
2022-09-24,1317.9932861328125,1346.2552490234375,1312.6402587890625,1328.24462890625,12098209717.0,-0.0077290884691642026,1328.259521484375,1469.74169921875,1776.2037353515625,1696.45703125,1199.8316650390625,3336.634521484375,1323.3999197823662,1516.4717726934523,1628.4818868001303,1909.179950290256,0.051660891456518386,0.04659138381540387,0.046872571754338,0.04956125013428762,33.614990234375,17024523897.285715,17154424717.619047,17688857570.683334,17984302296.75,-0.35548765754610756,-0.004817078372040484,0.020489671159611866,0.19943964069281828,0
2022-09-25,1294.216796875,1333.371337890625,1275.627685546875,1317.9384765625,11802651633.0,-0.018039916825051683,1317.9932861328125,1335.3291015625,1761.800048828125,1507.7828369140625,1193.6806640625,3401.98779296875,1317.5267333984375,1502.975353422619,1622.7816223144532,1897.4701114230686,0.039374539527196405,0.04641465397986814,0.04342397139554488,0.04954091009866478,57.74365234375,16458862027.285715,17293401224.04762,17502109697.633335,17941354118.955555,-0.024429902515633484,-0.0140032883666672,0.12938219377368365,0.22724637774112288,0
2022-09-26,1335.3201904296875,1335.5263671875,1282.04931640625,1294.3861083984375,16034549271.0,0.031759279939756135,1294.216796875,1377.5413818359375,1713.7652587890625,1491.39501953125,1144.5792236328125,3385.157958984375,1311.4951346261162,1489.5533040364583,1616.2791564941406,1886.082123819987,0.039396662623717764,0.04667780105766899,0.04301043894035156,0.04961300542147461,53.47705078125,16076267034.142857,17435020657.52381,17315495519.383335,17945421025.288887,0.35855482052589704,-0.008897477571644719,0.17317678682483306,0.1932847625223022,0
2022-09-27,1330.127685546875,1396.8914794921875,1308.991455078125,1335.3370361328125,17870598937.0,-0.003888584116399585,1335.3201904296875,1324.38818359375,1580.7879638671875,1430.54736328125,1098.94384765625,3281.642822265625,1312.3150634765625,1478.5237397693452,1609.6578348795572,1875.2403730604383,0.036352067943805376,0.04629238093018173,0.04300650259300913,0.04957275821872493,87.9000244140625,16526021565.142857,17193332077.142857,17225846649.783333,17946449376.683334,0.1145058482760517,0.024057014762482343,0.13851842524957303,0.20100590965498166,1
2022-09-28,1337.410888671875,1351.9644775390625,1267.8692626953125,1329.5413818359375,18994979566.0,0.005475566897929385,1330.127685546875,1252.6077880859375,1634.7550048828125,1553.037353515625,1067.298828125,3449.55224609375,1324.4297921316963,1464.5953834170386,1603.6818583170573,1863.5062544080947,0.026992406313405982,0.0449523338297429,0.04297717569378215,0.049406567529837644,84.09521484375,16290517531.714285,17166409015.809525,17282813344.716667,17935404880.177776,0.06291790403689479,0.011534427947247572,0.16305162343796642,0.23588248340874052,1
2022-09-29,1335.65234375,1348.107666015625,1293.193359375,1337.554443359375,13796915736.0,-0.0013148875463555587,1337.410888671875,1327.68017578125,1471.6934814453125,1523.8388671875,1059.767333984375,3445.059326171875,1325.5686732700892,1450.3241780598958,1597.917441813151,1851.787326727973,0.015462002366789787,0.044903089764865144,0.04297161684864485,0.04940656371058477,54.914306640625,15624144457.0,16984307540.52381,17276083017.483334,17881101321.961113,-0.2736546155229489,0.012021937431089036,0.2126647281437266,0.2487859250658766,1
2022-09-30,1327.9786376953125,1368.743408203125,1320.3831787109375,1335.646484375,14250100093.0,-0.005745287005705868,1335.65234375,1328.259521484375,1432.44775390625,1553.6849365234375,1066.5128173828125,3522.83349609375,1325.5285470145088,1431.7000441778273,1592.7971557617188,1839.5936886257596,0.015671796561799935,0.04277961381938281,0.04285169739317465,0.04936644945457486,48.3602294921875,14978286421.857143,16698963559.714285,17243728499.433334,17875080718.872223,0.032846787330701455,0.0034174722012103587,0.19789827941516713,0.258425262122177,1
2022-10-01,1311.6444091796875,1332.5164794921875,1306.1025390625,1328.1937255859375,6227961237.0,-0.012300068730000668,1327.9786376953125,1317.9932861328125,1469.74169921875,1586.1767578125,1073.7669677734375,3521.2412109375,1324.6215645926338,1409.5781715029761,1587.442138671875,1827.318150838216,0.01613936490460033,0.04154505157302253,0.0428698756461917,0.04936934303107791,26.4139404296875,14139679496.142857,16370250846.380953,17007093148.233334,17808514004.95,-0.5629531584792637,0.002939881475936046,0.19904027839576588,0.32186011137654735,1
2022-10-02,1276.093505859375,1316.330078125,1275.3360595703125,1311.75341796875,7578351650.0,-0.027104071096941795,1311.6444091796875,1294.216796875,1335.3291015625,1577.220458984375,1151.05908203125,3411.79248046875,1322.0325230189733,1386.4492885044642,1581.729121907552,1815.4531565348307,0.018026975475615634,0.04162878478607101,0.04297926628183487,0.04935815301487589,40.9940185546875,13536208070.0,16137586547.714285,16853628695.233334,17757940940.788887,0.21682704204666514,0.036447754003871236,0.23792228593774611,0.30368782212100176,1
2022-10-03,1323.439208984375,1326.554443359375,1271.15087890625,1276.1634521484375,10153070907.0,0.037102064157215064,1276.093505859375,1335.3201904296875,1377.5413818359375,1556.8726806640625,1134.541015625,3171.69189453125,1320.335239955357,1367.8623337518602,1576.9830118815105,1805.1850860595703,0.019721770116453458,0.04298128466350186,0.04328694965200459,0.049203350089235785,55.403564453125,12695996875.142857,15778761766.619047,16781722533.25,17671943758.944443,0.3397466066383974,-0.02425616702457767,0.1483049479533214,0.25180337540148545,0
2022-10-04,1362.1265869140625,1364.970947265625,1320.07666015625,1323.2783203125,10139774963.0,0.02923245561039156,1323.439208984375,1330.127685546875,1324.38818359375,1577.6416015625,1186.9739990234375,3233.274658203125,1324.9065115792412,1357.4498872302827,1570.8142110188803,1794.7898189968532,0.02269349567353057,0.041023331627871536,0.042225763903794754,0.04923446756097336,44.894287109375,11591593450.285715,15163188110.857143,16641610584.7,17635245305.377777,-0.0013095490144595656,-0.06060442848218239,0.12437548959133626,0.2097540350481304,0
2022-10-05,1352.837158203125,1362.4517822265625,1320.8551025390625,1361.972900390625,9774451820.0,-0.006819798394790189,1362.1265869140625,1337.410888671875,1252.6077880859375,1617.1832275390625,1237.5933837890625,3192.073974609375,1327.1102643694196,1344.0252278645833,1565.1671956380208,1784.5718366834853,0.022999776964907674,0.039967611634899904,0.042144538802686676,0.049230286682009114,41.5966796875,10274375200.857143,14776392949.619047,16608552919.95,17592008645.105556,-0.03602872295815862,-0.04282169940523939,0.21603208029421683,0.19118286384896033,0
2022-10-06,1351.70947265625,1380.4049072265625,1349.449951171875,1352.806640625,12033514861.0,-0.0008335707960394068,1352.837158203125,1335.65234375,1327.68017578125,1561.74853515625,1222.5062255859375,3261.916259765625,1329.4041399274554,1338.3117036365327,1559.373173014323,1773.9595767550998,0.022989405453586645,0.03402495030039469,0.04213431405077638,0.04919385210642396,30.9549560546875,10022460790.142857,14066261472.619047,16638243328.633333,17603816437.91111,0.2311191545675857,-0.047040856467558956,0.20437716129857275,0.21759266784934161,0
2022-10-07,1332.5169677734375,1359.328125,1321.74609375,1351.83642578125,10061619355.0,-0.01419869082155445,1351.70947265625,1327.9786376953125,1328.259521484375,1629.9063720703125,1216.978271484375,3211.866943359375,1330.0524727957588,1333.5530947730654,1551.989853922526,1763.5187435574003,0.023671871871920137,0.03370742500410654,0.041687636731103636,0.049192408444250726,37.58203125,9424106399.0,13747062189.571428,16525246577.816668,17601786241.05,-0.1638669606326587,-0.026337262099899617,0.17989847726896513,0.226634459447018,0
2022-10-08,1315.50048828125,1335.954833984375,1307.072998046875,1332.371337890625,5804676208.0,-0.012770178469562854,1332.5169677734375,1311.6444091796875,1317.9932861328125,1635.34765625,1168.401611328125,2981.05224609375,1330.6033412388392,1326.208275204613,1545.531111653646,1754.2656782362196,0.023715611623533753,0.033100826849774986,0.04142285338144854,0.0489312171789222,28.8818359375,9363637109.142857,13509280167.52381,16349180853.083334,17512413304.255554,-0.42308727818097824,-0.03088465914046945,0.19239127812348622,0.24176965233868253,0
2022-10-09,1322.604248046875,1327.6688232421875,1309.3446044921875,1315.460205078125,5486230123.0,0.005400043427506773,1315.50048828125,1276.093505859375,1294.216796875,1719.08544921875,1097.236572265625,3030.37646484375,1337.2477329799108,1325.602329799107,1536.712137858073,1744.7780548095702,0.020311672345014905,0.02650399860552005,0.03969484341019756,0.04891296590200681,18.32421875,9064762605.285715,13019944234.190475,16048743388.733334,17430471763.77222,-0.054860266721013295,-0.012329929539831697,0.007735740496294552,0.19446663123753205,0
2022-10-10,1291.337646484375,1335.6627197265625,1291.337646484375,1322.61865234375,8794491050.0,-0.023640179296771646,1322.604248046875,1323.439208984375,1335.3201904296875,1776.2037353515625,1038.191650390625,3118.34423828125,1332.6617954799108,1321.4973900204614,1526.8806966145833,1734.6280181884765,0.017198217915758044,0.025932458502455253,0.039673493236204456,0.04887542551053977,44.3250732421875,8870679768.571428,12547647892.619047,15798201798.2,17389949638.333332,0.6030116952496636,0.031266785005782394,-0.14803862274141533,0.21402254241046914,1
2022-10-11,1279.57568359375,1296.27392578125,1272.7376708984375,1291.109619140625,9274845260.0,-0.009108355915005362,1291.337646484375,1362.1265869140625,1330.127685546875,1761.800048828125,1113.587158203125,3019.909423828125,1320.8688092912946,1319.3634614490327,1515.5861836751303,1724.9594974093966,0.009436109510643125,0.024662662402140288,0.039215650085084715,0.048832513084723334,23.5362548828125,8747118382.428572,12288244465.952381,15666646854.133333,17353579779.05,0.0546198986694062,0.024126230504725843,0.015543368220132248,0.22404229841511647,1
2022-10-12,1294.9063720703125,1303.0751953125,1277.5274658203125,1279.7322998046875,8355638578.0,0.011981072064065401,1279.57568359375,1352.837158203125,1337.410888671875,1713.7652587890625,1191.5262451171875,3040.91650390625,1312.592982700893,1321.3776797340029,1504.1456807454426,1715.2594411214193,0.01234009773714853,0.021611461863383932,0.03921304526375043,0.048839997274626436,25.5477294921875,8544430776.428572,11703107836.333334,15538591243.5,17337463040.394444,-0.09910749519070683,-0.007075499489860082,-0.00593502580583305,0.18897586726387083,0
2022-10-13,1288.1239013671875,1297.564208984375,1209.2781982421875,1294.9173583984375,17499038202.0,-0.005237807805579919,1294.9063720703125,1351.70947265625,1335.65234375,1580.7879638671875,1233.129150390625,3062.310302734375,1303.5093296595983,1319.4940476190477,1493.3343790690103,1705.4028500027127,0.01213338286654246,0.017042776262050162,0.039155497887829134,0.048833721065897805,88.2860107421875,9325219825.142857,11657275024.095238,15595862639.266666,17385975972.822224,1.0942789756457558,-0.003821816851303894,-0.02550654543824571,0.20492250465324613,0
2022-10-14,1297.422119140625,1339.7447509765625,1285.3782958984375,1288.0487060546875,13113767755.0,0.007218418789969316,1288.1239013671875,1332.5169677734375,1327.9786376953125,1634.7550048828125,1352.62646484375,2993.4033203125,1298.4957798549108,1318.025599888393,1483.2209452311197,1695.9807322184245,0.012645178923932411,0.017141340171804367,0.03916586025290485,0.04881971637588472,54.366455078125,9761241025.142857,11387877948.666666,15475259913.3,17400701953.233334,-0.25060065566910983,0.0019456212091246705,-0.0582716327693833,0.19872847317236841,1
2022-10-15,1274.8717041015625,1300.7459716796875,1268.468505859375,1297.305908203125,6798512624.0,-0.017380939253601735,1297.422119140625,1315.50048828125,1311.6444091796875,1471.6934814453125,1338.6357421875,3057.606689453125,1292.6916678292412,1315.972191220238,1473.166483561198,1686.0766489664713,0.013297416417914291,0.017457852521314588,0.039181648072185535,0.04879490673402669,32.2774658203125,9903217656.0,11135511420.428572,15327942141.533333,17334974905.038887,-0.48157442231597614,0.03092663372128146,-0.02609474815988011,0.22213852515988264,1
2022-10-16,1306.296630859375,1312.634521484375,1275.0054931640625,1275.0054931640625,7491625206.0,0.024649481713894028,1274.8717041015625,1322.604248046875,1276.093505859375,1432.44775390625,1578.7178955078125,3104.1064453125,1290.3620082310267,1316.5474214099702,1464.3881001790364,1676.088816663954,0.017105785792683546,0.01790774676100184,0.039298543045226765,0.04882036664815677,37.6290283203125,10189702667.857143,10930224447.714285,15114327426.233334,17297950405.65,0.10195062072153616,0.04374993341857003,-0.041767255243392754,0.2252456784680421,1
2022-10-17,1331.713623046875,1335.6478271484375,1297.447265625,1306.3095703125,9401189650.0,0.019457289858260562,1306.296630859375,1291.337646484375,1323.439208984375,1469.74169921875,1542.9752197265625,3077.745849609375,1296.1300048828125,1316.3756801060267,1455.799863688151,1666.3886376274957,0.015555627235835512,0.01701630482042864,0.03939166944312785,0.048849170948607315,38.2005615234375,10276373896.428572,10614350180.047619,15021024716.583334,17263805002.233334,0.25489321629045736,0.009975802514492482,-0.08718922895653825,0.17550766779248494,1
2022-10-18,1310.447021484375,1339.0859375,1291.66064453125,1331.669921875,10416747806.0,-0.01596935046278447,1331.713623046875,1279.57568359375,1362.1265869140625,1335.3291015625,1520.20068359375,2987.480712890625,1300.5401960100446,1315.4385056268602,1450.7575256347657,1657.07178378635,0.016728730851567345,0.017355463216995316,0.03602663536633953,0.048819771499314206,47.42529296875,10439502831.571428,10259404888.095238,14762864534.5,17206211428.416668,0.10802443029111752,0.11539450379136573,-0.08366490665924431,0.1932949995631188,1
2022-10-19,1285.7442626953125,1312.4423828125,1283.96533203125,1310.5631103515625,8350692785.0,-0.01885063522910002,1310.447021484375,1294.9063720703125,1352.837158203125,1377.5413818359375,1576.74951171875,2964.835693359375,1299.2313232421875,1312.9781901041667,1445.9032002766928,1647.7434980604385,0.018133061825361722,0.017739563140158617,0.03599765726600326,0.04883242168757842,28.47705078125,10438796289.714285,9752534089.0,14596466409.866667,17159366413.461111,-0.19833973707321217,0.2184123202748134,-0.05712175574682443,0.2191048225750054,1
2022-10-20,1283.200927734375,1307.8551025390625,1275.323974609375,1285.6602783203125,9009111996.0,-0.001978103293734268,1285.7442626953125,1288.1239013671875,1351.70947265625,1324.38818359375,1537.4051513671875,2938.114013671875,1298.528041294643,1310.480503627232,1440.3012329101562,1638.5495364718968,0.01804393576600266,0.01773938615995446,0.03578796602491401,0.048830749246497177,32.5311279296875,9225949688.857143,9524543434.714285,14482464580.6,17158767282.277779,0.07884605839921344,0.18015413268401725,-0.05047858719697196,0.2505187889400875,1
2022-10-21,1299.9464111328125,1305.081298828125,1260.666748046875,1283.1881103515625,10412565245.0,0.013049775009127629,1283.200927734375,1297.422119140625,1332.5169677734375,1252.6077880859375,1549.2974853515625,2922.732666015625,1298.8886544363838,1309.1456356956846,1434.9252421061199,1629.5340572781033,0.018581306616265475,0.018000316012725434,0.035843776534778785,0.048845922627246054,44.41455078125,8840063616.0,9341803680.047619,14346722691.366667,17162743591.533333,0.15578152981371818,0.19657079088202356,-0.12114325250599556,0.25336277665442375,1
2022-10-22,1314.2991943359375,1317.10107421875,1295.9468994140625,1299.90234375,7175324564.0,0.011041057600688076,1299.9464111328125,1274.8717041015625,1315.50048828125,1327.68017578125,1599.4766845703125,3009.3935546875,1304.5211530412946,1309.2720540364583,1429.1173970540365,1620.1168663872613,0.017087115390860063,0.01797934336489486,0.035706176874683034,0.04879546632685967,21.1541748046875,8893893893.142857,9386916219.428572,14160944068.866667,17078536002.366667,-0.3108975170700119,0.23236664323338752,-0.1566965633698374,0.26564022774212326,1
2022-10-23,1363.447021484375,1367.7607421875,1302.9088134765625,1314.24951171875,9909510925.0,0.03739470233280473,1314.2991943359375,1306.296630859375,1322.604248046875,1328.259521484375,1445.3834228515625,2808.29833984375,1312.6854945591517,1313.4317452566963,1424.2238606770834,1612.0899146185982,0.020020976541830857,0.018572266178962744,0.03608999863112031,0.048656816142114576,64.8519287109375,9239306138.714285,9497923803.952381,14046420369.166666,17027744144.177778,0.381054032693928,0.16673644089481243,-0.16742385730674936,0.2947937562749803,1
2022-10-24,1344.99853515625,1368.425537109375,1327.85400390625,1363.4918212890625,13092820173.0,-0.013530768733529763,1363.447021484375,1331.713623046875,1291.337646484375,1317.9932861328125,1441.8067626953125,2888.9296875,1314.5833391462054,1314.4583798363096,1418.3662190755208,1603.5125193277995,0.0202901655404619,0.017203651079098967,0.035949147771561336,0.04860572426675679,40.571533203125,9766681927.714285,9637911864.238094,14017654110.466667,17003708233.8,0.3212377757179776,0.16930571776151293,-0.12029674826115411,0.3267207757908077,1
2022-10-25,1461.6654052734375,1509.9854736328125,1336.9788818359375,1344.7113037109375,25367291294.0,0.0867412618435559,1344.99853515625,1310.447021484375,1279.57568359375,1294.216796875,1636.232666015625,2936.94091796875,1336.1859654017858,1319.1983235677083,1417.5975952148438,1595.31654425727,0.03629669755001294,0.024826084951094854,0.034938583999593154,0.04904333285297395,173.006591796875,11902473854.571428,10363031689.52381,13995213796.316668,17042173604.13889,0.9374963498171618,0.08075663838279779,-0.17629359636404418,0.22285002885009741,1
2022-10-26,1566.566650390625,1584.63671875,1460.4287109375,1461.1331787109375,32705548427.0,0.07176830260791678,1461.6654052734375,1285.7442626953125,1294.9063720703125,1335.3201904296875,1725.4681396484375,2815.601806640625,1376.3034493582588,1329.3759184337798,1418.8504557291667,1588.377460055881,0.03781264991925349,0.028777891575725273,0.03610856439979397,0.049269248633893224,124.2080078125,15381738946.285715,11454988670.809525,14238292405.116667,17119587532.072222,0.28928028018252316,-0.029909265837335552,-0.23467928860775944,0.15158796862603063,0
2022-10-27,1514.3748779296875,1574.4034423828125,1510.8167724609375,1566.8414306640625,22813499245.0,-0.03331602421634816,1566.566650390625,1283.200927734375,1288.1239013671875,1330.127685546875,1727.406982421875,2730.186767578125,1409.3282993861608,1337.1218901134673,1420.2475809733073,1581.622949557834,0.043542001053524904,0.030085287529294003,0.03597277917089908,0.04927930930348744,63.586669921875,17353794267.57143,11968321260.52381,14404791177.233334,17171212850.838888,-0.3024578292603599,0.011335944862381986,-0.2036991851929414,0.17543239393897614,1
2022-10-28,1555.4779052734375,1568.6339111328125,1493.87109375,1514.3231201171875,19974623205.0,0.027141910462713303,1514.3748779296875,1299.9464111328125,1297.422119140625,1337.410888671875,1695.969482421875,2827.756103515625,1445.832798549107,1347.7390776134673,1420.2882568359375,1574.5547373453776,0.04323636741221022,0.03006078277760267,0.03441580881290871,0.04924663835868986,74.7628173828125,18719802547.57143,12440369062.904762,14438270939.183332,17197001145.577778,-0.12443843048857106,0.057612826393616645,-0.23166574782371552,0.14216869171805313,1
2022-10-29,1619.698486328125,1652.3822021484375,1549.983642578125,1555.274658203125,21618154775.0,0.04128672020153079,1555.4779052734375,1314.2991943359375,1274.8717041015625,1335.65234375,1681.517333984375,2857.410400390625,1489.4612688337054,1362.2246965680804,1421.885917154948,1567.6785600450303,0.0429151158935664,0.030521097565163472,0.03471420910301449,0.04934403474349524,102.3985595703125,20783064006.285713,13193391851.809525,14434643777.6,17213714552.41111,0.08228097987793803,0.005105599171576047,-0.277590124632873,0.10856806724462387,1
2022-10-30,1590.7833251953125,1637.037841796875,1579.4852294921875,1619.6978759765625,13930073427.0,-0.017852187537918507,1619.698486328125,1363.447021484375,1306.296630859375,1327.9786376953125,1635.19580078125,2783.476318359375,1521.9378836495537,1374.995128813244,1422.5042236328125,1561.0524878607855,0.04648929779014327,0.031126808126065903,0.034722199522626424,0.0493259071452067,57.5526123046875,21357430078.0,13595479628.190475,14323616985.7,17218736664.677776,-0.3556307847740442,-0.011660031690423733,-0.23503017296979822,0.13785994256926015,0
2022-10-31,1572.7144775390625,1630.452880859375,1555.9189453125,1590.4813232421875,19306919714.0,-0.011358459301194612,1590.7833251953125,1344.99853515625,1331.713623046875,1311.6444091796875,1632.9454345703125,2940.644775390625,1554.4687325613838,1388.3940255301338,1422.279852294922,1553.4528750949435,0.046209833462970806,0.03058807397309877,0.03465828043874352,0.0491363625824647,74.533935546875,22245158583.857143,14096071469.333334,14371494367.316668,17224959830.066666,0.38598836647754586,-0.0026216894447136374,-0.17614505548377224,0.15498331726261072,0
2022-11-01,1579.70458984375,1606.605712890625,1568.0985107421875,1572.6453857421875,14507311208.0,0.004444616238050703,1572.7144775390625,1461.6654052734375,1310.447021484375,1276.093505859375,1618.87451171875,2749.213134765625,1571.3314732142858,1402.6858782087054,1422.3212544759115,1546.955605400933,0.03698226682369182,0.030309465245253228,0.03465265753811679,0.04891243024009191,38.5072021484375,20693732857.285713,14345236514.47619,14318141575.633333,17179761975.4,-0.2485952485998928,-0.15627543285109113,-0.1920806371098236,0.1692627428919382,0
2022-11-02,1519.7117919921875,1613.41064453125,1507.2447509765625,1579.4979248046875,23254218281.0,-0.03797722576567086,1579.70458984375,1566.566650390625,1285.7442626953125,1323.439208984375,1608.205810546875,2694.979736328125,1564.6379220145088,1413.3908982049852,1421.7019063313803,1540.4263390435112,0.0298661146849508,0.03209612559401187,0.03496830664168371,0.04896852219911082,106.1658935546875,19343542836.42857,15054692690.809525,14547098113.75,17192132081.016666,0.6029309599546298,-0.27606681371967456,-0.14832315472800106,0.18484371916286624,0
2022-11-03,1531.541748046875,1556.7596435546875,1517.1016845703125,1519.724853515625,14248351007.0,0.007784341818641627,1519.7117919921875,1514.3748779296875,1283.200927734375,1362.1265869140625,1732.254638671875,2636.093017578125,1567.09033203125,1424.9822242373511,1420.933575439453,1534.289943101671,0.027036065412782334,0.03195039652750174,0.03494027844471543,0.048951150215361575,39.657958984375,18119950231.0,14899898062.47619,14636501547.233334,17197015829.016666,-0.38727886550193336,-0.15153171549744593,-0.18818090303266521,0.19669944900485326,0
2022-11-04,1645.0933837890625,1661.334716796875,1529.2684326171875,1531.3975830078125,20806964347.0,0.074142044046136,1531.541748046875,1555.4779052734375,1299.9464111328125,1352.837158203125,1691.6580810546875,2517.4599609375,1579.892543247768,1441.5379987444196,1421.3987447102866,1529.443462117513,0.037968407060579856,0.03498354270316508,0.036089877809280316,0.04916893126016224,132.0662841796875,18238856108.42857,15266240757.333334,14765608600.216667,17197041909.083332,0.46030683387697646,-0.21753920961547812,-0.22177269423567736,0.12923596113412827,0
2022-11-05,1627.968017578125,1660.4864501953125,1625.9642333984375,1645.156494140625,11006973190.0,-0.010409966011469485,1645.0933837890625,1619.698486328125,1314.2991943359375,1351.70947265625,1699.350830078125,2245.430419921875,1581.0739048549108,1458.3521089099702,1422.502402750651,1526.0131154378255,0.03550762844758107,0.03472354340364595,0.035825788209242544,0.04851719905347753,34.522216796875,16722973024.857143,15466643641.428572,14566623834.633333,17056338606.372223,-0.47099572016198443,-0.22893552146417673,-0.22622757682520067,0.1635103972506946,0
2022-11-06,1572.2347412109375,1634.1324462890625,1572.2347412109375,1627.901123046875,11632744705.0,-0.034234871794410315,1627.968017578125,1590.7833251953125,1363.447021484375,1332.5169677734375,1775.51611328125,2343.510986328125,1578.424107142857,1471.0158284505208,1421.5412089029949,1521.7282474093968,0.03746286891686441,0.0360269102480574,0.035677192163540594,0.048467398396509966,61.897705078125,16394783207.428572,15663839808.047619,14434496848.816668,16908731078.961111,0.05685227938671855,-0.22287735931458907,-0.19118069632889523,0.20836752461053787,0
2022-11-07,1568.59130859375,1604.475341796875,1550.41552734375,1572.0169677734375,15279963349.0,-0.002317359184151657,1572.2347412109375,1572.7144775390625,1344.99853515625,1315.50048828125,1703.0250244140625,2072.108642578125,1577.8350830078125,1482.2957182384673,1420.428603108724,1518.9309288872612,0.03720469097164392,0.036038302577548254,0.035675773821759696,0.04769814252654789,54.059814453125,15819503726.714285,15943781412.761906,14395478792.683332,16739489768.933332,0.31353036076106333,-0.20845905415606347,-0.21430299068475245,0.2037069549179371,0
2022-11-08,1332.8355712890625,1574.7998046875,1259.443115234375,1568.32958984375,42048003440.0,-0.1502977455077471,1568.59130859375,1579.70458984375,1461.6654052734375,1322.604248046875,1851.74267578125,1961.7015380859373,1542.568080357143,1483.361839657738,1413.991105143229,1515.437229071723,0.06772166364553589,0.04985715778191234,0.03999102766848639,0.04883351461909848,315.356689453125,19753888331.285713,17450031681.04762,14758906788.516666,16737181530.255556,1.751839286496184,-0.06084723951052651,-0.03880391504799752,0.4175209818777865,0
2022-11-09,1100.1697998046875,1335.7435302734375,1083.28564453125,1333.1224365234375,38864492427.0,-0.17456449729905577,1332.8355712890625,1519.7117919921875,1566.566650390625,1291.337646484375,1881.22412109375,2014.418212890625,1482.633510044643,1474.5249604724702,1402.7238728841146,1510.3580712212456,0.08934925708375673,0.06297235230033099,0.04539550615055789,0.05047294702467751,252.4578857421875,21983927495.0,18903069759.238094,15187799525.35,16815228173.922222,-0.0757113478061493,0.10492265764639708,0.149172418897074,0.9274852259466784,1
2022-11-10,1299.464599609375,1341.7911376953125,1093.12255859375,1100.107177734375,28581002122.0,0.18114912792558768,1100.1697998046875,1531.541748046875,1514.3748779296875,1279.57568359375,1957.2464599609373,2056.27392578125,1449.4796316964287,1475.2994210379463,1395.0182820638022,1506.1535749647353,0.12296340166873536,0.07499868094379196,0.05147701661944332,0.05226222772026026,248.6685791015625,24031449082.857143,19835064527.142857,15456411195.35,16888139048.955555,-0.2645986004915849,-0.07592050286635854,-0.025456980009983865,0.5993431414342634,0
2022-11-11,1287.2210693359375,1302.2952880859375,1211.32958984375,1298.8824462890625,20920539099.0,-0.009421980619647496,1299.464599609375,1645.0933837890625,1555.4779052734375,1294.9063720703125,1981.3365478515625,2145.706787109375,1398.355015345982,1474.6934523809523,1387.9092122395834,1501.3842098659939,0.11657034617507034,0.07501348758506246,0.05139022979649246,0.05215826942072756,90.9656982421875,24047674047.42857,20335444234.47619,15510280325.166666,16921885997.644444,-0.2680263970556659,-0.058203503774094,-0.018141824756292446,0.5946863488231058,0
2022-11-12,1255.268310546875,1288.15087890625,1242.1522216796875,1287.4383544921875,10964962767.0,-0.02482305452438449,1287.2210693359375,1627.968017578125,1619.698486328125,1288.1239013671875,1936.802001953125,2022.7259521484373,1345.1122000558037,1471.8824579148065,1382.4838846842447,1497.1205563015408,0.11632283227115454,0.07521174262966777,0.0505441324157003,0.05201997042711341,45.9986572265625,24041672558.42857,20515903196.52381,15308582675.716667,16863582723.066668,-0.47587570687773895,-0.029349544176993092,0.01541559509248036,0.6292827553558935,0
2022-11-13,1221.8192138671875,1271.7125244140625,1208.52099609375,1255.4412841796875,10717455214.0,-0.026646969734394843,1255.268310546875,1572.2347412109375,1590.7833251953125,1297.422119140625,1904.2281494140625,2090.4091796875,1295.0528390066963,1465.1382765997023,1375.601621500651,1492.2950564914279,0.1163191512738991,0.07494137008705468,0.0504051780452817,0.05198854900826133,63.1915283203125,23910916916.857143,20554376734.095238,15188921092.516666,16820291200.383333,-0.022572584901509707,-0.0649462196713545,0.08080571933081582,0.6821354235822188,0
2022-11-14,1241.604248046875,1284.2176513671875,1178.4290771484375,1221.8955078125,15028035663.0,0.016193094653558227,1221.8192138671875,1568.59130859375,1572.7144775390625,1274.8717041015625,1878.139404296875,1916.6561279296875,1248.3404017857142,1460.2147391183037,1371.7668009440104,1488.5447682698568,0.11724839650067446,0.07500309144766026,0.04885404310363885,0.051644704689646145,105.78857421875,23874927247.42857,20646529852.666668,14990283755.6,16805219367.461111,0.40220186256240886,-0.10732181442898403,0.05454595327877021,0.5939480034945654,0
2022-11-15,1251.7362060546875,1283.19873046875,1238.688232421875,1241.677734375,11798011594.0,0.008160376403149927,1241.604248046875,1332.8355712890625,1579.70458984375,1306.296630859375,1832.9996337890625,2018.336181640625,1236.7547781808037,1450.2181105840773,1368.754941813151,1484.2858795166017,0.10400594570909207,0.07231489156941336,0.048758398908772566,0.05149003240302227,44.510498046875,19553499840.857143,20000373676.47619,14907503877.183332,16766684721.23889,-0.21493321824837885,-0.0931208537204623,0.011677920404110642,0.646040465474566,0
2022-11-16,1215.6025390625,1264.486328125,1192.98779296875,1251.808837890625,11939561598.0,-0.028866838569826303,1251.7362060546875,1100.1697998046875,1519.7117919921875,1331.713623046875,1847.0078125,1961.315673828125,1253.2451695033483,1433.5055338541667,1364.5192891438803,1480.1430287679036,0.07469752930399695,0.07029216432242713,0.04875655134644858,0.051491851346393766,71.49853515625,15707081151.0,19011517160.809525,14926528259.3,16744724050.733334,0.01199778478536051,-0.026655878924498166,-0.03894623293971533,0.6130943534464406,0
2022-11-17,1200.80859375,1224.9656982421875,1189.1527099609375,1215.8486328125,9723646871.0,-0.012170051342529575,1215.6025390625,1299.464599609375,1531.541748046875,1310.447021484375,1612.9873046875,1974.518310546875,1239.1514543805804,1418.5738060360864,1362.2772806803384,1475.8446414523655,0.01763294597719578,0.07008673275638368,0.04734420267468164,0.05149459884493095,35.81298828125,13013173258.0,18388190857.285713,14825884295.1,16751261964.427778,-0.18559431255593073,0.0026436857325955465,-0.010542111110026786,0.6333000712410584,1
2022-11-18,1212.30029296875,1226.7374267578125,1200.8021240234375,1200.8021240234375,7979913378.0,0.009569967502366605,1200.80859375,1287.2210693359375,1645.0933837890625,1285.7442626953125,1577.0037841796875,2043.170166015625,1228.448486328125,1402.2320149739583,1359.523262532552,1471.2286977132162,0.019312141251520965,0.06974270464140093,0.04717484816701701,0.05142984512454863,25.935302734375,11164512440.714285,17817014198.857143,14647004281.016666,16734810797.622223,-0.17932916694049694,-0.011032241537849985,-0.022754331717812715,0.6194708898171453,0
2022-11-19,1218.4267578125,1227.8372802734375,1200.4755859375,1212.2154541015625,5978745776.0,0.005053586870582327,1212.30029296875,1255.268310546875,1627.968017578125,1283.200927734375,1619.3189697265625,1972.181884765625,1223.1854073660713,1383.1238374255952,1357.7572387695313,1467.0411692301432,0.01834698223698108,0.06886775192273147,0.046921527486917906,0.0513719532718606,27.3616943359375,10452195727.714285,17072280437.0,14501278090.283333,16676723109.11111,-0.2507756045970453,-0.010282775319415682,-0.04170697516729194,0.6522983058808063,0
2022-11-20,1142.4666748046875,1224.0777587890625,1137.9332275390625,1218.436279296875,9651002684.0,-0.062342756772829966,1218.4267578125,1221.8192138671875,1572.2347412109375,1299.9464111328125,1622.505859375,1978.9827880859373,1211.849330357143,1361.775425502232,1355.9215535481771,1462.3938574896918,0.0280518171853575,0.06976231809368043,0.04709158806173965,0.05157127838888517,86.14453125,10299845366.285715,16868515163.52381,14318069671.683332,16657800296.205555,0.6142186079798286,0.046093491811754816,0.06585482109526275,0.7700640030379031,1
2022-11-21,1108.35302734375,1142.395751953125,1084.8572998046875,1142.395751953125,14080099208.0,-0.0298596433605115,1142.4666748046875,1241.604248046875,1568.59130859375,1314.2991943359375,1662.7698974609375,1944.827880859375,1192.813441685268,1339.6629754929315,1352.2661010742188,1457.7467749701607,0.026458850321522228,0.0698535671325961,0.04656478363286308,0.051601037906266786,57.5384521484375,10164425872.714285,16619618948.952381,14245045870.833334,16661775593.305555,0.4589260483102773,0.05569809688238325,0.09495796523822331,0.7476983638536732,1
2022-11-22,1135.1734619140625,1136.442626953125,1081.13818359375,1107.89599609375,12040670755.0,0.024198458350936924,1108.35302734375,1251.7362060546875,1332.8355712890625,1363.447021484375,1657.0592041015625,1803.913330078125,1176.16162109375,1318.4948265438989,1349.0480000813802,1454.0315534803603,0.029407462436996417,0.07024856489130173,0.04668606464537338,0.05136388529774272,55.304443359375,10199091467.142857,16502159879.761906,14132871944.433332,16598342198.51111,-0.144844750230257,0.07199585432989286,0.07312421385558387,0.8185989738412647,1
2022-11-23,1183.1995849609375,1184.997314453125,1130.0228271484375,1135.4215087890625,11242676044.0,0.04230729897957275,1135.1734619140625,1215.6025390625,1100.1697998046875,1344.99853515625,1696.45703125,1724.9228515625,1171.5326276506696,1302.470435732887,1346.8014383951822,1451.0219797770183,0.03498034227867562,0.07101447679883353,0.04701907111206949,0.05136641069603472,54.9744873046875,10099536388.0,15930181678.0,14118613049.883333,16519297287.466667,-0.06627493826858655,0.09507188398446642,0.031237197288577212,0.7429102575517363,1
2022-11-24,1203.983154296875,1211.62744140625,1180.3797607421875,1183.3450927734375,9706372376.0,0.01756556510001106,1183.1995849609375,1200.80859375,1299.464599609375,1461.6654052734375,1507.7828369140625,1757.9417724609375,1171.9861363002233,1286.8724074590773,1345.2975443522134,1447.944431898329,0.03552778467206262,0.07116473852478482,0.047021089395467196,0.05136313027136636,31.2476806640625,10097068603.0,15713896981.285715,14083675062.266666,16444250590.266666,-0.13664928723263314,0.060043009095582134,0.014257180602715414,0.728555829192449,1
2022-11-25,1198.9259033203125,1203.7994384765625,1174.8233642578125,1203.7994384765625,5483308196.0,-0.004200433335394882,1203.983154296875,1212.30029296875,1287.2210693359375,1566.566650390625,1491.39501953125,1812.031005859375,1170.0755092075892,1265.6263369605654,1343.024306233724,1444.5382924397786,0.03535028319552838,0.06859916079320812,0.04683696938387012,0.05130924125548785,28.97607421875,9740410719.857143,14984199069.333334,13907821044.35,16415588101.905556,-0.43508161611870144,0.07955240698537835,0.016711735693600183,0.7385670625389893,1
2022-11-26,1205.89794921875,1227.0380859375,1198.097900390625,1198.79052734375,5074160558.0,0.005815243360018485,1198.9259033203125,1218.4267578125,1255.268310546875,1514.3748779296875,1430.54736328125,1996.4412841796875,1168.285679408482,1245.5277622767858,1340.9538106282553,1440.146385023329,0.03537332885685885,0.06871709599232073,0.046842515627699505,0.050731016343711625,28.940185546875,9611184260.142857,14701684182.095238,13694547071.366667,16334995612.2,-0.07461693258432345,0.031044824043934494,0.01747777747634416,0.7109956395142851,1
2022-11-27,1195.126953125,1220.3494873046875,1195.0390625,1205.9052734375,4486976868.0,-0.008931930020055212,1205.89794921875,1142.4666748046875,1221.8192138671875,1555.4779052734375,1553.037353515625,1942.3280029296875,1175.8085763113838,1227.5702485584077,1338.582411702474,1435.9952680799697,0.02377920410079923,0.06852731562495329,0.0468481079309733,0.050697861660617995,25.3104248046875,8873466286.428572,14361409523.190475,13452747026.4,16257905952.8,-0.11572036069576808,0.07123062403477665,0.014780582770201223,0.696403342839166,1
2022-11-28,1170.086181640625,1198.7376708984375,1156.0625,1194.9603271484375,7275411870.0,-0.02095239457105269,1195.126953125,1108.35302734375,1241.604248046875,1619.698486328125,1523.8388671875,1823.5693359375,1184.6275983537946,1208.5938139415923,1335.8229756673177,1432.3648061116537,0.02163881690083311,0.06853416829656438,0.04692048070691971,0.05052150182076375,42.6751708984375,7901368095.285714,13980240405.142857,13344055295.3,16181448253.411112,0.6214507192774767,0.07656750210164565,0.017007210798650307,0.751442044971564,1
2022-11-29,1216.9012451171875,1222.1641845703125,1163.4775390625,1169.8743896484375,7639405818.0,0.040009927654150346,1170.086181640625,1135.1734619140625,1251.7362060546875,1590.7833251953125,1553.6849365234375,1834.1505126953125,1196.3029959542412,1203.0731317429315,1333.9716857910157,1428.9356435139973,0.024279128520979694,0.06149425126774034,0.04721464944526166,0.05061218092254196,58.6866455078125,7272615961.428572,12341735756.47619,13233877057.383333,16129083611.544445,0.05003069991142639,0.044993432044101445,-0.012577773475489384,0.6681133389942977,1
2022-11-30,1295.6885986328125,1302.0386962890625,1215.4979248046875,1216.9287109375,9836925304.0,0.06474424595402373,1216.9012451171875,1183.1995849609375,1215.6025390625,1572.7144775390625,1586.1767578125,1775.07861328125,1212.3728550502233,1212.3835507347471,1333.7057556152345,1426.2723656548394,0.030021572045301963,0.048900539043512575,0.04792617414988971,0.050793699222479914,86.540771484375,7071794427.142858,10959470655.380953,13294026458.5,16101077630.95,0.28765581229134285,-0.04881658964936009,-0.07444366698036353,0.5841430992829377,0
2022-12-01,1276.27392578125,1295.9998779296875,1267.70849609375,1295.76953125,6857935276.0,-0.014984057799110495,1295.6885986328125,1203.983154296875,1200.80859375,1579.70458984375,1577.220458984375,1801.6094970703125,1222.7001081194196,1211.2792329334077,1333.7087626139323,1423.3538347032336,0.031746507937997694,0.029058215813424312,0.04783140132510367,0.050791992090518656,28.2913818359375,6664874841.428572,9925038900.809525,13282019518.933332,16090966430.966667,-0.30283751639230705,0.0037941754734183153,-0.06229280716379815,0.6353385040758526,1
2022-12-02,1294.3033447265625,1294.3033447265625,1269.2431640625,1276.32861328125,6213645709.0,0.014126606037395906,1276.27392578125,1198.9259033203125,1212.30029296875,1519.7117919921875,1556.8726806640625,1805.2049560546875,1236.3254568917412,1211.6164841424852,1333.223164876302,1420.5154924180772,0.031248849668468037,0.02914915905686779,0.04763021235003887,0.05080352963709272,25.0601806640625,6769208771.857142,9224710644.142857,13216362432.3,16076317874.144444,-0.09394803845039967,-0.023192827871306942,-0.07211485727581224,0.673258521958028,0
2022-12-03,1243.3348388671875,1299.84033203125,1241.431884765625,1294.45654296875,5672609405.0,-0.03937910387625765,1294.3033447265625,1205.89794921875,1218.4267578125,1531.541748046875,1577.6416015625,1859.2896728515625,1241.673583984375,1211.0482235863096,1331.243302408854,1417.093521118164,0.036775985305684884,0.0299476802695803,0.047758575494496934,0.05083374220766469,58.408447265625,6854701464.285714,8972693817.380953,13141909673.0,16016063082.772223,-0.08707228080551,0.018538301739578378,-0.023065566699939755,0.7643611212481711,1
2022-12-04,1280.256591796875,1281.4923095703125,1242.9117431640625,1243.21923828125,5174128454.0,0.029695743878074943,1243.3348388671875,1195.126953125,1142.4666748046875,1645.0933837890625,1617.1832275390625,1814.04833984375,1253.8349609375,1213.8309558686756,1330.0336263020833,1414.1280114067924,0.037241352622543133,0.029967520287128464,0.047907556631106046,0.05085434122875908,38.58056640625,6952865976.571428,8708725876.428572,13065237616.9,15911363370.016666,-0.08787507043242293,-0.012800607025530986,-0.05114426562820906,0.7521611172992169,0
2022-12-05,1259.6767578125,1302.237548828125,1252.472412109375,1279.9989013671875,6120359523.0,-0.016074772913678648,1280.256591796875,1170.086181640625,1108.35302734375,1627.968017578125,1561.74853515625,1793.572265625,1266.6336146763392,1214.6915515718006,1328.4997477213542,1411.1619252522787,0.03659555956150913,0.030065746050907508,0.04795366566093244,0.050861193085985086,49.76513671875,6787858498.428572,8284550822.142858,12966685027.933332,15845134945.016666,0.18287738261861097,0.011861980186199217,-0.0025007578053956037,0.8209765184985918,1
2022-12-06,1271.65380859375,1271.9232177734375,1247.6298828125,1259.854248046875,5089212680.0,0.009508035062938625,1259.6767578125,1216.9012451171875,1135.1734619140625,1572.2347412109375,1629.9063720703125,1789.8260498046875,1274.4554094587054,1215.6400088355654,1327.4853617350261,1408.2831905788846,0.03433432002464208,0.030082961910943156,0.04793257136908631,0.05086672394875084,24.2933349609375,6423545193.0,7965084207.190476,12883811583.35,15806668996.61111,-0.16847814889386847,0.03845023339823772,-0.016683164724209165,0.7549283947185226,1
2022-12-07,1232.4375,1272.694091796875,1224.447998046875,1271.5531005859375,5752205180.0,-0.030838824473082838,1271.65380859375,1295.6885986328125,1183.1995849609375,1568.59130859375,1635.34765625,1665.042236328125,1265.4195382254463,1216.441673642113,1326.1009785970052,1405.879830932617,0.025258860939853564,0.03018435793464425,0.048073074204096324,0.05065368744404827,48.24609375,5840013746.714286,7670448187.285714,12882937066.216667,15735821578.438889,0.13027408003707164,0.06238956162203957,0.02997436244865348,0.9129404856990719,1
2022-12-08,1281.1163330078125,1286.229736328125,1226.3585205078125,1232.4517822265625,6227269815.0,0.0394980134958669,1232.4375,1276.27392578125,1203.983154296875,1332.8355712890625,1719.08544921875,1529.6634521484375,1266.1113106863838,1220.2658517020088,1325.409513346354,1404.499013604058,0.030237771780624326,0.031140228534338274,0.048337991443858856,0.0503750537414057,59.8712158203125,5749918680.857142,7503954041.761905,12895287727.75,15653044804.833334,0.08258826313285295,-0.011523115264025718,-0.013149428222551829,0.8411535883364356,0
2022-12-09,1264.2847900390625,1290.055419921875,1260.8187255859375,1281.0772705078125,5706183865.0,-0.013138184671514397,1281.1163330078125,1294.3033447265625,1198.9259033203125,1100.1697998046875,1776.2037353515625,1445.216552734375,1261.8229457310267,1222.7413039434523,1324.958632405599,1403.4938371446397,0.030010290173257584,0.031314478291392625,0.04826755832738835,0.05021348694161252,29.2366943359375,5677424131.714286,7395681207.809524,12843815941.333334,15554384299.183332,-0.08367807489966617,-0.0759523418944501,0.01825119404508313,0.8517784216137054,0
2022-12-10,1266.3841552734375,1279.5279541015625,1262.119873046875,1264.37548828125,3282499999.0,0.0016605160885547754,1264.2847900390625,1243.3348388671875,1205.89794921875,1299.464599609375,1761.800048828125,1204.582763671875,1265.1157052176338,1225.0249895368304,1324.7387736002604,1403.8371782090928,0.025358110356984934,0.031309221617139504,0.048250065730493216,0.04862791901308156,17.4080810546875,5335979930.857142,7267288551.761905,12743943520.316668,15321716028.144444,-0.4247468927291568,-0.06177795167038602,0.04355296528827868,0.8576216677130104,0
2022-12-11,1263.8685302734375,1281.783203125,1260.6636962890625,1266.4178466796875,3362005848.0,-0.0019864627881867047,1266.3841552734375,1280.256591796875,1195.126953125,1287.2210693359375,1713.7652587890625,1211.662841796875,1262.7745535714287,1230.8060302734375,1324.2214762369792,1404.1272098117404,0.022437947311479165,0.027632255740043316,0.048229832719423146,0.04862745575646689,21.1195068359375,5077105272.857142,6967812511.952381,12660716308.15,15155239246.605556,0.0242211268923751,-0.06262781168811538,0.057535675234466455,0.760134700830464,0
2022-12-12,1274.6190185546875,1275.6103515625,1243.477783203125,1263.573486328125,5151109364.0,0.00850601785212901,1263.8685302734375,1259.6767578125,1170.086181640625,1255.268310546875,1580.7879638671875,1233.2064208984375,1264.9091622488838,1238.7234584263392,1323.9963948567708,1404.3572797987197,0.021711251613436594,0.026442400858352554,0.04823351072847792,0.048614926510128185,32.132568359375,4938640964.428572,6542622519.380953,12454917494.183332,14975300968.35,0.5321536002277649,-0.08395383539371393,0.08890007057294147,0.7276049187108702,0
2022-12-13,1320.5491943359375,1341.4393310546875,1258.472412109375,1274.6624755859375,8812883119.0,0.03603443469196854,1274.6190185546875,1271.65380859375,1216.9012451171875,1221.8192138671875,1634.7550048828125,1067.730712890625,1271.8942173549108,1247.5508742559523,1324.3818461100261,1405.7618269178602,0.025284104200471117,0.026948453752367818,0.04843963020360228,0.04760874830616868,82.9669189453125,5470593884.285714,6388918346.238095,12383236083.583334,14919218811.405556,0.7108709010512089,-0.0778809161338403,0.07374907549395493,0.7119003906381798,0
2022-12-14,1309.3287353515625,1346.1744384765625,1305.8333740234375,1320.6885986328125,7830915428.0,-0.008496812562910572,1320.5491943359375,1232.4375,1295.6885986328125,1241.604248046875,1471.6934814453125,1086.519287109375,1282.8786795479912,1253.5570242745537,1324.9561299641928,1406.9996571858724,0.020944052446419226,0.02593550956143719,0.04839459617556824,0.047601652293121896,40.341064453125,5767552491.142858,6226453555.0,12400442796.983334,14881660083.005556,-0.11142411373673411,-0.07311285331251915,0.10867105331977256,0.7692876044154677,0
2022-12-15,1266.3538818359375,1311.067138671875,1262.6893310546875,1309.1907958984375,6032859783.0,-0.03282205022719986,1309.3287353515625,1281.1163330078125,1276.27392578125,1251.7362060546875,1432.44775390625,993.6367797851562,1280.7697579520088,1256.5270589192708,1324.2904174804687,1408.5147521972656,0.0211527924813618,0.027037005616785095,0.04849960741465387,0.04722025203239115,48.3778076171875,5739779629.428572,6051524383.904762,12376130039.933332,14794868156.2,-0.2296098919126266,-0.0380397246146148,0.22454468014225215,0.7525412399938269,0
2022-12-16,1168.2593994140625,1278.156982421875,1162.1756591796875,1266.4605712890625,9297811507.0,-0.07746214058242495,1266.3538818359375,1264.2847900390625,1294.3033447265625,1215.6025390625,1469.74169921875,1127.656494140625,1267.0518450055804,1255.0667492094494,1321.566180419922,1408.740323893229,0.0359005414619987,0.03221055190292388,0.04946719654680603,0.04654097086717371,115.9813232421875,6252869292.571428,6233167398.714286,12374407070.883333,14725436653.566668,0.5411946972810988,0.044425086106812284,0.32888251784333344,0.906191822457225,1
2022-12-17,1188.1495361328125,1189.0450439453125,1165.4078369140625,1168.0667724609375,5077258586.0,0.017025445486444024,1168.2593994140625,1266.3841552734375,1243.3348388671875,1200.80859375,1335.3291015625,1127.6424560546875,1255.8754708426338,1254.2215866815477,1319.5278889973958,1409.0764743381076,0.03722414382013526,0.0324167948540434,0.04948088332194874,0.046555665306465585,23.63720703125,6509263376.428572,6233314923.857142,12285415583.883333,14643978693.327778,-0.4539297143013161,0.02777345984993196,0.3271338734230589,0.8486572054902946,1
2022-12-18,1184.7152099609375,1194.2144775390625,1176.185791015625,1188.1285400390625,3350092519.0,-0.0028904831146532306,1188.1495361328125,1263.8685302734375,1280.256591796875,1212.30029296875,1377.5413818359375,1124.8245849609375,1244.5678536551338,1253.7257893880208,1317.8440714518229,1409.409200032552,0.037199511967136674,0.03236221488495956,0.04942292272368161,0.0465558561419746,18.0286865234375,6507561472.285714,6179177573.904762,12202072246.116667,14575745377.105556,-0.34017689620191427,0.02890722249864952,0.3233949021281095,0.8715666169028995,1
2022-12-19,1167.60986328125,1192.923828125,1160.377197265625,1184.75830078125,4943628091.0,-0.014438361671959554,1184.7152099609375,1274.6190185546875,1259.6767578125,1218.4267578125,1324.38818359375,1051.421875,1229.2808314732142,1253.6078694661458,1315.9175537109375,1410.0546888563367,0.03644563375231064,0.03218120205594016,0.04945693614895061,0.04630298537104539,32.546630859375,6477921290.428572,6068140251.095238,12134314181.033333,14519817791.538889,0.47566912345324397,0.050842754776237786,0.2979566254681101,0.8652399462209333,1
2022-12-20,1217.70361328125,1224.0926513671875,1165.5994873046875,1167.8826904296875,6684951715.0,0.04290281503722926,1167.60986328125,1320.5491943359375,1271.65380859375,1142.4666748046875,1252.6077880859375,1143.38671875,1214.5886056082588,1253.6460774739583,1314.5468404134115,1410.4675604926215,0.03800902070007295,0.032364925378230505,0.049743356974432586,0.04595941786137525,58.4931640625,6173931089.857142,6022690055.714286,12072187288.866667,14475523840.405556,0.3522359675822142,-0.004033811882557803,0.2749871985442629,0.8082490295153251,0
2022-12-21,1213.5999755859375,1218.1922607421875,1206.4400634765625,1217.58642578125,4217182733.0,-0.0033699807166168716,1217.70361328125,1309.3287353515625,1232.4375,1108.35302734375,1327.68017578125,1226.8447265625,1200.9130684988838,1249.737095424107,1312.8685201009114,1410.3939785427517,0.038111921672761395,0.02882791247103257,0.049724657096453455,0.045646258497977016,11.752197265625,5657683562.0,5755083266.619047,12022884925.016666,14404610674.177778,-0.369152850642542,-0.019457722541697864,0.3676286946110723,0.8453712306540528,0
2022-12-22,1218.18212890625,1221.98681640625,1187.1278076171875,1213.672607421875,5297471739.0,0.003775670247603724,1213.5999755859375,1266.3538818359375,1281.1163330078125,1135.1734619140625,1328.259521484375,1243.4468994140625,1194.0313895089287,1246.9708193824404,1310.4474385579426,1410.2536187065973,0.036976843481307246,0.028719025085471934,0.04948391446261395,0.04563705678765905,34.8590087890625,5552628127.142858,5680775479.142858,11946017605.25,14364696927.26111,0.25616367001282603,-0.013616019804099433,0.3356936745767358,0.9098333879127174,0
2022-12-23,1220.159423828125,1226.998779296875,1215.994873046875,1218.079345703125,4835831923.0,0.0016231521337866095,1218.18212890625,1168.2593994140625,1264.2847900390625,1183.1995849609375,1317.9932861328125,1199.8316650390625,1201.4456787109375,1243.4401564825148,1308.366786702474,1410.3665506998698,0.01866842112073357,0.028500729227050006,0.049455734284124385,0.04555724434672145,11.00390625,4915202472.285714,5615165298.857142,11808401134.416666,14324359283.366667,-0.08714342213501702,-0.017150738939123444,0.3345650152577959,0.8924136810535412,0
2022-12-24,1221.1485595703125,1224.91162109375,1216.3387451171875,1220.117919921875,2626153345.0,0.0008106610684399662,1220.159423828125,1188.1495361328125,1266.3841552734375,1203.983154296875,1294.216796875,1193.6806640625,1206.1598249162946,1242.3836669921875,1304.358172607422,1410.5191501193576,0.01812477476585028,0.02721469611322317,0.048115526186270276,0.04555484153461396,8.5728759765625,4565044580.714286,5470095962.666667,11429382168.6,14269547772.783333,-0.4569386639536438,-0.01996261564155244,0.3333767508236245,0.8553779725778063,0
2022-12-25,1218.9620361328125,1223.517822265625,1203.7196044921875,1221.1715087890625,3942720070.0,-0.0017905466295349282,1221.1485595703125,1184.7152099609375,1263.8685302734375,1198.9259033203125,1335.3201904296875,1144.5792236328125,1211.0522286551338,1239.464878627232,1298.5647623697917,1410.9323879665799,0.018059132760009915,0.02632065219286574,0.04713556614444463,0.04544503622028862,19.7982177734375,4649705659.428572,5411457468.190476,10950001695.983334,14213545075.11111,0.5013289599050432,-0.014764358404392164,0.2769915730806849,0.8643417105818028,0
2022-12-26,1226.974365234375,1226.974365234375,1214.3359375,1218.920166015625,3282098400.0,0.006573075177125132,1218.9620361328125,1167.60986328125,1274.6190185546875,1205.89794921875,1330.127685546875,1098.94384765625,1219.5328717912946,1237.9076218377977,1293.7747538248698,1411.6436686197917,0.016079423440453922,0.026178645942814605,0.04698261995558885,0.04534126260988603,12.638427734375,4412344275.0,5276302176.619047,10624478348.566668,14146299583.916666,-0.16755479929367645,-0.010039124999228988,0.3135653891696797,0.8186731485665542,0
2022-12-27,1212.7916259765625,1230.4180908203125,1205.8956298828125,1226.987060546875,4091530737.0,-0.011559116196452335,1226.974365234375,1217.70361328125,1320.5491943359375,1195.126953125,1337.410888671875,1067.298828125,1218.8311593191963,1235.1046607607886,1288.0633158365886,1412.4519619411892,0.005869616895809684,0.026162712428400965,0.046835694538082395,0.04529481168426193,24.5224609375,4041855563.857143,5228793512.666667,10359760140.766666,14078192779.694445,0.24662037463593411,0.0016385194081360854,0.32183132097436706,0.9613756718669368,1
2022-12-28,1189.986083984375,1213.12890625,1185.7021484375,1212.736572265625,4991669631.0,-0.018804171717317075,1212.7916259765625,1213.5999755859375,1309.3287353515625,1170.086181640625,1335.65234375,1059.767333984375,1215.4577462332588,1233.0831647600446,1280.9014424641928,1413.1753994411893,0.009106428838180743,0.025623917410021624,0.04651317202704328,0.0453160028422026,27.4267578125,4152496549.285714,5192577534.142858,10082652055.033333,14008705090.838888,0.22000052104215695,0.05591706343401559,0.3430043558069116,0.9727677438454814,1
2022-12-29,1201.5953369140625,1204.1416015625,1188.3602294921875,1190.0101318359375,4132233940.0,0.009755788816300015,1189.986083984375,1218.18212890625,1266.3538818359375,1216.9012451171875,1327.9786376953125,1066.5128173828125,1213.0882045200892,1229.2964506603423,1274.4149759928384,1413.9258578830295,0.010053780718085551,0.024025363288559986,0.04651077250761568,0.045318671849982506,15.7813720703125,3986034006.571429,5092813921.047619,9919354730.25,13976464148.061111,-0.1721739927784095,0.04064867781876491,0.308622803607143,0.9146967395335932,1
2022-12-30,1199.2327880859375,1202.03466796875,1187.4625244140625,1201.569580078125,4055668253.0,-0.001966176761464933,1201.5953369140625,1220.159423828125,1168.2593994140625,1295.6885986328125,1311.6444091796875,1073.7669677734375,1210.0986851283483,1226.1987362816221,1268.1902811686198,1414.622890218099,0.00993419067337425,0.0239076145298511,0.04649995229820503,0.04531785310324476,14.5721435546875,3874582053.714286,5014217939.523809,9665167205.9,13951455370.855556,-0.018528884886899744,0.05849259704309251,0.3726739762309379,0.9112764864824974,1
2022-12-31,1196.771240234375,1205.088623046875,1194.2037353515625,1199.360107421875,3018513333.0,-0.002052602193683639,1199.2327880859375,1221.1485595703125,1188.1495361328125,1276.27392578125,1276.093505859375,1151.05908203125,1206.6162109375,1222.8838355654761,1261.8080586751303,1414.8768466525607,0.009837194493929578,0.023891094672264655,0.04648888370820341,0.04501075320520335,10.8848876953125,3930633480.571429,5001647145.904762,9473687241.316668,13892275504.311111,-0.25572972326639654,0.05640104243697697,0.3096291800753779,0.9063552955696428,1
2023-01-01,1200.96484375,1203.475341796875,1192.8853759765625,1196.713623046875,2399674550.0,0.003504097838116227,1196.771240234375,1218.9620361328125,1184.7152099609375,1294.3033447265625,1323.439208984375,1134.541015625,1204.0451834542412,1219.8884219215029,1256.4956095377604,1415.245867919922,0.010130062590290187,0.023925991253289855,0.04627589789736409,0.04499590922928753,10.5899658203125,3710198406.285714,4955821846.0,9126111512.466667,13815631927.972221,-0.20501442754435562,0.07193770389693177,0.3210506607642942,0.9586983691498048,1
2023-01-02,1214.6566162109375,1219.860595703125,1195.2149658203125,1201.103271484375,3765758498.0,0.011400643850810077,1200.96484375,1226.974365234375,1167.60986328125,1243.3348388671875,1362.1265869140625,1186.9739990234375,1202.2855050223213,1217.0330694289435,1251.2141906738282,1415.3996602376303,0.010948490641913052,0.023998675989760968,0.04629232214831175,0.04487653317353376,24.6456298828125,3779292706.0,4889852757.142858,8951401637.316668,13751144271.277779,0.5692788415829138,0.08799385998667208,0.3516517365466365,0.9395081657976454,1
2023-01-03,1214.77880859375,1219.0953369140625,1207.4915771484375,1214.7440185546875,3392972131.0,0.00010059829352737637,1214.6566162109375,1212.7916259765625,1217.70361328125,1280.256591796875,1352.837158203125,1237.5933837890625,1202.5693882533483,1211.9963843936011,1244.0422810872396,1415.2729125976562,0.009988144391692808,0.022376540727007302,0.04518056657233675,0.044768564379297965,11.603759765625,3679498619.428571,4631761757.714286,8661168433.716667,13690934139.26111,-0.0989936999937695,0.10027113587663639,0.35270846472098394,0.8198884827846504,1
2023-01-04,1256.526611328125,1264.8074951171875,1213.1688232421875,1214.7186279296875,6404416893.0,0.03436658792451519,1214.77880859375,1189.986083984375,1213.5999755859375,1259.6767578125,1351.70947265625,1222.5062255859375,1212.0751778738838,1209.4819975353423,1237.8515909830728,1415.4619147406684,0.01286289157492074,0.023827210906469092,0.04544216979427554,0.04482699938990913,51.638671875,3881319656.857143,4563833256.047619,8584459162.1,13635870182.655556,0.8875536390310539,0.10457886585529108,0.3248789086202839,0.8058018552740156,1
2023-01-05,1250.4385986328125,1258.571533203125,1245.173095703125,1256.484619140625,4001786456.0,-0.004845112423745301,1256.526611328125,1201.5953369140625,1218.18212890625,1271.65380859375,1332.5169677734375,1216.978271484375,1219.0527866908483,1208.7241269066221,1232.4883219401042,1415.6478054470485,0.013665440453782823,0.02275712768799324,0.04526074576192559,0.04482723449462192,13.3984375,3862684302.0,4467115478.571428,8457276524.616667,13609094812.38889,-0.37515209848785214,0.1339529010963243,0.33317957868884474,0.8142811804412768,1
2023-01-06,1269.3790283203125,1273.2203369140625,1240.947509765625,1250.458984375,4977252792.0,0.015147028977039678,1250.4385986328125,1199.2327880859375,1220.159423828125,1232.4375,1315.50048828125,1168.401611328125,1229.0736781529017,1213.5393473307292,1227.5014506022135,1416.2087910970051,0.013577746982313866,0.014565581513274419,0.04531987453061801,0.0447332044002548,32.2728271484375,3994339236.142857,4261374587.3809524,8285564682.0,13575720894.35,0.24375771839035876,0.14356298298459436,0.28538902693428714,0.7659223178009902,1
2023-01-07,1264.2703857421875,1270.5982666015625,1262.2711181640625,1269.4197998046875,2565213548.0,-0.00402452101708739,1269.3790283203125,1196.771240234375,1221.1485595703125,1281.1163330078125,1322.604248046875,1097.236572265625,1238.7164132254463,1217.1641496930804,1226.3586975097655,1417.1367567274306,0.013844514529212077,0.014351477306637661,0.040958267457482544,0.044490433343770446,8.3271484375,3929582124.0,4141753395.095238,7627518183.8,13522948856.227777,-0.48461256536475317,0.22656270894880448,0.27840301294701697,0.7582203869245467,1
2023-01-08,1287.3594970703125,1287.3594970703125,1260.226806640625,1264.181884765625,3495088905.0,0.018262795354943462,1264.2703857421875,1200.96484375,1218.9620361328125,1264.2847900390625,1291.337646484375,1038.191650390625,1251.0585065569196,1222.0519728887648,1229.4785257975261,1418.5210225423177,0.014174490163740358,0.01465228579989718,0.034008235125525255,0.04431134781659302,27.1326904296875,4086069889.0,4148657984.904762,7038028125.1,13472458892.072222,0.3624943263398046,0.20594091683055904,0.29878526071707046,0.8122620139542307,1
2023-01-09,1321.5389404296875,1342.1441650390625,1286.6807861328125,1287.4508056640625,7990438824.0,0.026550037838815266,1287.3594970703125,1214.6566162109375,1226.974365234375,1266.3841552734375,1279.57568359375,1113.587158203125,1266.3274100167412,1229.3819289434523,1229.8464314778646,1419.6763102213542,0.015507453019979,0.014793514106801681,0.02494306457475643,0.044034338900379,55.46337890625,4689595649.857142,4293744210.285714,6694852070.133333,13415169173.61111,1.2861904349755018,0.19317974510917968,0.24908676269371455,0.7743155927551395,1
2023-01-10,1336.5860595703125,1342.7572021484375,1318.5272216796875,1321.3955078125,5830173253.0,0.011386058087499595,1321.5389404296875,1214.77880859375,1212.7916259765625,1263.8685302734375,1294.9063720703125,1191.5262451171875,1283.7284458705358,1235.0429978143602,1230.6691813151042,1420.482198079427,0.014597097249428495,0.012243233892195894,0.02494617793748599,0.04374391634175311,24.22998046875,5037767238.714286,4253040474.0,6443345972.7,13354844353.777779,-0.27035631191011045,0.17302291020450333,0.15700610622785183,0.9318647663099959,1
2023-01-11,1387.9327392578125,1387.9327392578125,1323.5831298828125,1336.48681640625,6314904311.0,0.03841629150614301,1336.5860595703125,1256.526611328125,1189.986083984375,1274.6190185546875,1288.1239013671875,1233.129150390625,1302.5007498604912,1243.3445579892114,1232.8802551269532,1421.342218017578,0.015592759354963443,0.014145313042467455,0.025174335365293104,0.043759589913429896,64.349609375,5024979727.0,4352931977.714286,6365844998.433333,13293196887.588888,0.08314179304201197,0.09191671551621394,0.09145717063714898,0.8874251370609092,1
2023-01-12,1417.9384765625,1432.28125,1378.422119140625,1405.3514404296875,12230193038.0,0.021619013988194213,1387.9327392578125,1250.4385986328125,1201.5953369140625,1320.5491943359375,1297.422119140625,1352.62646484375,1326.4293038504463,1252.8567650204614,1236.1489095052084,1421.7050625271268,0.013164312092352954,0.01450444366489035,0.02501442055673622,0.04319988433051413,53.859130859375,6200466381.571428,4683061563.380953,6391057295.5,13259120105.6,0.9367186636060494,0.09493926867584634,0.08603213980463775,0.7803735823560971,1
2023-01-13,1451.6148681640625,1461.6727294921875,1404.02392578125,1417.9461669921875,7684148212.0,0.02375024880007759,1417.9384765625,1269.3790283203125,1199.2327880859375,1309.3287353515625,1274.8717041015625,1338.6357421875,1352.4629952566963,1263.878452845982,1239.6490865071614,1422.3327243381077,0.013233871328352036,0.01486636131522444,0.025101905827208733,0.04322375598006712,57.6488037109375,6587165727.285714,4818695672.380953,6268659171.316667,13212478086.016666,-0.3717067107506108,0.14338464477827229,0.043688463540192846,0.7749872620479499,1
2023-01-14,1550.7069091796875,1563.7391357421875,1450.9884033203125,1451.428466796875,15444626014.0,0.0682633136301174,1451.6148681640625,1264.2703857421875,1196.771240234375,1266.3538818359375,1306.296630859375,1578.7178955078125,1393.3824986049108,1279.5717075892858,1244.6319315592448,1422.177107747396,0.018885267068384528,0.01965736888274568,0.026476200691187834,0.04142416194319274,112.750732421875,8427081793.857142,5429099132.809524,6329436078.316667,13145834782.633333,1.0099333833619708,0.0492751108739391,-0.028078172198273688,0.5942672314817359,1
2023-01-15,1552.4794921875,1556.9508056640625,1520.893798828125,1550.7315673828125,6774614499.0,0.0011430806152468165,1550.7069091796875,1287.3594970703125,1200.96484375,1168.2593994140625,1331.713623046875,1542.9752197265625,1431.2567836216517,1295.4534912109375,1250.2465474446615,1422.2299092610676,0.021542359998534568,0.01956750747556591,0.026127460739031026,0.04138700283932019,36.0570068359375,8895585450.142857,5563951248.476191,6243353626.666667,13029285256.094444,-0.5613610525202064,0.0488912016375016,0.0028313609969938813,0.6176469848195207,1
2023-01-16,1576.83349609375,1594.039794921875,1529.5736083984375,1552.519287109375,8454485431.0,0.015687166258109064,1552.4794921875,1321.5389404296875,1214.6566162109375,1188.1495361328125,1310.447021484375,1520.20068359375,1467.7274344308037,1312.1134498232886,1256.5136291503907,1422.5445359971789,0.021992289275732584,0.01954774470996241,0.02607509057929324,0.04138487233691829,64.4661865234375,8961877822.571428,5810255392.809524,6222200936.0,12948795128.822222,0.24796553844472857,0.032608136918982344,0.06146018322544289,0.641068108027764,1
2023-01-17,1567.8460693359375,1594.0009765625,1553.3359375,1577.107421875,7599462786.0,-0.0056996675806778585,1576.83349609375,1336.5860595703125,1214.77880859375,1184.7152099609375,1285.7442626953125,1576.74951171875,1500.7645786830358,1329.0208042689733,1262.4393920898438,1422.4950724283854,0.024641071445023564,0.01923097666286068,0.026103098889634475,0.04129906732087379,40.6650390625,9214633470.142857,5977299776.095238,6215860092.8,12879850163.26111,-0.10113242869458317,-0.007170232785559061,0.04606418897218467,0.612638787834904,0
2023-01-18,1515.5069580078125,1602.106689453125,1509.4228515625,1567.698974609375,10354880595.0,-0.033382812478710555,1567.8460693359375,1387.9327392578125,1256.526611328125,1167.60986328125,1283.200927734375,1537.4051513671875,1518.989467075893,1344.5217982700892,1267.3907287597656,1422.3734157986112,0.03133879033981664,0.020628888384336973,0.026560198653346613,0.041333232003458946,92.683837890625,9791772939.285715,6232690774.380953,6288795673.116667,12832232274.444445,0.362580604260097,0.06347981515635115,0.11829465133117245,0.6278505260517633,1
2023-01-19,1552.5565185546875,1557.9703369140625,1514.3800048828125,1515.2496337890625,6432638856.0,0.024446974889233086,1515.5069580078125,1417.9384765625,1250.4385986328125,1217.70361328125,1299.9464111328125,1549.2974853515625,1538.2206159319196,1361.2342354910713,1274.2255594889323,1422.3915215386285,0.031485485328620916,0.020805161950466205,0.02521567978315341,0.04136769380342842,43.59033203125,8963550913.285715,6342233865.619047,6235156275.983334,12784642427.072222,-0.3787819379485563,0.032558839483421975,0.08969911097521144,0.6034833549723424,1
2023-01-20,1659.754150390625,1659.8857421875,1544.9178466796875,1552.3736572265625,8528894754.0,0.0690458804911851,1552.5565185546875,1451.6148681640625,1269.3790283203125,1213.5999755859375,1314.2991943359375,1599.4766845703125,1567.954799107143,1383.1638241722471,1283.4155782063801,1422.7263963487412,0.03794506509988045,0.02388306928224122,0.026086935575630486,0.04161320864408277,114.9678955078125,9084228990.714285,6555244651.380953,6142636201.75,12736370455.944445,0.3258780641858561,-0.03711251828200157,0.013063384616832874,0.48792464880832176,0
2023-01-21,1627.1181640625,1674.1793212890625,1626.81298828125,1659.7060546875,8859250310.0,-0.019663144882297257,1659.754150390625,1550.7069091796875,1264.2703857421875,1218.18212890625,1363.447021484375,1445.3834228515625,1578.8706926618304,1403.6565348307292,1291.614656575521,1423.7360337999132,0.03358046535497209,0.024833773797769552,0.026213512303423732,0.04099831860136376,47.3663330078125,8143461033.0,6833374983.619047,6089612527.666667,12671227090.883333,0.038733688892697904,-0.03360733515027592,0.046436090816717845,0.5081345289703505,0
2023-01-22,1628.382080078125,1658.0234375,1612.085693359375,1627.365966796875,7517988734.0,0.0007767819470894111,1627.1181640625,1552.4794921875,1287.3594970703125,1220.159423828125,1344.99853515625,1441.8067626953125,1589.7139195033483,1424.0097365606398,1299.034364827474,1424.7725633409289,0.03359206613077855,0.02490405554106037,0.025793019691483645,0.04099727227020419,45.937744140625,8249657352.285714,7077104230.476191,6027534405.833333,12611668342.133333,-0.151396735510005,0.010914858243502579,0.018210896102208052,0.4190934942644162,1
2023-01-23,1628.2510986328125,1641.2181396484375,1607.903076171875,1628.55078125,8264507375.0,-8.043655534839544e-05,1628.382080078125,1576.83349609375,1321.5389404296875,1221.1485595703125,1461.6654052734375,1636.232666015625,1597.059291294643,1443.7047119140625,1306.1054972330728,1424.7282212999132,0.03346558389760201,0.025109722907942757,0.02575557105612807,0.03976075874855534,33.3150634765625,8222517630.0,7291330367.476191,6003503322.483334,12529762694.127777,0.09929765358970011,-0.03741717760733054,0.009200418063830096,0.3761305225205611,0
2023-01-24,1556.604248046875,1639.723876953125,1551.3897705078125,1627.8482666015625,8180274691.0,-0.04400233517182761,1628.2510986328125,1567.8460693359375,1336.5860595703125,1218.9620361328125,1566.566650390625,1725.4681396484375,1595.4533168247767,1459.9821137927827,1312.0668029785156,1423.7900885687934,0.03830075547177715,0.028034745231844158,0.026507789819085917,0.03969467699264702,88.3341064453125,8305490759.285714,7519297156.047619,6048452764.066667,12423923109.266666,-0.010192099804375854,0.019228492008360965,0.06068954559948159,0.43489378908007725,1
2023-01-25,1611.7110595703125,1632.24169921875,1530.7978515625,1556.8074951171875,10598973448.0,0.035401940854640435,1556.604248046875,1515.5069580078125,1387.9327392578125,1226.974365234375,1514.3748779296875,1727.406982421875,1609.1967599051338,1476.8956589471727,1318.8303548177084,1423.1473334418404,0.03723988798851512,0.028076471661012646,0.02680235143072889,0.039781144107395056,101.44384765625,8340361166.857142,7719037944.380953,6140532978.9,12353642233.35,0.29567451563222824,0.018664428006768485,-0.0020710229697684657,0.3759973860757486,1
2023-01-26,1603.10595703125,1626.1982421875,1586.59814453125,1611.0809326171875,8395315241.0,-0.005339109940311948,1611.7110595703125,1552.5565185546875,1417.9384765625,1212.7916259765625,1555.4779052734375,1695.969482421875,1616.4181082589287,1493.6893426804315,1325.6300048828125,1422.6314249674479,0.03693690671212916,0.028091753368251208,0.026774246675459402,0.03975906856500681,39.60009765625,8620743507.571428,7928253600.809524,6205671951.783334,12313744107.633333,-0.20791241885937783,0.02503616179651247,-0.005109481380900949,0.4142544334560505,1
2023-01-27,1598.156494140625,1617.0008544921875,1565.2449951171875,1603.080078125,8124465373.0,-0.0030874209336673175,1603.10595703125,1659.754150390625,1451.6148681640625,1189.986083984375,1619.698486328125,1681.517333984375,1607.618443080357,1509.3454124813989,1332.764510091146,1422.1683091905381,0.02390854794866997,0.028279614731192757,0.026576433294029974,0.03975425320352003,51.755859375,8562967881.714286,8078120866.571428,6219822843.5,12279987052.094444,-0.03226202473937567,0.04166620200979243,0.026693659030049943,0.4190637741941743,1
2023-01-28,1572.43505859375,1604.7041015625,1565.39013671875,1598.1253662109375,5803653357.0,-0.01609444108957936,1598.156494140625,1627.1181640625,1550.7069091796875,1201.5953369140625,1590.7833251953125,1635.19580078125,1599.8065708705358,1524.0199207124256,1338.6900736490886,1421.8196384006076,0.02358313185442747,0.028727951516709465,0.02632948708217887,0.03971823360166362,39.31396484375,8126454031.285714,8232332286.047619,6189226969.15,12222277508.655556,-0.28565719828319347,0.06017682255980494,0.03936019938224056,0.43548614481607095,1
2023-01-29,1646.1556396484375,1653.7249755859375,1568.98486328125,1572.6295166015625,8801292300.0,0.046883068812149764,1572.43505859375,1628.382080078125,1552.4794921875,1199.2327880859375,1572.7144775390625,1632.9454345703125,1602.3456508091517,1541.1054513113838,1344.531190999349,1421.8930284288194,0.030707928531400794,0.029758659881265272,0.025732396615007733,0.039867551525006775,84.7401123046875,8309783112.142858,8485008638.190476,6171966419.083333,12157695341.938889,0.5165089571354977,-0.00881433400070164,-0.024457285251273886,0.4075608363977179,0
2023-01-30,1567.3265380859375,1646.651611328125,1546.6607666015625,1646.147705078125,9180418120.0,-0.04788678522483769,1646.1556396484375,1628.2510986328125,1576.83349609375,1196.771240234375,1579.70458984375,1618.87451171875,1593.6421421595983,1552.8096226283483,1349.3820678710938,1421.606650797526,0.0360818014446902,0.032288490817137264,0.026490250255266502,0.040026768449229595,99.9908447265625,8440627504.285714,8541674318.952381,6210674466.483334,12115440893.55,0.04307615371438134,0.031212725005157926,0.06131917976182799,0.4958552639623588,1
2023-01-31,1586.535400390625,1598.517578125,1563.8043212890625,1567.419921875,6585191019.0,0.012255813857491304,1567.3265380859375,1556.604248046875,1567.8460693359375,1200.96484375,1519.7117919921875,1608.205810546875,1597.9180210658483,1564.7119721912202,1354.2526021321614,1421.4862596299913,0.03194202097376115,0.03229273767951627,0.026478957598929646,0.04003242340714145,34.7132568359375,8212758408.285714,8577627545.904762,6216866888.316667,12071650617.955555,-0.28269160152370054,0.05387093135608212,0.03831237269077592,0.4386974491913378,1
2023-02-01,1641.792724609375,1644.7275390625,1566.8572998046875,1586.4881591796875,8116969489.0,0.034828926102213,1586.535400390625,1611.7110595703125,1515.5069580078125,1214.6566162109375,1531.541748046875,1732.254638671875,1602.2154017857142,1576.8005429222471,1360.8935668945312,1420.9836934407551,0.03184621795013585,0.0321367265540123,0.026161805025806704,0.039704214131898175,77.8702392578125,7858186414.142858,8663440173.428572,6257606223.05,12013708826.916666,0.23260957284009187,0.0054355657275484415,-0.04423525636440606,0.4032372494398704,1
2023-02-02,1643.2415771484375,1704.4581298828125,1641.3226318359375,1641.365966796875,10558081069.0,0.0008824820072261819,1641.792724609375,1603.10595703125,1552.5565185546875,1214.77880859375,1645.0933837890625,1691.6580810546875,1607.9490618024554,1587.529261997768,1366.9433166503907,1420.7147128634983,0.031658351778654566,0.03203244330569995,0.02596413964178953,0.039663666060295755,63.135498046875,8167152961.0,8583815793.952381,6347338766.633333,12007043101.161112,0.3007417464496027,-0.05890998990820817,-0.04644333980738313,0.40456407507817693,0
2023-02-03,1664.74560546875,1670.6968994140625,1634.223388671875,1642.9046630859375,8169519805.0,0.013086346292204398,1643.2415771484375,1598.156494140625,1659.754150390625,1256.526611328125,1627.968017578125,1699.350830078125,1617.4617919921875,1597.6783447265625,1373.6944641113282,1420.5224616156684,0.03164773955277321,0.031846435696068286,0.025845135729720005,0.03967347641206029,36.4735107421875,8173589308.428572,8606928726.952381,6381491438.0,11995473264.855556,-0.22623062357544776,-0.09002965038706234,-0.060235542979862444,0.3792127292816123,0
2023-02-04,1667.0592041015625,1690.099609375,1648.189208984375,1664.4722900390625,5843302512.0,0.0013897610693263118,1664.74560546875,1572.43505859375,1627.1181640625,1250.4385986328125,1572.2347412109375,1775.51611328125,1630.979527064732,1603.2189301990327,1380.2845540364583,1419.9199232313367,0.030246562379281805,0.028593880645695555,0.0258423107017286,0.03953537142787856,41.910400390625,8179253473.428572,8149722845.904762,6394059601.866667,11934372587.677778,-0.28474345475927276,-0.07626150647575758,-0.059782233417827624,0.3734042180055883,0
2023-02-05,1631.6458740234375,1671.770263671875,1616.391845703125,1667.16650390625,6926696531.0,-0.02124299484445158,1667.0592041015625,1646.1556396484375,1628.382080078125,1269.3790283203125,1568.59130859375,1703.0250244140625,1628.906703404018,1606.988757905506,1386.938026936849,1419.5233723958333,0.026693456811426187,0.029111954278620848,0.02564664759018589,0.03944801167652445,55.37841796875,7911454077.857142,8156964847.428572,6413634457.716666,11881917459.005556,0.1854078266143342,-0.071469051265172,-0.04272542814868552,0.40893863834978395,0
2023-02-06,1616.2470703125,1653.7154541015625,1611.319091796875,1631.645263671875,6919871886.0,-0.009437589342205732,1631.6458740234375,1567.3265380859375,1628.2510986328125,1264.2703857421875,1332.8355712890625,1851.74267578125,1635.8953508649554,1608.8655947730654,1392.5235392252605,1418.2150634765626,0.017950998535264544,0.029070875576894056,0.025307175965692846,0.03891459143645473,42.3963623046875,7588518901.571428,8083888011.952381,6425177825.566667,11789736314.016666,-0.000985266926226247,-0.0674904095799671,-0.05083307805203141,0.4677223228242027,0
2023-02-07,1672.0035400390625,1673.7978515625,1614.863037109375,1616.0096435546875,8030277434.0,0.03449749159686455,1616.2470703125,1586.535400390625,1556.604248046875,1287.3594970703125,1100.1697998046875,1881.22412109375,1648.1050851004463,1613.825474330357,1399.3188517252604,1417.0527269151476,0.021216294610357827,0.029880025526148837,0.025500654720495234,0.03898159197031314,58.934814453125,7794959818.0,8104402995.190476,6463912718.383333,11701976819.305555,0.1604662002842172,-0.06885656352501524,-0.13955877954184748,0.4496052545025562,0
2023-02-08,1650.716796875,1688.5272216796875,1635.2650146484375,1671.9052734375,7806089579.0,-0.01273127876485547,1672.0035400390625,1641.792724609375,1611.7110595703125,1321.5389404296875,1299.464599609375,1957.2464599609373,1649.3799525669642,1620.2640380859375,1405.7243957519531,1415.349784342448,0.01853161898815357,0.028930570391736483,0.025599985091099606,0.03887580091570263,53.26220703125,7750548402.285714,7983031994.428572,6539305878.05,11649965417.5,-0.027917821873848836,0.013951015006501644,-0.13421970155010787,0.4659731449524176,1
2023-02-09,1546.438232421875,1655.23486328125,1537.1822509765625,1651.082275390625,10524969124.0,-0.0631716867790626,1650.716796875,1643.2415771484375,1603.10595703125,1336.5860595703125,1287.2210693359375,1981.3365478515625,1635.5509033203125,1619.972691127232,1410.4338907877604,1412.9336825900607,0.030501944538910628,0.032055267571064014,0.027050379966676197,0.03914648932346123,118.0526123046875,7745818124.428572,8177904864.333333,6658688599.316667,11619332050.322222,0.3483023756625019,0.06054518865885594,-0.04127001768649641,0.6085450895147004,1
2023-02-10,1514.869140625,1553.32568359375,1504.83447265625,1546.5965576171875,8397387897.0,-0.02041406577709526,1546.438232421875,1664.74560546875,1598.156494140625,1387.9327392578125,1255.268310546875,1936.802001953125,1614.1399797712054,1613.0734049479167,1414.4380594889324,1410.5896111382378,0.02920031866846346,0.02817168515677816,0.027220943333975678,0.03914034977538259,48.4912109375,7778370709.0,8171642633.047619,6712793241.533334,11587857791.661112,-0.2021460777636387,0.11876549580783191,0.04978900559944188,0.6511183734671802,1
2023-02-11,1539.9267578125,1541.334716796875,1510.14697265625,1514.94189453125,5064007416.0,0.01654111006391079,1514.869140625,1667.0592041015625,1572.43505859375,1417.9384765625,1221.8192138671875,1904.2281494140625,1595.9782017299108,1608.9214332217261,1418.0943522135417,1408.5657145182292,0.030954931244588205,0.028270238793003354,0.026937844774614497,0.03914204491656933,31.187744140625,7667042838.142858,7990916780.952381,6650311979.816667,11502935992.233334,-0.39695444844114725,0.09863631463296318,0.0911616097559429,0.6283700143003452,1
2023-02-12,1515.03369140625,1545.55419921875,1501.4620361328125,1539.7760009765625,5319698775.0,-0.016165097645040705,1539.9267578125,1631.6458740234375,1646.1556396484375,1451.6148681640625,1241.604248046875,1878.139404296875,1579.3193184988838,1603.523890904018,1421.5227681477866,1406.5484605577258,0.030729497315781583,0.028421313877123038,0.027011032137275126,0.03914715370212341,44.0921630859375,7437471730.142858,7886236306.714286,6608458368.933333,11445614435.816668,0.05049190058295139,0.10983416854965,0.12440211048833816,0.7544929739018671,1
2023-02-13,1507.1658935546875,1524.7314453125,1470.02392578125,1514.9169921875,9363855114.0,-0.005193150420476522,1515.03369140625,1616.2470703125,1567.3265380859375,1550.7069091796875,1251.7362060546875,1832.9996337890625,1563.736293247768,1597.7579287574404,1425.5363016764322,1404.7382731119792,0.03078716303743739,0.028416572093794387,0.02662631912371198,0.03910881887049424,54.70751953125,7786612191.285714,7938586199.047619,6663974957.783334,11384810807.983334,0.7602228077284319,0.12971981264957932,0.09887076736194267,0.7530819361249721,1
2023-02-14,1556.8751220703125,1562.0343017578125,1497.1944580078125,1506.9920654296875,9249575045.0,0.03298192238041198,1507.1658935546875,1672.0035400390625,1586.535400390625,1552.4794921875,1215.6025390625,1847.0078125,1547.2893763950892,1597.7708275204614,1432.0132303873697,1403.1264248318143,0.030429272063267388,0.027861536680393772,0.02469948471766872,0.039183143016988636,64.83984375,7960797564.285714,7989505263.523809,6663171016.75,11352867601.405556,-0.012204382448115725,0.06497711566505715,0.07729607232160207,0.7842807713800328,1
2023-02-15,1673.7459716796875,1674.289794921875,1545.689697265625,1556.76513671875,10015035156.0,0.0750675811775845,1556.8751220703125,1650.716796875,1641.792724609375,1576.83349609375,1200.80859375,1612.9873046875,1550.5792585100446,1600.7248709542412,1440.106504313151,1403.463972981771,0.04403992736131034,0.03146590306385333,0.026261846991253487,0.03842181245851026,128.60009765625,8276361218.142858,7961698678.190476,6745467292.916667,11264582470.433332,0.08275624634385559,-0.01823113109329244,0.07094214877961846,0.6874597185232327,0
2023-02-16,1640.067626953125,1732.8011474609375,1638.1455078125,1673.867431640625,12704861676.0,-0.020121538929091298,1673.7459716796875,1546.438232421875,1643.2415771484375,1567.8460693359375,1212.30029296875,1577.0037841796875,1563.9548863002233,1602.4849504743304,1447.695711263021,1403.8143276638455,0.03546099275239004,0.031808105048422686,0.026454923271391664,0.03841476104510655,94.6556396484375,8587774439.857142,8166915175.095238,6901380112.2,11233306256.061111,0.26857883952494443,0.0067108364344612426,0.0741384312557376,0.7094974378944514,1
2023-02-17,1694.7833251953125,1716.7818603515625,1636.173828125,1640.2801513671875,9802443159.0,0.03336185492779764,1640.067626953125,1514.869140625,1664.74560546875,1515.5069580078125,1218.4267578125,1619.3189697265625,1589.6569126674108,1607.0862281436011,1456.4819356282553,1404.2335740831163,0.03382489838950988,0.032527857013275825,0.02655540827716849,0.038442397894783514,80.6080322265625,8788496620.142857,8246818879.190476,6982360363.333333,11199713041.655556,-0.22844943857065259,-0.05098596083959095,0.053572165562911556,0.6442648248859362,0
2023-02-18,1691.8194580078125,1705.30908203125,1683.670166015625,1694.7418212890625,5491437195.0,-0.0017488177653378623,1694.7833251953125,1539.9267578125,1667.0592041015625,1552.5565185546875,1142.4666748046875,1622.505859375,1611.3558698381696,1612.7711995442708,1464.3838663736979,1404.6186496310763,0.03453272438813246,0.03224961377869349,0.026142481558948605,0.038442872792096655,21.638916015625,8849558017.142857,8231951442.904762,6962468454.666667,11127126144.966667,-0.4397889275228186,-0.05727829914530835,0.025713045708738225,0.7017170675322173,0
2023-02-19,1681.4361572265625,1718.9476318359375,1673.9066162109375,1691.68017578125,6959144003.0,-0.006137357465717308,1691.8194580078125,1515.03369140625,1631.6458740234375,1659.754150390625,1108.35302734375,1662.7698974609375,1635.127650669643,1614.4512241908483,1472.1811360677084,1404.7223510742188,0.03325594104299246,0.03076442365191742,0.026161419749214786,0.03840485868520222,45.041015625,9083764478.285715,8144230095.428572,7008167809.166667,11063998934.35,0.267271891834866,-0.02415733620340743,0.07453425122465163,0.7506312650529154,0
2023-02-20,1702.6751708984375,1716.4893798828125,1659.2950439453125,1682.3370361328125,7703604237.0,0.0126314719596059,1681.4361572265625,1507.1658935546875,1616.2470703125,1627.1181640625,1135.1734619140625,1657.0592041015625,1663.0575474330358,1620.8963971819196,1480.2560201009114,1404.9757731119792,0.03207245412741267,0.028674367822851602,0.02617488434439041,0.03841361541257071,57.1943359375,8846585781.571428,8073905624.809524,7048270017.466666,11013569330.627777,0.1069758340507212,-0.04014198130741953,0.020580478717321826,0.7698641018646337,0
2023-02-21,1658.036376953125,1714.28564453125,1642.396728515625,1702.7978515625,8721608198.0,-0.026216858452078218,1702.6751708984375,1556.8751220703125,1672.0035400390625,1628.382080078125,1183.1995849609375,1696.45703125,1677.5091552734375,1624.3012055896577,1487.5539693196615,1404.762325032552,0.035124725798053334,0.029364130619951787,0.026497297827397633,0.03842799002476326,71.888916015625,8771161946.285715,8175639776.190476,7113032955.383333,10979696066.755556,0.13214645115212198,-0.03144758225834543,0.09551586238722187,0.7914899275059608,0
2023-02-22,1643.231689453125,1663.996826171875,1604.8033447265625,1658.1409912109375,9189387004.0,-0.008929048666112882,1658.036376953125,1673.7459716796875,1650.716796875,1628.2510986328125,1203.983154296875,1507.7828369140625,1673.1499720982142,1624.3697277250744,1494.5886881510417,1405.5148186577692,0.020179002769902685,0.0284957133395057,0.02655606924006849,0.03751031109877,59.1934814453125,8653212210.285715,8226707276.904762,7222420183.033334,10882338715.983334,0.05363446687587614,0.012294082749773949,0.06621897024623236,0.808027037993355,1
2023-02-23,1651.0738525390625,1674.6015625,1632.566162109375,1643.298583984375,9013236167.0,0.004772402538407272,1643.231689453125,1640.067626953125,1546.438232421875,1556.604248046875,1198.9259033203125,1491.39501953125,1674.7222900390625,1624.7426932198662,1501.7905517578124,1406.4019232855903,0.018684111727143078,0.028511472774740136,0.02653986482885048,0.03750034415274369,42.035400390625,8125837137.571428,8153143233.952381,7306928784.65,10831740961.916666,-0.019168943143141548,-0.0022739846529510332,0.05613977704644024,0.7695502830669878,0
2023-02-24,1608.3731689453125,1661.09130859375,1583.1478271484375,1650.8951416015625,8909129423.0,-0.025862370437327087,1651.0738525390625,1694.7833251953125,1514.869140625,1611.7110595703125,1205.89794921875,1430.54736328125,1662.3779820033483,1622.0582914806548,1508.147198486328,1407.3898444281683,0.01460716134777139,0.028923182180823723,0.026844426283027387,0.03742317170569214,77.9434814453125,7998220889.571428,8188362739.571428,7400712635.033334,10809994053.61111,-0.011550428954825831,-0.0243759142239105,0.10402038040518691,0.8605047908691341,0
2023-02-25,1594.9149169921875,1608.8651123046875,1567.6317138671875,1608.6583251953125,5657686235.0,-0.00836761779727413,1608.3731689453125,1691.8194580078125,1539.9267578125,1603.10595703125,1195.126953125,1553.037353515625,1648.5344761439733,1618.6228492373511,1514.5159200032551,1407.6224975585938,0.014396424227616188,0.028957107058569388,0.02681446094180536,0.03689277078270063,41.2333984375,8021970752.428572,8179523869.238095,7426815226.666667,10741615435.538889,-0.3649563311546473,-0.017550131670761804,0.0755813975737556,0.9516384431936735,0
2023-02-26,1640.817138671875,1645.2734375,1590.39306640625,1594.7611083984375,5727967432.0,0.028780357616977614,1594.9149169921875,1681.4361572265625,1515.03369140625,1598.156494140625,1170.086181640625,1523.8388671875,1642.7317592075892,1619.0595761253721,1522.0297709147135,1408.272376844618,0.02016487675041479,0.02932501500019314,0.02680441158159141,0.03692174960000559,54.88037109375,7846088385.142858,8122441531.190476,7439086856.683333,10652127563.105556,0.012422250736568108,-0.04653071135865483,0.0804285271948062,0.93744542119844,0
2023-02-27,1634.326416015625,1662.57568359375,1615.387939453125,1640.763671875,7239824677.0,-0.003955786725572508,1640.817138671875,1702.6751708984375,1507.1658935546875,1572.43505859375,1216.9012451171875,1553.6849365234375,1632.9676513671875,1619.9204973493304,1529.2419555664062,1408.7203850640192,0.01891477405095212,0.02925482722890351,0.0268278491701503,0.03689758280867319,47.187744140625,7779834162.285714,8137677378.380953,7490880035.633333,10577950583.86111,0.2639430588508276,-0.04095126513231373,0.09708918211448991,0.9852333385268832,0
2023-02-28,1605.8951416015625,1644.435791015625,1602.4281005859375,1634.50244140625,6323676957.0,-0.01739632556596371,1634.326416015625,1658.036376953125,1556.8751220703125,1646.1556396484375,1295.6885986328125,1586.1767578125,1625.5189034598213,1616.7724783761162,1536.0196614583333,1408.829931640625,0.017564428718727917,0.028458901833997814,0.02697409363823774,0.03689237920694101,42.0076904296875,7437272556.428572,8056410689.0,7528680180.7,10521780584.63889,-0.126542804677368,-0.027375408888135166,0.11634759715960463,1.1082969676621013,0
2023-03-01,1663.4337158203125,1663.4337158203125,1601.548583984375,1606.0404052734375,7701847224.0,0.035829596047825873,1605.8951416015625,1643.231689453125,1673.7459716796875,1567.3265380859375,1276.27392578125,1577.220458984375,1628.4049072265625,1617.3780459449404,1543.7973693847657,1409.3088941786025,0.02296663400515686,0.02945914692039314,0.02724268118215274,0.036981593011004836,61.8851318359375,7224766873.571428,8051446767.333333,7606735745.55,10466188187.5,0.2179381199215804,-0.07775810827580165,0.09533796110898418,1.009048900446464,0
2023-03-02,1647.3193359375,1672.0511474609375,1622.5999755859375,1663.549072265625,7080950926.0,-0.009687419299942324,1663.4337158203125,1651.0738525390625,1640.067626953125,1586.535400390625,1294.3033447265625,1556.8726806640625,1627.8685477120537,1622.181908017113,1551.236610921224,1409.8113755967881,0.02332027911307297,0.025730170798925492,0.02731518595045492,0.03697562701839873,49.451171875,6948726124.857142,7887445900.761905,7684757018.483334,10452655548.233334,-0.08061654301129251,-0.12666552548974275,0.10109834573807475,1.0852386541818948,0
2023-03-03,1569.1676025390625,1648.475341796875,1552.4515380859375,1647.5577392578125,9922240199.0,-0.04744176292568125,1647.3193359375,1608.3731689453125,1694.7833251953125,1641.792724609375,1243.3348388671875,1577.6416015625,1622.2677525111608,1624.7675490606398,1557.145127360026,1409.7642978244357,0.02820839201035014,0.027585892962205844,0.028148623195676795,0.03713950960672705,96.0238037109375,7093456235.714286,7960057915.142858,7787365046.833333,10458422743.794445,0.4012581505920749,-0.08922534550026795,0.14436987290407077,1.180805797386014,0
2023-03-04,1566.9239501953125,1575.63720703125,1551.73681640625,1569.278076171875,4389045367.0,-0.0014298360099453955,1569.1676025390625,1594.9149169921875,1691.8194580078125,1643.2415771484375,1280.256591796875,1617.1832275390625,1618.26904296875,1626.0531296502977,1563.0142130533854,1409.4850796169706,0.028117355699498754,0.027391461082428833,0.028153521261158457,0.037094747723724654,23.900390625,6912221826.0,7927916865.190476,7803966267.433333,10410247767.122223,-0.5576558036316895,-0.05380430298870209,0.15531906887693991,1.2279279424560507,0
2023-03-05,1564.46875,1584.2088623046875,1559.9541015625,1567.1793212890625,5020886238.0,-0.001566891740346743,1566.9239501953125,1640.817138671875,1681.4361572265625,1664.74560546875,1259.6767578125,1561.74853515625,1607.3621303013392,1628.4071800595239,1568.14658203125,1409.500191921658,0.02467598089792814,0.027113095241259016,0.027891386391415363,0.03700333881757258,24.2547607421875,6811210226.857142,7913687696.761905,7780907423.183333,10310663473.305555,0.1439586101685424,0.016506701556039394,0.19593640138425594,1.3205537585142721,1
2023-03-06,1567.398681640625,1579.456298828125,1557.363525390625,1564.3831787109375,5245153345.0,0.0018727965263767299,1564.46875,1634.326416015625,1702.6751708984375,1667.0592041015625,1271.65380859375,1629.9063720703125,1597.801025390625,1631.2754080636162,1573.4292500813801,1409.1529269748264,0.024874514662593137,0.027064797720678862,0.02786859121473772,0.036863244541995736,22.0927734375,6526257179.428572,7717559041.095238,7801630204.666667,10231134526.033333,0.044666836962498735,0.0720367317153332,0.21801430359349938,1.2680666005718009,1
2023-03-07,1561.93310546875,1579.1622314453125,1543.1275634765625,1567.4246826171875,6854058349.0,-0.0034870363462051746,1567.398681640625,1605.8951416015625,1658.036376953125,1631.6458740234375,1232.4375,1635.34765625,1591.5207345145088,1631.5162644159227,1578.3051513671876,1408.745068359375,0.02433305423884669,0.02614609859734119,0.027847799814474994,0.0368637857139479,36.03466796875,6602025949.714286,7603486817.476191,7832910297.283334,10171317923.98889,0.3067412710695496,0.0906402291581414,0.19910551922119235,1.4451919899688606,1
2023-03-08,1534.0882568359375,1568.17529296875,1534.0882568359375,1561.9779052734375,7130327525.0,-0.017827171045494916,1561.93310546875,1663.4337158203125,1643.231689453125,1616.2470703125,1281.1163330078125,1719.08544921875,1573.0428118024554,1624.8658970424108,1582.8021158854167,1407.7173061794706,0.01721490976991367,0.020040325542223444,0.027970613967423372,0.03669128148686047,34.0870361328125,6520380278.428572,7466119787.428572,7908995530.233334,10098473500.85,0.04030738606716233,0.07958621977073577,0.21612045466426966,1.5255050607328524,1
2023-03-09,1438.6607666015625,1544.1083984375,1423.2647705078125,1534.0316162109375,9457897583.0,-0.0622046937711358,1534.0882568359375,1647.3193359375,1651.0738525390625,1672.0035400390625,1264.2847900390625,1776.2037353515625,1543.2344447544642,1615.2750941685267,1585.3238037109375,1405.8420674641927,0.025709222933054197,0.023537354804904726,0.029160000459170624,0.03689805478236018,120.8436279296875,6859944086.571428,7311502449.666667,8008375674.866667,10078067775.105556,0.3264324184042302,0.16581719126428895,0.2855693377350099,1.7053361887042806,1
2023-03-10,1429.1580810546875,1438.7601318359375,1378.525390625,1438.7601318359375,12665194936.0,-0.0066052302026157195,1438.6607666015625,1569.1676025390625,1608.3731689453125,1650.716796875,1266.3841552734375,1761.800048828125,1523.2330845424108,1602.6262730189733,1587.1174560546874,1403.994056532118,0.022588968445834016,0.021747245036847017,0.029005824979799068,0.03689648858278289,60.2347412109375,7251794763.285714,7447823962.857142,8086288276.733334,10079183847.405556,0.3391131406164647,0.25422451944508473,0.301037192478123,1.7396681985123759,1
2023-03-11,1482.61669921875,1484.136962890625,1428.72314453125,1429.100830078125,14917080154.0,0.0374056718236595,1429.1580810546875,1566.9239501953125,1594.9149169921875,1546.438232421875,1263.8685302734375,1713.7652587890625,1511.1891915457588,1592.6642368861608,1589.5513000488281,1402.7098978678384,0.029596530851244588,0.023871716563213387,0.029345354591245695,0.03694899755468896,55.413818359375,8755799732.857143,7896664103.761905,8237736725.083333,10063787674.316668,0.17780107052274108,0.18820978402377286,0.28907729188423525,1.6177994064679906,1
2023-03-12,1590.29296875,1607.152587890625,1461.6109619140625,1482.431884765625,11480965122.0,0.07262583079496476,1482.61669921875,1564.46875,1640.817138671875,1514.869140625,1274.6190185546875,1580.7879638671875,1514.8783656529017,1588.3240850539435,1592.9239705403645,1402.7627034505208,0.0425293142723639,0.02939595305202432,0.030376141083279604,0.0368856871650232,145.5416259765625,9678668144.857143,8111988918.952381,8323837738.6,9999421804.25,-0.2303476951606115,0.12279722867003184,0.18983717745600148,1.5570414686268008,1
2023-03-13,1680.3089599609375,1699.9117431640625,1572.07470703125,1590.8311767578125,15711468959.0,0.05660340137307651,1590.29296875,1567.398681640625,1634.326416015625,1539.9267578125,1320.5491943359375,1634.7550048828125,1531.0084054129463,1587.2590273902529,1597.2968119303384,1403.0157809787327,0.04705385192114133,0.03196235040411973,0.031072816895571505,0.03703708861173763,127.8370361328125,11173856089.714285,8493315810.476191,8381859003.95,9987279130.655556,0.368479809148923,0.03273941305582362,0.14305295911229354,1.3687746052677747,1
2023-03-14,1703.507080078125,1779.9178466796875,1665.90234375,1680.2952880859375,16159781303.0,0.013805865867504874,1680.3089599609375,1561.93310546875,1605.8951416015625,1515.03369140625,1309.3287353515625,1471.6934814453125,1551.2332589285713,1589.4242989676338,1601.4950154622395,1404.3036343044705,0.04662275034005559,0.03152031767440249,0.030988315858093203,0.036273370350319856,114.0155029296875,12503245083.142857,8847514529.761906,8523119555.466666,9927354160.794445,0.028534082024405105,0.06061240561714576,0.1814653822644432,1.3518875137673385,1
2023-03-15,1656.1805419921875,1721.0792236328125,1616.63037109375,1705.18994140625,12715339905.0,-0.027781826468116,1703.507080078125,1534.0882568359375,1663.4337158203125,1507.1658935546875,1266.3538818359375,1432.44775390625,1568.675013950893,1590.0409109933037,1603.252909342448,1405.5465942382812,0.04786917190848068,0.032103038641768694,0.030033113856293592,0.03627829673918586,104.4488525390625,13301103994.571428,9015417048.857143,8477631453.65,9904857136.383333,-0.2131490107084898,0.049231648939287,0.2689652153012607,1.3446359152296408,1
2023-03-16,1677.2154541015625,1693.1392822265625,1639.26171875,1656.33203125,9364980166.0,0.012700856927151394,1656.1805419921875,1438.6607666015625,1647.3193359375,1556.8751220703125,1168.2593994140625,1469.74169921875,1602.7542550223213,1591.2857491629463,1605.3318420410155,1406.6992262098524,0.035224477220044695,0.032197818924991704,0.030067587114956093,0.03624144624868393,53.8775634765625,13287830077.857143,9032166763.095238,8520804214.766666,9896895366.911112,-0.26348959320250276,0.08298856114474873,0.24758378046061824,1.2270366074372974,1
2023-03-17,1792.485107421875,1799.343994140625,1667.1318359375,1677.2967529296875,12467445117.0,0.06872680134113085,1677.2154541015625,1429.1580810546875,1569.1676025390625,1673.7459716796875,1188.1495361328125,1335.3291015625,1654.6581159319196,1600.0529843284971,1608.9260355631511,1409.2389817979602,0.03627827795563605,0.03473336608460305,0.03124165067044683,0.035913989497170305,132.212158203125,13259580103.714285,9201610367.571428,8587686876.2,9878590702.433332,0.33128366488843675,-0.02256102851272923,0.1827188134489981,0.9653497219225393,0
2023-03-18,1761.65966796875,1840.3575439453125,1751.2628173828125,1793.5924072265625,10317822213.0,-0.017197040759496796,1792.485107421875,1482.61669921875,1566.9239501953125,1640.067626953125,1184.7152099609375,1377.5413818359375,1694.5213971819196,1607.9932105654761,1612.1562622070312,1411.3729722764756,0.040864093297332475,0.03496537940001189,0.03132864662556129,0.035875556177262985,89.0947265625,12602543255.0,9423521604.619047,8632992866.65,9831952413.48889,-0.17241887843315062,-0.010157976473157748,0.17857209180241362,1.0676031540969086,0
2023-03-19,1785.5765380859375,1843.8441162109373,1762.9632568359375,1762.9632568359375,9170565472.0,0.013576328363562151,1761.65966796875,1590.29296875,1564.46875,1694.7833251953125,1167.60986328125,1324.38818359375,1722.4190499441963,1614.8865152994792,1616.657421875,1413.9351298014324,0.035258695579346695,0.03461097990525994,0.031003882456348122,0.03575626228616935,80.88085937499977,12272486162.142857,9587454844.619047,8613254281.266666,9801109348.222221,-0.11119175319327634,-0.005544304633420927,0.17863183606321353,0.9702236405911819,0
2023-03-20,1735.3212890625,1807.7252197265625,1728.103759765625,1785.416259765625,10978325507.0,-0.028145110529571027,1785.5765380859375,1680.3089599609375,1567.398681640625,1691.8194580078125,1217.70361328125,1252.6077880859375,1730.2779541015625,1619.6957949683779,1619.7035013834636,1416.6168714735243,0.03400341404940302,0.03530545165181848,0.031136310778549715,0.0355785564913534,79.6214599609375,11596322811.857143,9765478693.666666,8689015725.45,9747413891.038889,0.19712634302863186,-0.011444839499169635,0.11587603666693114,0.8196158739966763,0
2023-03-21,1806.7607421875,1836.28857421875,1725.00732421875,1735.617919921875,10758627746.0,0.04116785380048826,1735.3212890625,1703.507080078125,1561.93310546875,1681.4361572265625,1213.5999755859375,1327.68017578125,1745.0284772600446,1629.2608235677083,1622.1536112467447,1419.2784301757813,0.03664161421056691,0.035884991104447865,0.03032117831324143,0.03543638199340304,111.28125,10824729446.571428,9976666826.47619,8726177941.983334,9704620004.855556,-0.020011955453490327,-0.018804425435498096,0.0754593073001093,0.9445812521653967,0
2023-03-22,1737.717041015625,1821.458251953125,1717.76513671875,1804.95703125,12484103560.0,-0.03821408090164813,1806.7607421875,1656.1805419921875,1534.0882568359375,1702.6751708984375,1218.18212890625,1328.259521484375,1756.676548549107,1632.7981247674852,1623.9969258626302,1421.5531941731772,0.03854977144648273,0.036464712251155225,0.03063734104633322,0.03556486559668657,103.693115234375,10791695683.0,10204393318.666666,8786592162.816668,9669692211.63889,0.16038065957264136,0.03181461005109942,0.06461514404464697,1.0101035602988553,1
2023-03-23,1816.4051513671875,1853.8880615234373,1732.524658203125,1737.140869140625,11012966854.0,0.04528246457522944,1737.717041015625,1677.2154541015625,1438.6607666015625,1658.036376953125,1220.159423828125,1317.9932861328125,1776.560791015625,1640.849830264137,1627.1306437174478,1424.3221489800346,0.04115873174579435,0.03748893174423987,0.031152617715389543,0.035702010441964666,121.36340332031227,11027122352.714285,10391632172.380953,8844841798.15,9663663084.622223,-0.1178407964119772,-0.01303011540799992,0.03183402463079443,0.835321808998406,0
2023-03-24,1752.0447998046875,1819.935302734375,1730.3494873046875,1815.81982421875,10913669383.0,-0.035432817130064076,1816.4051513671875,1792.485107421875,1429.1580810546875,1643.231689453125,1221.1485595703125,1294.216796875,1770.7836042131696,1649.5582682291667,1629.1938720703124,1426.8656378851997,0.035781580253623324,0.03672761415455913,0.03153036504799547,0.03578115060210286,89.5858154296875,10805154390.714285,10438843085.904762,8888994498.283333,9658724294.344444,-0.009016414224831237,0.03994035707858368,0.06279360660545152,0.9043999300203842,1
2023-03-25,1743.7647705078125,1762.674560546875,1716.6519775390625,1751.469482421875,6614309912.0,-0.0047259232742210555,1752.0447998046875,1761.65966796875,1482.61669921875,1651.0738525390625,1218.9620361328125,1335.3201904296875,1768.2271902901787,1657.979259672619,1632.313214111328,1429.1347744411892,0.03524644909422827,0.03676752082049557,0.03096799251642422,0.035716767201851136,46.0225830078125,10276081204.857143,10544808064.238094,8862895085.3,9606389631.23889,-0.3939426163758474,0.04019798219395132,0.056769512411024126,0.9811367525238677,1
2023-03-26,1775.6767578125,1797.8802490234375,1741.182861328125,1743.8421630859375,6990313307.0,0.01830062623377482,1743.7647705078125,1785.5765380859375,1590.29296875,1608.3731689453125,1226.974365234375,1330.127685546875,1766.8129359654017,1668.0367838541667,1635.0459757486979,1431.610047064887,0.03561376788243293,0.036825615081863924,0.030736579380610522,0.035734189751466985,56.6973876953125,9964616609.857143,10638590305.619047,8802750749.616667,9545943599.961111,0.05684695758174807,0.011280978918139173,0.05129137603235567,1.0222620886732776,1
2023-03-27,1715.4608154296875,1781.3792724609375,1690.5166015625,1775.4813232421875,8585750760.0,-0.03391154505901961,1775.6767578125,1735.3212890625,1680.3089599609375,1594.9149169921875,1212.7916259765625,1337.410888671875,1763.9757254464287,1675.0873616536458,1636.9185567220052,1433.7103244357638,0.03642395494085633,0.03787260013685907,0.031072922583564335,0.035834757806657035,90.8626708984375,9622820217.428572,10797666373.0,8805924674.933332,9488114551.038889,0.22823547142048017,0.055283281820216246,0.08808326730379967,1.0912776616899316,1
2023-03-28,1772.78564453125,1791.1109619140625,1702.564697265625,1715.327392578125,8346890042.0,0.033416577391890856,1715.4608154296875,1806.7607421875,1703.507080078125,1640.817138671875,1189.986083984375,1335.65234375,1759.1221400669642,1685.1279587518602,1639.829042561849,1436.1388427734375,0.0350162708370921,0.038313497147102575,0.03133583248475297,0.035910085748701207,88.5462646484375,9278286259.714285,10868753596.47619,8809631752.75,9457836630.516666,-0.027820597717886697,0.05540403755234924,0.07671583580418462,0.9743589672966246,1
2023-03-29,1793.0018310546875,1825.6009521484373,1772.89990234375,1772.89990234375,9136176952.0,0.011403627159211949,1772.78564453125,1737.717041015625,1656.1805419921875,1634.326416015625,1201.5953369140625,1327.9786376953125,1767.0199672154017,1697.4571765718006,1643.5051554361978,1438.7223049587674,0.03133566389843143,0.03790509364318351,0.031264602973081076,0.03591158204146353,52.70104980468727,8800011030.0,10964270235.857143,8865173812.666666,9429425946.4,0.09456059754333102,0.06475854101548095,0.055499656835035216,0.9862188000207786,1
2023-03-30,1792.7371826171875,1827.2802734375,1766.2489013671875,1793.345947265625,9724496987.0,-0.00014760076254038967,1793.0018310546875,1816.4051513671875,1677.2154541015625,1605.8951416015625,1199.2327880859375,1311.6444091796875,1763.6388288225446,1714.3179582868304,1645.9481811523438,1441.3950425889757,0.02579361917546326,0.03440471432968771,0.030722122473321557,0.035895370110385495,61.0313720703125,8615943906.142857,10976965445.571428,8880560557.45,9448851145.01111,0.06439455344297063,0.04472793088813276,0.06480582357348297,0.95890741063167,1
2023-03-31,1822.0220947265625,1844.6773681640625,1783.1422119140625,1793.6201171875,9149379763.0,0.016335306922469428,1792.7371826171875,1752.0447998046875,1792.485107421875,1663.4337158203125,1196.771240234375,1276.093505859375,1773.6355852399554,1733.0257684616815,1650.1931070963542,1444.4279791937934,0.021542629974903055,0.03417827972521989,0.03007056919231634,0.035841998582763004,61.53515625,8363902531.857142,10809545675.428572,8880043251.5,9457579078.972221,-0.059141076887455846,0.023937148620813087,0.03013257733733843,0.9253028523037476,1
2023-04-01,1813.860595703125,1840.173095703125,1811.1185302734373,1821.704345703125,5556443606.0,-0.004479363366151845,1822.0220947265625,1743.7647705078125,1761.65966796875,1647.3193359375,1200.96484375,1323.439208984375,1783.6492745535713,1748.7992873418898,1653.9818603515625,1447.152542453342,0.021522724412558796,0.03385322444153114,0.030060438708882885,0.03575243296208525,29.054565429687727,8212778773.857142,10363801077.904762,8862897461.283333,9432042260.633333,-0.3926972374160047,0.0196473606222054,0.009975539644068387,1.011100772547763,1
2023-04-02,1795.7081298828125,1824.328857421875,1774.8724365234375,1821.192138671875,6199721188.0,-0.010007641085160612,1813.860595703125,1775.6767578125,1785.5765380859375,1569.1676025390625,1214.6566162109375,1362.1265869140625,1786.5108991350446,1758.5809616815477,1656.5471171061197,1449.5613288031684,0.02145177205933876,0.030906911348996337,0.029803774999127654,0.035707474838293535,49.4564208984375,8099837042.571428,10112313271.52381,8830943322.933332,9410153072.994444,0.11577145879882078,0.03546215915620743,0.04181145894946314,0.9518929446098863,1
2023-04-03,1810.297119140625,1839.1578369140625,1765.5189208984375,1794.9224853515625,9643826401.0,0.008124365544173617,1795.7081298828125,1715.4608154296875,1735.3212890625,1566.9239501953125,1214.77880859375,1352.837158203125,1800.0589425223213,1764.7708740234375,1659.3313761393229,1452.1027730305989,0.014567147707714107,0.028688848062452386,0.029814132525130734,0.03570381554576001,73.638916015625,8250990705.571428,9823377911.619047,8815705745.133333,9409427376.222221,0.5555258226234931,0.05574245206694495,0.05212113267512497,0.8103296881433348,1
2023-04-04,1871.005126953125,1886.5946044921875,1802.9554443359373,1810.14208984375,10398322335.0,0.03353483092395293,1810.297119140625,1772.78564453125,1806.7607421875,1564.46875,1256.526611328125,1351.70947265625,1814.090297154018,1772.7469714936756,1662.7690348307292,1454.9877488878037,0.014601824727034758,0.029343547373371547,0.03005832118325429,0.03577900377085501,83.63916015625023,8544052461.714286,9549022722.666666,8852852453.966667,9400342973.3,0.07823615882610291,0.011322561337391068,0.003580414886561023,0.7698732338183554,1
2023-04-05,1909.114013671875,1937.49755859375,1865.94189453125,1870.965087890625,10319231689.0,0.020368135912491647,1871.005126953125,1793.0018310546875,1737.717041015625,1567.398681640625,1250.4385986328125,1332.5169677734375,1830.6777518136162,1784.7914225260417,1666.803281656901,1458.1910658094619,0.015342492425385794,0.02853361867151477,0.030147349388969798,0.035781912641145996,71.5556640625,8713060281.285715,9434922331.428572,8927451273.583334,9401774152.933332,-0.007606096777148963,0.006059415598822948,0.04501925961391762,0.7442858328502604,1
2023-04-06,1872.922607421875,1909.271728515625,1857.0850830078125,1909.1435546875,8263191830.0,-0.018957173846517184,1909.114013671875,1792.7371826171875,1816.4051513671875,1561.93310546875,1269.3790283203125,1315.50048828125,1842.1328125,1794.1108107793898,1670.824560546875,1461.2878553602432,0.018545651441393963,0.02905854693975375,0.030118002877768318,0.035799767275903664,52.1866455078125,8504302401.714286,9382456220.190475,8949726195.233334,9415432573.055555,-0.199243501935486,0.07459573373676642,0.014575719374499752,0.7720354491714845,1
2023-04-07,1865.6361083984373,1882.2991943359373,1845.993896484375,1872.734130859375,8356130492.0,-0.003890443200676441,1872.922607421875,1822.0220947265625,1752.0447998046875,1534.0882568359375,1264.2703857421875,1322.604248046875,1848.3633858816963,1797.5941917782739,1674.981044514974,1464.3046990288628,0.01831699777262371,0.025250506662451357,0.03008847630704762,0.035802415645398177,36.30529785156227,8390981077.285714,9186679333.285715,8973663838.666666,9431376463.994444,0.011247307809384433,0.12649808212118718,0.0039880808393952805,0.7978767792879167,1
2023-04-08,1849.4981689453125,1879.1077880859373,1848.87548828125,1864.6790771484373,5016362733.0,-0.008650100295806595,1865.6361083984373,1813.860595703125,1743.7647705078125,1438.6607666015625,1287.3594970703125,1291.337646484375,1853.4544677734375,1801.7769775390625,1677.9392883300782,1467.4055908203125,0.018684992984840967,0.024989596555578083,0.02983347139638605,0.035758549069583145,30.232299804687273,8313826666.857142,8934228881.857143,8923431926.983334,9410386862.233334,-0.399678746304576,0.1313700289134332,-0.0002462529261098023,0.86726036656507,1
2023-04-09,1859.3878173828125,1873.057373046875,1828.7000732421875,1849.6722412109373,6361497715.0,0.005347206395527104,1849.4981689453125,1795.7081298828125,1775.6767578125,1429.1580810546875,1321.5389404296875,1279.57568359375,1862.5515659877233,1805.2918003627233,1681.417138671875,1470.626769341363,0.017792788594859825,0.024873393793547957,0.029772198107379626,0.0357482497193805,44.3572998046875,8336937599.285714,8800463750.571428,8899355395.916666,9394201598.094444,0.26814946478073987,0.1401633589054172,-0.005800117580597064,0.9873706227734118,1
2023-04-10,1911.20751953125,1917.3001708984373,1848.1641845703125,1859.7412109375,8380134275.0,0.02786922752961596,1859.3878173828125,1810.297119140625,1715.4608154296875,1482.61669921875,1336.5860595703125,1294.9063720703125,1876.9673374720983,1813.6673351469494,1687.4966267903646,1474.0506646050346,0.0197994071786319,0.02445364831796059,0.028672379804538586,0.03579083562782074,69.13598632812477,8156410152.714286,8676740358.571428,8863608148.433332,9394337685.3,0.317320959691644,0.08635137665798953,-0.036001339242487496,0.8340045726367875,1
2023-04-11,1892.189697265625,1936.728271484375,1886.5341796875,1911.3758544921875,8877222956.0,-0.009950684094362172,1911.20751953125,1871.005126953125,1772.78564453125,1590.29296875,1387.9327392578125,1288.1239013671875,1879.9937046595983,1817.7353806268602,1693.785302734375,1477.4065856933594,0.017065837302490047,0.023172785677889513,0.028553344262698108,0.03579847715234714,50.194091796875,7939110241.428572,8587149654.285714,8871605399.416666,9346438711.711111,0.05931750789279566,0.11222323879939755,-0.05057584702949225,0.872823356806073,1
2023-04-12,1920.68212890625,1929.8812255859373,1860.036865234375,1891.94970703125,11010714187.0,0.015057915008098277,1892.189697265625,1909.114013671875,1793.0018310546875,1680.3089599609375,1417.9384765625,1297.422119140625,1881.6462925502233,1826.4480038597471,1700.1312255859375,1480.8691413031684,0.016195273891879313,0.021341247032923828,0.028543039836637994,0.03580867270576243,69.84436035156227,8037893455.428572,8516988255.571428,8970717178.933332,9334755080.777779,0.24033318094799005,0.008185276074555325,-0.058657469562535924,0.8250015189814206,1
2023-04-13,2012.6346435546875,2022.150146484375,1901.8603515625,1917.6983642578125,12546950499.0,0.04787492592582243,1920.68212890625,1872.922607421875,1792.7371826171875,1703.507080078125,1451.6148681640625,1274.8717041015625,1901.6051548549108,1835.7922653924852,1708.4245747884115,1484.9678243001301,0.02136172251343742,0.021591973833424837,0.028967166751012963,0.03593307585677505,120.289794921875,8649858979.571428,8590035095.809525,9091171374.333334,9366690846.75,0.13952194979448151,-0.03455022873991287,-0.10758026852216496,0.6113381146920791,0
2023-04-14,2101.635498046875,2126.316650390625,2011.5032958984373,2013.9306640625,16298099411.0,0.044221068526871576,2012.6346435546875,1865.6361083984373,1822.0220947265625,1656.1805419921875,1550.7069091796875,1306.296630859375,1935.3193533761162,1852.439441499256,1718.332401529948,1489.386373562283,0.02357653586876753,0.021103087818879204,0.029367722274101785,0.03602786713898341,114.81335449218773,9784425968.0,8846436525.714285,9206742112.616667,9415615703.444445,0.2989689735604655,-0.11973323649654832,-0.14328579897143445,0.4297914140761143,0
2023-04-15,2092.466796875,2111.075439453125,2076.5107421875,2101.616455078125,8036468153.0,-0.004362650507376609,2101.635498046875,1849.4981689453125,1813.860595703125,1677.2154541015625,1552.4794921875,1331.713623046875,1970.0291573660713,1869.0442998976935,1727.2589294433594,1493.6127800835504,0.02283102695406923,0.021091495995042772,0.029180809796084596,0.036011917584604404,34.564697265625,10215869599.428572,8914158346.714285,9186523664.416666,9408033917.35,-0.5069076491473611,-0.10429707152611256,-0.1313841015435766,0.5087177962613281,0
2023-04-16,2120.005859375,2137.445068359375,2076.83203125,2092.281005859375,7898126856.0,0.013161051129283452,2092.466796875,1859.3878173828125,1795.7081298828125,1792.485107421875,1576.83349609375,1310.447021484375,2007.2603062220983,1885.4409237816221,1734.6965942382812,1498.1103291829427,0.022293524497990352,0.021006954815473735,0.02773259796228899,0.03599090234580692,60.613037109375,10435388048.142857,8957387563.333334,9151241859.416666,9394041578.73889,-0.0172141909065312,-0.12167128997100718,-0.13956772718604304,0.4630149855865302,0
2023-04-17,2076.242919921875,2120.113525390625,2063.03857421875,2120.001220703125,9648882546.0,-0.020642838914618267,2120.005859375,1911.20751953125,1810.297119140625,1761.65966796875,1567.8460693359375,1285.7442626953125,2030.8367919921875,1902.6210239955358,1741.966182454427,1502.501988389757,0.026301985000781132,0.01982820099413018,0.0277404661981614,0.035997318932912824,57.074951171875,10616637801.142857,9008012886.47619,9100308873.916666,9401253744.077778,0.22166720311284904,-0.11245575909855388,-0.12252097205986956,0.48581851208995563,0
2023-04-18,2104.537353515625,2121.531494140625,2057.65380859375,2075.855224609375,9134015143.0,0.013627708647316883,2076.242919921875,1892.189697265625,1871.005126953125,1785.5765380859375,1515.5069580078125,1283.200927734375,2061.1721714564733,1918.418724423363,1748.7954162597657,1507.064968532986,0.02443702651081518,0.01908171529884525,0.02750621595706435,0.036003290049298864,63.877685546875,10653322399.285715,9045495034.142857,9089168406.983334,9401947650.45,-0.05336031406180208,-0.11298620621251165,-0.1438838029578251,0.41823452744923695,0
2023-04-19,1936.4034423828125,2104.857177734375,1928.5828857421875,2103.9462890625,13779745451.0,-0.07989115082796949,2104.537353515625,1920.68212890625,1909.114013671875,1735.3212890625,1552.5565185546875,1299.9464111328125,2063.4180733816966,1925.2473725818452,1752.8718159993489,1510.6008409288195,0.043600921561910165,0.027080208881352742,0.029555861742032792,0.03652680817725686,176.2742919921875,11048898294.142857,9266617343.619047,9227306877.916666,9420654207.15,0.5086186343319488,-0.03606646831431881,-0.0639401697672013,0.5833619796284655,0
2023-04-20,1943.09765625,1979.5733642578125,1918.1328125,1936.41796875,11324135406.0,0.0034570346864029045,1936.4034423828125,2012.6346435546875,1872.922607421875,1806.7607421875,1659.754150390625,1314.2991943359375,2053.484218052455,1932.4073951357886,1757.232840983073,1514.094165717231,0.03877683066433134,0.027063851949202557,0.02953328313816923,0.036521722732876266,61.4405517578125,10874210423.714285,9342790601.666666,9300056734.633333,9443703156.272223,-0.17820431108339496,-0.017658031332862922,-0.06310523226243536,0.5744337679647309,0
2023-04-21,1849.9998779296875,1955.649169921875,1827.7889404296875,1943.409912109375,12044274581.0,-0.04791204292839435,1943.09765625,2101.635498046875,1865.6361083984373,1737.717041015625,1627.1181640625,1363.447021484375,2017.5362723214287,1933.7396705264136,1759.688252766927,1516.797237141927,0.034995824714492356,0.02917238151052029,0.03021945483208144,0.036624219577457255,127.8602294921875,10266521162.285715,9480642735.857143,9372401240.366667,9455562954.36111,0.06359330308064326,0.02297996878826858,-0.024577572356522692,0.7068256246585742,1
2023-04-22,1874.2286376953125,1886.7816162109373,1845.8492431640625,1849.2864990234373,6970642726.0,0.013096627764505042,1849.9998779296875,2092.466796875,1849.4981689453125,1816.4051513671875,1628.382080078125,1344.99853515625,1986.3593924386162,1936.6143391927083,1763.2914571126303,1519.7374043782552,0.03667100863802372,0.029255169025827713,0.030026552644655004,0.03661340917554732,40.93237304687477,10114260387.0,9547985551.095238,9343218482.5,9421550857.433332,-0.4212484380756082,0.018508069823777173,-0.03024916305086711,0.6792447361645719,1
2023-04-23,1862.06201171875,1882.229736328125,1838.992431640625,1874.1715087890625,6607451862.0,-0.006491537762182253,1874.2286376953125,2120.005859375,1859.3878173828125,1752.0447998046875,1628.2510986328125,1461.6654052734375,1949.5102713448662,1939.7740478515625,1766.9386291503906,1521.961829969618,0.03486203691691497,0.029193156758710488,0.030012489379864216,0.03607071751833159,43.2373046875,9929878245.0,9567401297.47619,9300186230.133333,9317329527.255556,-0.05210292339977829,0.007981637879922898,-0.004125209813654274,0.7194121782518592,1
2023-04-24,1842.7574462890625,1888.1937255859373,1811.7921142578125,1862.0853271484373,8438191338.0,-0.010367305335802768,1862.06201171875,2076.242919921875,1911.20751953125,1743.7647705078125,1556.604248046875,1566.566650390625,1916.1552036830358,1941.3197777157739,1770.1333557128905,1523.496223280165,0.03493972835867515,0.029282448491916527,0.030056916223594663,0.03570081861492014,76.40161132812477,9756922358.142857,9509990104.0,9290602149.65,9182510876.76111,0.27707193548071585,-0.0058621997845901275,-0.023148717043053324,0.747333392996455,0
2023-04-25,1866.753662109375,1877.4849853515625,1805.3228759765625,1842.204345703125,8677255481.0,0.013021906854120191,1842.7574462890625,2104.537353515625,1892.189697265625,1775.6767578125,1611.7110595703125,1514.3748779296875,1882.1861049107142,1941.1173270089287,1774.439697265625,1525.4538831922744,0.0348537321468316,0.028483288216855796,0.02985846600369108,0.035615010396848744,72.162109375,9691670977.857143,9428034539.52381,9286737583.95,9103976189.183332,0.028331206703433587,0.00216185167500349,-0.03256987142540835,0.6819600997773672,1
2023-04-26,1866.564208984375,1962.567626953125,1792.4638671875,1866.14892578125,14356524696.0,-0.00010148801571707722,1866.753662109375,1936.4034423828125,1920.68212890625,1715.4608154296875,1603.10595703125,1555.4779052734375,1872.2090715680804,1939.0911458333333,1778.9671854654948,1527.1821404351128,0.02089759720431722,0.02810944876824906,0.029824531518135237,0.035564571138801244,170.103759765625,9774068012.857143,9620286587.47619,9431718224.966667,9072764530.8,0.6545006341504538,0.020405216333328813,-0.02029103072717653,0.6910800637294328,1
2023-04-27,1908.786376953125,1936.9451904296875,1863.14794921875,1866.6932373046875,14008145806.0,0.022620260136523074,1866.564208984375,1943.09765625,2012.6346435546875,1772.78564453125,1598.156494140625,1619.698486328125,1867.3074602399554,1940.7989443824404,1783.4333394368489,1528.7881842719185,0.02331229468040242,0.02822246783556841,0.02974499532672394,0.03547545160193454,73.7972412109375,10157498070.0,9893855824.428572,9569721197.866667,9030486703.194445,-0.024266241125685872,-0.016283789409813232,-0.040689776372088926,0.6398717178180824,0
2023-04-28,1892.5128173828125,1923.19921875,1876.2918701171875,1909.2730712890625,7691759733.0,-0.00852560546680392,1908.786376953125,1849.9998779296875,2101.635498046875,1793.0018310546875,1572.43505859375,1590.7833251953125,1873.3807373046875,1942.0787876674108,1787.736446126302,1530.4644592285156,0.012896013689647176,0.028283070839165238,0.02976884362225474,0.035453765123171194,46.9073486328125,9535710234.571428,9862219121.619047,9577253448.8,8995829404.894444,-0.45090807594924887,0.05418620934094398,0.009723245738936459,0.7184392005271081,1
2023-04-29,1908.9169921875,1916.9737548828125,1887.990478515625,1892.5650634765625,4796651246.0,0.008667933265241068,1892.5128173828125,1874.2286376953125,2092.466796875,1792.7371826171875,1646.1556396484375,1572.7144775390625,1878.336216517857,1944.9082554408483,1792.7868103027345,1532.3322509765626,0.01243701008582191,0.028237940612252658,0.02965785988409192,0.03544430051889296,28.9832763671875,9225140023.142857,9851756669.857143,9551803020.283333,8915216802.294445,-0.37639091540770575,-0.004555038519366561,-0.00829730535812856,0.7092281495510124,0
2023-04-30,1876.92431640625,1938.41796875,1876.92431640625,1908.7413330078125,6539641957.0,-0.016759595054255505,1908.9169921875,1862.06201171875,2120.005859375,1822.0220947265625,1567.3265380859375,1579.70458984375,1880.4594029017858,1945.7433268229167,1796.3449869791666,1533.9834716796875,0.014183220437773198,0.028513499730198368,0.029457156866502403,0.03547038563473409,61.49365234375,9215452893.857143,9860239729.0,9532432932.5,8870951973.122223,0.3633765770345523,-0.0020501095100055045,0.01284137815850972,0.7131372463833341,0
2023-05-01,1831.954833984375,1886.2064208984373,1809.1932373046875,1868.89111328125,8625783201.0,-0.023959134648528724,1876.92431640625,1842.7574462890625,2076.242919921875,1813.860595703125,1586.535400390625,1519.7117919921875,1878.9161725725446,1941.9693894159227,1799.422245279948,1535.7181552463107,0.016735078219627504,0.028299337288395433,0.0296139580164392,0.03539833969443626,77.01318359374977,9242251731.428572,9871937296.904762,9558180137.083334,8789682889.344444,0.3189993057291163,0.009327681178599168,0.023022215612138464,0.644301927838941,1
2023-05-02,1870.789306640625,1879.759521484375,1824.3270263671875,1831.7265625,7536785767.0,0.02119837887694409,1831.954833984375,1866.753662109375,2104.537353515625,1795.7081298828125,1641.792724609375,1531.541748046875,1879.4926932198662,1940.9503231956846,1804.4492736816405,1537.602863905165,0.01808494642982305,0.02865530761364387,0.028982706705216764,0.03542539492408626,55.4324951171875,9079327486.571428,9808106954.571428,9518422563.216667,8752396415.788889,-0.1262491078924579,-0.011859249541254946,-0.004590517272317185,0.5874500978956259,0
2023-05-03,1904.65185546875,1915.504150390625,1845.871826171875,1870.6871337890625,8306390869.0,0.018100674783592785,1870.789306640625,1866.564208984375,1936.4034423828125,1810.297119140625,1643.2415771484375,1645.0933837890625,1884.9337855747767,1940.186976841518,1810.0780721028646,1539.0448554144966,0.019262877808141204,0.028743571168721692,0.02903776553379476,0.035029611386115656,69.63232421875,8215022654.142858,9679329653.714285,9583711654.916666,8682948785.355556,0.10211317208586901,-0.03268333056889139,0.0013675655845692969,0.568879083309342,0
2023-05-04,1877.7041015625,1915.8717041015625,1868.6297607421875,1905.1689453125,6578438233.0,-0.014148388236346676,1904.65185546875,1908.786376953125,1943.09765625,1871.005126953125,1664.74560546875,1627.968017578125,1880.4934605189733,1933.7617129371279,1815.2986612955729,1540.4322781032986,0.018008944186788153,0.026691799173193462,0.029121552374943564,0.03503777929021501,47.241943359375,7153635858.0,9395114783.904762,9609670854.833334,8658345813.372223,-0.20802688715851714,-0.0432514904286474,0.00783316924705968,0.6528386925314482,0
2023-05-05,1995.0609130859373,1998.41357421875,1876.9466552734373,1877.8331298828125,9498261360.0,0.06250016252602353,1877.7041015625,1892.5128173828125,1849.9998779296875,1909.114013671875,1667.0592041015625,1572.2347412109375,1895.1431884765623,1928.686732700893,1822.4263651529948,1542.781312391493,0.029921805785895334,0.028541035597002124,0.03010078777427914,0.035229317467180395,121.46691894531273,7411707519.0,9071312971.952381,9680555988.416666,8646487572.566668,0.44384746403075326,-0.09375209371727866,-0.0524030933569527,0.5626472332583539,0
2023-05-06,1900.2218017578125,2017.5594482421875,1870.6055908203125,1995.4791259765625,9623243037.0,-0.04753695022846627,1995.0609130859373,1908.9169921875,1874.2286376953125,1872.922607421875,1631.6458740234375,1568.59130859375,1893.9010184151787,1919.5322091238838,1828.0645100911458,1544.6237040201822,0.03651046980640763,0.03021924210994128,0.03082668462640449,0.035420622626748985,146.953857421875,8101220632.0,9146873680.714285,9726709066.55,8615061348.61111,0.01315837417638721,-0.054786727263862134,-0.04651742893141142,0.6509909635471856,0
2023-05-07,1873.076416015625,1933.9984130859373,1873.076416015625,1899.9176025390625,6883942236.0,-0.014285377484394957,1900.2218017578125,1876.92431640625,1862.06201171875,1865.6361083984373,1616.2470703125,1332.8355712890625,1893.351318359375,1907.7736642020088,1833.7143127441407,1547.625042046441,0.036333702127767084,0.030026594922447233,0.030788053494965936,0.0335620063431048,60.92199707031227,8150406386.142858,9098579175.0,9722602645.066668,8419705453.033334,-0.28465464194012124,-0.03874665167559266,0.006096097806590928,0.6351328400581795,0
2023-05-08,1849.042724609375,1886.162109375,1818.4505615234373,1872.47509765625,9895102899.0,-0.012831132355707098,1873.076416015625,1831.954833984375,1842.7574462890625,1849.4981689453125,1672.0035400390625,1100.1697998046875,1895.792445591518,1896.9546072823662,1840.5540120442708,1551.7854471842447,0.03532655144701062,0.02987690766470728,0.029632161662572917,0.030851961760272845,67.71154785156273,8331737771.571428,9110303953.714285,9729889400.333334,8258764400.1,0.4374180607229605,-0.017031947089386823,-0.009002890140973774,0.6260182138693757,0
2023-05-09,1848.6031494140625,1860.66748046875,1832.906982421875,1849.06103515625,6129516088.0,-0.0002377312267921594,1849.042724609375,1870.789306640625,1866.753662109375,1859.3878173828125,1650.716796875,1299.464599609375,1892.6229945591517,1884.7672642299108,1847.5447631835937,1554.836216905382,0.03428419596522715,0.0295948637689418,0.029602660334475825,0.027826106066249256,27.760498046875,8130699246.0,8967232570.142857,9620961419.533333,8134033922.133333,-0.3805505460059997,-0.013243345095936387,-0.0012448694204483246,0.6085968627203937,0
2023-05-10,1842.4014892578125,1886.80029296875,1795.6688232421875,1848.2135009765625,9945549603.0,-0.0033547817757508813,1848.6031494140625,1904.65185546875,1866.564208984375,1911.20751953125,1546.438232421875,1287.2210693359375,1883.7300851004463,1880.290980747768,1853.5411763509114,1557.9205525716145,0.03321285826974738,0.02423255863932527,0.029306247144423786,0.027815446151175375,91.1314697265625,8364864779.428572,8784651815.47619,9538102577.016666,8073061758.266666,0.6225668487061813,-0.011149507985614204,-0.0011812135107026611,0.6478604286384513,0
2023-05-11,1796.4906005859375,1842.4920654296875,1774.132568359375,1842.4920654296875,8353828312.0,-0.02491904665707234,1842.4014892578125,1877.7041015625,1908.786376953125,1892.189697265625,1514.869140625,1255.268310546875,1872.1281563895088,1873.3096923828125,1856.977803548177,1560.9273430718315,0.03398720087261642,0.024694639141232592,0.02811904185870288,0.027815971491358827,68.3594970703125,8618491933.571428,8643208620.52381,9485983630.183332,8058555455.738889,-0.1600435727071201,0.0029156373194239027,-0.024551108114093112,0.6197085911925044,1
2023-05-12,1808.019775390625,1812.4249267578125,1742.40380859375,1795.1766357421875,9047198660.0,0.006417609310578776,1796.4906005859375,1995.0609130859373,1892.5128173828125,1920.68212890625,1539.9267578125,1221.8192138671875,1845.407993861607,1871.3106398809523,1859.1063171386718,1564.184012858073,0.018095927926365503,0.022555791207952276,0.027211838779950114,0.027732278275816088,70.0211181640625,8554054405.0,8500490719.523809,9374912458.533333,8049276252.661111,0.08300031100758876,0.0025274624816811198,-0.030201269328319458,0.6103817504718358,1
2023-05-13,1796.1148681640625,1816.0584716796875,1788.4755859375,1808.375,4647630864.0,-0.006584500561665818,1808.019775390625,1900.2218017578125,1908.9169921875,2012.6346435546875,1515.03369140625,1241.604248046875,1830.5355747767858,1867.5909365699404,1860.6497802734375,1567.2646274142794,0.010334375562689466,0.02235522520058459,0.027183953415663986,0.02772169362491845,27.5828857421875,7843252666.0,8389871107.047619,9183043284.55,7991607337.111111,-0.48629061451381905,0.0135643658496023,-0.029834495883550693,0.6305760595871637,1
2023-05-14,1800.5009765625,1823.49072265625,1793.228759765625,1796.10791015625,4711210241.0,0.0024419977119396474,1796.1148681640625,1873.076416015625,1876.92431640625,2101.635498046875,1507.1658935546875,1251.7362060546875,1820.1676548549108,1864.659458705357,1863.0551208496095,1570.3133205837673,0.010562300628912592,0.02234626884861487,0.02691563975705834,0.027718371782466243,30.261962890625,7532862381.0,8299573887.0,9049641123.483334,7952236218.483334,0.013679954122965743,0.0022384855994397324,-0.034136820643993926,0.6380772115833646,1
2023-05-15,1817.5499267578125,1845.6954345703125,1787.536376953125,1800.3712158203125,6748889346.0,0.009469003581360047,1800.5009765625,1849.042724609375,1831.954833984375,2092.466796875,1556.8751220703125,1215.6025390625,1815.6686837332588,1863.4591006324404,1865.3940287272135,1573.6574727376303,0.011345136933437458,0.02236589862100033,0.026896580235638533,0.02762388284933649,58.1590576171875,7083403302.0,8219130935.0,9006039609.816668,7923399150.416667,0.43251712421296706,-8.328089659115356e-06,-0.09189879033826076,0.5851877940562826,0
2023-05-16,1824.1214599609373,1830.3515625,1797.84375,1816.82421875,5595959668.0,0.003615599828306948,1817.5499267578125,1848.6031494140625,1870.789306640625,2120.005859375,1673.7459716796875,1200.80859375,1812.1712995256696,1861.4289957682292,1865.9213012695313,1577.1203219943577,0.011558747229779714,0.02217664207910687,0.025419213745898124,0.02760172802347911,32.5078125,7007180956.285714,8072402562.952381,8891514852.333334,7900467554.844444,-0.17083250574901332,0.016588344547015854,-0.08694688816045648,0.6649421144850942,1
2023-05-17,1821.859619140625,1835.5545654296875,1786.6719970703125,1824.068359375,6352161579.0,-0.0012399617404647012,1824.1214599609373,1842.4014892578125,1904.65185546875,2076.242919921875,1640.067626953125,1212.30029296875,1809.2367466517858,1859.3002057756696,1866.9246337890625,1580.5067626953125,0.011540327836363584,0.022176068064021347,0.02531299240445458,0.027598464655010424,48.882568359375,6493839810.0,7691242414.523809,8825420508.433332,7891424489.294444,0.13513355275311834,-0.011943644464193937,-0.05773814557021484,0.6165521605363038,0
2023-05-18,1801.728515625,1831.4503173828125,1774.195068359375,1822.0682373046875,5673124255.0,-0.011049755592651422,1821.859619140625,1796.4906005859375,1877.7041015625,2104.537353515625,1694.7833251953125,1218.4267578125,1809.9850202287946,1854.2022123790923,1867.1938334147135,1583.7473280164932,0.007251752623934667,0.021598548140584938,0.025303235089648848,0.027616702811339496,57.2552490234375,6110882087.571428,7294336626.380953,8767129821.483334,7889726591.955556,-0.1068986227058315,0.002345092332124654,-0.04136273218534714,0.71730570144772,1
2023-05-19,1812.5894775390625,1826.1942138671875,1797.4344482421875,1800.994384765625,4796110259.0,0.0060280790473556944,1801.728515625,1808.019775390625,1995.0609130859373,1936.4034423828125,1691.8194580078125,1142.4666748046875,1810.6378348214287,1850.3963390531994,1868.4816365559896,1587.4702324761286,0.007199531478355972,0.021629841950400984,0.02503144326311253,0.027185954726498304,28.759765625,5503583744.571428,7156448556.190476,8664092900.683332,7862754967.372222,-0.154591007807919,0.008882441350383186,-0.050762714906382955,0.722921275505459,1
2023-05-20,1820.47802734375,1829.0096435546875,1808.0467529296875,1812.76611328125,2951655969.0,0.004352088491321071,1812.5894775390625,1796.1148681640625,1900.2218017578125,1943.09765625,1681.4361572265625,1108.35302734375,1814.1182861328125,1846.1849597749256,1868.7102579752604,1591.4264824761285,0.006596991783081326,0.021545429585360366,0.024476088805938163,0.027074769215691213,20.962890625,5261301616.714286,7068591638.238095,8533976704.4,7800930282.711111,-0.3845729539972196,0.005844760897547152,-0.0454927784195589,0.6873826387568298,1
2023-05-21,1804.5313720703125,1827.9219970703125,1799.9468994140625,1820.1380615234373,3386768865.0,-0.00875959777262747,1820.47802734375,1800.5009765625,1873.076416015625,1849.9998779296875,1702.6751708984375,1135.1734619140625,1814.694056919643,1842.7376767113096,1869.8238301595052,1595.145137532552,0.0077195063479052325,0.021341867313685405,0.023978354790510872,0.027042876211538773,27.97509765625,5072095705.857142,6918454824.333333,8382354459.483334,7752853049.988889,0.14741314725354426,0.058953152129435527,-0.006877894807052143,1.0303639634408306,1
2023-05-22,1817.5347900390625,1826.696533203125,1793.2239990234375,1804.8419189453125,4534841049.0,0.0072059805498594365,1804.5313720703125,1817.5499267578125,1849.042724609375,1874.2286376953125,1658.036376953125,1183.1995849609375,1814.69189453125,1842.0510079520088,1869.8426574707032,1598.6692220052084,0.007310254972294744,0.02078987768540538,0.02327781387189261,0.026883506297930373,33.4725341796875,4755803092.0,6723648055.190476,8274385696.066667,7715587300.016666,0.33898746261209656,0.04156362528791746,0.04042421224178927,1.0848639403811275,1
2023-05-23,1854.380615234375,1869.343994140625,1816.2879638671875,1817.7811279296875,6820047160.0,0.020272418111193735,1817.5347900390625,1824.1214599609373,1848.6031494140625,1862.06201171875,1643.231689453125,1203.983154296875,1819.0146309988838,1841.2696416945685,1871.5482543945313,1602.2825412326388,0.010631527347420325,0.02074321587309064,0.02293774139471787,0.026892597982482568,53.0560302734375,4930672733.714286,6689517645.333333,8206158659.016666,7699552159.927778,0.5039219867483387,0.02515448862576375,0.010010015083845802,1.015345578321392,1
2023-05-24,1800.0999755859375,1854.2996826171875,1780.925537109375,1854.2996826171875,7101647419.0,-0.02927157413235626,1854.380615234375,1821.859619140625,1842.4014892578125,1842.7574462890625,1651.0738525390625,1198.9259033203125,1815.9061104910713,1836.290980747768,1872.4871744791667,1605.6223971896702,0.016102984088843676,0.021221979460222782,0.02326194506848296,0.026993589579206147,73.3741455078125,5037742139.428572,6632148909.619047,8214280950.8,7708542933.388889,0.0412900750381322,0.04112578111336718,0.051531629475603635,1.0981763776005553,1
2023-05-25,1805.9537353515625,1815.9947509765625,1763.3651123046875,1799.84521484375,6321689859.0,0.0032519081412238915,1800.0999755859375,1801.728515625,1796.4906005859375,1866.753662109375,1608.3731689453125,1205.89794921875,1816.5097133091517,1832.8742966424852,1872.9917907714844,1608.9560404459635,0.01560422714452503,0.021082530785860608,0.023150895349243954,0.026992571474169922,52.629638671875,5130394368.571428,6619922796.571428,8203137226.666667,7715473651.7277775,-0.10982769405212567,0.031145693028018062,0.03881935381783341,1.0636932704076072,1
2023-05-26,1828.689697265625,1837.8658447265625,1798.406005859375,1805.7254638671875,5451414258.0,0.012589448704585227,1805.9537353515625,1812.5894775390625,1808.019775390625,1866.564208984375,1594.9149169921875,1195.126953125,1818.8097446986608,1824.9518577938989,1874.8789388020834,1612.475833468967,0.016182217545919995,0.015586848373420937,0.02275270278676147,0.026988836790298648,39.4598388671875,5224009225.571428,6427215791.714286,8150898284.966666,7720831637.2277775,-0.13766502634750655,0.042963491645809704,0.03927205712231241,1.0502311452138247,1
2023-05-27,1831.1182861328125,1836.1845703125,1817.4920654296875,1828.57568359375,3216737652.0,0.001328048640957924,1828.689697265625,1820.47802734375,1796.1148681640625,1908.786376953125,1640.817138671875,1170.086181640625,1820.3297816685267,1821.6612141927083,1875.8511494954428,1616.1482340494792,0.016129844363796927,0.012000413582481615,0.022359252946157187,0.026930658613921885,18.6925048828125,5261878037.428572,6122144106.714286,8065395745.133333,7698283447.127778,-0.40992603024446217,0.03347363734899589,0.01546299625193015,1.0893775622860034,1
2023-05-28,1910.9141845703125,1915.7232666015625,1825.46728515625,1831.0986328125,6359610561.0,0.04357768640169235,1831.1182861328125,1804.5313720703125,1800.5009765625,1892.5128173828125,1634.326416015625,1216.9012451171875,1835.5273263113838,1823.4630126953125,1877.8163553873699,1620.0038614908854,0.02195852360844519,0.015184986422610377,0.02299494615301114,0.026959457994902705,90.2559814453125,5686569708.285714,6097175931.714286,8019119638.616667,7691173473.4777775,0.9770373741998901,-0.01067585082069622,-0.011099826251201872,1.036725075026148,0
2023-05-29,1893.078125,1926.4217529296875,1879.0775146484373,1909.2974853515625,5884674572.0,-0.009333783648857619,1910.9141845703125,1817.5347900390625,1817.5499267578125,1908.9169921875,1605.8951416015625,1295.6885986328125,1846.3192313058037,1825.5599365234375,1879.4887044270833,1623.3226921929254,0.022977411974420565,0.015043515322654126,0.023035453654957773,0.026572291932172684,47.34423828125023,5879403068.714286,5906203154.238095,7955122598.366667,7669216524.966666,-0.07468004281779794,-0.042919388685754845,-0.03439210074531396,1.0285778473385774,0
2023-05-30,1901.026611328125,1916.574951171875,1883.9346923828125,1893.0931396484373,5363439784.0,0.004198710144688311,1893.078125,1854.380615234375,1824.1214599609373,1876.92431640625,1663.4337158203125,1276.27392578125,1852.982945033482,1828.0562918526787,1880.8054463704427,1626.7935404459636,0.02210695337952163,0.015053042669855613,0.022953172829807866,0.02654039202203817,32.6402587890625,5671316300.714286,5869723330.238095,7892023598.716666,7660913772.233334,-0.08857495544105343,-0.00869621613013627,-0.025669980691199856,0.9795601549070487,0
2023-05-31,1874.1304931640625,1907.035400390625,1852.0947265625,1901.0982666015625,5984512548.0,-0.014148207081263298,1901.026611328125,1800.0999755859375,1821.859619140625,1831.954833984375,1647.3193359375,1294.3033447265625,1863.5587332589287,1829.5671968005952,1881.8099446614583,1630.0148023817273,0.018837733548358892,0.015405083687028462,0.02302589317817054,0.026555254122657874,54.940673828125,5511725604.857142,5681102518.095238,7899158081.083333,7659640810.2277775,0.11579747121479,-0.022268725268886125,0.03151246505785199,0.9992469163922828,0
2023-06-01,1862.201416015625,1887.705322265625,1846.2274169921875,1873.9146728515625,5640027197.0,-0.006365126223573547,1874.1304931640625,1805.9537353515625,1801.728515625,1870.789306640625,1569.1676025390625,1243.3348388671875,1871.5941162109375,1832.6962832496279,1882.9181660970053,1633.452950032552,0.019407128380742274,0.01434423262729088,0.023001685455845505,0.026378445879584028,41.4779052734375,5414345224.571428,5551873893.571428,7889829847.9,7659459797.961111,-0.05756280870613695,-0.008538032457751643,0.033489665197742324,1.0191299281541175,0
2023-06-02,1907.256591796875,1910.2784423828125,1851.9647216796875,1862.4237060546875,6097746022.0,0.024194577124557304,1862.201416015625,1828.689697265625,1812.5894775390625,1904.65185546875,1566.9239501953125,1280.256591796875,1882.8179582868304,1837.4218459356398,1884.5341573079427,1636.9362833658854,0.020663443145523777,0.015132670624195462,0.02318048194191786,0.026350039487566947,58.313720703125,5506678333.714286,5411423767.952381,7830728508.25,7664591006.672222,0.08115542869074566,-0.03514543997835162,0.01582469963670574,0.9993109427488533,0
2023-06-03,1892.4124755859373,1908.822265625,1885.4854736328125,1907.4207763671875,3472274607.0,-0.007782967574883393,1907.256591796875,1831.1182861328125,1820.47802734375,1877.7041015625,1564.46875,1259.6767578125,1891.5742710658483,1842.0074462890625,1884.8909464518229,1640.45148179796,0.02129918318359556,0.015171471358408547,0.02281247580934504,0.026324513091022853,23.3367919921875,5543183613.0,5355454422.380953,7715294379.45,7649879423.805555,-0.4305642454650598,-0.07399428600658597,0.03327851902414336,0.9979238378900943,0
2023-06-04,1890.5135498046875,1912.2056884765625,1885.65185546875,1892.398193359375,3747042696.0,-0.0010034418002141665,1892.4124755859373,1910.9141845703125,1804.5313720703125,1995.0609130859373,1567.398681640625,1271.65380859375,1888.6598946707588,1846.2937593005952,1884.5809387207032,1643.8895914713542,0.01276331961078643,0.01519186798877893,0.022662511332076134,0.026320778343188234,26.5538330078125,5169959632.285714,5309541682.142858,7605757896.233334,7642422923.894444,0.07913201578183826,-0.07251906055670765,0.02439548509025613,0.9922571623701733,0
2023-06-05,1811.828369140625,1890.6405029296875,1780.2115478515625,1890.4176025390625,9246593033.0,-0.041621061468822385,1890.5135498046875,1893.078125,1817.5347900390625,1900.2218017578125,1561.93310546875,1232.4375,1877.0527866908483,1846.0213041759673,1883.5627014160157,1647.1084296332465,0.019913218415959544,0.0178647598239936,0.023168605064809583,0.026409307800943575,110.428955078125,5650233698.142858,5428479952.952381,7622147916.283334,7661836189.744445,1.467704209207655,-0.03824848081502186,0.054508277515011194,1.104236766614353,0
2023-06-06,1884.494873046875,1896.22265625,1801.4052734375,1810.5814208984373,8704411776.0,0.040106725970251,1811.828369140625,1901.026611328125,1854.380615234375,1873.076416015625,1534.0882568359375,1281.1163330078125,1874.6911097935267,1848.896228608631,1883.8770141601562,1650.4605326334636,0.02652749573043284,0.01989337121917885,0.023741784123479142,0.026414111837027535,94.8173828125,6127515411.285714,5576501481.904762,7627952604.35,7675598089.527778,-0.058635786723284844,-0.07718634710608041,-0.019028122044993268,1.0505553194105217,0
2023-06-07,1832.39599609375,1893.80908203125,1822.3031005859373,1884.3729248046875,7919894455.0,-0.027646069882318547,1884.494873046875,1874.1304931640625,1800.0999755859375,1849.042724609375,1438.6607666015625,1264.2847900390625,1868.729038783482,1849.397960844494,1883.5919779459634,1653.616706000434,0.028091593653862393,0.020900187450786253,0.023990497130695763,0.026484115058303215,71.50598144531273,6403998540.857142,5651155428.380953,7676344799.716666,7687896481.694445,-0.09012870038651999,-0.09925622484009711,0.020850592912338595,1.0801213084708348,0
2023-06-08,1846.3018798828125,1861.1361083984373,1830.1650390625,1832.5135498046875,4536041931.0,0.0075889075389308225,1832.39599609375,1862.201416015625,1805.9537353515625,1848.6031494140625,1429.1580810546875,1266.3841552734375,1866.4576764787946,1851.5205019996279,1883.3738789876302,1656.8384711371527,0.028296911795059027,0.020781406242429547,0.024000503655967058,0.026486861556880917,30.971069335937273,6246286360.0,5597008651.047619,7645920536.65,7694860603.538889,-0.42725980039591327,-0.09791578856197769,0.010419569577461818,0.9924310268395073,0
2023-06-09,1840.2252197265625,1854.824951171875,1828.5445556640625,1846.077880859375,4610831509.0,-0.003291260341800495,1846.3018798828125,1907.256591796875,1828.689697265625,1842.4014892578125,1482.61669921875,1263.8685302734375,1856.8817661830358,1852.8364897228423,1882.1908406575521,1660.0404527452256,0.026055774932049188,0.020776458314627416,0.023726478150214107,0.026488259587556948,26.2803955078125,6033870001.0,5588185853.428572,7583098823.883333,7701798523.877778,0.01648784979011686,-0.06714199716420266,0.012381389872389015,1.000271440535319,0
2023-06-10,1752.384765625,1844.78564453125,1721.443115234375,1840.3919677734373,10788500406.0,-0.04773353454780638,1840.2252197265625,1892.4124755859373,1831.1182861328125,1796.4906005859375,1590.29296875,1274.6190185546875,1836.8778076171875,1849.5939534505208,1879.8607584635417,1662.6947068956163,0.030765897483424055,0.023302400608036112,0.024475123952012515,0.0267467050690099,123.342529296875,7079045115.142858,5961368921.857142,7614953448.05,7733117363.0,1.3398166653762233,-0.014369369419574451,0.0731412606258659,1.114777462854748,0
2023-06-11,1753.415283203125,1776.84716796875,1741.1104736328125,1752.527587890625,4559112981.0,0.0005880658165602348,1752.384765625,1890.5135498046875,1910.9141845703125,1808.019775390625,1680.3089599609375,1320.5491943359375,1817.2923409598213,1847.1598539806548,1877.072977701823,1665.099518500434,0.03085365127568887,0.023247098425934073,0.02438552285777429,0.026625866033049353,35.7366943359375,7195055155.857142,6017194832.142858,7507426761.283334,7709485306.677778,-0.5774099449016603,-0.018727890003730208,0.07124426116497817,1.0911860210312212,0
2023-06-12,1742.5286865234375,1757.6597900390625,1722.9063720703125,1753.075439453125,6031384958.0,-0.006208795362955821,1753.415283203125,1811.828369140625,1893.078125,1796.1148681640625,1703.507080078125,1309.3287353515625,1807.3923863002233,1843.588134765625,1872.5712117513021,1667.5061848958333,0.027590277163439904,0.02319142544361253,0.023524262757449527,0.026621407095935672,34.75341796875,6735739716.571428,6088458827.809524,7398834002.266666,7699487915.177778,0.3229294784173282,-0.0027943658735554155,0.07436611173750651,1.007617202208508,0
2023-06-13,1739.03759765625,1761.9554443359375,1727.7498779296875,1742.39013671875,6214125203.0,-0.0020034613456795247,1742.5286865234375,1884.494873046875,1901.026611328125,1800.5009765625,1656.1805419921875,1266.3538818359375,1786.6127755301338,1838.0956101190477,1866.5279134114583,1670.1322055392795,0.019447266833403278,0.022636672282363712,0.022724048910731924,0.02649538752390186,34.20556640625,6379984491.857142,6059605401.285714,7230767765.466666,7700494945.288889,0.030298222758541327,0.030524007952719368,0.1538056896030351,1.0468894292904576,1
2023-06-14,1650.519287109375,1749.1632080078125,1637.187744140625,1739.2501220703125,7462905534.0,-0.050900745714856144,1739.03759765625,1832.39599609375,1874.1304931640625,1817.5499267578125,1677.2154541015625,1168.2593994140625,1760.6303885323662,1830.9727201915923,1859.1621215820312,1672.8114271375869,0.024136986603978484,0.024329670610833142,0.02355407631088919,0.026121052128445933,111.9754638671875,6314700360.285714,6076808168.666667,7221208388.483334,7690301023.216666,0.20095834734664253,0.1457043955301116,0.1749920531343192,1.1019331776945793,1
2023-06-15,1665.519775390625,1676.4066162109375,1624.1383056640625,1650.4981689453125,7328564880.0,0.00908834473998854,1650.519287109375,1846.3018798828125,1862.201416015625,1824.1214599609373,1792.485107421875,1188.1495361328125,1734.8043736049108,1824.285388764881,1851.587353515625,1675.4634840223525,0.024371879765066946,0.02444776885479985,0.02351057705878396,0.026102679635852714,52.268310546875,6713632210.142858,6124754598.238095,7211715688.883333,7702808280.405556,-0.018001119455145487,0.12453963071365459,0.1596779463524387,1.0896011107643555,1
2023-06-16,1716.6688232421875,1727.28955078125,1653.1708984375,1665.41064453125,6281023479.0,0.030710561716126294,1665.519775390625,1840.2252197265625,1907.256591796875,1821.859619140625,1761.65966796875,1184.7152099609375,1717.1534598214287,1818.9510614304315,1845.5944519042969,1678.418781873915,0.02974065595994855,0.025349486005899393,0.023817491619913225,0.026185975152000635,74.11865234375,6952231063.0,6164259799.238095,7155584704.433333,7719091230.183333,-0.1429395001821967,0.10263670832672322,0.12058998143419553,1.0770165522158188,1
2023-06-17,1727.2041015625,1766.76318359375,1714.15087890625,1716.6717529296875,4875187477.0,0.006137047622508218,1716.6688232421875,1752.384765625,1892.4124755859373,1801.728515625,1785.5765380859375,1167.60986328125,1713.5562220982142,1814.0027669270833,1839.3055643717448,1681.5276387532551,0.024747236691083533,0.02540932507592916,0.023749016726658533,0.026156943326360694,52.6123046875,6107472073.142858,6243233600.428572,7084604243.333333,7718711004.55,-0.22382275861573797,0.0861829766879616,0.10678646283592585,1.0961989803562817,1
2023-06-18,1720.5775146484375,1746.5091552734375,1718.1114501953125,1727.1937255859375,3820038842.0,-0.003836597486115201,1727.2041015625,1753.415283203125,1890.5135498046875,1812.5894775390625,1735.3212890625,1217.70361328125,1708.8651123046875,1804.9391159784227,1835.7084655761719,1684.3213826497397,0.024732624661022315,0.02311622940772009,0.02149895211871262,0.02598521450167007,28.397705078125,6001890053.285714,6122301613.809524,6918609133.183333,7702794821.922222,-0.2164324223382066,0.1045745322924041,0.1028850644673196,1.040814131508323,1
2023-06-19,1737.659423828125,1745.1346435546875,1705.8134765625,1720.50537109375,5210480121.0,0.009928009075009792,1720.5775146484375,1742.5286865234375,1811.828369140625,1820.47802734375,1806.7607421875,1213.5999755859375,1708.1695033482142,1797.5382254464287,1832.2844950358074,1687.2328240288628,0.02507148029427485,0.023305655589232886,0.02154165207754637,0.02598803087299522,39.3211669921875,5884617933.714286,6090197116.142858,6816714878.433333,7708313140.744445,0.363986162578396,0.07007900157542313,0.08709906479185747,1.004812536169891,1
2023-06-20,1792.1199951171875,1793.31396484375,1715.342529296875,1736.8797607421875,7171072578.0,0.03134133797581806,1737.659423828125,1739.03759765625,1884.494873046875,1804.5313720703125,1737.717041015625,1218.18212890625,1715.7527029854912,1792.3521961030506,1831.3198303222657,1690.4213677300347,0.02768650308714976,0.024494327644580698,0.021080644573851972,0.026077657936840082,77.971435546875,6021324701.571428,6176274868.238095,6735494845.05,7718722034.294444,0.37627865599144084,0.054451361677406274,0.05515764645396182,0.986109982482857,1
2023-06-21,1891.0072021484373,1898.6689453125,1788.4892578125,1791.9949951171875,11731457711.0,0.05517889834423917,1792.1199951171875,1650.519287109375,1832.39599609375,1817.5347900390625,1816.4051513671875,1220.159423828125,1750.108119419643,1793.1558489118304,1831.599473063151,1694.1482998318143,0.02025450430022303,0.02735334447195327,0.022204393591536722,0.026371645852374528,110.1796875,6631117869.714286,6449938923.619047,6814841761.466666,7757031066.45,0.6359418459925674,-0.03333462224288197,0.0005673568960202768,0.8567284725692399,0
2023-06-22,1872.9429931640625,1932.0655517578125,1867.8765869140625,1889.79443359375,8477657143.0,-0.009552691795066348,1891.0072021484373,1665.519775390625,1846.3018798828125,1854.380615234375,1752.0447998046875,1221.1485595703125,1779.7400076729912,1793.6673525855654,1831.7808227539062,1697.769380018446,0.022943373676460904,0.027403799074475835,0.022223982389519507,0.026387280448492638,64.18896484375,6795273907.285714,6585064159.142858,6846011849.483334,7789539420.883333,-0.27735688506544875,-0.011060506549209648,-0.004287711733751642,0.8772998945653203,0
2023-06-23,1892.862060546875,1932.5316162109373,1865.1920166015625,1872.540771484375,8290615074.0,0.010635170133588723,1872.9429931640625,1716.6688232421875,1840.2252197265625,1800.0999755859375,1743.7647705078125,1218.9620361328125,1804.9104701450892,1792.981898716518,1832.615899658203,1701.5132690429687,0.02220565751588548,0.026977296051091858,0.022217887938431748,0.026391657338709656,67.33959960937477,7082358420.857142,6689486494.952381,6843552245.083333,7813694393.127778,-0.022062943316177974,0.021304724278336407,-0.0019390795730722665,0.8463117568919936,1
2023-06-24,1876.0596923828125,1905.2274169921875,1867.8115234375,1893.77197265625,5026191704.0,-0.008876699741769856,1892.862060546875,1727.2041015625,1752.384765625,1805.9537353515625,1775.6767578125,1226.974365234375,1826.1755545479912,1792.2031947544642,1832.7710001627604,1705.1192986382378,0.023789766722888985,0.026994096931042273,0.022191716494295702,0.0264044148184301,37.4158935546875,7103930453.285714,6763482547.190476,6782701182.133333,7823383800.372222,-0.39374923824861685,0.025855374316117397,-0.013889545888811194,0.8222297671478769,1
2023-06-25,1900.506103515625,1929.0791015625,1870.85009765625,1875.84912109375,6937581709.0,0.01303072137420247,1876.0596923828125,1720.5775146484375,1753.415283203125,1828.689697265625,1715.4608154296875,1212.7916259765625,1851.879638671875,1792.6790306454614,1833.3366984049478,1708.939934624566,0.022735432784829614,0.027143021290758764,0.022252122085488404,0.026393801347727695,58.22900390625,7549293720.0,6915412976.380953,6659052132.35,7839195194.661111,0.3802859336779487,0.019432850496109433,-0.022501458994077073,0.7628232508481949,1
2023-06-26,1859.432861328125,1905.3604736328125,1840.215087890625,1900.05029296875,8619702292.0,-0.021611739163331922,1900.506103515625,1737.659423828125,1742.5286865234375,1831.1182861328125,1772.78564453125,1189.986083984375,1869.275844029018,1794.9459112258185,1832.514139811198,1712.6590833875869,0.02659608641133693,0.02590987285550329,0.022241015425621073,0.026407491801063814,65.1453857421875,8036325458.714286,6885561036.333333,6569244740.45,7859350931.666667,0.2424649760618769,0.051605143064744396,0.006844587425522519,0.8258411601424693,1
2023-06-27,1889.703369140625,1911.3111572265625,1856.83837890625,1859.34619140625,7686042202.0,0.016279430380120807,1859.432861328125,1792.1199951171875,1739.03759765625,1910.9141845703125,1793.0018310546875,1201.5953369140625,1883.2163260323662,1795.1939348493304,1832.4673156738281,1716.4819057888456,0.02515387535328999,0.02462722810584715,0.02231393983231718,0.02642152557641066,54.4727783203125,8109892547.857142,6837067247.095238,6569149448.266666,7879094310.9,-0.10831697643044302,0.024834678578464997,-0.015529522720592714,0.7830720683184274,1
2023-06-28,1827.97119140625,1890.208984375,1822.102783203125,1889.906494140625,7135265016.0,-0.03266765501002877,1889.703369140625,1891.0072021484373,1650.519287109375,1893.078125,1792.7371826171875,1199.2327880859375,1874.211181640625,1794.9832298642114,1831.1182189941405,1719.9748969184027,0.018703252150666146,0.024935824680542826,0.022683718585876457,0.026551659164005443,68.106201171875,7453293591.428572,6799703940.476191,6608126344.433333,7896203181.805555,-0.07165940174732333,0.045195909912292276,0.025587756448526067,0.8844938877068984,1
2023-06-29,1852.227294921875,1876.5302734375,1828.059326171875,1828.059326171875,5677228612.0,0.013269412357076016,1827.97119140625,1872.9429931640625,1665.519775390625,1901.026611328125,1822.0220947265625,1196.771240234375,1871.2517961774554,1795.265392485119,1830.706601969401,1723.6163194444443,0.01967622842925895,0.02505073636048018,0.022649455228776347,0.026560916561744665,48.470947265625,7053232372.714286,6854046163.380953,6593752788.683333,7910973822.244445,-0.20434229152393402,-0.001938649928302394,0.015571281566494566,0.8213941645160896,0
2023-06-30,1933.18896484375,1945.2742919921875,1831.281005859375,1852.0084228515625,12895131248.0,0.04371043993566137,1852.227294921875,1892.862060546875,1716.6688232421875,1874.1304931640625,1813.860595703125,1200.96484375,1877.0127825055804,1799.6922374906994,1832.393837483724,1727.6842312282986,0.026006679261895094,0.026742117977553465,0.023114641189669,0.02673553630218921,113.9932861328125,7711020397.571428,7248536627.142858,6664908589.466666,7969281915.011111,1.2713778375497276,-0.032374706725221025,-0.037008883930499614,0.7447687912444296,0
2023-07-01,1924.56591796875,1942.7015380859373,1910.8486328125,1933.3238525390625,5136809625.0,-0.004460529742211228,1933.18896484375,1876.0596923828125,1727.2041015625,1862.201416015625,1795.7081298828125,1214.6566162109375,1883.9422433035713,1807.8913399832588,1833.2901143391928,1731.6281717936197,0.02571383912890174,0.024209689765881486,0.02297453817887446,0.026733839848624822,31.852905273437273,7726822957.714286,6979408494.714286,6624908987.1,7976898865.716666,-0.6016473561836212,-0.030669963879334627,-0.035542333891748656,0.7837212683156283,0
2023-07-02,1937.4383544921875,1958.1607666015625,1895.906982421875,1924.4481201171875,6343966490.0,0.0066884882472737495,1924.56591796875,1900.506103515625,1720.5775146484375,1907.256591796875,1810.297119140625,1214.77880859375,1889.2182791573662,1816.6543433779761,1833.8365559895833,1735.6429470486112,0.025450349106301912,0.024193830710806215,0.022875327388963286,0.026734475984128675,62.2537841796875,7642020783.571428,7064401518.952381,6592201914.116667,7993293278.822222,0.23500128545254384,-0.038415977826915526,-0.033883008500459444,0.7757166542912308,0
2023-07-03,1955.38916015625,1974.7750244140625,1934.6888427734373,1937.8837890625,7858509087.0,0.009265226747700916,1937.4383544921875,1859.432861328125,1737.659423828125,1892.4124755859373,1871.005126953125,1256.526611328125,1902.9263218470983,1826.7905564081102,1835.1313069661458,1739.525516764323,0.02302826237776425,0.0240693648410668,0.02282013370302584,0.026634971189463303,40.08618164062523,7533278897.142858,7151407429.857142,6613536428.35,8001371568.788889,0.23873748377885895,-0.03827001049033907,-0.05947636452442506,0.7471482433988399,0
2023-07-04,1936.633544921875,1966.3653564453125,1932.611328125,1955.524169921875,5683423776.0,-0.009591755757138554,1955.38916015625,1889.703369140625,1792.1199951171875,1890.5135498046875,1909.114013671875,1250.4385986328125,1909.6306326729912,1836.1998872302827,1834.1575174967447,1743.3377109103733,0.023445571946860227,0.024248333485079883,0.02137562937412161,0.026644941722810428,33.7540283203125,7247190550.571428,7126135933.333333,6549955801.95,8010713998.344444,-0.27678091186509557,-0.030102486608489576,-0.05240902212947807,0.7003303266543972,0
2023-07-05,1910.5880126953125,1942.4324951171875,1897.124755859375,1936.7967529296875,6034088075.0,-0.013448869712526457,1936.633544921875,1827.97119140625,1891.0072021484373,1811.828369140625,1872.922607421875,1269.3790283203125,1921.4330357142858,1848.5841122581846,1834.3302876790365,1746.89998304579,0.019214397190849056,0.021067802681201727,0.020534511912577613,0.026656069847169273,45.3077392578125,7089879559.0,7058097006.714286,6490136552.583333,8016585305.472222,0.06169948130223668,-0.020137383312578194,-0.04337676229497456,0.5987339773723181,0
2023-07-06,1848.636474609375,1956.0123291015625,1847.8507080078125,1910.4171142578125,8905008384.0,-0.0324253777759973,1910.5880126953125,1852.227294921875,1872.9429931640625,1884.494873046875,1865.6361083984373,1264.2703857421875,1920.9200613839287,1857.303955078125,1833.9229553222656,1750.1464613172743,0.023753415021246116,0.022761425920251724,0.02088343746953103,0.026779425634212487,108.16162109375,7550990955.0,7133165745.0,6523820988.383333,8051806387.894444,0.4757836268407467,0.08540078169417264,-0.007383041370097709,0.6128636829166345,1
2023-07-07,1870.6025390625,1876.9632568359373,1832.025390625,1847.5125732421875,6468885150.0,0.01188230609685803,1848.636474609375,1933.18896484375,1892.862060546875,1832.39599609375,1849.4981689453125,1287.3594970703125,1911.9791434151787,1864.6341320219494,1834.282285563151,1753.386700439453,0.01564624769969825,0.022067549935510206,0.020869876463136403,0.026762619657347216,44.93786621093727,6632955798.142858,7142111538.857142,6466717359.233334,8068327478.144444,-0.27356776422323015,0.036749927042433184,-0.023062356662526762,0.6408498682065282,1
2023-07-08,1865.53955078125,1872.5015869140625,1844.6417236328125,1871.0020751953125,4299007854.0,-0.0027066082588487195,1870.6025390625,1924.56591796875,1876.0596923828125,1846.3018798828125,1859.3878173828125,1321.5389404296875,1903.5468052455358,1871.2215343656994,1834.564558919271,1756.4089260525175,0.01566259638518322,0.022115619656600596,0.0208736035611218,0.026704108810879326,27.85986328125,6513269830.857142,7114674413.952381,6436208888.666667,8047819528.311111,-0.3354329603455706,0.035339375102241055,-0.020691444462620723,0.5702627187960085,1
2023-07-09,1863.009765625,1878.6689453125,1857.748291015625,1865.594970703125,4392863807.0,-0.0013560608539179286,1865.53955078125,1937.4383544921875,1900.506103515625,1840.2252197265625,1911.20751953125,1336.5860595703125,1892.9141496930804,1878.0040225074404,1834.9080301920574,1759.3335021972657,0.015000181666819918,0.02207879068261942,0.02086915891593878,0.026696696905119454,20.920654296875,6234540876.142858,7141951793.238095,6343664125.4,8039834475.833333,0.02183200314758027,0.032566720937327265,-0.00386599829534906,0.6203521791959206,1
2023-07-10,1880.556396484375,1905.4608154296875,1848.7772216796875,1863.240234375,6336468234.0,0.009418432035694924,1863.009765625,1955.38916015625,1859.432861328125,1752.384765625,1892.189697265625,1387.9327392578125,1882.2237548828125,1884.8086402529761,1836.3091267903646,1762.0703002929688,0.015025377630986367,0.022072256942239795,0.020632556823721383,0.026564091902503976,56.68359375,6017106468.571428,7195570274.809524,6310041457.433333,8039954275.405556,0.4424458650192795,0.016532193205058165,-0.013963308471678815,0.6293225583196878,1
2023-07-11,1878.3360595703125,1889.3817138671875,1863.2186279296875,1880.6549072265625,4905225892.0,-0.0011806808443571848,1880.556396484375,1936.633544921875,1889.703369140625,1753.415283203125,1920.68212890625,1417.9384765625,1873.895542689732,1888.9141671316963,1837.481064860026,1764.628064643012,0.014976233808143636,0.02118091267698071,0.020621881106565945,0.026524532745257002,26.1630859375,5905935342.285714,7087672813.571428,6241008577.966666,7999260013.483334,-0.22587382894469343,0.010255451092259005,-0.01468461485420891,0.6515781263921763,1
2023-07-12,1872.11376953125,1901.1484375,1865.7100830078125,1878.322021484375,6379007000.0,-0.0033126606963430616,1878.3360595703125,1910.5880126953125,1827.97119140625,1742.5286865234375,2012.6346435546875,1451.6148681640625,1868.3992222377233,1888.0144798642114,1838.747713216146,1766.9641696506076,0.014419321358774296,0.017410832598589818,0.020606221525375945,0.026476711104439735,35.4383544921875,5955209474.428572,6832794208.285714,6269864846.9,7992009228.972222,0.30045122089150067,0.009024112377151283,-0.013348216486367526,0.6560589751568104,1
2023-07-13,2006.511474609375,2011.88525390625,1864.49609375,1872.040283203125,11114853969.0,0.07178928293005193,1872.11376953125,1848.636474609375,1852.227294921875,1739.03759765625,2101.635498046875,1550.7069091796875,1890.9527936662946,1894.3748837425596,1842.181221516927,1769.4964172363282,0.027031686879396388,0.023307118509937805,0.02254756189599386,0.026527442957284784,147.38916015625,6270901700.857142,6958375009.523809,6376592242.366667,7967954939.833333,0.7424113140179969,-0.05758370179314887,-0.07855503645297401,0.5619939038805666,0
2023-07-14,1939.3470458984373,2026.2049560546875,1901.3612060546875,2005.6861572265625,10627449471.0,-0.03347323429785676,2006.511474609375,1870.6025390625,1933.18896484375,1650.519287109375,2092.466796875,1552.4794921875,1900.7734375,1896.5884544735864,1844.2111735026042,1771.6456814236112,0.032054949818115686,0.0245879923684214,0.022985537720488784,0.0266572526429654,124.84375,6864982318.142858,7069652837.952381,6441234911.116667,7989359578.566667,-0.043851633081226304,-0.02437261957492498,-0.05159824011018721,0.6382827081868969,0
2023-07-15,1931.466552734375,1946.0191650390625,1928.1873779296875,1939.129638671875,4380084234.0,-0.00406347754040659,1939.3470458984373,1865.53955078125,1924.56591796875,1665.519775390625,2120.005859375,1576.83349609375,1910.1915806361608,1899.2268763950892,1846.0002583821615,1773.6158650716145,0.03211757188911986,0.02450933134714427,0.02299402862145751,0.026639539270676083,17.831787109375,6876564658.142858,7038885815.571428,6420970320.55,7966724016.361111,-0.5878517939838437,-0.034457857488926935,-0.04518885486015112,0.6795937247631139,0
2023-07-16,1923.681884765625,1942.0308837890625,1917.2940673828125,1931.64501953125,4329306566.0,-0.0040304440984128,1931.466552734375,1863.009765625,1937.4383544921875,1716.6688232421875,2076.242919921875,1567.8460693359375,1918.8590262276787,1900.3304850260417,1847.6972961425781,1775.5927307128907,0.032227095759245615,0.02439637032239851,0.023001892457486697,0.02663731681220136,24.73681640625,6867485052.285714,6914682237.333333,6387256070.333333,7948556481.805555,-0.011592851937833326,-0.017929281680168274,-0.05029373425721062,0.8139967746279191,0
2023-07-17,1911.6461181640625,1936.1776123046875,1875.120361328125,1923.6943359375,6678090758.0,-0.0062566304215256885,1923.681884765625,1880.556396484375,1955.38916015625,1727.2041015625,2104.537353515625,1515.5069580078125,1923.3004150390625,1902.8168305896577,1849.5292561848958,1777.7935038248697,0.03241466138601343,0.02391466427974895,0.022967047279153496,0.026515385598126523,61.0572509765625,6916288270.0,6822224545.238095,6404005512.05,7928129871.6,0.5425312705840846,-0.032246576593345955,-0.05544282466289552,0.8013341460089443,0
2023-07-18,1897.5992431640625,1916.4683837890625,1878.718505859375,1911.697021484375,5814708445.0,-0.007348051957174251,1911.6461181640625,1878.3360595703125,1936.633544921875,1720.5775146484375,1936.4034423828125,1552.5565185546875,1926.0522984095983,1903.1928245907739,1850.9460856119792,1779.7104078504774,0.03262345709723061,0.023744064375191873,0.02298474715008857,0.0264684589150028,37.7498779296875,7046214349.0,6733113413.952381,6420982148.483334,7924696924.872222,-0.1292858010301393,-0.02100406603147109,-0.1120709613742128,0.7858103883704308,0
2023-07-19,1889.0079345703125,1919.264404296875,1883.067138671875,1897.7972412109373,6018487800.0,-0.004527462068031229,1897.5992431640625,1872.11376953125,1910.5880126953125,1737.659423828125,1943.09765625,1659.754150390625,1928.4657505580358,1906.0993361700148,1852.0882507324218,1780.984039984809,0.032659023753123455,0.022544650847733105,0.022991529699020012,0.025982585482133762,36.197265625,6994711606.142858,6679933546.523809,6472096012.333333,7910750219.572222,0.03504549831302839,-0.008918979191461118,-0.12073155545681402,0.8137872701425348,0
2023-07-20,1890.9691162109373,1919.264404296875,1879.734375,1889.07373046875,7366830684.0,0.0010382072011099197,1889.0079345703125,2006.511474609375,1848.636474609375,1792.1199951171875,1849.9998779296875,1627.1181640625,1911.9596993582588,1907.9441848028273,1853.5288798014324,1782.449878607856,0.011374970333821328,0.02239105094622688,0.02295671332940451,0.025936148303815378,39.530029296875,6459279708.285714,6760390788.047619,6538430375.983334,7902458999.427778,0.2240334995777511,-0.016188492035185353,-0.11713421995312179,0.8539355472425314,0
2023-07-21,1892.080078125,1905.38623046875,1885.2962646484373,1891.581298828125,4668158260.0,0.0005875092853386832,1890.9691162109373,1939.3470458984373,1870.6025390625,1891.0072021484373,1874.2286376953125,1628.382080078125,1905.207275390625,1905.9866187686011,1854.7713012695312,1783.914867485894,0.0031979860721999607,0.020166252978732674,0.022942468295800725,0.025936168112600737,20.089965820312727,5607952392.428572,6368630169.571428,6540652329.5,7886626607.905556,-0.3663274669609605,-0.009161982771524024,-0.10952392012345868,0.860013987168966,0
2023-07-22,1864.912353515625,1897.0880126953125,1855.0927734375,1891.955078125,4101305643.0,-0.014358654754347167,1892.080078125,1931.466552734375,1865.53955078125,1872.9429931640625,1862.06201171875,1628.2510986328125,1895.6995326450892,1903.145972842262,1854.9468302408854,1785.229652235243,0.00522045439507784,0.020369899230771663,0.022883082572553174,0.025961827763966,41.9952392578125,5568126879.428572,6319320456.142858,6495339970.883333,7863497709.394444,-0.12142960573063344,0.008663406679765728,-0.10597994601423988,0.8963923221823245,1
2023-07-23,1889.191650390625,1904.4832763671875,1859.56884765625,1866.09423828125,4480604100.0,0.013019001578937539,1864.912353515625,1923.681884765625,1863.009765625,1892.862060546875,1842.7574462890625,1556.604248046875,1890.7723563058037,1900.8485107421875,1856.4316914876301,1787.0773600260416,0.008614214013363741,0.020540243467278334,0.022604836923617793,0.025755628612801132,44.9144287109375,5589740812.857142,6230588913.761905,6451655915.566667,7842943983.888889,0.09248236781557018,-0.014581819455323108,-0.13513667192676682,0.8211068851398058,0
2023-07-24,1850.0020751953125,1889.761962890625,1836.8524169921875,1888.8095703125,6344373569.0,-0.020744097184215993,1889.191650390625,1911.6461181640625,1880.556396484375,1876.0596923828125,1866.753662109375,1611.7110595703125,1881.966064453125,1895.830078125,1857.165830485026,1788.4011990017361,0.011049483921754361,0.020831915525263398,0.022776927060244808,0.025681477520865532,52.9095458984375,5542066928.714286,6158487222.428572,6452033977.4,7819307317.894444,0.41596388062939993,0.0033298764379290358,-0.09228511871522527,0.8821578074401706,1
2023-07-25,1857.741943359375,1867.3232421875,1845.9815673828125,1850.0279541015625,4163381707.0,0.00418370782813593,1850.0020751953125,1897.5992431640625,1878.3360595703125,1900.506103515625,1866.564208984375,1603.10595703125,1876.2721644810267,1892.0733351934523,1857.6500345865886,1789.8158433702256,0.011427969785673807,0.02081209498899975,0.022728075490803575,0.025677961486061118,21.3416748046875,5306163109.0,6086104266.761905,6430566768.216666,7795796576.038889,-0.34376788161668226,0.007563036916220067,-0.10647192630186886,0.7959110884020906,1
2023-07-26,1872.159912109375,1886.97412109375,1849.4368896484373,1857.696533203125,5781548155.0,0.007761018047494739,1857.741943359375,1889.0079345703125,1872.11376953125,1859.432861328125,1908.786376953125,1598.156494140625,1873.8653041294642,1890.2434256417412,1858.3340616861979,1791.3380845811632,0.012074691278581394,0.020731834208958244,0.02274714153108754,0.02568070090365682,37.53723144531273,5272314588.285714,6074078556.285714,6473313609.933333,7782780369.2722225,0.3886663683224949,-0.01766419108527273,-0.11709729072695663,0.6955962071194559,0
2023-07-27,1860.357177734375,1885.591552734375,1855.321533203125,1872.0863037109373,4291339248.0,-0.006304340937255626,1872.159912109375,1890.9691162109373,2006.511474609375,1889.703369140625,1892.5128173828125,1572.43505859375,1869.4921700613838,1890.8015543619792,1857.4914449055989,1792.9376519097223,0.012164800157236928,0.019483441491486297,0.022051496728049937,0.025654208572115724,30.27001953125,4832958668.857142,5854380026.0,6438842421.383333,7774378624.222222,-0.25775257198389623,-0.013556914460756908,-0.1150587734446471,0.7609260496982753,0
2023-07-28,1874.744873046875,1881.457275390625,1857.0489501953125,1860.7025146484373,3800973336.0,0.007733834924120275,1860.357177734375,1892.080078125,1939.3470458984373,1827.97119140625,1908.9169921875,1646.1556396484375,1867.0157121930804,1890.9988083612352,1857.1858907063802,1794.207592095269,0.012730803233726395,0.019382790049712557,0.022041879010458565,0.02543023704888871,24.4083251953125,4709075108.285714,5727336606.285714,6404114067.45,7746599074.422222,-0.11426873608944743,-0.025087137507642687,-0.11587273268302778,0.7322932612575539,0
2023-07-29,1881.06884765625,1885.529296875,1870.3338623046875,1874.5604248046875,2497302218.0,0.0033732454481110175,1874.744873046875,1864.912353515625,1931.466552734375,1852.227294921875,1876.92431640625,1567.3265380859375,1869.3237827845983,1891.7382986886162,1856.8532613118489,1795.9506049262152,0.011378748191315664,0.01938136440953604,0.02203951915303053,0.02516487007180699,15.1954345703125,4479931761.857142,5641541099.809524,6356345108.016666,7709470652.744445,-0.34298349468874045,-0.024497206827173157,-0.12153273947423815,0.739151973988359,0
2023-07-30,1861.643798828125,1884.1441650390625,1851.72802734375,1880.87158203125,4003005547.0,-0.010326601736203367,1881.06884765625,1889.191650390625,1923.681884765625,1933.18896484375,1831.954833984375,1586.535400390625,1865.3883754185267,1891.6732526506696,1856.6451497395833,1797.4789849175347,0.01077281242853458,0.01952424338683194,0.02200324994263071,0.025166376765787396,32.4161376953125,4411703397.142858,5622976420.761905,6323319991.333333,7695125177.9,0.6029319631990171,-0.018361064945307648,-0.07086108035455163,0.783659854119704,0
2023-07-31,1856.162353515625,1875.62939453125,1851.9154052734373,1861.7552490234373,4391613314.0,-0.002944411447533879,1861.643798828125,1850.0020751953125,1911.6461181640625,1924.56591796875,1870.789306640625,1641.792724609375,1866.2684151785713,1890.5116315569196,1856.5444986979167,1798.6699273003471,0.007097584628047411,0.019416632594609372,0.02199057610214444,0.02504159165455906,23.713989257812727,4132737646.428571,5530364281.714286,6302513093.283334,7674428754.705556,0.09707899787729168,-0.01574404883648106,-0.08137767184661626,0.7663690454660304,0
2023-08-01,1871.7921142578125,1873.0299072265625,1817.9207763671875,1856.190185546875,7634860636.0,0.008420470716144157,1856.162353515625,1857.741943359375,1897.5992431640625,1937.4383544921875,1904.65185546875,1643.2415771484375,1868.2755824497767,1890.2000151134673,1855.9534240722655,1799.9396525065104,0.007625424518943993,0.019511297584062285,0.02179203252379267,0.02504770875738883,55.109130859375,4628663207.714286,5660346888.571428,6328131670.183333,7658188641.188889,0.7385093108404763,-0.008539805830561242,-0.1208216192273226,0.7263111804368947,0
2023-08-02,1839.0897216796875,1877.511474609375,1822.3482666015625,1873.4681396484373,6448512422.0,-0.017471166978973995,1871.7921142578125,1872.159912109375,1889.0079345703125,1955.38916015625,1877.7041015625,1664.74560546875,1863.55126953125,1888.62744140625,1855.0647115071615,1800.9082309299044,0.00964835966673807,0.01987313298971191,0.02188576156285553,0.025069113741834556,55.1632080078125,4723943817.285714,5663656670.571428,6377735633.766666,7648627489.061111,-0.15538570650603822,0.008269246227039728,-0.11451236351309846,0.7408419042225571,1
2023-08-03,1835.136474609375,1856.4075927734373,1825.3477783203125,1838.89794921875,4710581074.0,-0.0021495672689105794,1839.0897216796875,1860.357177734375,1890.9691162109373,1936.633544921875,1995.0609130859373,1667.0592041015625,1859.9483119419642,1880.4667271205358,1854.1417602539063,1801.841993543837,0.009502204629861646,0.010934436153699866,0.02188693739950774,0.02507008761601921,31.059814453124773,4783835506.714286,5358691294.619047,6393794606.733334,7642334592.183333,-0.2695088780585744,0.008509962923983094,-0.10795441468544986,0.6271341259397885,1
2023-08-04,1827.712890625,1847.9122314453125,1817.413818359375,1834.8905029296875,4861242484.0,-0.00404524899760117,1835.136474609375,1874.744873046875,1892.080078125,1910.5880126953125,1900.2218017578125,1631.6458740234375,1853.229457310268,1875.1508149646577,1854.4065022786458,1802.9312547471789,0.00850005540306535,0.008637729862318196,0.02121056609216711,0.02501815592010734,30.4984130859375,4935302527.857142,5084110009.523809,6320705430.916667,7630859847.4777775,0.031983614682183026,0.010620650061071268,-0.10482785115020588,0.5885349154563688,1
2023-08-05,1834.9879150390625,1836.46484375,1824.8079833984373,1827.798583984375,2866049749.0,0.0039803978247232585,1827.712890625,1881.06884765625,1864.912353515625,1848.636474609375,1873.076416015625,1616.2470703125,1846.6464669363838,1870.5565941220239,1853.581386311849,1804.1464816623263,0.00858564139459373,0.008755678486014683,0.020566268054732707,0.02500704801942957,11.656860351562727,4987980746.571428,5012013129.285714,6223399397.133333,7608338613.383333,-0.4104285563962006,0.007576059452558681,-0.1118986342736712,0.463987257771157,1
2023-08-06,1827.4620361328125,1836.2489013671875,1824.9866943359373,1834.84521484375,2963395076.0,-0.004101323417211589,1834.9879150390625,1861.643798828125,1889.191650390625,1870.6025390625,1849.042724609375,1672.0035400390625,1841.7633579799108,1865.9746965680804,1853.4991536458333,1805.0101399739583,0.008068110970945029,0.008756351884521573,0.020256722760079702,0.024883518566431503,11.262207031250227,4839464965.0,4946969725.0,6140791074.15,7580189266.95,0.03396498160367423,0.006466955264025076,-0.10606657636059125,0.3227121828168322,1
2023-08-07,1826.9388427734373,1842.5225830078125,1804.7166748046875,1827.239501953125,5837881974.0,-0.0002862950633341077,1827.4620361328125,1856.162353515625,1850.0020751953125,1865.53955078125,1848.6031494140625,1650.716796875,1837.5885707310267,1861.9410167875744,1853.1764363606771,1805.9891513400607,0.008112499781026761,0.008721858523752249,0.020233240307705253,0.024862990729642025,37.805908203125,5046074773.571428,4906959782.904762,6162488408.2,7569254780.255555,0.969997865380809,0.009440353359615239,-0.10656433531291631,0.34581619230372707,1
2023-08-08,1855.807373046875,1873.84716796875,1824.4300537109373,1826.9310302734373,5812855406.0,0.015801585470487378,1826.9388427734373,1871.7921142578125,1857.741943359375,1863.009765625,1842.4014892578125,1546.438232421875,1835.3050362723213,1859.950927734375,1853.4361389160156,1807.7078687879775,0.00999073407865801,0.00945971795729194,0.020330123453545297,0.02441941740784136,49.41711425781273,4785788312.142858,4906871542.952381,6182522139.816667,7543076370.711111,-0.004286925996698776,-0.015559068364760287,-0.11219327472736229,0.25906890413552164,0
2023-08-09,1854.297607421875,1869.736572265625,1845.48974609375,1855.7794189453125,5870081833.0,-0.000813535740253668,1855.807373046875,1839.0897216796875,1872.159912109375,1880.556396484375,1796.4906005859375,1514.869140625,1837.4775913783483,1858.2980550130208,1855.1346862792968,1809.5935824924045,0.007000435099206391,0.009425464545318818,0.019327193935037162,0.024365652529682567,24.246826171875,4703155370.857142,4899804592.142858,6100548496.933333,7529035781.466666,0.00984480483394301,-0.026230174493032,-0.117650904129883,0.4470993072864544,0
2023-08-10,1850.75341796875,1863.3109130859373,1845.4422607421875,1854.3482666015625,3760304518.0,-0.0019113379853046286,1854.297607421875,1835.136474609375,1860.357177734375,1878.3360595703125,1808.019775390625,1539.9267578125,1839.7085832868304,1856.383021763393,1856.7569885253906,1811.3203972710503,0.00698200325939972,0.009418045720177506,0.019331062320583542,0.024340471746064653,17.868652343749773,4567401577.142858,4728065250.904762,6087235022.55,7521792987.588889,-0.3594119085596741,-0.089595915198176,-0.11648827032276499,0.40461641598135056,0
2023-08-11,1847.1243896484373,1855.0660400390625,1839.5692138671875,1850.74169921875,3353025102.0,-0.0019608383726751333,1850.75341796875,1827.712890625,1874.744873046875,1872.11376953125,1796.1148681640625,1515.03369140625,1842.481654575893,1854.2422746930804,1858.5002502441407,1813.165345594618,0.006760353192289868,0.009413244880005802,0.01931167455675142,0.024306485954253703,15.496826171875,4351941951.142858,4665439862.428572,6042595691.616667,7510867022.738889,-0.10831022169891191,-0.10079414376878959,-0.12467786875489983,0.4130195908005496,0
2023-08-12,1848.889892578125,1852.281005859375,1845.71923828125,1847.1719970703125,2291124840.0,0.0009558116061818556,1847.1243896484373,1834.9879150390625,1881.06884765625,2006.511474609375,1800.5009765625,1507.1658935546875,1844.4676513671875,1853.4793003627233,1860.331121826172,1815.0638122558594,0.006673722795394839,0.008914915007803505,0.01930725386876223,0.024301497155429123,6.561767578125,4269809821.285714,4579240776.571428,5977212352.233334,7471574076.7722225,-0.31669916857067415,-0.09704091599517395,-0.16077333672430394,0.3809649820224419,0
2023-08-13,1839.2801513671875,1859.9163818359373,1834.8043212890625,1849.0538330078125,3054625661.0,-0.005197573554549306,1848.889892578125,1827.4620361328125,1861.643798828125,1939.3470458984373,1817.5499267578125,1556.8751220703125,1846.1559535435267,1851.102562313988,1863.4771362304687,1816.6327290852864,0.00682715719093827,0.008419170560713634,0.01807930446212731,0.02419091722056764,25.112060546874773,4282842762.0,4511337041.380953,5903741021.016666,7437157691.305555,0.3332427843608907,-0.08396116299691858,-0.1342104995937251,0.48124899990927417,0
2023-08-14,1844.185791015625,1853.8363037109373,1834.8004150390625,1839.323486328125,4083364724.0,0.0026671519533285615,1839.2801513671875,1826.9388427734373,1856.162353515625,1931.466552734375,1824.1214599609373,1673.7459716796875,1848.6198032924108,1850.8255964006696,1866.454903157552,1817.579616970486,0.00682992177904334,0.007163865226059861,0.018055409150517142,0.023549519783829246,19.035888671874773,4032197440.571429,4403669953.523809,5849654351.75,7404203966.683333,0.3367807309859432,-0.09593217175230695,-0.12807671915470187,0.4660517872827994,0
2023-08-15,1826.9327392578125,1845.547607421875,1816.3250732421875,1844.1641845703125,4483923893.0,-0.009355376145865901,1844.185791015625,1855.807373046875,1871.7921142578125,1923.681884765625,1821.859619140625,1640.067626953125,1844.4948556082588,1849.3584914434523,1868.292635091146,1818.61775648329,0.003997693724463849,0.0073631255864323834,0.017707767890848575,0.02350968912470112,29.2225341796875,3842350081.571429,4418933867.142858,5819702691.983334,7358532090.111111,0.0980953689112587,-0.105663529359726,-0.10945032059837634,0.4575877577209977,0
2023-08-16,1805.6590576171875,1829.3612060546875,1798.9666748046875,1827.036376953125,4976573383.0,-0.011644479943617059,1826.9327392578125,1854.297607421875,1839.0897216796875,1911.6461181640625,1801.728515625,1694.7833251953125,1837.5464913504463,1846.1917840866815,1869.6002176920572,1819.2337327745227,0.005255779039542268,0.007456033691952997,0.017772243520476134,0.023401312272595984,30.39453125,3714706017.285714,4380601735.142858,5821392457.083333,7331721702.466666,0.10987017214299533,-0.06999363640745626,-0.09083590618389359,0.42335156553638376,0
2023-08-17,1684.9334716796875,1807.71484375,1551.7132568359375,1805.5673828125,14208462072.0,-0.06685956876976196,1805.6590576171875,1850.75341796875,1835.136474609375,1897.5992431640625,1812.5894775390625,1691.8194580078125,1813.8579275948662,1837.8382742745537,1869.0061503092447,1819.1954772949218,0.02428619932709461,0.01606626372551553,0.01980292083232664,0.023935319184594146,256.0015869140625,5207299953.571428,4852845679.142858,5994532844.25,7380149618.45,1.855069337575967,-0.014830788290205565,-0.029503712062073584,0.5390438655434788,0
2023-08-18,1660.945068359375,1698.124267578125,1644.930908203125,1682.0384521484375,9645084584.0,-0.014237003254733094,1684.9334716796875,1847.1243896484373,1827.712890625,1889.0079345703125,1820.47802734375,1681.4361572265625,1787.2608816964287,1827.6573311941963,1867.727577718099,1819.0816379123264,0.023789597765348402,0.015939309499511018,0.019840032532598157,0.0239550220606897,53.193359375,6106165593.857142,5131136690.952381,6068442918.633333,7395071510.566667,-0.3211732181059096,-0.004822561515256507,-0.022907644911660308,0.5741320557834946,0
2023-08-19,1669.471923828125,1693.2281494140625,1654.0758056640625,1660.8443603515625,4871231360.0,0.005133737190461396,1660.945068359375,1848.889892578125,1834.9879150390625,1890.9691162109373,1804.5313720703125,1702.6751708984375,1761.6297433035713,1817.581287202381,1865.6834431966147,1818.8971754286024,0.024298042676362305,0.01599353450977091,0.01940962125147418,0.023939828016973273,39.15234375,6474752239.571428,5244180935.809524,6030112231.666667,7379336105.694445,-0.49495192939201704,-0.01387574166548089,-0.019242538596291325,0.5653795313561827,0
2023-08-20,1684.85205078125,1692.3287353515625,1662.9014892578125,1669.5877685546875,4105056995.0,0.009212569995102449,1669.471923828125,1839.2801513671875,1827.4620361328125,1892.080078125,1817.5347900390625,1658.036376953125,1739.5685860770088,1809.162632533482,1862.2475240071615,1819.0461513943142,0.025755882096347587,0.016267174542863524,0.01801157442579426,0.02386716255776311,29.42724609375,6624813858.714286,5249040528.571428,5903005553.066667,7353688599.011111,-0.15728556259746196,-0.01622634417374258,-0.02451691412769519,0.565304440387796,0
2023-08-21,1667.26904296875,1685.0826416015625,1651.9598388671875,1685.0223388671875,5077248383.0,-0.010435935786971329,1684.85205078125,1844.185791015625,1826.9388427734373,1864.912353515625,1854.380615234375,1643.231689453125,1714.2947649274554,1800.167712983631,1858.8196248372396,1819.1796922471788,0.024963079736603132,0.016310912031945526,0.0180184086395306,0.02387070717774328,33.122802734375,6766797238.571428,5281689817.571428,5846332073.733334,7330843384.45,0.23682774421503505,-0.008883776478833205,-0.026617430555616606,0.543306369445965,0
2023-08-22,1633.892578125,1668.638671875,1596.384033203125,1667.279296875,7244623133.0,-0.020018643652328416,1667.26904296875,1826.9327392578125,1855.807373046875,1889.191650390625,1800.0999755859375,1651.0738525390625,1686.7175990513392,1788.8391636439733,1854.503466796875,1819.0842407226562,0.024955871655219012,0.016324455278158838,0.018094912597327834,0.023916601927489144,72.254638671875,7161182844.285714,5263107079.333333,5828898874.716666,7321017756.483334,0.42687979521682573,0.05865326225594791,-0.03034812199585679,0.6105070449810113,1
2023-08-23,1679.2744140625,1696.593994140625,1629.5810546875,1634.4017333984375,7191868448.0,0.027775287399602888,1633.892578125,1805.6590576171875,1854.297607421875,1850.0020751953125,1805.9537353515625,1608.3731689453125,1668.6626499720983,1781.2289109002977,1851.2237121582032,1819.478136528863,0.029934942560817676,0.017706610223715516,0.018483228075221528,0.02392388849441157,67.012939453125,7477653567.857142,5298504985.333333,5864993487.116667,7311477417.733334,-0.007281908807608928,0.015386269413931508,-0.0512162293401226,0.561955207588843,1
2023-08-24,1659.944580078125,1682.48974609375,1641.6270751953125,1679.248291015625,5104531920.0,-0.011510825045927042,1679.2744140625,1684.9334716796875,1850.75341796875,1857.741943359375,1828.689697265625,1594.9149169921875,1665.092808314732,1772.886439732143,1847.2143534342447,1819.8394124348958,0.016828622999432597,0.017771022236777786,0.01842367576631495,0.023931560566284486,40.8626708984375,6177092117.571428,5317264549.428572,5834442657.3,7308404338.205556,-0.29023563808101516,-0.00861801056105238,-0.03981264964224118,0.6653851307218142,0
2023-08-25,1652.93505859375,1671.970703125,1635.9674072265625,1660.2698974609375,5396997823.0,-0.004222744282248891,1659.944580078125,1660.945068359375,1847.1243896484373,1872.159912109375,1831.1182861328125,1640.817138671875,1663.948521205357,1764.563685825893,1843.772723388672,1819.9067342122396,0.01602246546018891,0.017770781425266696,0.018247250884969222,0.023839980846728462,36.0032958984375,5570222580.285714,5342776708.428572,5780730916.15,7306565618.155556,0.05729534217507637,-0.01478814762211278,-0.043608286160006005,0.6754376610497839,0
2023-08-26,1646.3067626953125,1654.7777099609375,1643.712646484375,1652.92724609375,2423247747.0,-0.004010015919243992,1652.93505859375,1669.471923828125,1848.889892578125,1860.357177734375,1910.9141845703125,1634.326416015625,1660.6392124720983,1755.578869047619,1839.71611328125,1819.9732916937935,0.015850727946972315,0.017662632256510886,0.01809394440774558,0.023840035563458924,11.0650634765625,5220510635.571428,5321690898.809524,5693017675.233334,7279806857.433333,-0.5510007922046923,-0.005637692974738928,-0.03522058466419675,0.6698939572737124,0
2023-08-27,1657.5130615234375,1659.26708984375,1645.90283203125,1646.27197265625,2624065031.0,0.006806932390764242,1646.3067626953125,1684.85205078125,1839.2801513671875,1874.744873046875,1893.078125,1605.8951416015625,1656.733642578125,1747.486060732887,1836.8751444498698,1820.2600579155817,0.015593961646681255,0.017849820042021767,0.01767780973588209,0.023807772325551618,13.3642578125,5008940355.0,5305532325.238095,5617831008.816667,7259253457.844444,0.08287113203700014,-0.012908124972796808,-0.0386698763848059,0.6176889572788204,0
2023-08-28,1652.4573974609375,1659.3287353515625,1627.44677734375,1657.4398193359375,4855588534.0,-0.0030501503607176517,1657.5130615234375,1667.26904296875,1844.185791015625,1881.06884765625,1901.026611328125,1663.4337158203125,1654.6176932198662,1739.1774204799108,1833.5456461588542,1820.1990783691406,0.015190922817213045,0.017827516480104614,0.017572307382508437,0.023660976802877307,31.8819580078125,4977274662.285714,5258756447.142858,5604137007.516666,7243440909.566667,0.850407088481947,-0.013798917937898891,-0.033263300226617054,0.48792130210311324,0
2023-08-29,1729.7257080078125,1742.6373291015625,1639.576171875,1652.274169921875,11304916729.0,0.046759638502996026,1652.4573974609375,1633.892578125,1826.9327392578125,1861.643798828125,1874.1304931640625,1647.3193359375,1668.308140345982,1733.1735316685267,1830.1545918782551,1820.656891547309,0.021174991124595144,0.020655710077731773,0.017709877200274893,0.023901494713170976,103.0611572265625,5557316604.571428,5520283176.809524,5577633432.2,7266907386.25,1.328227906841828,-0.055555810399118166,-0.044424972827991294,0.46174362538429126,0
2023-08-30,1705.1121826171875,1730.564697265625,1697.147216796875,1729.6766357421875,5023904190.0,-0.014229727451396501,1729.7257080078125,1679.2744140625,1805.6590576171875,1856.162353515625,1862.201416015625,1569.1676025390625,1671.9992501395088,1726.0694638206846,1826.4970296223958,1821.4121392144098,0.02070386931224827,0.020787249888845897,0.017780471461823818,0.02365583869865745,33.41748046875,5247607424.857142,5479989003.333333,5575751674.95,7239694408.422222,-0.5556000711520146,-0.042730246152729356,-0.021798175709405565,0.4830653081886467,0
2023-08-31,1645.63916015625,1720.011962890625,1634.8509521484375,1705.364501953125,6593153505.0,-0.03487924317662894,1705.1121826171875,1659.944580078125,1684.9334716796875,1871.7921142578125,1907.256591796875,1566.9239501953125,1669.9556187220983,1716.3021182105654,1821.6337097167968,1821.849445936415,0.02479383358651835,0.021856643324311375,0.0182454460075053,0.02380389198201766,85.1610107421875,5460267651.285714,5614886574.142858,5579904791.866667,7251939453.633333,0.31235653699836985,0.0011904836082816672,0.015509296142236728,0.5348577517106201,1
2023-09-01,1628.4912109375,1653.53173828125,1603.0341796875,1645.581298828125,6104510092.0,-0.01042023648557433,1645.63916015625,1652.93505859375,1660.945068359375,1839.0897216796875,1892.4124755859373,1564.46875,1666.4636404854912,1705.8910144624256,1816.185410563151,1822.2051262749567,0.02503857762303483,0.02186905327509336,0.018206264843517103,0.02381744042179462,50.49755859375,5561340832.571428,5745909668.904762,5550671475.283334,7257959586.155556,-0.07411376250066548,0.00469551594381068,0.06467287828133661,0.5433880035380718,1
2023-09-02,1637.025390625,1644.0306396484375,1627.97607421875,1628.5596923828125,2943590996.0,0.0052405439035725365,1628.4912109375,1646.3067626953125,1669.471923828125,1835.136474609375,1890.5135498046875,1567.398681640625,1665.137730189732,1695.8022286551338,1811.1919413248697,1822.5919413248698,0.025150083117074916,0.02195457125062233,0.018214308071151066,0.023819844141008274,16.0545654296875,5635675582.428572,5776979485.857142,5505007595.616667,7245173128.661111,-0.5178006176355421,-0.0011380624393758643,0.016250311695780173,0.48311831792850257,0
2023-09-03,1636.11767578125,1645.6451416015625,1626.0892333984375,1637.0435791015625,3151878318.0,-0.0005544903878390572,1637.025390625,1657.5130615234375,1684.85205078125,1827.712890625,1811.828369140625,1561.93310546875,1662.0812465122767,1686.1278250558037,1806.6174357096354,1823.004077826606,0.024944798016193072,0.021981623500058365,0.018160540302946913,0.02381808895273279,19.555908203125,5711077480.571428,5781610564.761905,5456970766.333333,7224605461.822222,0.07075960019005301,-0.011789383272914344,0.01257121872620881,0.5513476160248587,0
2023-09-04,1629.6552734375,1642.6531982421875,1618.523681640625,1635.7247314453125,3887968912.0,-0.003949839574139524,1636.11767578125,1652.4573974609375,1667.26904296875,1834.9879150390625,1884.494873046875,1534.0882568359375,1658.8238002232142,1675.912086123512,1802.9677490234376,1823.5350056966147,0.024955887466850325,0.02190863100589966,0.01773008357715923,0.023780737337736457,24.1295166015625,5572846106.0,5772306002.285714,5373353441.8,7206592358.416667,0.23354029557431666,-0.047873669601568136,0.011157489331943937,0.4853471155649651,0
2023-09-05,1633.62939453125,1645.9483642578125,1610.1412353515625,1629.9110107421875,4417491902.0,0.0024386268424532176,1629.6552734375,1729.7257080078125,1633.892578125,1827.4620361328125,1832.39599609375,1438.6607666015625,1645.0957554408483,1666.7071649460565,1799.0181966145833,1824.6181647406684,0.013682465477361495,0.021959746645572417,0.01764697547935245,0.023310189781039877,35.80712890625,4588928273.571428,5769142574.142858,5339163554.333333,7178590104.633333,0.13619527367249695,-0.025219888494781184,-0.013560575107011363,0.49910197440096504,0
2023-09-06,1632.2523193359375,1656.9327392578125,1611.147705078125,1633.912109375,4987397046.0,-0.0008429544668591138,1633.62939453125,1705.1121826171875,1679.2744140625,1826.9388427734373,1846.3018798828125,1429.1580810546875,1634.6872035435267,1658.4497012183779,1795.1300760904949,1825.7464660644532,0.01361021387592521,0.021924744723762525,0.017647534321864878,0.023303676666578666,45.7850341796875,4583712967.285714,5769657986.666667,5350636707.533334,7135935671.911111,0.1290110217840983,-0.014865222525880073,0.008319316487990669,0.4505953036669055,0
2023-09-07,1647.5982666015625,1657.3037109375,1623.220458984375,1632.2628173828125,4907290296.0,0.009401700388986578,1632.2523193359375,1645.63916015625,1659.944580078125,1855.807373046875,1840.2252197265625,1482.61669921875,1634.967075892857,1656.6718343098958,1791.539884440104,1826.6630303276909,0.006412960207014425,0.01680970329906344,0.01770946577378638,0.023152308202056545,34.083251953125,4342875366.0,5326745044.952381,5359210482.35,7080325728.255555,-0.01606183531432437,-0.012517554664419284,-0.007943098993304143,0.34976863591320373,0
2023-09-08,1636.1378173828125,1657.1363525390625,1617.7965087890625,1647.8076171875,4598495496.0,-0.006955851709160243,1647.5982666015625,1628.4912109375,1652.93505859375,1854.297607421875,1752.384765625,1590.29296875,1636.0594482421875,1655.4905366443452,1787.466241455078,1826.9177239312066,0.005530888181269122,0.0165952945907966,0.01765830483491533,0.022525409111524845,39.33984375,4127730423.714286,5086431278.857142,5330244270.05,7042089785.888889,-0.06292572506902694,0.0033631417953314813,-0.0015825276886388684,0.3899239743581422,1
2023-09-09,1635.162353515625,1636.8707275390625,1629.660888671875,1636.0504150390625,2081625742.0,-0.0005961990834902897,1636.1378173828125,1637.025390625,1646.3067626953125,1850.75341796875,1753.415283203125,1680.3089599609375,1635.7933000837054,1653.8567475818452,1783.4133463541666,1826.6669094509548,0.005156504758133404,0.01654357013638156,0.017659018291566648,0.02212820026708257,7.2098388671875,4004592530.285714,4953592916.095238,5283184267.55,6966368434.683333,-0.5473246100141445,3.6281517702185795e-05,-0.03385334353595493,0.404932644034266,1
2023-09-10,1616.828857421875,1635.43310546875,1604.04052734375,1635.211669921875,4339499949.0,-0.011212034116571123,1635.162353515625,1636.11767578125,1657.5130615234375,1847.1243896484373,1742.5286865234375,1703.507080078125,1633.0377546037946,1650.6175478980654,1779.1585978190103,1826.1853637695312,0.006651924883066309,0.016522217013311476,0.017697198438011832,0.022120149422833208,31.392578125,4174252763.285714,4964756866.285714,5249192483.366667,6900700204.938889,1.084668661346714,0.003752945814825104,-0.030377887245827906,0.4587086115565182,1
2023-09-11,1551.6376953125,1618.3057861328125,1533.4267578125,1616.769775390625,7693700923.0,-0.04032038506124014,1616.828857421875,1629.6552734375,1652.4573974609375,1848.889892578125,1739.03759765625,1656.1805419921875,1621.8923863002233,1645.111293247768,1771.5773681640626,1825.6045701768662,0.016149785929265206,0.018472263202045758,0.015529102222540983,0.022227459561945988,84.8790283203125,4717928764.857142,5089349844.380953,5192173265.933333,6872802210.594444,0.7729464254914777,0.055237991990569446,0.009420411397483841,0.5400380268579632,1
2023-09-12,1592.429443359375,1619.114013671875,1549.4937744140625,1551.497802734375,6813819740.0,0.02628947992827646,1551.6376953125,1633.62939453125,1729.7257080078125,1839.2801513671875,1650.519287109375,1677.2154541015625,1616.0066789899554,1643.1368582589287,1765.7954081217447,1825.1335367838542,0.020398154071691963,0.01912356013679714,0.015533379516933975,0.022294211238574745,69.6202392578125,5060261313.142858,5068835397.095238,5128612770.416667,6858629097.116667,-0.11436384021240442,0.03209890057494014,-0.03316757098521128,0.4693533597308186,1
2023-09-13,1607.988525390625,1615.05029296875,1582.217529296875,1592.892333984375,4979469106.0,0.009770657090104162,1592.429443359375,1632.2523193359375,1705.1121826171875,1844.185791015625,1665.519775390625,1792.485107421875,1612.5404227120537,1639.7422921316963,1760.4041076660155,1824.1085557725694,0.02101057701075063,0.01814521540739303,0.015622152478643077,0.021703516592052406,32.832763671875,5059128750.285714,4963483047.476191,5138602518.283334,6817029230.388889,-0.2692103260718195,0.009267541014171599,-0.03476333752940375,0.46878021888092003,1
2023-09-14,1626.974365234375,1640.522705078125,1607.7353515625,1608.0316162109375,5538958553.0,0.011807198586281986,1607.988525390625,1647.5982666015625,1645.63916015625,1826.9327392578125,1716.6688232421875,1761.65966796875,1609.5941510881696,1638.1722819010417,1755.4589823404947,1823.360304090712,0.021245470294790555,0.018241341751157127,0.015736605796198837,0.021685540413348563,32.787353515625,5149367072.714286,4984170030.0,5158763384.733334,6790479987.833333,0.11235925659742407,-0.0262249727532069,-0.04408030687474518,0.5007041474698635,0
2023-09-15,1641.640380859375,1652.1131591796875,1613.2486572265625,1626.8701171875,4348584771.0,0.009014288078772026,1626.974365234375,1636.1378173828125,1628.4912109375,1805.6590576171875,1727.2041015625,1785.5765380859375,1610.3802315848213,1637.6344401041667,1750.95888671875,1822.5606587727864,0.021431445519751475,0.01834543934892183,0.015800891119657455,0.021672002376478122,38.864501953125,5113665540.571428,4934245598.952381,5119938284.95,6763691206.161111,-0.2149093138375755,-0.02946569228954876,-0.05090673792811862,0.4732798555179911,0
2023-09-16,1635.2216796875,1649.9886474609375,1632.577880859375,1641.4464111328125,2819575929.0,-0.003909931338625383,1641.640380859375,1635.162353515625,1637.025390625,1684.9334716796875,1720.5775146484375,1735.3212890625,1610.388706752232,1637.1065790085565,1746.5859273274739,1822.0045498318143,0.021500793074048417,0.018344403836547694,0.015788910816655927,0.021572680085870814,17.4107666015625,5219086995.857142,4953118369.523809,5070019409.683333,6718364819.616667,-0.35161067853539607,-0.02529558659561515,-0.021212645576174416,0.41931656461429223,0
2023-09-17,1622.896728515625,1635.512939453125,1616.779296875,1635.2010498046875,3032716258.0,-0.007537174515831024,1635.2216796875,1616.828857421875,1636.11767578125,1660.945068359375,1737.659423828125,1806.7607421875,1611.2555454799108,1635.4581821986608,1742.150740559896,1820.9830830891926,0.02121855909675693,0.018339010515207196,0.01580071251257624,0.021356560669840347,18.733642578125,5032403611.428572,4972577951.761905,5020256550.65,6675443089.127778,0.07559304461632044,-0.025906352648447428,-0.035404072428481315,0.41431284632979737,0
2023-09-18,1637.3470458984375,1669.015380859375,1609.9573974609375,1623.0819091796875,5916674789.0,0.008904027674040194,1622.896728515625,1551.6376953125,1629.6552734375,1669.471923828125,1792.1199951171875,1737.717041015625,1623.4997384207588,1634.7386416480654,1737.9237060546875,1820.4254720052083,0.011081794523219436,0.018452306035819977,0.015862261047342945,0.021178118101286513,59.0579833984375,4778542735.142858,5023105868.666667,4996087285.733334,6638957373.733334,0.9509490125864588,-0.029941221101953186,-0.04494903395899563,0.4301841320310589,0
2023-09-19,1643.544677734375,1659.53173828125,1628.4132080078125,1637.31201171875,4405868861.0,0.0037851668963293505,1637.3470458984375,1592.429443359375,1633.62939453125,1684.85205078125,1891.0072021484373,1816.4051513671875,1630.8019147600446,1630.6347830636162,1733.7814493815104,1819.4651360405817,0.00749516262888159,0.015043284756381812,0.01587739639833605,0.020905365768812405,31.1185302734375,4434549752.428572,4694579779.714286,4991715795.75,6602251273.7722225,-0.25534713025106914,-0.030499591575052665,-0.04629484523004379,0.4418403320638169,0
2023-09-20,1622.890625,1649.619140625,1610.4207763671875,1643.495361328125,5156431986.0,-0.012566772911124402,1643.544677734375,1607.988525390625,1632.2523193359375,1667.26904296875,1872.9429931640625,1752.0447998046875,1632.9307861328125,1626.719470796131,1729.74775390625,1818.7476128472222,0.009411098853993372,0.014981717436957509,0.01585584554845008,0.020759882546138027,39.1983642578125,4459830163.857142,4700890627.142858,5009301234.8,6570266621.566667,0.17035530304677393,-0.01565072449814664,-0.011229194747990223,0.5187420269099312,0
2023-09-21,1584.3070068359375,1625.20458984375,1573.3057861328125,1622.591796875,5191732312.0,-0.02377462631781635,1622.890625,1626.974365234375,1647.5982666015625,1633.892578125,1892.862060546875,1743.7647705078125,1626.83544921875,1623.7988920665923,1724.6663431803386,1817.8617363823785,0.012061755890980836,0.01393133439026324,0.015968802073389344,0.02083145683900815,51.8988037109375,4410226415.142858,4634156284.619047,5021153371.666667,6562363412.677778,0.0068458822099937144,0.04328434028118355,0.028401967755796953,0.6165250866365612,1
2023-09-22,1593.268310546875,1601.5377197265625,1579.101318359375,1584.0025634765625,3460791634.0,0.005656292418244391,1584.3070068359375,1641.640380859375,1636.1378173828125,1679.2744140625,1876.0596923828125,1775.6767578125,1619.9251534598213,1622.1216110956102,1720.3874471028646,1816.8483561197916,0.0115254387155758,0.01387056035686084,0.015829159484874254,0.02078960421675957,22.4364013671875,4283398824.142857,4508264929.476191,4973093672.75,6542754958.938889,-0.33340329854818596,0.04686940461631561,0.04403628731539122,0.6418183682047285,1
2023-09-23,1593.8577880859375,1598.001708984375,1588.3289794921875,1593.213134765625,2101436678.0,0.00036998008129596194,1593.268310546875,1635.2216796875,1635.162353515625,1659.944580078125,1900.506103515625,1715.4608154296875,1614.0160260881696,1620.0660109747023,1715.9893778483072,1816.1727837456597,0.011656548957301414,0.013802456785200385,0.015810074273022397,0.020637235653473973,9.6727294921875,4180807502.571429,4468162342.904762,4938727922.266666,6506730991.816667,-0.3927872867713942,0.04850123877191814,0.1076161898670609,0.6205100405663435,1
2023-09-24,1580.8533935546875,1600.207275390625,1576.7833251953125,1593.82568359375,3086456944.0,-0.008159068286052618,1593.8577880859375,1622.896728515625,1616.828857421875,1652.93505859375,1859.432861328125,1772.78564453125,1608.0098353794642,1617.4343784877233,1711.1342692057292,1815.1064934624567,0.011693914850025,0.013884733611697567,0.01576975438370893,0.02049107704430744,23.4239501953125,4188484743.428571,4465047039.380953,4893809735.416667,6477506363.494445,0.46873659164332904,0.09675598754041492,0.12878114268871932,0.6753902654839239,1
2023-09-25,1588.3228759765625,1595.8441162109375,1565.0255126953125,1580.7474365234375,4394930984.0,0.0047249684583838825,1580.8533935546875,1637.3470458984375,1551.6376953125,1646.3067626953125,1889.703369140625,1793.0018310546875,1601.006382533482,1615.4661690848213,1706.6003641764323,1813.969388156467,0.011032126002006063,0.013938462588039482,0.015791190157233955,0.020475575787963107,30.818603515625,3971092771.285714,4489188090.428572,4895536264.35,6451166108.116667,0.42394048053825695,0.0474114480367851,0.12533642248831245,0.6711683881255879,1
2023-09-26,1593.417236328125,1598.0977783203125,1580.16552734375,1588.023193359375,3544861160.0,0.0032073833529786544,1588.3228759765625,1643.544677734375,1592.429443359375,1657.5130615234375,1827.97119140625,1792.7371826171875,1593.8453194754463,1613.551304408482,1701.9115702311199,1812.8620551215279,0.01096367073896483,0.013949306735190162,0.015752199121622554,0.0204773926056485,17.9322509765625,3848091671.142857,4447634245.571428,4891267728.083333,6416834797.966666,-0.193420517203735,0.03970613043133864,0.13218262330201602,0.6187779403083089,1
2023-09-27,1597.4912109375,1631.9107666015625,1585.368896484375,1593.1082763671875,5533036096.0,0.0025567531946391053,1593.417236328125,1622.890625,1607.988525390625,1652.4573974609375,1852.227294921875,1822.0220947265625,1590.216831752232,1611.8960135323662,1697.1852762858073,1811.6146613226997,0.010560324803007419,0.013972057831432632,0.015747318512336447,0.020440031527902774,46.5418701171875,3901892258.285714,4473617057.476191,4941863292.716666,6396743999.816667,0.56086115824068,0.03151624464874425,0.11427548139141508,0.6477085652490997,1
2023-09-28,1652.8826904296875,1666.024169921875,1597.294677734375,1597.6719970703125,6658092168.0,0.03467404334555346,1597.4912109375,1584.3070068359375,1626.974365234375,1729.7257080078125,1933.18896484375,1813.860595703125,1600.0133579799108,1612.1476527622767,1693.7059244791667,1810.7203396267362,0.013389199232435534,0.01586646156038454,0.016429757073928658,0.02060534785056081,68.7294921875,4111372237.714286,4556988575.190476,4986114736.4,6402864269.605556,0.20333430913514872,-0.025050930861424847,0.07486040863592436,0.6310296250151861,0
2023-09-29,1667.94384765625,1687.28125,1648.656494140625,1652.9998779296875,5529687537.0,0.009112054541902781,1652.8826904296875,1593.268310546875,1641.640380859375,1705.1121826171875,1924.56591796875,1795.7081298828125,1610.6812918526787,1613.6622256324404,1690.5689493815105,1810.0105380588107,0.013431724348581866,0.01588785356325374,0.016489717358868405,0.020604330617874377,38.624755859375,4406928795.285714,4601331053.333333,5005082640.116667,6399141860.433333,-0.1694786738494426,-0.013257223688058595,0.0765026790505361,0.6052932874583314,0
2023-09-30,1671.161865234375,1692.5311279296875,1666.5638427734375,1667.83447265625,3155292192.0,0.001929332083119517,1667.94384765625,1593.8577880859375,1635.2216796875,1645.63916015625,1937.4383544921875,1810.297119140625,1621.7247314453125,1615.376488095238,1687.2251118977865,1809.2375644259982,0.01332287796515881,0.015884423834003136,0.01644378753956899,0.020595522880025287,25.96728515625,4557479583.0,4652458027.142858,4930423166.05,6363094448.161111,-0.4293905087968445,-0.02193122971992001,0.08313183821545378,0.5913161849556448,0
2023-10-01,1733.8104248046875,1750.595703125,1670.0821533203125,1671.1614990234375,5054880180.0,0.037488026069531166,1671.161865234375,1580.8533935546875,1622.896728515625,1628.4912109375,1955.38916015625,1871.005126953125,1643.5757359095983,1620.9470389229912,1685.4704569498697,1808.4753716362848,0.015702975182698545,0.01746453078623633,0.017072134868114538,0.020633804677615306,80.5135498046875,4838682902.428572,4686523752.428572,4907195962.016666,6333408658.411111,0.6020323546631463,-0.05782745298212577,0.04766874070423399,0.5013537275471498,0
2023-10-02,1663.6275634765625,1743.5635986328125,1646.07763671875,1732.9840087890625,8420552922.0,-0.04047897066718298,1733.8104248046875,1588.3228759765625,1637.3470458984375,1637.025390625,1936.633544921875,1909.114013671875,1654.3335484095983,1626.2798897879463,1682.6119750976563,1807.1115580240885,0.025864668748504294,0.017484438801481754,0.01782268676735655,0.020792590834936467,97.4859619140625,5413771750.714286,4721135752.380953,4969028826.15,6322860443.038889,0.6658264137133316,-0.05038442779608554,0.1102783833538652,0.4720368887496049,0
2023-10-03,1656.6856689453125,1670.3563232421875,1644.4964599609375,1662.88720703125,4742827302.0,-0.00417274556135816,1663.6275634765625,1593.417236328125,1643.544677734375,1636.11767578125,1910.5880126953125,1872.922607421875,1663.3718959263392,1629.3397100539435,1679.7615214029947,1805.9102416992187,0.02618992695269456,0.016744531858227593,0.0178230058303364,0.02074862222599632,25.85986328125,5584909771.0,4622517064.857142,4967055239.783334,6303302862.327778,-0.43675583469006785,-0.05370521271343054,0.08688147995268647,0.427688869282542,0
2023-10-04,1647.838134765625,1657.2535400390625,1629.4266357421875,1656.7359619140625,5127524863.0,-0.005340502634588518,1656.6856689453125,1597.4912109375,1622.890625,1629.6552734375,1848.636474609375,1865.6361083984373,1670.5643136160713,1631.2373105003721,1676.6423583984374,1804.7002529568142,0.026524528312278396,0.01671943490309042,0.017815237946426893,0.020750240352723673,27.826904296875,5526979594.857142,4629567339.0,5004746491.683333,6285366164.388889,0.08111144186881458,-0.049509337296069544,0.11224223262456956,0.4259842700507961,0
2023-10-05,1611.4764404296875,1654.3790283203125,1609.8499755859375,1647.7882080078125,5403759057.0,-0.022066302247040315,1647.838134765625,1652.8826904296875,1584.3070068359375,1633.62939453125,1870.6025390625,1849.4981689453125,1664.649135044643,1630.4993140811011,1673.042598470052,1803.3779100206164,0.024441825741574434,0.01727961372237964,0.018007341185915432,0.020803795928757307,44.529052734375,5347789150.428572,4623129267.761905,5045419224.7,6287518366.188889,0.05387281415118905,-0.04459513764452738,0.15279290580450344,0.49849782766207507,0
2023-10-06,1645.83154296875,1659.60986328125,1611.36572265625,1611.36572265625,4941208729.0,0.021319022529365572,1611.4764404296875,1667.94384765625,1593.268310546875,1632.2523193359375,1865.53955078125,1859.3878173828125,1661.490234375,1630.6988932291667,1670.0241434733073,1802.1914862738715,0.02587361492902636,0.017812144595328715,0.018255147409566276,0.0208630636988501,48.244140625,5263720749.285714,4651349456.238095,5030474670.616667,6279627871.822222,-0.08559788160813997,-0.056957266270760365,0.1508818888153458,0.4677272690862302,0
2023-10-07,1634.51123046875,1648.1837158203125,1631.158203125,1645.8109130859375,2578994988.0,-0.006878172039150754,1645.83154296875,1671.161865234375,1593.8577880859375,1647.5982666015625,1863.009765625,1911.20751953125,1656.254429408482,1630.665062313988,1666.3358744303384,1800.6542846679688,0.025886539364417864,0.0178587083779975,0.018123615125444546,0.02075996938878794,17.0255126953125,5181392577.285714,4639893220.952381,4976576996.983334,6247399320.2277775,-0.4780639455961748,-0.04848813091881976,0.16232753065814598,0.4927751600532819,0
2023-10-08,1633.548583984375,1641.182373046875,1618.189208984375,1634.6573486328125,3315554175.0,-0.0005889506700414993,1634.51123046875,1733.8104248046875,1580.8533935546875,1636.1378173828125,1880.556396484375,1892.189697265625,1641.9313092912946,1631.1722935267858,1662.6567240397135,1799.217389594184,0.019103040040412887,0.01777369777006444,0.018123877262567003,0.020748271315789,22.9931640625,4932917433.714286,4653361693.190476,4934001536.016666,6216501160.333333,0.2855993091988127,-0.04620539634121279,0.15584212559678923,0.4825372533165746,0
2023-10-09,1579.806640625,1635.4478759765625,1553.0069580078125,1633.454833984375,7020801716.0,-0.032898895010697204,1633.548583984375,1663.6275634765625,1588.3228759765625,1635.162353515625,1878.3360595703125,1920.68212890625,1629.9568917410713,1628.4322742280506,1658.1409444173178,1797.3236368815103,0.017084100833929524,0.019074263249221984,0.018559116037381602,0.020853700894256037,82.44091796875,4732952975.714286,4705939165.904762,4988343155.983334,6194334979.938889,1.1175349113395199,0.013120378532281762,0.19592001901439193,0.5443920525281847,1
2023-10-10,1567.7130126953125,1593.7413330078125,1553.03173828125,1580.112060546875,5254966125.0,-0.007655131722261288,1579.806640625,1656.6856689453125,1593.417236328125,1616.828857421875,1872.11376953125,2012.6346435546875,1617.2465122767858,1624.8212425595239,1653.4840881347657,1794.8518500434027,0.017030776294954805,0.019078279185402218,0.018571055299707907,0.020536927016051965,40.7095947265625,4806115664.714286,4746372368.952381,5020042173.033334,6153823955.638889,-0.2515148073439766,-0.0014501617844526749,0.352646190969893,0.5106613443195962,0
2023-10-11,1566.2547607421875,1578.2235107421875,1548.98046875,1567.6807861328125,5416504273.0,-0.000930177871406368,1567.7130126953125,1647.838134765625,1597.4912109375,1551.6376953125,2006.511474609375,2101.635498046875,1605.5917445591517,1622.1242966424852,1648.7735026041667,1791.8775126139324,0.017214489416956948,0.01892665274308585,0.0185666011959872,0.0202531169322834,29.2430419921875,4847398437.571428,4758756763.571428,5072131830.25,6093370649.316667,0.030740093115253053,-0.0015992818507463147,0.32691682541929135,0.5220115972874246,0
2023-10-12,1539.6124267578125,1566.878173828125,1523.237548828125,1566.35595703125,5003930677.0,-0.01701021740023334,1566.2547607421875,1611.4764404296875,1652.8826904296875,1592.429443359375,1939.3470458984373,2092.466796875,1595.3254568917412,1619.9959833054315,1643.7790405273438,1788.8060994466146,0.016576087545381337,0.018583398487901148,0.018657126356828587,0.02028527047705672,43.640625,4790280097.571428,4749813828.571428,5104620247.183333,6076523218.894444,-0.07616971670392325,0.018085463593473294,0.33326662704990007,0.5825498582557549,1
2023-10-13,1552.0894775390625,1571.7506103515625,1537.921142578125,1539.432861328125,4575141511.0,0.008104020573232784,1539.6124267578125,1645.83154296875,1667.94384765625,1607.988525390625,1931.466552734375,2120.005859375,1581.9337332589287,1618.0350864955358,1638.9107686360678,1785.651008436415,0.013330847837975088,0.018636135661312503,0.018697225799554976,0.02026834986688672,33.8294677734375,4737984780.714286,4802878108.428572,5112816526.966666,6058062189.2,-0.08569046888896381,0.03387523292889649,0.31769916703612044,0.5956059423107884,1
2023-10-14,1555.2568359375,1560.3250732421875,1545.73876953125,1552.2637939453125,2429214718.0,0.002040706057397923,1552.0894775390625,1634.51123046875,1671.161865234375,1626.974365234375,1923.681884765625,2076.242919921875,1570.6116768973213,1616.1969459170386,1634.3828369140624,1782.7566413031684,0.013899616137788465,0.018646201553612234,0.018686315800727882,0.020219283435827816,14.5863037109375,4716587599.285714,4818486586.523809,5078571374.05,6017952923.488889,-0.4690405286569944,0.047611176309178216,0.3214958027305328,0.5866684813287597,1
2023-10-15,1558.06982421875,1565.7608642578125,1550.5545654296875,1555.0760498046875,2923337883.0,0.0018086969407560272,1555.2568359375,1633.548583984375,1733.8104248046875,1641.640380859375,1911.6461181640625,2104.537353515625,1559.8289969308037,1615.1120140438989,1630.2563496907553,1779.7207105848524,0.014111604480215353,0.01858163553063048,0.01865549846471519,0.020189378371510712,15.206298828125,4660556700.428572,4810719012.190476,5044350782.383333,5983449160.933333,0.2034086000461981,0.0676221988155794,0.2701950718396253,0.6872799033008277,1
2023-10-16,1600.5343017578125,1628.15625,1555.9896240234375,1558.3134765625,8846928526.0,0.027254540765113022,1558.06982421875,1579.806640625,1663.6275634765625,1635.2216796875,1897.5992431640625,1936.4034423828125,1562.7900913783483,1615.6935105096727,1628.849696858724,1777.8547709147135,0.013773546922542103,0.019526364534327816,0.017018544374791184,0.01942940834048054,72.1666259765625,4921431959.0,5022718895.142858,4954991889.95,5956044622.461111,2.0263106353347933,0.1029958486305651,0.2873253919036589,0.6282200074026183,1
2023-10-17,1565.4395751953125,1601.294677734375,1554.4029541015625,1600.6356201171875,5032686973.0,-0.02192688186935865,1600.5343017578125,1567.7130126953125,1656.6856689453125,1622.896728515625,1889.0079345703125,1943.09765625,1562.4653145926338,1614.3612409319196,1627.257938639323,1775.7566704644098,0.016262737489630922,0.02011649029257494,0.01715055589782858,0.019489851246006804,46.8917236328125,4889677794.428572,5093567743.380953,4878118596.433333,5921092131.166667,-0.43113737629850046,0.13989548256908235,0.2526076527433039,0.6679673186718018,1
2023-10-18,1563.7498779296875,1584.7269287109375,1556.736328125,1565.3828125,4354138855.0,-0.0010793755903444335,1565.4395751953125,1566.2547607421875,1647.838134765625,1637.3470458984375,1890.9691162109373,1849.9998779296875,1562.1074741908483,1612.7545107886904,1625.4959045410155,1774.166392686632,0.016264113458803426,0.020103148711319924,0.017132611588267573,0.0191702245484603,27.9906005859375,4737911306.142858,5037429779.523809,4869500388.016666,5878369154.911111,-0.1348281984634374,0.14302012632238936,0.25421641235577264,0.6654028078633036,1
2023-10-19,1567.45703125,1573.7376708984375,1543.5850830078125,1563.9581298828125,5035110867.0,0.0023706817647977108,1563.7498779296875,1539.6124267578125,1611.4764404296875,1643.544677734375,1892.080078125,1874.2286376953125,1566.0852748325892,1608.6866222563244,1623.5393208821615,1772.462105984158,0.01445808947962397,0.018416243964116903,0.01708656257316865,0.019143591762171668,30.152587890625,4742365619.0,4960144955.666667,4885001285.883333,5867616200.138889,0.15639648497153869,0.1509338187101421,0.2525287743384115,0.685246991419721,1
2023-10-20,1604.6668701171875,1628.6090087890625,1562.3028564453125,1567.5709228515625,6747486127.0,0.023738984945261166,1567.45703125,1552.0894775390625,1645.83154296875,1622.890625,1864.912353515625,1862.06201171875,1573.5963309151787,1605.6734328497023,1622.4959513346355,1771.0321329752603,0.01650351129734695,0.01913449309953624,0.01733648648686741,0.019225904395233577,66.30615234375,5052700564.142858,5018135364.714286,4912838581.616667,5868394168.277778,0.3400869027974871,0.10929272687978053,0.25459340207255265,0.6505961653140167,1
2023-10-21,1629.304443359375,1641.2418212890625,1593.447998046875,1604.822265625,4212179634.0,0.015353699699918621,1604.6668701171875,1555.2568359375,1634.51123046875,1584.3070068359375,1889.191650390625,1842.7574462890625,1584.174560546875,1603.6802222842261,1622.419482421875,1769.8462829589844,0.016883584675419318,0.019481685226893378,0.017262417028841404,0.019248794191122392,47.7938232421875,5307409837.857142,5068463338.142858,4862297856.633333,5844916325.4777775,-0.3757408974662424,0.09041509786801227,0.24116713974746284,0.6856051825460532,1
2023-10-22,1663.429931640625,1667.6666259765625,1623.9847412109375,1629.2977294921875,5248406817.0,0.020944819993793384,1629.304443359375,1558.06982421875,1633.548583984375,1593.268310546875,1850.0020751953125,1866.753662109375,1599.2260044642858,1600.3287702287946,1622.1554077148437,1768.7167066786023,0.01748150397701859,0.01813432185123187,0.01709855429071719,0.0192889038670382,43.681884765625,5639562542.714286,5077678892.285714,4829906829.45,5825867166.233334,0.24600735795685202,0.07942389778743641,0.16450157329466042,0.6025394923451681,1
2023-10-23,1765.3826904296875,1794.0704345703125,1663.447998046875,1674.8492431640625,14362295879.0,0.061290684296216424,1663.429931640625,1600.5343017578125,1579.806640625,1593.8577880859375,1857.741943359375,1866.564208984375,1622.7757742745537,1605.1742524646577,1623.9127095540364,1768.1545871310764,0.025928277324986874,0.020701537044281088,0.018770272923841046,0.01983037379759309,130.6224365234375,6427472164.571428,5360619033.095238,4984202895.433333,5825899228.361111,1.7365058349667941,0.02532364957441957,0.16939250858196453,0.484209358101205,1
2023-10-24,1784.4375,1852.6844482421875,1758.6900634765625,1766.0146484375,15888690475.0,0.010793585817743923,1765.3826904296875,1565.4395751953125,1567.7130126953125,1580.8533935546875,1872.159912109375,1908.786376953125,1654.0611921037946,1611.2576729910713,1626.1044169108072,1767.4637600368924,0.020716636605582137,0.020698708971970244,0.018796846830233693,0.019774138283710864,93.994384765625,7978329807.714286,5891374422.285714,5159064439.633333,5836346698.744445,0.1062778965744493,0.017944861826205694,0.1556642882473469,0.4061007331179294,1
2023-10-25,1787.3975830078125,1814.4847412109373,1762.1470947265625,1784.905029296875,9439066475.0,0.0016588325496480483,1784.4375,1563.7498779296875,1566.2547607421875,1588.3228759765625,1860.357177734375,1892.5128173828125,1686.0108642578125,1617.9033610026042,1628.4559305826822,1766.8797865125869,0.020294558688155145,0.020601218431920885,0.018783182663484357,0.019764694850394227,52.33764648437477,8704748039.142857,6096685927.619047,5275994751.766666,5846053958.422222,-0.40592546063806434,0.033396116924039765,0.16434760760235312,0.4179825234468677,1
2023-10-26,1804.039306640625,1865.09521484375,1764.0130615234375,1787.48193359375,11196672635.0,0.009310588640725426,1787.3975830078125,1567.45703125,1539.6124267578125,1593.417236328125,1874.744873046875,1908.9169921875,1719.8083321707588,1627.073021298363,1630.8980346679687,1766.2971327039932,0.019474069681577985,0.01972962192357351,0.018797848272920206,0.019766349850674658,101.0821533203125,9584971148.857143,6372538955.142858,5418871545.166667,5881609632.805555,0.1862055071500066,-0.001894822883489633,0.15541445148385957,0.35026663391680857,0
2023-10-27,1780.0452880859375,1804.1358642578125,1751.4400634765625,1803.794921875,7493399771.0,-0.013300163952285393,1804.039306640625,1604.6668701171875,1552.0894775390625,1597.4912109375,1881.06884765625,1876.92431640625,1744.8623918805804,1633.4641520182292,1633.0244995117187,1765.7589158799913,0.02311956125841027,0.019794328098433976,0.018887055447517103,0.019751757289571348,52.69580078125,9691530240.857143,6494071861.904762,5462835065.783334,5886908287.327778,-0.33074762339874375,0.029634008911317622,0.1591200216209825,0.39300010403143415,1
2023-10-28,1776.6181640625,1800.6053466796875,1773.4366455078125,1780.084228515625,4226112731.0,-0.0019253015900076997,1780.0452880859375,1629.304443359375,1555.2568359375,1652.8826904296875,1861.643798828125,1831.954833984375,1765.9072091238838,1640.2311488560267,1633.8060404459636,1765.4514899359808,0.023999886214416472,0.01968840873243869,0.017927359375603944,0.01967118467470641,27.168701171875,9693520683.285715,6572506040.142858,5344854999.15,5862465673.605556,-0.4360219846597051,0.045637518503432783,0.1411666273649077,0.41051168141719385,1
2023-10-29,1795.5460205078125,1810.4886474609373,1766.052978515625,1776.56396484375,4358528382.0,0.01065386858481232,1776.6181640625,1663.429931640625,1558.06982421875,1667.94384765625,1856.162353515625,1870.789306640625,1784.7809361049108,1647.9453125,1635.313271077474,1765.0334716796874,0.023722965137914047,0.01970567569994256,0.017866120333586814,0.01962341008657317,44.43566894531227,9566395192.571428,6622171478.571428,5333765402.35,5844808688.133333,0.03133273043775797,0.05492017091717227,0.14134536868402603,0.42872870716269573,1
2023-10-30,1810.088623046875,1829.24951171875,1779.364501953125,1795.589111328125,7534051038.0,0.008099264721129096,1795.5460205078125,1765.3826904296875,1600.5343017578125,1671.161865234375,1871.7921142578125,1904.65185546875,1791.1674979073662,1658.911121186756,1638.0540954589844,1764.508120388455,0.008890729257390394,0.017726407872078756,0.017253562468544228,0.019585889538181283,49.885009765625,8590931643.857143,6646611922.476191,5349447027.9,5840517911.294444,0.7285767987916247,0.04958253322746331,0.12145293516171773,0.4573637367494443,1
2023-10-31,1816.458984375,1819.97265625,1784.567626953125,1810.131591796875,6477922747.0,0.0035193643267046326,1810.088623046875,1784.4375,1565.4395751953125,1733.8104248046875,1839.0897216796875,1877.7041015625,1795.7419956752233,1670.7561674572173,1641.1868916829428,1764.1678697374132,0.008318237933534275,0.01744102406412187,0.017180819685016734,0.01955930945004806,35.405029296875,7246536254.142858,6704847952.095238,5355670572.15,5839959491.927778,-0.14018066584273647,0.03945329006577225,0.12997660282981038,0.4629411296661279,1
2023-11-01,1847.0897216796875,1858.3128662109373,1786.4095458984375,1815.8720703125,10628825648.0,0.01686288408831138,1816.458984375,1787.3975830078125,1563.7498779296875,1663.6275634765625,1835.136474609375,1995.0609130859373,1804.2694440569196,1684.1292608351935,1644.6879638671876,1763.345807562934,0.009878230087987348,0.017459539481534874,0.017283567559905847,0.01903340556361238,71.90332031249977,7416501850.285714,6953053731.857142,5483757816.35,5846240404.638889,0.6407768451580147,0.022864436697324964,0.12996129428956116,0.36203417022886053,1
2023-11-02,1800.6209716796875,1873.885009765625,1790.11474609375,1847.2598876953125,9004197724.0,-0.02515781959835861,1847.0897216796875,1804.039306640625,1567.45703125,1656.6856689453125,1827.712890625,1900.2218017578125,1803.7811104910713,1696.5582391648065,1647.4296854654947,1762.7924696180555,0.014657991893298899,0.018121694699299005,0.017637309154945997,0.01879437454703692,83.770263671875,7103291148.714286,7143542638.857142,5581296473.116667,5842801264.011111,-0.15285112182696325,0.17768318180705744,0.20275401410117366,0.3950106866209011,1
2023-11-03,1832.795166015625,1835.072509765625,1779.635498046875,1800.91650390625,7622864055.0,0.01786838809609348,1800.6209716796875,1780.0452880859375,1604.6668701171875,1647.838134765625,1834.9879150390625,1873.076416015625,1811.3168073381696,1709.9251767113096,1650.8153503417968,1762.5686848958333,0.014741413222131768,0.01825897513783309,0.01774239953784275,0.018811819044498638,55.43701171875,7121786046.428572,7288672283.809524,5643544725.5,5846906385.2277775,-0.15340996625586767,0.13394548035607223,0.19691043007253506,0.3591636696265643,1
2023-11-04,1857.6986083984373,1867.2613525390625,1825.736572265625,1833.368896484375,4845080427.0,0.013587684453004512,1832.795166015625,1776.6181640625,1629.304443359375,1611.4764404296875,1827.4620361328125,1849.042724609375,1822.899727957589,1724.3271658761162,1654.5498372395834,1762.6167731391058,0.014819909237520457,0.01824111549777313,0.017804132467252886,0.018813781172274457,41.5247802734375,7210210003.0,7403713508.047619,5650671200.916667,5818850704.827778,-0.3644015697981643,0.10497680189209468,0.20752408930662103,0.32229484474152037,1
2023-11-05,1894.15771484375,1911.608642578125,1848.6201171875,1857.3956298828125,8867152645.0,0.019625953467632185,1857.6986083984373,1795.5460205078125,1663.429931640625,1645.83154296875,1826.9388427734373,1848.6031494140625,1836.9871128627233,1740.3313511439733,1658.9149271647136,1762.8698540581597,0.015607074545908912,0.01832100764975615,0.01793849058880406,0.018869364035118373,62.988525390625,7854299183.428572,7686752306.238095,5715333794.233334,5834059796.811111,0.8301352843569629,0.07973427750574524,0.2110088715945284,0.2654840451790108,1
2023-11-06,1899.83740234375,1914.5826416015625,1871.9730224609373,1894.027099609375,8104122602.0,0.002998529349214518,1894.15771484375,1810.088623046875,1765.3826904296875,1634.51123046875,1855.807373046875,1842.4014892578125,1849.8083670479912,1754.5838797433037,1663.1189127604166,1763.1889424641927,0.015708009078378528,0.017905749449377978,0.017916621288936833,0.01886840905151135,42.60961914062523,7935737978.285714,7651380595.571428,5768614332.666667,5823829646.805555,-0.08605130345086098,0.08181120043424772,0.17465914409307737,0.27518840916433285,1
2023-11-07,1888.124267578125,1907.5614013671875,1852.7908935546875,1900.5997314453125,9203228152.0,-0.006165335386688842,1899.83740234375,1816.458984375,1784.4375,1633.548583984375,1854.297607421875,1796.4906005859375,1860.0462646484375,1769.9498174758185,1667.3186869303386,1763.698018391927,0.016477789984630904,0.01687392290792253,0.01790981370237306,0.018779683196441826,54.7705078125,8325067321.857142,7849977794.571428,5845359876.933333,5828548534.805555,0.13562301608427707,0.04815802979069561,0.2486358182704731,0.4427912591512766,1
2023-11-08,1889.3223876953125,1904.5462646484373,1874.545654296875,1887.1190185546875,6751627017.0,0.0006345557534326307,1888.124267578125,1847.0897216796875,1787.3975830078125,1579.806640625,1850.75341796875,1808.019775390625,1866.0795026506696,1785.4532703218006,1671.5546875,1764.1496995713976,0.015765122426305365,0.016826315479432166,0.017906856808242607,0.01877436528001961,30.000610351562273,7771181803.142858,7964143897.523809,5923193231.516666,5815795359.011111,-0.26638491347921545,0.09055419058417646,0.24845391604714218,0.532605270586417,1
2023-11-09,2120.56103515625,2130.88525390625,1884.204345703125,1888.9403076171875,24709695029.0,0.12239237144858772,1889.3223876953125,1800.6209716796875,1804.039306640625,1567.7130126953125,1847.1243896484373,1796.1148681640625,1911.7852260044642,1811.7915562220983,1679.9502237955728,1765.9521782769098,0.04423784320950097,0.029788752612225532,0.023574329074364395,0.02085187374325896,246.680908203125,10014824275.285715,8901028857.619047,6262696482.85,5927251271.038889,2.659813400056486,-0.07530056466759949,0.10403579720413214,0.3969400464066828,0
2023-11-10,2078.289794921875,2134.69140625,2068.13427734375,2121.0673828125,14740624457.0,-0.019933988946118864,2120.56103515625,1832.795166015625,1780.0452880859375,1566.2547607421875,1848.889892578125,1800.5009765625,1946.8558872767858,1834.3450288318452,1688.7277587890626,1767.4954494900173,0.047367624080195576,0.030652384170709344,0.023054248214946046,0.020910658960710163,66.55712890625,11031647189.857143,9281654492.380953,6380145208.416667,5982970238.905556,-0.40344773823796753,-0.0563006340545128,0.13192233933516784,0.5065966925790071,0
2023-11-11,2052.7138671875,2089.530517578125,2035.0821533203125,2078.058349609375,10228351203.0,-0.012306237463546976,2078.289794921875,1857.6986083984373,1776.6181640625,1539.6124267578125,1839.2801513671875,1817.5499267578125,1974.7152099609375,1854.5073823474702,1696.3991658528646,1768.8019158257378,0.04885043029391678,0.031128416279063348,0.02299234053796655,0.02092443989389894,54.4483642578125,11800685872.142857,9568138852.809525,6437054066.133333,6002300582.555555,-0.306111404382005,-0.04356614647434631,0.08372574131330524,0.5546888194411077,0
2023-11-12,2045.18701171875,2066.00341796875,2019.028076171875,2053.11865234375,7951011698.0,-0.003666782589169526,2052.7138671875,1894.15771484375,1795.5460205078125,1552.0894775390625,1844.185791015625,1824.1214599609373,1996.2908238002233,1872.686290922619,1703.6858072916666,1770.0300577799478,0.04929955285941106,0.031218133405711147,0.02300548387377761,0.020926181700274164,46.975341796875,11669808594.0,9696834323.333334,6486579776.0,6015384204.944445,-0.222649717417999,-0.01563795572828075,0.07669277837185873,0.6501243988661451,0
2023-11-13,2055.265380859375,2116.0107421875,2031.9542236328125,2045.3544921875,14322027970.0,0.004927847225156823,2045.18701171875,1899.83740234375,1810.088623046875,1555.2568359375,1826.9327392578125,1821.859619140625,2018.4948207310267,1886.4902285621279,1710.8239908854166,1771.3267564561631,0.049246249328382265,0.028958484166933966,0.02298440188147466,0.020927789949373284,84.0565185546875,12558080789.428572,9694916803.857143,6632964266.283334,6059661240.45,0.8012837251393514,-0.016069090359211002,0.09993030714864304,0.5794832893362809,0
2023-11-14,1979.0526123046875,2065.06689453125,1939.2803955078125,2054.765380859375,13087862495.0,-0.03708171667973137,2055.265380859375,1888.124267578125,1816.458984375,1558.06982421875,1805.6590576171875,1801.728515625,2031.484584263393,1895.7576148623511,1716.447528076172,1772.3118903266059,0.0524567692298864,0.030539312068664764,0.023581770577631316,0.021099960500061538,125.7864990234375,13113028552.714285,9561544042.904762,6778618895.016666,6100854230.672222,-0.08617253629061306,-0.02121512059998043,0.17054952817285085,0.6131940744858302,0
2023-11-15,2060.408447265625,2061.99169921875,1968.774658203125,1979.47265625,12626326991.0,0.04110847506282078,1979.0526123046875,1889.3223876953125,1847.0897216796875,1600.5343017578125,1684.9334716796875,1812.5894775390625,2055.925449916295,1908.7581322079614,1723.533974202474,1773.6886623806424,0.05374342445639382,0.031498394727432245,0.024057144795882827,0.0213100450206265,93.217041015625,13952271406.142857,9713318353.190475,6942064746.05,6144355434.738889,-0.035264391276751406,0.0019495385531231868,0.07713468428506975,0.4846322021870426,1
2023-11-16,1960.881591796875,2088.662353515625,1940.57421875,2059.9658203125,14651619483.0,-0.04830442993030459,2060.408447265625,2120.56103515625,1800.6209716796875,1565.4395751953125,1660.945068359375,1820.47802734375,2033.1141008649554,1916.2268124534971,1729.1670552571616,1774.4686821831597,0.029370422566396936,0.03373860622276196,0.024951460372329433,0.021622009788776472,148.088134765625,12515403471.0,9877839631.666666,7135713133.133333,6209355232.038889,0.1604023476854053,0.05167527809246564,0.13567617901456597,0.582472159627061,1
2023-11-17,1961.28076171875,1990.050537109375,1910.4454345703125,1961.8675537109373,11881648738.0,0.0002035665608492998,1960.881591796875,2078.289794921875,1832.795166015625,1563.7498779296875,1669.471923828125,1804.5313720703125,2016.3985246930804,1924.8570731026787,1734.5659505208334,1775.339512125651,0.029307203387096616,0.03351035782166698,0.024944537654763795,0.021610554886403285,79.6051025390625,12106978368.285715,10086803868.190475,7235129365.616667,6256549009.111111,-0.18905560222977025,0.06111890772108364,0.11992186128772775,0.5975652170449246,1
2023-11-18,1963.2850341796875,1971.4622802734373,1921.0623779296875,1961.6712646484373,8064677046.0,0.0010219202166552588,1961.28076171875,2052.7138671875,1857.6986083984373,1567.45703125,1684.85205078125,1817.5347900390625,2003.6229771205358,1933.7459716796875,1739.8949564615884,1776.14923570421,0.02940406276726325,0.0334854504049342,0.024946196505682153,0.021605055977786714,50.39990234374977,11797882060.142857,10269592645.095238,7296109502.033334,6276159209.094444,-0.3212493296315456,0.06169662053601055,0.1293690925660398,0.5665894495950472,1
2023-11-19,2013.2044677734373,2015.6339111328125,1944.90087890625,1963.1800537109373,7716048818.0,0.025426483024461932,1963.2850341796875,2045.18701171875,1894.15771484375,1604.6668701171875,1667.26904296875,1854.380615234375,1999.0540422712054,1944.1106596447173,1746.4001871744792,1777.0315904405381,0.031746706438458394,0.03375804083037968,0.025019636296988543,0.02163459253579598,70.7330322265625,11764315934.428572,10429474570.619047,7338769782.566667,6281136996.083333,-0.04322903769257769,0.024876591444510376,0.08179402214541698,0.5934081692458806,1
2023-11-20,2022.2391357421875,2066.409912109375,1996.0443115234373,2011.8533935546875,12866464824.0,0.004487705105652884,2013.2044677734373,2055.265380859375,1899.83740234375,1629.304443359375,1633.892578125,1800.0999755859375,1994.3360072544642,1954.2130650111608,1753.6990559895833,1778.2656968858507,0.03173156037935472,0.033755924528479954,0.02475447267459742,0.021519460776320963,70.36560058593773,11556378342.142857,10683399036.619047,7466681991.1,6313163759.444445,0.6674939632296142,0.0025606381385498977,0.08884816737808587,0.5385836314859012,1
2023-11-21,1937.0667724609373,2035.035888671875,1937.0667724609373,2022.21728515625,13653500841.0,-0.04211784935612517,2022.2391357421875,1979.0526123046875,1888.124267578125,1663.429931640625,1679.2744140625,1805.9537353515625,1988.3380301339287,1959.9562930152529,1759.4290303548178,1778.9941026475694,0.03270495282469646,0.03534266051791702,0.02547032737655245,0.02175585555618814,97.96911621093773,11637183820.142857,11025093231.571428,7636560477.883333,6353896042.677778,0.06116956193996126,0.05795946938992347,0.15615141011558098,0.5860000449949401,1
2023-11-22,2064.42529296875,2089.51416015625,1933.1629638671875,1933.5831298828125,13372200584.0,0.06574813130783852,1937.0667724609373,2060.408447265625,1889.3223876953125,1765.3826904296875,1659.944580078125,1828.689697265625,1988.911865234375,1970.3056059337798,1767.2718221028647,1780.3037448459202,0.038926870302944776,0.037782918974428266,0.02669980180756446,0.022273856844767487,156.3511962890625,11743737190.571428,11155730133.285715,7824406542.983334,6397900411.155556,-0.02060279339898563,-0.0167097806190859,0.12696008437199846,0.6280821430184844,0
2023-11-23,2062.210693359375,2088.031982421875,2041.4642333984373,2063.905517578125,7828437946.0,-0.0010727438851469984,2064.42529296875,1960.881591796875,2120.56103515625,1784.4375,1652.93505859375,1831.1182861328125,2003.387451171875,1982.7622593470983,1775.2944437662761,1781.5875915527345,0.03254150971253803,0.03715116515805226,0.02665776830850879,0.02227432810603607,46.56774902343773,10768996971.0,11099741572.428572,7903439559.683333,6423520968.344444,-0.4145736973638564,-0.0046816462773247025,0.11969470149399508,0.6155482273495987,0
2023-11-24,2081.152099609375,2132.481201171875,2060.9990234375,2062.411865234375,12141148820.0,0.009185000500188556,2062.210693359375,1961.28076171875,2078.289794921875,1787.3975830078125,1646.3067626953125,1910.9141845703125,2020.511928013393,1994.5887799944196,1783.5082641601562,1782.533357747396,0.032374641512919376,0.03707371953910917,0.02666383034049428,0.022052630402524073,71.482177734375,10806068411.285715,11314897989.809525,8032543190.283334,6455640625.338889,0.5509031180611978,0.002877152981693998,0.08867205770166309,0.631895808725049,1
2023-11-25,2084.4130859375,2091.3427734375,2067.917236328125,2081.296142578125,5362623390.0,0.0015669139841998359,2081.152099609375,1963.2850341796875,2052.7138671875,1804.039306640625,1657.5130615234375,1893.078125,2037.8159354073662,2005.3847074962798,1791.6915283203125,1783.596329752604,0.032353034625185816,0.03705485130027023,0.026666388520394074,0.022039851394432104,23.425537109375,10420060746.142857,11339542892.809525,8062839227.45,6452740340.994445,-0.5583100520795692,0.03899947480344945,0.09026458474568733,0.6137203967881022,1
2023-11-26,2063.2861328125,2094.095947265625,2038.6004638671875,2084.177490234375,8054814154.0,-0.010135684364837805,2084.4130859375,2013.2044677734373,2045.18701171875,1780.0452880859375,1652.4573974609375,1901.026611328125,2044.970458984375,2013.438441685268,1799.4547770182292,1784.4977715386285,0.03214100100798642,0.03708190034653408,0.026734957351722446,0.022053297472363804,55.4954833984375,10468455794.142857,11300860107.52381,8104868861.75,6467692420.827778,0.5020286841362545,0.06320282752076034,0.08151036181758364,0.6544210185038373,1
2023-11-27,2027.4173583984373,2070.606201171875,1988.120361328125,2062.390869140625,10574810069.0,-0.017384294811873424,2063.2861328125,2022.2391357421875,2055.265380859375,1776.6181640625,1729.7257080078125,1874.1304931640625,2045.710205078125,2019.5136776878721,1805.697021484375,1785.349365234375,0.033128179735637725,0.03739438773210935,0.02658724143324459,0.022066779223597992,82.48583984375,10141076543.428572,11418511891.666666,8170147493.433333,6493194073.722222,0.3128558731238482,0.10644007807279166,0.17328579652364517,0.640765933173308,1
2023-11-28,2049.338134765625,2074.9541015625,1996.814697265625,2027.5172119140625,9910633038.0,0.010812167645888104,2027.4173583984373,1937.0667724609373,1979.0526123046875,1795.5460205078125,1705.1121826171875,1862.201416015625,2061.7489711216517,2027.1905285063244,1812.053592936198,1786.389013671875,0.027203147526522167,0.037353037968978195,0.026593960523361184,0.022073302710345757,78.139404296875,9606381143.0,11452197838.619047,8243163251.783334,6516919661.7277775,-0.06280746667470005,0.119308599182115,0.1455240705691827,0.7846002109341466,1
2023-11-29,2029.92919921875,2071.994384765625,2020.756591796875,2049.186767578125,8945151861.0,-0.009470831200383945,2049.338134765625,2064.42529296875,2060.408447265625,1810.088623046875,1645.63916015625,1907.256591796875,2056.820957728795,2033.8860909598213,1818.033048502604,1787.0705281575522,0.010493055488292541,0.03747088334432961,0.026648047345698388,0.022016274274411333,51.23779296875,8973945611.142857,11556651402.619047,8339660912.933333,6532738583.055555,-0.09741871919766265,0.0993789230737776,0.13338468884214372,0.7635154589703161,1
2023-11-30,2052.55615234375,2054.4443359375,2022.4617919921875,2029.3583984375,8107789163.0,0.011146671092621574,2029.92919921875,2062.210693359375,1960.881591796875,1816.458984375,1628.4912109375,1892.4124755859373,2055.441737583705,2030.6477632068452,1823.345477294922,1787.9602152506511,0.011690424588601077,0.026020420124934343,0.02629469166930903,0.022021295017078484,31.9825439453125,9013852927.857143,10766084456.619047,8390542729.316667,6558491441.7,-0.09361078615678076,0.14860662260162938,0.116688294773452,0.7507410847992273,1
2023-12-01,2087.139892578125,2109.319091796875,2046.5570068359373,2052.0966796875,10866891430.0,0.016849107974407973,2052.55615234375,2081.152099609375,1961.28076171875,1847.0897216796875,1637.025390625,1890.5135498046875,2056.297136579241,2031.0691964285713,1830.4040161132812,1789.0525838216147,0.013041634489553419,0.025936331393037245,0.025717826904033982,0.022053808334615708,62.76208496093773,8831816157.857143,10581620979.142857,8431315037.783334,6598046156.888889,0.3403026659340376,0.13012641940360914,0.09310889965697444,0.775494462754089,1
2023-12-02,2165.7041015625,2182.81787109375,2087.407958984375,2087.66357421875,9130124831.0,0.03764204271297267,2087.139892578125,2084.4130859375,1963.2850341796875,1800.6209716796875,1636.11767578125,1811.828369140625,2067.910138811384,2036.449683779762,1838.887656656901,1791.0185601128471,0.019210141030471733,0.02697080508907791,0.026054140921369442,0.021993531686751673,95.409912109375,9370030649.428572,10529324485.238094,8504436663.266666,6597399111.322222,-0.15982184143345213,0.08102269893641156,0.08617233497513843,0.7136066909532977,1
2023-12-03,2193.691650390625,2213.17578125,2151.720947265625,2165.895751953125,8278465782.0,0.012923071442646705,2165.7041015625,2063.2861328125,2013.2044677734373,1832.795166015625,1629.6552734375,1884.494873046875,2086.5394984654017,2043.5213332403273,1847.985215250651,1792.7363199869792,0.01799318002515022,0.027011787349028774,0.026040352275253722,0.02181770707882693,61.454833984375,9401980882.0,10544917536.857143,8556952345.25,6595032744.688889,-0.09328011004935188,0.07237616830308768,0.0739141143021409,0.6612172844251889,1
2023-12-04,2243.2158203125,2273.06982421875,2193.00732421875,2193.663330078125,16149367134.0,0.022575720663866372,2193.691650390625,2027.4173583984373,2022.2391357421875,1857.6986083984373,1633.62939453125,1832.39599609375,2117.367850167411,2052.4713541666665,1858.5142049153646,1795.01865234375,0.014189699674397647,0.027324947082229958,0.025888202227588985,0.021769400879330787,80.0625,10198346177.0,10631933687.52381,8736045813.2,6640752037.35,0.9507681204787759,-0.008308145262647448,-0.014467559085489134,0.6140719217188284,0
2023-12-05,2293.841796875,2306.5703125,2191.17626953125,2243.092529296875,15383072559.0,0.02256848231190145,2243.2158203125,2049.338134765625,1937.0667724609373,1894.15771484375,1632.2523193359375,1846.3018798828125,2152.296944754464,2067.4613153366818,1869.3143758138021,1797.5049852159289,0.014355930585445148,0.025843252755417573,0.025901357346940827,0.021821927379456315,115.39404296875,10980123251.428572,10741229404.857143,8910076877.033333,6701013318.616667,-0.04745043992384601,-0.040021814522068655,-0.01081317420028316,0.6746277184070459,0
2023-12-06,2231.661376953125,2310.713134765625,2225.0810546875,2293.628173828125,12790612571.0,-0.027107545082919904,2293.841796875,2029.92919921875,2064.42529296875,1899.83740234375,1647.5982666015625,1840.2252197265625,2181.1158272879466,2075.616216750372,1879.2668782552084,1799.6796305338542,0.020053578305924413,0.02567718980660243,0.026200033402549883,0.021922743082019927,85.632080078125,11529474781.428572,10749052527.714285,9080270503.416666,6746456546.738889,-0.16852679970512519,0.01298911429254379,0.01657323114775,0.7077000749927387,1
2023-12-07,2357.57958984375,2380.729736328125,2225.050537109375,2233.2177734375,14766891042.0,0.05642353010676748,2231.661376953125,2052.55615234375,2062.210693359375,1888.124267578125,1636.1378173828125,1752.384765625,2224.690604073661,2094.506597609747,1891.3340616861979,1803.0418240017361,0.025592240297797934,0.0251505287037722,0.026996056402063026,0.021995565662339733,155.67919921875,12480775049.857143,10754541649.571428,9271126117.866667,6768558716.938889,0.15451007213530898,-0.017390924343711034,-0.04918384706242729,0.6991199635981271,0
2023-12-08,2358.73193359375,2387.514404296875,2340.92041015625,2357.169189453125,12543458699.0,0.0004887825441670657,2357.57958984375,2087.139892578125,2081.152099609375,1889.3223876953125,1635.162353515625,1753.415283203125,2263.4894670758927,2113.432843889509,1904.3161499023438,1806.404694281684,0.026680394147750235,0.025145555613676877,0.02651029405356832,0.021995599640225467,46.593994140625,12720284659.714285,10786056409.619047,9363170400.916666,6812916193.15,-0.15056875117965673,-0.05909723324838334,-0.05760127501639001,0.6969680063875026,0
2023-12-09,2341.17529296875,2401.760498046875,2331.666015625,2358.68603515625,10613312823.0,-0.007443253883560597,2358.73193359375,2165.7041015625,2084.4130859375,2120.56103515625,1616.828857421875,1742.5286865234375,2288.5567801339284,2131.4276181175596,1917.207187906901,1809.7305087619357,0.026570557543190768,0.02534894007832419,0.026508317710478988,0.02199832980088645,70.094482421875,12932168658.571428,10907420018.047619,9452476179.216667,6838371347.955556,-0.15387668762794082,-0.04879975439686135,-0.003477987380720582,0.7109802080493843,0
2023-12-10,2352.462646484375,2376.749755859375,2323.40576171875,2341.440185546875,7369608905.0,0.004821233826242777,2341.17529296875,2193.691650390625,2063.2861328125,2078.289794921875,1551.6376953125,1739.03759765625,2311.238351004464,2147.582769484747,1930.310652669271,1813.1384256998697,0.02667397608703232,0.02506714450920302,0.0264893943308652,0.02199748261325016,53.343994140625,12802331961.857143,10890922879.333334,9485027923.083334,6844790701.855556,-0.3056259597823785,-0.0663055991752326,-0.003245746774464542,0.5807649210689387,0
2023-12-11,2224.578857421875,2354.9140625,2160.358154296875,2352.49658203125,17989249470.0,-0.054361666168691425,2352.462646484375,2243.2158203125,2027.4173583984373,2052.7138671875,1592.429443359375,1650.519287109375,2308.575927734375,2157.217994326637,1941.7267598470053,1816.3276455349392,0.0352581185354183,0.02850277973348827,0.027486629908845088,0.02204536703575283,194.555908203125,13065172295.571428,11134865005.333334,9701449902.966667,6903270390.388889,1.441004631574815,-0.003283956375608743,0.16071565951025457,0.6325938404554496,0
2023-12-12,2202.0380859375,2242.55126953125,2166.77001953125,2224.39111328125,11391132228.0,-0.010132601687358522,2224.578857421875,2293.841796875,2049.338134765625,2045.18701171875,1607.988525390625,1665.519775390625,2295.461111886161,2169.835675920759,1952.559236653646,1819.3083028157553,0.03380409452731301,0.026657500919017398,0.027569464785794792,0.0220568891908019,75.78125,12494895105.428572,11027133166.619047,9815049748.25,6925840208.988889,-0.36678112964098,-0.010974164115541085,0.18963389296226385,0.7405793505395171,0
2023-12-13,2260.648681640625,2283.09912109375,2150.75439453125,2202.600341796875,12576395493.0,0.02661652224701272,2202.0380859375,2231.661376953125,2029.92919921875,2055.265380859375,1626.974365234375,1716.6688232421875,2299.6021554129466,2179.179646809896,1964.3157674153647,1822.330413140191,0.0341328725545884,0.023484745627033354,0.02768875892745658,0.022028994093713356,132.3447265625,12464292665.714285,10989237686.095238,9984169427.833334,6960814497.955556,0.10405140079811925,-0.025982500140124598,0.11669726728438112,0.7176935071936561,0
2023-12-14,2316.5791015625,2331.6015625,2239.3662109375,2260.736083984375,12608711052.0,0.02474087211166509,2260.648681640625,2357.57958984375,2052.55615234375,1979.0526123046875,1641.640380859375,1727.2041015625,2293.744942801339,2191.2924281529017,1976.957588704427,1825.6047186957464,0.027153835544633104,0.023845994802154203,0.027779336101752688,0.02209315645277888,92.2353515625,12155981238.571428,11216869738.761906,10145592313.983334,7003778517.816667,0.0025695406142394184,-0.03325447468717557,0.11224257296146112,0.6883538833737954,0
2023-12-15,2219.33740234375,2316.892822265625,2214.26318359375,2316.1103515625,10259157898.0,-0.041976420815141524,2316.5791015625,2358.73193359375,2087.139892578125,2060.408447265625,1635.2216796875,1720.5775146484375,2273.8314383370534,2197.8726806640625,1987.2709737141927,1828.3756069607205,0.030937790767611065,0.026001605207261875,0.02835571585477067,0.022329829536803954,102.629638671875,11829652552.714285,11127251123.428572,10169129470.183332,7039551401.461111,-0.18634364324078256,0.0482970727600065,0.11395464625012353,0.7430451401180542,1
2023-12-16,2226.926513671875,2260.809814453125,2213.55078125,2220.41552734375,6866555430.0,0.0034195392373013167,2219.33740234375,2341.17529296875,2165.7041015625,1960.881591796875,1622.896728515625,1737.659423828125,2257.510184151786,2204.6590343656994,1998.2957560221355,1831.0937574598524,0.03125568196613768,0.025998257685378282,0.028122747782209235,0.022321633501631185,47.259033203125,11294401496.571428,11198866934.857143,10199693944.466667,7048751819.844444,-0.33069015037397764,0.03687587917370094,0.12772637718986957,0.7746167814011986,1
2023-12-17,2196.481201171875,2244.366455078125,2195.76171875,2226.892578125,7410453853.0,-0.013671449108484612,2226.926513671875,2352.462646484375,2193.691650390625,1961.28076171875,1637.3470458984375,1792.1199951171875,2235.227120535714,2211.0016566685267,2008.8412780761719,1833.3402086046008,0.030899458472354226,0.026102065383380467,0.028225330757936727,0.022238826149497588,48.604736328125,11300236489.142857,11168183111.0,10250632527.766666,7050081715.816667,0.07920979136405215,0.03150991570657391,0.17810758440763363,0.8153949848984976,1
2023-12-18,2217.2734375,2222.019287109375,2120.12744140625,2195.341796875,10366536490.0,0.009466157195896718,2196.481201171875,2224.578857421875,2243.2158203125,1963.2850341796875,1643.544677734375,1891.0072021484373,2234.1834891183034,2220.0424223400296,2019.6715515136718,1835.1527988009982,0.024059342549947918,0.025692165645798216,0.028224469000698683,0.021879051909837972,101.891845703125,10211277492.0,11158265321.52381,10339489621.483334,7042498820.144444,0.398907097411217,0.02493527823093533,0.14030563033145294,0.752948485083383,1
2023-12-19,2177.87255859375,2253.348876953125,2139.723388671875,2218.240966796875,10619179629.0,-0.017769968394459656,2217.2734375,2202.0380859375,2293.841796875,2013.2044677734373,1622.890625,1872.9429931640625,2230.731270926339,2226.163109188988,2029.224979654948,1836.8468519422743,0.024747142765047095,0.026099746675446796,0.028295405416530854,0.02190999453708741,113.62548828125,10100998549.285715,11192005635.380953,10404017846.516666,7054396167.288889,0.024371026836563114,0.024607855600194073,0.13276545456868982,0.6616175475861061,1
2023-12-20,2201.911376953125,2263.3291015625,2161.21875,2177.239501953125,12652290807.0,0.011037752537226941,2177.87255859375,2260.648681640625,2231.661376953125,2022.2391357421875,1584.3070068359375,1892.862060546875,2222.3402273995534,2234.352736700149,2038.768428548177,1838.5637925889757,0.022406883296083313,0.025984338473242986,0.02827537864278114,0.021910996567116196,102.1103515625,10111840737.0,11368536061.380953,10544686366.066668,7078627699.138889,0.19145652009198155,0.08030687117205182,0.1306079623427312,0.552255015478939,1
2023-12-21,2239.54248046875,2278.12158203125,2184.856689453125,2201.7900390625,12616530536.0,0.017090198956007274,2201.911376953125,2316.5791015625,2357.57958984375,1937.0667724609373,1593.268310546875,1876.0596923828125,2211.3349958147323,2243.2568475632443,2048.3703043619794,1840.5831414116753,0.020936029375812834,0.026095884457419727,0.028243859577389126,0.021930577642966874,93.264892578125,10112957806.142857,11583238031.52381,10667488428.05,7120796248.205556,-0.002826387058714741,0.048234709804662934,0.10272036939045903,0.5505637857202192,1
2023-12-22,2326.52490234375,2341.947509765625,2233.53271484375,2239.59814453125,16137246310.0,0.03883937127050796,2239.54248046875,2219.33740234375,2358.73193359375,2064.42529296875,1593.8577880859375,1900.506103515625,2226.6474958147323,2254.6561337425596,2057.7226745605467,1842.949912516276,0.0191118350661845,0.027040891725744736,0.02763229458225472,0.0220920010145172,108.414794921875,10952684722.142857,11834207311.52381,10697070935.233334,7171905495.988889,0.27905578034737766,-0.011104213193505741,0.05475470452322195,0.4344236800334458,0
2023-12-23,2309.04638671875,2332.072021484375,2270.428955078125,2326.7158203125,7995772945.0,-0.007512713750621014,2326.52490234375,2226.926513671875,2341.17529296875,2062.210693359375,1580.8533935546875,1859.432861328125,2238.37890625,2261.481956845238,2066.4661560058594,1845.4477654351128,0.01987654096892065,0.026140287177485948,0.027668030892558357,0.02203500761011241,61.64306640625,11114001510.0,11780190555.047619,10565522309.733334,7168439221.838889,-0.5045144139588955,-0.007354099566349803,0.0007708936932204757,0.41943235748828434,0
2023-12-24,2265.692138671875,2325.705078125,2249.984375,2309.626708984375,9450799236.0,-0.018775823775668332,2309.04638671875,2196.481201171875,2352.462646484375,2081.152099609375,1588.3228759765625,1889.703369140625,2248.266183035714,2264.9105515252977,2074.4377319335936,1847.5365919325086,0.020764640788324195,0.02647491446613985,0.02783104555313998,0.02205803717692977,75.720703125,11405479421.857143,11836015957.619047,10565717855.75,7178243427.583333,0.18197443836994798,0.0069643410351525326,-0.011036849662321435,0.507612328298461,1
2023-12-25,2272.561767578125,2303.551025390625,2254.574462890625,2265.340576171875,8036302656.0,0.003032022219169095,2265.692138671875,2217.2734375,2224.578857421875,2084.4130859375,1593.417236328125,1827.97119140625,2256.1645159040177,2266.3079775855654,2082.2464396158853,1850.006539577908,0.020656752554663052,0.026050893598927885,0.027823811431597522,0.0219114021010379,48.9765625,11072588874.142857,11449679553.904762,10513045022.766666,7183249192.25,-0.14966951944253537,0.035099645879485664,-0.01716124972108568,0.5366138137618088,1
2023-12-26,2231.46533203125,2274.557373046875,2180.225341796875,2272.21875,10668581464.0,-0.0180837485401647,2272.561767578125,2177.87255859375,2202.0380859375,2063.2861328125,1597.4912109375,1852.227294921875,2263.820626395089,2263.337669735863,2089.7701070149737,1852.113417561849,0.0207113910287945,0.025873348031007378,0.027881679153842584,0.021941481461625188,94.33203125,11079646279.142857,11225179977.952381,10565964717.65,7210978930.316667,0.32754849097609706,0.05573516736501927,-0.00616416789258567,0.5654445988558965,1
2023-12-27,2378.739990234375,2392.608642578125,2215.140380859375,2231.39306640625,14161342927.0,0.06599907965814755,2231.46533203125,2201.911376953125,2260.648681640625,2027.4173583984373,1652.8826904296875,1933.18896484375,2289.081856863839,2270.3414132254466,2099.8054707845054,1854.5887010362412,0.0315537998986103,0.028967071840770405,0.02898793688505926,0.022243142698835355,177.46826171875,11295225153.428572,11290452852.047619,10731551887.583334,7218013439.644444,0.32738761706848796,-0.0706163885222274,-0.04689048978074106,0.4004161210363737,0
2023-12-28,2347.566162109375,2445.017578125,2338.703857421875,2380.20068359375,15660799060.0,-0.013105185204343561,2378.739990234375,2239.54248046875,2316.5791015625,2049.338134765625,1667.94384765625,1924.56591796875,2304.5138113839284,2269.8645833333335,2109.0058064778646,1856.938702392578,0.03270710796340966,0.026474667896992272,0.029075424943553894,0.022265177619957402,106.313720703125,11730120656.857143,11333019900.52381,10919923065.55,7276480047.616667,0.10588375274361428,-0.03345084685550015,-0.03394161028017817,0.41802904042386824,0
2023-12-29,2300.690673828125,2386.004638671875,2262.975830078125,2346.84375,12536968996.0,-0.019967696347748753,2347.566162109375,2326.52490234375,2219.33740234375,2029.92919921875,1671.161865234375,1937.4383544921875,2300.8232073102677,2267.1007138206846,2117.182507324219,1858.9567708333334,0.03071754941590464,0.026834679464618424,0.029248079774226613,0.022318036258347284,123.02880859375,11215795326.285715,11332710867.047619,11003305031.516666,7310885617.094444,-0.19946811475148318,-0.013927755432647015,-0.018899513128116552,0.4769053408193382,0
2023-12-30,2292.0654296875,2322.021484375,2270.011962890625,2300.399658203125,6888195427.0,-0.003748980355657072,2300.690673828125,2309.04638671875,2226.926513671875,2052.55615234375,1733.8104248046875,1955.38916015625,2298.3973563058034,2264.7621489025296,2125.1092814127605,1860.8271945529514,0.03062146701914951,0.026801347128210605,0.02926690172664365,0.022312838193763975,52.009521484375,11057569966.571428,11155324324.380953,11010142909.516666,7305494985.65,-0.450569317895121,-0.022006646570731703,0.010906660417754122,0.46135157589765985,0
2023-12-31,2281.47119140625,2318.512939453125,2261.394287109375,2291.9453125,6871481744.0,-0.004622136062972015,2292.0654296875,2265.692138671875,2196.481201171875,2087.139892578125,1663.6275634765625,1936.633544921875,2300.6515066964284,2261.3816034226193,2132.34897257487,1862.7429592556423,0.029679020204282966,0.026783845114302374,0.029241947856664244,0.022302573978792286,57.11865234375,10689096039.142857,11131603983.380953,10947520511.116667,7312095307.694445,-0.002426424043441955,-0.02568747079959932,0.02762360584472434,0.47115273283647796,0
2024-01-01,2352.327880859375,2352.327880859375,2267.01806640625,2282.870361328125,6906765990.0,0.031057455259582145,2281.47119140625,2272.561767578125,2217.2734375,2165.7041015625,1656.6856689453125,1910.5880126953125,2312.0466657366073,2267.464890252976,2141.5440877278647,1865.1970696343317,0.03175987603250396,0.024698666403487717,0.029194491029410158,0.022386325712464326,85.309814453125,10527733658.285715,10603866674.809525,10912563315.55,7316943518.333333,0.005134881720497919,-0.008202583565253607,-0.029665697470767194,0.41669525128604845,0
