Date,Close,High,Low,Open,Volume,Daily_Return,Close_Lag_1,Close_Lag_7,Close_Lag_14,Close_Lag_30,Close_Lag_90,Close_Lag_180,MA_7,MA_21,MA_60,MA_180,Volatility_7,Volatility_21,Volatility_60,Volatility_180,HL_Spread,Volume_MA_7,Volume_MA_21,Volume_MA_60,Volume_MA_180,Volume_Change,Target_Return_7,Target_Return_30,Target_Return_365,Target_Up
2021-06-30,35.55640411376953,35.9547233581543,31.60135078430176,33.96297073364258,570984168.0,0.049889620148910074,33.86680221557617,30.048887252807617,39.70361709594727,32.816246032714844,19.084901809692383,1.842084050178528,31.981875555855886,34.565110161190944,37.6397333463033,22.65118285682466,0.04888738682253334,0.07886698051452025,0.11109927600279544,0.10155819270525825,4.3533725738525355,549621303.0,586280454.8095238,855406994.8833333,463366859.79444444,0.2100858112595394,0.02910771043734206,-0.08894207403621412,-0.05534831515160876,1
2021-07-01,33.40403366088867,35.53819274902344,32.38627243041992,35.505653381347656,474665321.0,-0.060533974301617666,35.55640411376953,31.18103408813477,39.264591217041016,30.985260009765625,19.810222625732425,1.799275040626526,32.29944692339216,34.19869867960612,37.41495078404744,22.826764849159453,0.05801215696202304,0.07973110217472223,0.11116660939388062,0.10168827373058972,3.1519203186035156,525837725.4285714,580538484.9047619,853800213.7833333,465827939.0,-0.16868917283184637,-0.0059964596118591285,0.10248100104754476,-0.01799074921999433,0
2021-07-02,34.02048110961914,34.03178787231445,31.479923248291016,33.30630874633789,440298780.0,0.01845428174898056,33.40403366088867,28.698862075805664,36.64879608154297,33.95631790161133,22.552276611328125,2.1617519855499268,33.05967821393694,34.10224133446103,37.21639731725057,23.003757788737616,0.042023668590319516,0.07525357079348287,0.11115427770147228,0.10078943614803686,2.5518646240234375,498444383.0,576806683.8095238,850985289.25,467968079.87777776,-0.0724016259026431,-0.02221698951533735,0.006874655552397302,-0.01943158226403907,0
2021-07-03,34.478816986083984,35.40476989746094,33.2984733581543,34.01557540893555,327019964.0,0.01347235140467351,34.02048110961914,29.712854385375977,35.35343551635742,39.47090530395508,24.061323165893555,2.4850969314575195,33.740530014038086,34.00877126057943,37.07888498306274,23.181500677929986,0.04197138666291973,0.07527341368640215,0.11076959595742766,0.10032470198322929,2.1062965393066406,465112562.14285713,566232852.7142857,845052681.5166667,469451771.87222224,-0.25727715166505793,-0.07802391237844253,-0.036439685497955066,-0.03169726107951454,0
2021-07-04,34.31060028076172,35.50237274169922,33.55573654174805,34.4951171875,303420520.0,-0.0048788421421234185,34.478816986083984,31.929391860961918,35.32201385498047,37.415069580078125,22.984283447265625,2.157217025756836,34.08070264543806,33.7963981628418,36.902002048492434,23.360130584902233,0.03573261619478985,0.07385156586026673,0.11058971816077073,0.09969695313091724,1.9466361999511719,437407881.0,559110559.6666666,841713323.9333333,470856579.1666667,-0.07216514769110549,-0.062160355015244084,-0.00915633625584511,0.07211853083246567,0
2021-07-05,32.984588623046875,34.461822509765625,32.48269271850586,34.28255081176758,313839322.0,-0.03864728821017893,34.31060028076172,32.92778015136719,26.657400131225582,39.58539962768555,24.95714569091797,1.929216980934143,34.0888181413923,33.52361406598772,36.727483908335365,23.532660427358415,0.03873079955444374,0.07425876094775001,0.11062402162113864,0.09934790569616977,1.9791297912597656,414583193.4285714,551299505.3333334,840419029.0,472320886.65,0.034337829227897965,-0.064772713604894,0.08425260376429788,0.07309368000229455,0
2021-07-06,34.26913833618164,34.97831726074219,32.93030548095703,32.93030548095703,365336040.0,0.038943936145901414,32.984588623046875,33.86680221557617,26.7718563079834,42.30837631225586,26.47808074951172,2.3727450370788574,34.14629473005022,33.19578025454567,36.579385916392006,23.70986261235343,0.04014474919300158,0.0733396929651269,0.11072134095837267,0.0981140741850276,2.0480117797851562,399366302.14285713,539873357.5714285,837935552.9833333,473462363.10555553,0.1640862517540107,-0.1502211455756024,0.09005182753305552,0.08183527284453884,0
2021-07-07,36.59136962890625,38.01170349121094,33.8420295715332,34.23280715942383,519252659.0,0.06776450781876764,34.26913833618164,35.55640411376953,30.048887252807617,38.262332916259766,27.03398704528809,3.219887018203736,34.29414694649832,33.04757799421038,36.42988322575887,23.895259737968445,0.04404869644218711,0.07470900425949106,0.11082989950729949,0.09487348804370853,4.169673919677734,391976086.5714286,537170298.3809524,839072153.05,475200365.9111111,0.42130149272981665,-0.14512628375031067,0.07801655260186191,0.05266097232253486,0
2021-07-08,33.20372772216797,36.915283203125,32.80227279663086,36.71971893310547,498201257.0,-0.09258035271962406,36.59136962890625,33.40403366088867,31.18103408813477,41.51781463623047,27.77827453613281,3.385381937026977,34.265531812395366,32.758965446835475,36.24444208145142,24.06091721455256,0.05278627938484814,0.07733167745152648,0.11144968779369485,0.09519752933347833,4.113010406494141,395338363.14285713,541000091.5714285,838865452.1333333,477457556.9222222,-0.04054173172755959,-0.14310522626082844,0.186718347713817,0.15308499684863253,0
2021-07-09,33.2646484375,34.38794708251953,31.99104881286621,33.13433074951172,327170629.0,0.0018347552974107284,33.20372772216797,34.02048110961914,28.698862075805664,42.031776428222656,26.84140396118164,3.466110944747925,34.15755571637835,32.5978155590239,36.08369232813517,24.22646464506785,0.05220744207374829,0.07602939881149465,0.11136188787642387,0.09520320415073395,2.3968982696533203,379177198.71428573,536381389.6666667,835992828.0166667,478926466.1,-0.3432962594873581,-0.20726628095367405,0.13254839837213406,0.14451714470246313,0
2021-07-10,31.78864479064941,34.14048767089844,31.18678474426269,33.31843948364258,296566657.0,-0.04437153904162883,33.2646484375,34.478816986083984,29.712854385375977,41.09867477416992,27.9318904876709,3.1080899238586426,33.77324540274484,32.428063619704474,35.87054526011149,24.385801060994467,0.05389830692198115,0.07625496864134683,0.11141595740509284,0.09488746819654112,2.9537029266357457,374826726.28571427,537901670.9523809,833040083.4166666,480113628.0833333,-0.0935413184659678,-0.15939580251409935,0.21954818690653433,0.15442508447382663,0
2021-07-11,32.17784118652344,32.53633499145508,31.41175651550293,31.693038940429688,211679810.0,0.012243252219059864,31.78864479064941,34.31060028076172,31.929391860961918,36.046085357666016,28.51212310791016,3.61339807510376,33.46856553213937,32.27834111168271,35.69922078450521,24.544492411613465,0.054568436050138946,0.07631850187432478,0.11124313815110157,0.09426292783401823,1.1245784759521484,361720910.5714286,526429874.71428573,817373612.3166667,480881378.75555557,-0.2862319313259818,-0.1686232429046376,0.26297463447342495,0.03995790036736402,0
2021-07-12,30.848087310791016,32.6440544128418,30.074201583862305,32.17338943481445,221058993.0,-0.041325142604325626,32.17784118652344,32.984588623046875,32.92778015136719,36.441688537597656,27.4355525970459,3.513782024383545,33.16335105895996,32.47789764404297,35.53005803426107,24.696349663204618,0.05482924721465222,0.05320276036668254,0.11128507898247336,0.09430455888006677,2.569852828979492,348466577.85714287,500749610.52380955,804110251.2666667,481787290.4222222,0.044308349483118015,-0.20748485063204858,0.353215630568984,0.06190036134904475,0
2021-07-13,29.12118911743164,31.09370422363281,28.918607711791992,30.78640365600586,197825362.0,-0.055980721785473087,30.848087310791016,34.26913833618164,33.86680221557617,38.77043533325195,26.47511100769043,3.2781639099121094,32.427929741995676,32.58977063496908,35.303446769714355,24.839922025468613,0.052927980163597795,0.05502555699827483,0.1114028812371746,0.09425328191377932,2.1750965118408168,324536481.0,450237482.0,799004545.45,482556969.5888889,-0.10510149659462165,-0.19338611949653817,0.4113215382086193,0.1988156844200475,0
2021-07-14,31.2810001373291,31.435338973999023,27.515703201293945,29.14269256591797,331866434.0,0.074166305887716,29.12118911743164,36.59136962890625,35.55640411376953,38.71305465698242,27.81831359863281,3.2501609325408936,31.669305528913224,32.64844267708914,35.10044164657593,24.99564890993966,0.05475668095141839,0.05073895383854798,0.11179288925847174,0.0943313547399805,3.919635772705078,297767020.28571427,413121469.95238096,796194890.65,484148829.00555557,0.6775727371094107,-0.14890575163688013,0.43520029843442076,0.18627352882909798,0
2021-07-15,28.45210075378418,31.4834041595459,28.00840377807617,31.360700607299805,329918376.0,-0.09043506828827574,31.2810001373291,33.20372772216797,33.40403366088867,41.15364837646485,25.39736557006836,3.4470551013946533,30.99050167628697,32.518493470691496,34.78796284993489,25.134565830230713,0.05429239403940196,0.05397889964551806,0.1118395434415282,0.09461370616160035,3.47500038146973,273726608.71428573,398300899.0952381,768510584.0666667,485603733.28333336,-0.005870006124210847,-0.0263607626015655,0.5504250660064842,0.31504974661621454,0
2021-07-16,26.37000846862793,29.44220352172852,26.228809356689453,28.5490665435791,374718328.0,-0.07317885955677028,28.45210075378418,33.2646484375,34.02048110961914,39.70361709594727,25.09987449645996,3.81813907623291,30.005553109305247,32.40759567987351,34.44640957514445,25.259853993521798,0.05649550352664645,0.05353900125664024,0.11221606964722591,0.09459802368581263,3.213394165039066,280519137.14285713,386046906.28571427,742223866.7666667,487211014.18333334,0.13579101759400025,0.08129960632828714,1.0381168710320994,0.5007247126844574,1
2021-07-17,26.721668243408203,27.69698715209961,26.04067039489746,26.25412368774414,289689475.0,0.013335595822755897,26.37000846862793,31.78864479064941,34.478816986083984,39.264591217041016,32.30291748046875,3.7955150604248047,29.281699316842214,32.265158244541716,33.95992136001587,25.387221511205038,0.05844170063137602,0.05297111317115396,0.10925262262453166,0.09458481176363387,1.6563167572021484,279536682.5714286,373158657.0,713295554.3666667,488428168.4166667,-0.22691404889061095,0.07413277087192216,1.3363984625103051,0.4461942133570309,1
2021-07-18,26.751909255981445,27.73356437683105,26.36097717285156,26.78417015075684,230336396.0,0.0011317037655649287,26.721668243408203,32.17784118652344,34.31060028076172,36.64879608154297,31.67589569091797,3.641865968704224,28.506566183907644,32.018611453828356,33.82066682179769,25.5156106405788,0.05746688036587887,0.049877968607528814,0.09811401037182704,0.09449834488101322,1.3725872039794922,282201909.14285713,360443566.9047619,670930744.3166667,489460327.4611111,-0.2048851757558675,0.05296311308415502,1.4002290080962063,0.6352537002596308,1
2021-07-19,24.44757652282715,26.72174644470215,24.012245178222656,26.671239852905277,361915410.0,-0.08613713178767124,26.751909255981445,30.848087310791016,32.984588623046875,35.35343551635742,31.77005386352539,3.723577976226807,27.592207499912806,31.61479223342169,33.48241395950318,25.63074396583769,0.06195934858116054,0.05189139400319021,0.09187536209515772,0.0948005211672269,2.709501266479492,302324254.4285714,355124675.2380952,635500190.7166667,491211531.65,0.571247168424047,0.15785065672739407,1.967300746763954,0.8365777728089043,1
2021-07-20,23.48955535888672,24.97560310363769,22.17754173278809,24.51030158996582,413439963.0,-0.039186753870916746,24.44757652282715,29.12118911743164,34.26913833618164,35.32201385498047,32.51304244995117,2.9905359745025635,26.787688391549246,31.12063762119838,33.22702569961548,25.744627406862048,0.06115135834109106,0.05129731834411739,0.09047273114335969,0.09355215125971039,2.7980613708496023,333126340.28571427,352343041.14285713,612894822.9666667,493264893.8611111,0.1423662866414006,0.1948002532136468,2.0974450301300203,0.7920164621350432,1
2021-07-21,26.62307929992676,27.4164981842041,22.86536979675293,23.443456649780277,555770206.0,0.1334007346313837,23.48955535888672,31.2810001373291,36.59136962890625,26.657400131225582,38.8797607421875,3.346229076385498,26.122271129063197,30.695241201491584,33.14881731669108,25.873943241437278,0.07918414658503704,0.05927709868259895,0.08872132572439462,0.09364731383282075,4.551128387451172,365112593.4285714,351618566.7619048,604178463.8833333,496000498.4388889,0.34425855199682287,0.04478562756225535,1.9570064423243143,0.6222989547118705,1
2021-07-22,27.70208168029785,28.135990142822266,25.95220947265625,26.66532325744629,364666998.0,0.04052883470823976,26.62307929992676,28.45210075378418,33.20372772216797,26.7718563079834,36.97842025756836,3.5041120052337646,26.01512554713658,30.423719678606307,33.19903955459595,26.008376406298744,0.07518114139704529,0.059244301852746394,0.08433378561892946,0.09363623242716537,2.1837806701660156,370076682.28571427,346380551.38095236,578159041.5,497871401.37222224,-0.3438529196723439,0.12919808075933492,1.662478985454909,0.4662617791443864,1
2021-07-23,28.513879776000977,28.69061088562012,26.425710678100582,27.70650863647461,407955237.0,0.029304588192030634,27.70208168029785,26.37000846862793,33.2646484375,30.048887252807617,40.7373161315918,3.634411096572876,26.3213928767613,30.16150056748163,33.152878030141196,26.14659567674001,0.06857154341096247,0.059525975971199435,0.07710302009042205,0.09362807682305062,2.2649002075195384,374824812.14285713,344840382.6666667,562511861.7333333,499955888.49444443,0.11870621481354893,0.13607632637512257,1.5532799290410337,0.4042626886478029,1
2021-07-24,28.702619552612305,29.50779914855957,28.06863784790039,28.517900466918945,353750758.0,0.0066192246756326956,28.513879776000977,26.721668243408203,31.78864479064941,31.18103408813477,47.36762619018555,3.699980974197388,26.604385920933314,29.886443546840123,33.131303723653154,26.28549922439787,0.06861625212997784,0.05942859004297971,0.0769025250960814,0.09363047199640945,1.4391613006591797,383976424.0,346113277.61904764,553249869.2833333,501476415.1611111,-0.1328686926502184,0.2830645092158728,1.6376699935455101,0.4286704421634695,1
2021-07-25,28.168773651123047,28.87297821044922,26.528553009033203,28.64940071105957,309208018.0,-0.018599204874339414,28.702619552612305,26.751909255981445,32.17784118652344,28.698862075805664,43.97651672363281,4.04734992980957,26.806795120239258,29.593975612095424,33.0084529876709,26.419507133960725,0.06954744319803839,0.05947925629271672,0.07310836611932928,0.0934817496468775,2.3444252014160156,395243798.5714286,346388872.7619048,540570146.8333334,502756329.39444447,-0.12591560298508253,0.21604016643475488,1.5088385792782635,0.30328705255424504,1
2021-07-26,28.306642532348636,31.05401611328125,27.903797149658203,28.227025985717773,743673802.0,0.0048943870589870375,28.168773651123047,24.44757652282715,30.848087310791016,29.712854385375977,43.2390022277832,3.690587043762207,27.358090264456614,29.371216274443128,32.92048718134562,26.556262997786202,0.05586714857778351,0.059103315945292216,0.07276875633174582,0.09316386668403982,3.150218963623047,449780711.71428573,366857181.3333333,542141559.2333333,506692322.12777776,1.405092231469884,0.17366161319920503,1.541861632699458,0.2785286378466758,1
2021-07-27,28.065326690673828,28.95267105102539,27.005430221557617,28.210498809814453,375599550.0,-0.008525060554215647,28.306642532348636,23.48955535888672,29.12118911743164,31.929391860961918,44.825984954833984,3.8220720291137695,28.01177188328334,29.075796672276088,32.90425469080607,26.690947745905984,0.0512421338465478,0.05821555236708067,0.07058501014317234,0.09316924462932165,1.9472408294677734,444374938.4285714,367345919.9047619,538397292.0333333,508604483.3666667,-0.494940457778826,0.21133244811820662,1.6836034625875187,0.43621523912021987,1
2021-07-28,27.815410614013672,28.7469539642334,27.41233253479004,28.145641326904297,315682626.0,-0.008904798416018544,28.065326690673828,26.62307929992676,31.2810001373291,32.92778015136719,42.460540771484375,3.8346760272979736,28.182104928152903,28.657893862043107,32.911571184794106,26.824174049165514,0.02150049864673457,0.05558005948678413,0.07017235666175374,0.09318258177897284,1.3346214294433594,410076712.71428573,357652108.8095238,537377671.3666667,510113536.00555557,-0.15952341795936653,0.2857486303155543,2.16684099866107,0.5403428280841507,1
2021-07-29,31.281137466430664,31.88614845275879,27.372438430786133,27.877975463867188,448009571.0,0.12459736440744562,27.815410614013672,27.70208168029785,28.45210075378418,33.86680221557617,42.95600128173828,4.224276065826416,28.69339861188616,28.566341945103236,32.95621248881022,26.974489945835536,0.04925677858968354,0.05978746019991896,0.07172192753205694,0.09331711537804763,4.513710021972656,421982794.5714286,355262028.52380955,538850135.8166667,512305932.5222222,0.41917715484285156,0.19417450568814942,2.0914211761047423,0.340328438613259,1
2021-07-30,32.393943786621094,33.05512619018555,30.067672729492188,31.275415420532227,617830199.0,0.03557435599599401,31.281137466430664,28.513879776000977,26.37000846862793,35.55640411376953,49.50802230834961,4.264143943786621,29.247693470546178,28.524879818870907,32.949174118041995,27.130766611629063,0.04954251294763057,0.06032320274087443,0.06935128273006243,0.09332793284904901,2.9874534606933594,451964932.0,369102960.4285714,540233530.7333333,515302898.8111111,0.3790558036984437,0.21769990101129566,1.9162757637356544,0.3507429098722332,1
2021-07-31,36.82731246948242,36.86825942993164,31.68321990966797,32.35328674316406,587168181.0,0.13685794826538955,32.393943786621094,28.702619552612305,26.721668243408203,33.40403366088867,46.89098739624024,4.611601829528809,30.408363887241908,28.764816375005815,33.046541659037274,27.30974278185103,0.06575455954504514,0.06626351561436598,0.07105848199090851,0.0936368554253812,5.185039520263672,485310278.14285713,382941128.2380952,542818781.8,518346268.54444444,-0.049628551743874816,0.06995244176568649,2.0017071575800403,0.1513249504690204,1
2021-08-01,34.25436019897461,36.719913482666016,33.28300476074219,36.67912673950195,490639931.0,-0.0698653281485021,36.82731246948242,28.168773651123047,26.751909255981445,34.02048110961914,45.93368911743164,5.267508029937744,31.277733394077845,28.863698232741584,33.05150903065999,27.470780849456787,0.07527331774400839,0.06845292393192466,0.07070335365113678,0.09337329536889373,3.436908721923828,511229122.85714287,396224943.52380955,542703323.6833333,520523401.70555556,-0.16439625498030863,0.09982565990038506,2.1670062335912337,0.21988802365368065,1
2021-08-02,33.22241973876953,35.91239547729492,33.06065368652344,34.1905632019043,407399691.0,-0.030125813304081817,34.25436019897461,28.306642532348636,24.44757652282715,34.478816986083984,42.72955703735352,5.71599006652832,31.979987280709402,28.976761681692942,32.947367604573564,27.623594347635905,0.07837130549432335,0.06811548878152571,0.06763334560316436,0.09328336516492351,2.8517417907714844,463189964.14285713,405098310.0952381,533492383.43333334,522512364.8388889,-0.1696564725792773,0.1669163301013723,2.3421107081845136,0.19661678679829664,1
2021-08-03,33.99644088745117,35.833091735839844,32.40266036987305,33.19142532348633,474629269.0,0.023298156930405156,33.22241973876953,28.065326690673828,23.48955535888672,34.31060028076172,44.92357635498047,6.426064968109131,32.827289308820454,29.208916527884348,32.890390459696455,27.77676310274336,0.0769683465648536,0.06670907236428038,0.06735920966974333,0.09292066858787908,3.430431365966797,477337066.85714287,418279448.52380955,523798212.81666666,524547808.1,0.16502118063707605,0.19541328885678722,2.7681116943595927,0.13377804643039926,1
2021-08-04,35.76362609863281,36.6524772644043,33.2731819152832,34.10835647583008,413657602.0,0.051981477032613244,33.99644088745117,27.815410614013672,26.62307929992676,32.984588623046875,43.4556770324707,6.681719779968262,33.96274866376604,29.422374906994047,32.82669423421224,27.938329248958162,0.07523281621488344,0.065802709992555,0.06727679184356412,0.09294431989674647,3.3792953491210938,491333492.0,422174266.04761904,512152061.78333336,526329838.35,-0.12846166678355442,0.16722263584214558,3.0986630713732586,0.08575884085920116,1
2021-08-05,37.35513687133789,38.208866119384766,35.53385543823242,35.771976470947266,595137193.0,0.04450082238070152,35.76362609863281,31.281137466430664,27.70208168029785,34.26913833618164,43.1550178527832,6.110806941986084,34.83046286446707,29.84632900782994,32.744140243530275,28.111908859676785,0.06548678321061649,0.06215531377927545,0.06693185985692696,0.09267451469276991,2.6750106811523438,512351723.71428573,434803733.52380955,508831225.6,529067458.9,0.4387193420900797,0.10023319045078183,2.724067940270158,0.08582205122837294,1
2021-08-06,39.446102142333984,40.38808441162109,35.68829345703125,37.3553581237793,589190671.0,0.05597530744427459,37.35513687133789,32.393943786621094,28.513879776000977,36.59136962890625,45.56153106689453,6.700462818145752,35.83791405814035,30.469000135149276,32.76386973063151,28.293829078144498,0.06635626851195772,0.05933709851658253,0.06610893156730423,0.0925230405074786,4.699790954589837,508260362.5714286,445016702.2380952,503265109.8833333,531754900.9444444,-0.00999185073617137,0.13812261019931338,2.601645520324385,0.015487073764580916,1
2021-08-07,39.40347290039063,40.50587844848633,37.62660217285156,39.49230194091797,534979916.0,-0.0010806959275604378,39.446102142333984,36.82731246948242,28.702619552612305,33.20372772216797,44.330196380615234,7.8832502365112305,36.20593697684152,31.07289559500558,32.728630701700844,28.468941426277162,0.04717259130097059,0.059513137568730674,0.06521973620037523,0.0917254292285141,2.8792762756347656,500804896.14285713,456697199.4285714,482398161.78333336,533864487.9166667,-0.09200884818490274,0.11951680758504057,3.171736862527329,0.03050791799394803,1
2021-08-08,37.673824310302734,39.53329086303711,36.935577392578125,39.46590423583984,358570315.0,-0.04389584122344581,39.40347290039063,34.25436019897461,28.168773651123047,33.2646484375,42.90963363647461,7.816792964935303,36.694431849888396,31.592986788068497,32.65599816640218,28.634813822640314,0.04030449176966859,0.061029972090031095,0.06546193215302713,0.09181014104867115,2.5977134704589844,481937808.14285713,462803576.52380955,468060483.01666665,535184112.59444445,-0.32974995083740677,0.42659154288385137,3.596000776430298,0.11935945107957524,1
2021-08-09,38.76778411865234,40.00484085083008,36.48117065429688,37.66049575805664,377034585.0,0.02903766284354714,37.673824310302734,33.22241973876953,28.306642532348636,31.78864479064941,44.57746887207031,9.072214126586914,37.48662676130022,32.274901435488744,32.61714998881022,28.79978921148512,0.03531019227324456,0.05617095382093741,0.06549678090403178,0.09114957996326802,3.523670196533196,477599935.85714287,463523537.2380952,464423614.6166667,536608305.2777778,0.051494139998733646,0.6104212819729167,3.9278389631459705,0.04139620980243364,1
2021-08-10,40.63979721069336,41.66090774536133,38.22317123413086,38.678810119628906,452480699.0,0.04828785380953304,38.76778411865234,33.99644088745117,28.065326690673828,32.17784118652344,42.45730972290039,9.215352058410645,38.435677664620535,33.09157961890811,32.693711853027345,28.974369462331136,0.036604826398287556,0.05449766209105673,0.06370110170001182,0.09118882380588422,3.4377365112304688,474435854.4285714,465382619.9047619,463320516.21666664,538824308.8944445,0.20010396128514318,0.5799957929236075,3.6308252919069908,0.04247241675700497,1
2021-08-11,41.74411392211914,43.739139556884766,40.62823867797852,40.64894104003906,507980107.0,0.027173283018627092,40.63979721069336,35.76362609863281,27.815410614013672,30.848087310791016,40.99785232543945,9.2470121383667,39.29003306797573,33.81162888663156,32.78208560943604,29.154908916685315,0.03487547287769079,0.048842636001148576,0.06376514580846138,0.0911929172315531,3.110900878906243,487910498.0,463106900.9047619,462635677.71666664,541138172.4666667,0.12265585719491656,0.7378093641679877,3.3087567916897145,0.025816211304263037,1
2021-08-12,41.09936141967773,43.40190887451172,39.38155746459961,41.70451354980469,527833804.0,-0.015445351257049378,41.74411392211914,37.35513687133789,31.281137466430664,29.12118911743164,42.717864990234375,8.732455253601074,39.824922289167134,34.44959458850679,32.8209010442098,29.33472506205241,0.03601627622130548,0.049348276792732675,0.06333027276880665,0.09107410501185931,4.020351409912109,478295728.14285713,470876748.8095238,463883096.55,543562704.8888888,0.03908361120133397,0.7702855711892511,3.352084021915452,0.10305263129561304,1
2021-08-13,44.89450073242188,44.9005241394043,40.72161865234375,41.1143684387207,541894525.0,0.09234059074521528,41.09936141967773,39.446102142333984,32.393943786621094,31.2810001373291,43.461307525634766,8.738896369934082,40.60326494489397,35.229624157860165,32.92392514546712,29.535589530732896,0.044624568725026334,0.05179403940418834,0.06436705950324122,0.09126218090485591,4.178905487060547,471539135.85714287,477254810.14285713,464950147.5833333,546053783.2333333,0.02663853829263263,0.7535469984086767,2.8877284595300257,0.0354352312516526,1
2021-08-14,44.11285018920898,44.871238708496094,42.93766021728516,44.85142517089844,363834257.0,-0.01741083051288761,44.89450073242188,39.40347290039063,36.82731246948242,28.45210075378418,47.200828552246094,8.861739158630371,41.276033129010884,35.96344466436477,32.97324517567952,29.731429036458334,0.046275400353654086,0.05243736295466671,0.06396533405064128,0.09129083444917317,1.9335784912109304,447089756.0,477734976.7619048,460925966.15,547464781.1333333,-0.3285884241033806,0.6719892278733537,2.8371936019268214,0.01821960184951177,1
2021-08-15,53.74515914916992,54.62955093383789,43.450008392333984,44.14995574951172,1448656564.0,0.21835607807353208,44.11285018920898,37.673824310302734,34.25436019897461,26.37000846862793,46.86320495605469,8.297866821289062,43.57193810599191,37.18136778331938,33.20727087656657,29.98391399383545,0.08142257523046723,0.06680469584405806,0.06951696894966561,0.09237954406137644,11.179542541503906,602816363.0,531994431.3333333,475469960.51666665,555114955.35,2.9816387163345093,0.3546134774498435,1.9415638658068075,-0.1846107852731047,1
2021-08-16,62.432464599609375,68.82237243652344,52.465850830078125,53.5411491394043,3799339365.0,0.16163884502281967,53.74515914916992,38.76778411865234,33.22241973876953,26.721668243408203,55.91096115112305,8.222577095031738,46.95260674612863,38.80640692937942,33.59340209960938,30.285080035527546,0.08950284086449749,0.07203347821509687,0.07225801561417303,0.09300848099624998,16.356521606445312,1091717045.857143,677502315.2857143,531829356.6,575722681.9444444,1.6226639628852708,0.21263895019373957,1.5486321401006067,-0.3087121239894476,1
2021-08-17,64.21070861816406,74.8892593383789,58.9813346862793,62.11532974243164,4043742154.0,0.028482681725907844,62.432464599609375,40.63979721069336,33.99644088745117,26.751909255981445,35.107181549072266,8.980451583862305,50.319879804338726,40.527615592593236,34.05276730855306,30.591914796829222,0.09073947618963829,0.07121746811632279,0.07158097214230548,0.09283665633669415,15.90792465209961,1604754396.5714285,852175772.6190476,592155669.6833333,597758434.0777777,0.06432770687753497,0.10060934675470934,1.3745892755256333,-0.3707739074497286,1
2021-08-18,72.5433120727539,80.11990356445312,60.26971435546875,64.16835021972656,4507409622.0,0.1297696853672894,64.21070861816406,41.74411392211914,35.76362609863281,24.44757652282715,44.74274826049805,11.465653419494627,54.71976525442941,42.65751566205706,34.672598584493,30.931235122680665,0.09081662215749746,0.07263306091971963,0.07289445033836532,0.09115537305211682,19.850189208984375,2176101470.142857,1051781820.0476191,662868484.2166667,621348622.4722222,0.11466296572380319,-0.008157105766618655,1.034550934295234,-0.4548742022446054,0
2021-08-19,72.75760650634766,75.09242248535156,68.6104965209961,72.83856201171875,2467398203.0,0.002954020535743229,72.5433120727539,41.09936141967773,37.35513687133789,23.48955535888672,38.81285095214844,10.002663612365724,59.24237169538225,44.63258561633882,35.296525128682454,31.279873694313896,0.08762182420633045,0.0711421188976491,0.07288222292623885,0.09053605152611609,6.481925964355469,2453182098.571429,1147943183.4761906,696448662.0833334,634277141.3222222,-0.4525906429810608,0.0351661015562863,1.3253131525923858,-0.5067146857568591,1
2021-08-20,78.72461700439453,79.99000549316406,70.93728637695312,72.7489013671875,1844455899.0,0.08201218792878096,72.75760650634766,44.89450073242188,39.446102142333984,26.62307929992676,31.315582275390625,11.0855131149292,64.0752454485212,46.83880815051851,36.164312076568606,31.655646493699816,0.08762387897585065,0.07161153505737704,0.06490009447933348,0.09040636757473236,9.052719116210938,2639262294.857143,1206353931.0952382,714517184.7166667,643758883.1722223,-0.2524693027832281,0.11892551629858827,0.9373443646822779,-0.551985963590191,1
2021-08-21,73.75621032714844,81.81377410888672,72.69692993164062,78.69892883300781,1513097171.0,-0.06311122068677388,78.72461700439453,44.11285018920898,39.40347290039063,27.70208168029785,24.68874740600586,14.454785346984863,68.31001118251255,48.59732709612165,36.947384643554685,31.985098854700723,0.09777466684865316,0.07214487841400338,0.06575787501831211,0.08796011110908716,9.116844177246094,2803442711.142857,1250445787.7619047,718759136.55,648975332.7833333,-0.179651206721533,0.31111902777320943,0.7915028424471837,-0.5046762957551865,1
2021-08-22,72.80391693115234,77.48115539550781,71.55394744873047,73.86833953857422,968933849.0,-0.012911365589042045,73.75621032714844,53.74515914916992,37.673824310302734,28.513879776000977,31.283571243286133,15.2015380859375,71.0326908656529,50.4330202738444,37.6599684715271,32.30511207050748,0.08084504421147326,0.06896889483499816,0.06446176375075655,0.08793321826319492,5.927207946777344,2734910894.714286,1273221688.6190476,716386322.5833334,651662449.4666667,-0.3596354103552811,0.29759052999956515,0.7025236951738814,-0.5127407701606121,1
2021-08-23,75.70803833007812,76.70532989501953,71.68074798583984,72.7694091796875,1372134245.0,0.039889631236078804,72.80391693115234,62.432464599609375,38.76778411865234,28.702619552612305,29.99707794189453,17.30270767211914,72.929201398577,52.45614496866862,38.40208520889282,32.629586129718355,0.0632465034860925,0.06714572702464641,0.06447452767511246,0.08745281364759339,5.0245819091796875,2388167306.142857,1319161429.2857144,728569387.2666667,657199641.3444444,0.4161278877976322,0.460146239057466,0.9538777999525154,-0.5291615994188974,1
2021-08-24,70.67090606689453,79.3709487915039,68.61978912353516,75.7801742553711,2153611667.0,-0.06653365183261373,75.70803833007812,64.21070861816406,40.63979721069336,28.168773651123047,35.539817810058594,13.816014289855955,73.85208674839565,54.202548072451634,39.10161927541097,32.94544663959079,0.07297067632764578,0.07113900140771175,0.06416438097716494,0.08618043701620233,10.75115966796875,2118148665.142857,1399112972.047619,753928712.1,667139121.2944444,0.5695342309600326,0.5350556306034229,1.1190271766841264,-0.5053421810288421,1
2021-08-25,71.95156860351562,72.70286560058594,66.22276306152344,70.67996215820312,1551240766.0,0.018121495929440457,70.67090606689453,72.5433120727539,41.74411392211914,28.306642532348636,33.584590911865234,13.58794116973877,73.76755196707589,55.92578342982701,39.8055978457133,33.269689014222884,0.05358906532325364,0.07118318479530979,0.06411985414613258,0.08615319792594503,6.4801025390625,1695838828.5714285,1453283598.9047618,770443679.7,674147751.5055555,-0.2797026549540883,0.5431630875566071,0.9373538040530023,-0.5091633976033514,1
2021-08-26,75.31620788574219,78.05520629882812,66.26455688476562,71.97343444824219,2713050538.0,0.04676255636297788,71.95156860351562,72.75760650634766,41.09936141967773,28.065326690673828,29.039276123046875,13.201168060302734,74.13306644984654,57.73345347813198,40.5287114461263,33.61477256880866,0.05646429184978695,0.07119823650375513,0.06379439083225105,0.08613321914702848,11.7906494140625,1730932019.2857144,1554136615.3333333,807371967.2,687844471.4944445,0.7489551573582098,0.7008608116455626,0.8080958718359261,-0.578757838199664,1
2021-08-27,88.08698272705078,88.85427856445312,72.71512603759766,74.81178283691406,3263988286.0,0.16956210621600043,75.31620788574219,78.72461700439453,44.89450073242188,27.815410614013672,27.376420974731445,13.08924674987793,75.47054726736886,60.04968588692801,41.448031489054365,34.031426657570734,0.08057422711797321,0.07686399799967134,0.06677209891585309,0.08689882527826928,16.13915252685547,1933722360.2857144,1681507930.3333333,853878236.3833333,704308332.9388889,0.20306947485251747,0.664071682907726,0.5405156032915006,-0.6419172071908446,1
2021-08-28,96.7031707763672,97.84294891357422,85.79064178466797,88.00001525878906,2580080503.0,0.0978145440174154,88.08698272705078,73.75621032714844,44.11285018920898,31.281137466430664,28.602659225463867,14.955588340759276,78.74868447440011,62.778242928641184,42.49530429840088,34.48557989332411,0.07613501714631729,0.07714610328335132,0.06754084559495895,0.08659353015404517,12.05230712890625,2086148550.5714285,1778893672.5714285,889015340.1166667,716939604.1055555,-0.20953132274813557,0.43855745897579457,0.41389804465108604,-0.6857157210393499,1
2021-08-29,94.46967315673828,97.7778778076172,90.99362182617188,96.56397247314452,1830344091.0,-0.023096425915485663,96.7031707763672,72.80391693115234,53.74515914916992,32.393943786621094,32.816246032714844,13.958921432495115,81.84379250662667,65.48280715942383,43.477192115783694,34.93286184734768,0.07744131617879159,0.07605564406659447,0.06764669373270485,0.08642710373833681,6.784255981445327,2209207156.571429,1848978138.0952382,910004672.1666666,726116238.7666667,-0.29058644144174595,0.503878147640884,0.3923750531907204,-0.6563415896960902,1
2021-08-30,110.54480743408205,116.85022735595705,94.0377197265625,94.3448715209961,5274104165.0,0.17016184919654465,94.46967315673828,75.70803833007812,62.432464599609375,36.82731246948242,30.985260009765625,14.115591049194336,86.82047380719867,68.90076065063477,44.762871678670244,35.46857971615262,0.0916577208376379,0.08046647055364324,0.06960215499156633,0.08720253094041557,22.812507629394545,2766631430.857143,2082171927.6190476,989995319.5666667,754562202.2277777,1.8814823348972145,0.4870071623054455,0.22440355933666756,-0.7158432250382334,1
2021-08-31,108.48377227783205,130.01461791992188,103.35130310058594,109.7561492919922,7590894022.0,-0.018644341639284967,110.54480743408205,70.67090606689453,64.21070861816406,34.25436019897461,33.95631790161133,13.097983360290527,92.22231183733258,72.13142613002232,46.003926531473795,35.998500765694516,0.08200811516074012,0.08201631480605684,0.06980244861075159,0.08699398142375848,26.663314819335938,3543386053.0,2422096371.571429,1109171906.9333334,796087366.4277778,0.43927646942862375,0.5960813506540632,0.300370028240015,-0.7098832844498473,1
2021-09-01,111.0330047607422,119.53011322021484,106.27082061767578,107.4444808959961,3974443896.0,0.023498744829608675,108.48377227783205,71.95156860351562,72.5433120727539,33.22241973876953,39.47090530395508,12.610443115234377,97.80537414550781,75.43089712233771,47.27982966105143,36.54529277483622,0.08151061875167924,0.08207325748485571,0.06979417872767062,0.08690563072944267,13.259292602539062,3889557928.714286,2587166075.8095236,1169962305.8,817662174.6944444,-0.4764195252257205,0.7205820693260463,0.45616497901028463,-0.7155289261184288,1
2021-09-02,128.10238647460938,131.96188354492188,109.65261840820312,110.73123931884766,5074399603.0,0.15373250278733663,111.0330047607422,75.31620788574219,72.75760650634766,33.99644088745117,37.415069580078125,13.036458015441896,105.34625680106026,79.57389831542969,48.84302609761556,37.184547932942706,0.0870173261107761,0.08354814024796865,0.07173692117057033,0.08750095910988712,22.30926513671875,4226893509.428571,2803669209.095238,1249478623.85,845192997.2333333,0.2767571352830087,0.46910456518740573,0.31998335262583266,-0.7562267891460455,1
2021-09-03,146.5830535888672,148.8341827392578,128.3890838623047,128.3890838623047,7526373837.0,0.1442648152220083,128.10238647460938,88.08698272705078,78.72461700439453,35.76362609863281,39.58539962768555,13.877732276916504,113.70283835274833,84.4162103562128,50.7363338470459,37.9217997180091,0.08321001025874139,0.08534157413816253,0.07288060883066692,0.08794555247243559,20.445098876953125,4835805731.0,3136263462.047619,1369687532.4333334,886353139.7944444,0.4832047977755607,0.22705340058941537,0.17741548479789704,-0.787768893080047,1
2021-09-04,139.11306762695312,150.42855834960938,136.44955444335938,146.4184112548828,3970422964.0,-0.05096077465315818,146.5830535888672,96.7031707763672,73.75621032714844,37.35513687133789,42.30837631225586,13.602188110351562,119.76139504568917,88.94003023420062,52.48373266855876,38.61908238199022,0.09547538578175573,0.08718108345488508,0.07356562817464189,0.08804899817740526,13.97900390625,5034426082.571428,3308005781.428571,1429772314.5,907769235.9333333,-0.4724653531716405,0.2857733439187866,0.19853527191328113,-0.7692024406504219,1
2021-09-05,142.0708770751953,144.99786376953125,135.07997131347656,138.99014282226562,2996918105.0,0.021261909457520378,139.11306762695312,94.46967315673828,72.80391693115234,39.446102142333984,38.262332916259766,14.84631061553955,126.56156703404018,93.14601680210659,54.24172445933024,39.32588552898831,0.090622410595814,0.07950798891764624,0.07336455945395225,0.087872122849244,9.917892456054688,5201079513.142858,3381732521.4761906,1471066738.6,923669519.6055555,-0.2451892072524291,0.22852502755683557,0.1551686935874279,-0.7733902302465847,1
2021-09-06,164.38092041015625,165.8787384033203,138.0382080078125,142.0628204345703,5774090688.0,0.15703459987195445,142.0708770751953,110.54480743408205,75.70803833007812,39.40347290039063,41.51781463623047,14.231083869934082,134.2524403163365,98.00070517403739,56.42801100413005,40.1600512875451,0.0881451791879205,0.07919110370167338,0.07363869749726683,0.0883847829378713,27.840530395507812,5272506159.285714,3475768298.7619047,1558998229.1166666,955174740.6444445,0.9266761672154535,0.02973961994150498,-0.06249617093609616,-0.8120722123393695,1
2021-09-07,173.14892578125,194.8197021484375,133.10025024414062,164.18368530273438,17068643416.0,0.0533395563744028,164.38092041015625,108.48377227783205,70.67090606689453,37.673824310302734,42.031776428222656,15.992279052734377,143.49031938825334,103.18823932466053,58.75941562652588,41.033143769370184,0.08116557238580156,0.07903897724429336,0.07361039898675478,0.08806756688405043,61.719451904296875,6626470358.428572,4096001692.1904764,1838022775.5666666,1048726801.2,1.9560747030650032,-0.08694311904097185,-0.10896825799683596,-0.811082175191549,0
2021-09-08,191.04139709472656,197.989013671875,147.99118041992188,173.278564453125,13187213606.0,0.1033357338646228,173.14892578125,111.0330047607422,71.95156860351562,38.76778411865234,41.09867477416992,14.552142143249512,154.9200897216797,108.8310052780878,61.41362816492717,42.01363963021173,0.07883295231009499,0.07792758336202972,0.07353717852684381,0.08793121725438141,49.997833251953125,7942580317.0,4509325691.428572,2052866891.3833334,1120959724.25,-0.2274011891514226,-0.16710520188794187,-0.16798554706759672,-0.8240766299664484,0
2021-09-09,188.19580078125,214.95718383789065,181.4458770751953,209.4707946777344,12676272744.0,-0.014895181655657508,191.04139709472656,128.10238647460938,75.31620788574219,40.63979721069336,36.046085357666016,15.308802604675291,163.50486319405692,114.32806214832124,64.01392749150594,42.97412295341492,0.07942982439252334,0.07856032229037696,0.07374932049945307,0.08792929875827989,33.51130676269534,9028562194.285715,4995462574.333333,2260610106.95,1190577335.288889,-0.03874517219979878,-0.18981157164169427,-0.16668790945060652,-0.8154062682428488,0
2021-09-10,179.865234375,196.9451904296875,168.69082641601562,187.61280822753903,7087524572.0,-0.044265421288188334,188.19580078125,146.5830535888672,88.08698272705078,41.74411392211914,36.441688537597656,14.50826644897461,168.25946044921875,119.14428202311198,66.49754660924276,43.89277277522617,0.07766496497450114,0.08071663355208876,0.07380010722743298,0.0878955225518849,28.254364013671875,8965869442.142857,5245132511.142858,2375051199.9333334,1229451178.4444444,-0.4408826068092686,-0.1794241735077261,-0.17689092853807642,-0.8047052940501787,0
2021-09-11,178.8678741455078,193.40560913085935,175.56541442871094,179.36622619628906,5367389010.0,-0.005545041725032895,179.865234375,139.11306762695312,96.7031707763672,41.09936141967773,38.77043533325195,14.18666172027588,173.93871852329798,124.14959934779576,68.99332469304403,44.807668399810794,0.0711951896560085,0.07785732469185667,0.07306032497006922,0.08786185633680624,17.84019470214841,9165436020.142857,5428670217.761905,2461210594.0666666,1258700002.4333334,-0.24269906150245657,-0.05413859158005452,-0.19013886797667856,-0.8045151393265051,0
2021-09-12,174.53762817382812,181.56825256347656,170.5845947265625,179.23016357421875,3012633094.0,-0.02420918788444404,178.8678741455078,142.0708770751953,94.46967315673828,44.89450073242188,38.71305465698242,13.622773170471191,178.57682582310267,128.9940617879232,71.38093516031901,45.701639816496105,0.07501377647093176,0.07832100022484606,0.07322914353431148,0.08781237103741474,10.983657836914062,9167681018.571428,5525989229.428572,2505890038.4,1274812944.1222222,-0.4387153440178915,-0.12616726426843805,-0.12490433621617103,-0.7855810046039262,0
2021-09-13,169.26954650878906,174.93186950683594,150.9744110107422,174.41845703125,6437530449.0,-0.03018307123889863,174.53762817382812,164.38092041015625,110.54480743408205,44.11285018920898,41.15364837646485,14.220203399658203,179.27520098005022,133.44937170119513,73.7278925895691,46.563025055991275,0.053277267397292535,0.08003552774524708,0.07192937955787064,0.08786461590451612,23.95745849609375,9262458127.285715,5767198572.476191,2607683572.95,1310050911.4,1.1368451610722432,-0.21938433005515334,-0.1246148896504532,-0.8024995202036842,0
2021-09-14,158.09481811523438,171.30116271972656,143.55311584472656,169.77452087402344,5799758794.0,-0.06601735884590709,169.26954650878906,173.14892578125,108.48377227783205,53.74515914916992,39.70361709594727,14.230025291442873,177.12461417061942,137.61241513206846,75.9233060836792,47.362273905012344,0.05445226736822411,0.08000061515567312,0.07175666422878241,0.08807729220567433,27.748046875,7652617467.0,5940824626.142858,2698100914.05,1341832492.1277778,-0.0990708564491638,-0.2159743427744033,-0.052740581852815493,-0.7843599669217989,0
2021-09-15,159.1173858642578,166.17529296875,154.2395477294922,158.41543579101562,3908939772.0,0.006468066197325317,158.09481811523438,191.04139709472656,111.0330047607422,62.432464599609375,39.264591217041016,14.204795837402344,172.5640411376953,141.76316833496094,78.12990137736003,48.167343849605984,0.02432423842291944,0.08021434065413688,0.07179352420696113,0.08806943538762621,11.935745239257812,6327149776.428572,6053096007.380953,2758421752.3333335,1363167073.0222223,-0.3260168377960996,-0.0703451130268874,0.02186323500656928,-0.7923062678768924,0
2021-09-16,152.47406005859375,163.12283325195312,147.6532745361328,158.80728149414062,3215168472.0,-0.04175109947653022,159.1173858642578,188.19580078125,128.10238647460938,64.21070861816406,36.64879608154297,14.211980819702148,167.46093532017298,145.4373517717634,80.22527055740356,48.93546651204427,0.024486335385384014,0.08221899050164509,0.07232333428470178,0.08817098425178353,15.469558715820312,4975563451.857142,6077006385.190476,2808168953.6,1380651066.2944446,-0.17748324110019054,-0.017842310363531233,0.03321718001629215,-0.7887584387953414,0
2021-09-17,147.5930633544922,153.44493103027344,135.24522399902344,152.3514404296875,4675731485.0,-0.03201198093777957,152.47406005859375,179.865234375,146.5830535888672,72.5433120727539,35.35343551635742,14.332205772399902,162.85062517438615,148.2709746587844,82.27769533793132,49.67580460972256,0.02366726460447581,0.07763031708031369,0.07115473922969896,0.0882448812747377,18.19970703125,4631021582.285714,6144232251.809524,2880065888.1833334,1406270522.6666667,0.454272622327456,-0.05554067397599771,0.08232596641730061,-0.7713254442237651,0
2021-09-18,169.18421936035156,171.1427764892578,144.3922576904297,147.44876098632812,5415012910.0,0.14628841976130857,147.5930633544922,178.8678741455078,139.11306762695312,72.75760650634766,35.32201385498047,14.919293403625488,161.46724591936385,151.72245316278367,84.70593973795573,50.53283197614882,0.07049871141627699,0.08049084586092994,0.07199993796439745,0.08875279711797515,26.750518798828125,4637824996.571428,6279229033.095238,2963425437.3,1434903954.7444444,0.15811032506286016,-0.1950849489662243,-0.07065045392367386,-0.8164139975650402,0
2021-09-19,152.51669311523438,170.65211486816406,151.2509765625,169.22633361816406,3350530308.0,-0.09851702663601514,169.18421936035156,174.53762817382812,142.0708770751953,78.72461700439453,26.657400131225582,14.20483112335205,158.32139805385046,154.4865969703311,86.80416663487752,51.301231209437056,0.07881605378258567,0.08455362029798197,0.07289398231143711,0.0890410193423197,19.401138305664062,4686096027.142858,6351618852.952381,3010004772.3333335,1452924786.1111112,-0.3812516491304173,-0.11026544985890419,0.022950508707362927,-0.7856936046359231,0
2021-09-20,132.13446044921875,153.38766479492188,131.2610321044922,152.7944793701172,5623667250.0,-0.13363935612356725,152.51669311523438,169.26954650878906,164.38092041015625,73.75621032714844,26.7718563079834,13.661297798156738,153.0163857596261,155.5146756853376,88.54470628102621,51.959415446387396,0.09061877345925043,0.08469891729448226,0.07595180824815893,0.08965484817847331,22.126632690429688,4569829855.857142,6368264714.142858,3097654776.5333333,1483507305.8888888,0.6784409430866727,0.03476733932562892,0.33157443030619094,-0.762113225330975,1
2021-09-21,123.9503936767578,144.46844482421875,116.34320068359376,132.76231384277344,5243953819.0,-0.06193741393908525,132.13446044921875,158.09481811523438,173.14892578125,72.80391693115234,30.048887252807617,13.02508544921875,148.13861083984375,156.25118146623885,90.13531484603882,52.57566715876261,0.09037112776573268,0.08599490183160757,0.07685536426885953,0.08972273795891689,28.125244140624986,4490429145.142858,6256505656.857142,3178254752.9,1511994394.088889,-0.06752060783823932,0.061208539034985465,0.5354403485418888,-0.7513006860708933,1
2021-09-22,147.92425537109375,150.94151306152344,122.34915924072266,124.17745208740234,4952222859.0,0.19341497016020637,123.9503936767578,159.1173858642578,191.04139709472656,75.70803833007812,31.18103408813477,14.779420852661133,146.53959219796317,158.0079076857794,92.12234210968018,53.315360683865016,0.12440904823348731,0.09488484069852814,0.07972246398614068,0.09025959675333829,28.59235382080078,4639469586.142858,6303066559.857142,3254895954.5833335,1538673480.4222221,-0.055631870544510575,-0.08499484855324191,0.3279197067491999,-0.7809087837015404,0
2021-09-23,149.75357055664062,152.364990234375,143.20126342773438,148.05516052246094,3389212044.0,0.012366566801081502,147.92425537109375,152.47406005859375,188.19580078125,70.67090606689453,28.698862075805664,16.50832176208496,146.1509508405413,159.0389164515904,94.1487553914388,54.055612066056995,0.12335069997806089,0.08963310047685609,0.07949797674555294,0.08994820490673107,9.163726806640625,4664332953.571428,6222819533.238095,3306229355.016667,1556258699.6277778,-0.3156180284090886,-0.057992103319153276,0.32019461497312585,-0.7751196474514099,0
2021-09-24,139.39564514160156,151.201904296875,128.8013153076172,149.9354705810547,3852350632.0,-0.06916646712688179,149.75357055664062,147.5930633544922,179.865234375,71.95156860351562,29.712854385375977,18.016233444213867,144.97989109584265,158.69665890648253,96.00023876825968,54.72994213104248,0.12591665290926063,0.08580139343492667,0.0804820989783671,0.08999644988591164,22.400588989257812,4546707117.428572,6047866047.285714,3358040635.516667,1575293313.9055555,0.13665081499397624,0.1598810915694966,0.45170951393327496,-0.7599447940781789,1
2021-09-25,136.17892456054688,144.0725555419922,134.10775756835938,139.2965545654297,2037106949.0,-0.02307619135294403,139.39564514160156,169.18421936035156,178.8678741455078,75.31620788574219,31.929391860961918,18.854808807373047,140.26484898158483,158.5569378080822,97.8021320660909,55.381742774115665,0.1077210631338562,0.08517096414922827,0.08062183016284796,0.0900118120801583,9.964797973632812,4064149123.0,5955803379.904762,3385732425.5,1585406415.838889,-0.4712041702334846,0.24169740746442825,0.5428547001766573,-0.7625523803697232,1
2021-09-26,135.69937133789062,140.7817840576172,125.11542510986328,136.21615600585938,2674182809.0,-0.0035214936834299104,136.17892456054688,152.51669311523438,174.53762817382812,88.08698272705078,32.92778015136719,19.233924865722656,137.86237444196428,158.25353277297248,99.60019807815551,56.02877303229438,0.10290865081670336,0.08506672036827458,0.08058110696851913,0.09002169246263418,15.666358947753906,3967528051.714286,5940435032.476191,3425040761.883333,1598796162.4055555,0.31273559805622164,0.2718493490640146,0.4724257673902088,-0.75032637317931,1
2021-09-27,136.72842407226562,148.49783325195312,133.98428344726562,135.93136596679688,2867246888.0,0.007583327205051393,135.69937133789062,132.13446044921875,169.26954650878906,96.7031707763672,33.86680221557617,19.465229034423828,138.5186549595424,156.9367472330729,101.35765285491944,56.68023522694906,0.0878846929115394,0.0772643602256088,0.0796587774708244,0.09002311171737222,14.5135498046875,3573753714.285714,5802013899.142858,3465361383.8333335,1613580806.1277778,0.07219554263464723,0.2194386022239052,0.34408480471359515,-0.7604731428602038,1
2021-09-28,131.53721618652344,139.2943572998047,128.2448272705078,136.5089111328125,2422542861.0,-0.037967291153728655,136.72842407226562,123.9503936767578,158.09481811523438,94.46967315673828,35.55640411376953,19.084901809692383,139.60248674665178,154.95523725237166,103.01004072825114,57.30497030682034,0.08513155549506031,0.07632164817264347,0.08010254388931719,0.09007300793224782,11.049530029296875,3170695006.0,5104580539.380953,3495439928.2,1626074200.4333334,-0.15509791949244933,0.24767601311443777,0.48143611978205714,-0.7473305254278125,1
2021-09-29,135.35145568847656,140.03817749023438,131.2336883544922,132.33853149414062,2428105040.0,0.028997416948101096,131.53721618652344,147.92425537109375,159.1173858642578,110.54480743408205,33.40403366088867,19.810222625732425,137.8063725062779,152.30333528064546,104.65210978190105,57.946866046057806,0.033652164117470115,0.07240898901999503,0.07878635331205529,0.09006256661498399,8.804489135742188,2810106746.142857,4592242036.238095,3526122209.1833334,1638835552.5444446,0.002296008499805824,0.13857469449211557,0.4789848657212823,-0.7491534196962863,1
2021-09-30,141.0690460205078,142.85316467285156,134.31326293945312,135.41290283203125,2244376110.0,0.042242547765358296,135.35145568847656,149.75357055664062,152.47406005859375,108.48377227783205,34.02048110961914,22.552276611328125,136.56572614397322,150.0592041015625,106.43235454559326,58.60529254277547,0.03877825003188656,0.07343536311097468,0.07782598405631473,0.08960917662008494,8.539901733398438,2646558755.571429,4095485053.6666665,3555351145.5,1648620654.6,-0.07566762021135631,0.09365727859544215,0.38525117248583873,-0.7645660388134212,1
2021-10-01,161.682373046875,164.737548828125,138.4369354248047,141.38291931152344,4387488320.0,0.14612225437017945,141.0690460205078,139.39564514160156,147.5930633544922,111.0330047607422,34.478816986083984,24.061323165893555,139.74954441615515,149.19335356212798,108.57335376739502,59.36985393100315,0.06102781987187851,0.08055193943487574,0.07896263283674516,0.09006256284901469,26.300613403320312,2723006996.714286,3966911898.8095236,3621685955.983333,1670625823.1555555,0.9548810470986522,-0.016904561110515526,0.25196715444748286,-0.7991778938423649,0
2021-10-02,169.093017578125,174.90069580078125,156.3223419189453,161.59439086914062,3471658582.0,0.04583458537623941,161.682373046875,136.17892456054688,169.18421936035156,128.10238647460938,34.31060028076172,22.984283447265625,144.45155770438058,148.72788420177642,110.82496337890625,60.18156912061903,0.057848339756610107,0.08121953231027693,0.07898556164709716,0.0899815514342997,18.578353881835938,2927942944.285714,3876639021.285714,3671636444.5333333,1688445674.5611112,-0.20873667830071851,-0.07254694234087256,0.2037462731282622,-0.8104256529695859,0
2021-10-03,172.5891571044922,176.9703369140625,166.07000732421875,169.11370849609375,3149579954.0,0.020675836154806948,169.093017578125,135.69937133789062,152.51669311523438,146.5830535888672,32.984588623046875,24.95714569091797,149.72152709960938,148.63509986514137,113.10538889567057,61.00174696180556,0.056013118115273736,0.08113150601086622,0.0789413737289666,0.08982671999583662,10.90032958984375,2995856822.142857,3883160300.3333335,3717235150.4,1704160635.7777777,-0.0927737046695567,-0.14218999305354363,0.2760917151505511,-0.8089820855336266,0
2021-10-04,166.73191833496094,172.9616241455078,162.77333068847656,172.9616241455078,3109040100.0,-0.03393746668561026,172.5891571044922,136.72842407226562,132.13446044921875,139.11306762695312,34.26913833618164,26.47808074951172,154.0077405657087,148.5142604282924,115.26166858673096,61.78093494839138,0.06148161828783088,0.08121119214011212,0.07933709987695209,0.0898330283369361,10.18829345703125,3030398709.571429,3724660759.904762,3759133532.1833334,1717672823.9944444,-0.012871511310107886,-0.13119131306898923,0.4568225532063268,-0.7953452992296198,0
2021-10-05,164.11582946777344,169.9793701171875,160.59315490722656,166.99496459960938,2541087419.0,-0.015690390258281783,166.73191833496094,131.53721618652344,123.9503936767578,142.0708770751953,36.59136962890625,27.03398704528809,158.66182817731584,148.8009752546038,117.33949737548828,62.542500739627414,0.05782815901646821,0.07982487534890813,0.07945100064531704,0.08985938288311028,9.386215209960938,3047333646.428571,3569485932.5238094,3791665144.65,1729690041.1722221,-0.18267782425836188,-0.0693333965568298,0.5073973815245139,-0.7923790583325082,0
2021-10-06,154.1077423095703,165.3619842529297,150.76837158203125,164.60519409179688,3259712887.0,-0.06098185160236702,164.11582946777344,135.35145568847656,147.92425537109375,164.38092041015625,33.20372772216797,27.77827453613281,161.34129769461495,148.56242079961868,119.25123519897461,63.24433111614651,0.06807832726776088,0.08109717981246055,0.08018268536357395,0.09002752233089344,14.593612670898438,3166134767.428571,3538570366.571429,3837077360.8333335,1746230235.3333333,0.28280233990643366,-0.03849061423689337,0.5344740710156486,-0.7836395581807407,0
2021-10-07,154.28118896484375,161.3629913330078,150.5420379638672,153.96115112304688,2579187256.0,0.001125489561225379,154.1077423095703,141.0690460205078,149.75357055664062,173.14892578125,33.2646484375,26.84140396118164,163.22874668666296,148.64847455705916,121.19469127655029,63.95232992172241,0.06767331100048213,0.08049151941714862,0.07972694865279148,0.089962596203908,10.820953369140625,3213964931.142857,3508285546.7619047,3874087643.1833334,1759057746.4333334,-0.20876858011452226,-0.029325568303423255,0.6783272666564599,-0.7860953427622982,0
2021-10-08,158.94920349121094,168.84637451171875,152.75576782226562,154.2565460205078,2781848650.0,0.03025653715587384,154.28118896484375,161.682373046875,139.39564514160156,191.04139709472656,31.78864479064941,27.9318904876709,162.83829389299666,149.18924313499815,123.19771493275961,64.68020388285319,0.03772409994446712,0.08026322041708919,0.07972769876597197,0.08994864305649068,16.090606689453125,2984587835.428571,3418100649.857143,3914167877.6,1773218356.9222221,0.07857568058641173,0.022944457057501255,0.5717190199190834,-0.7950418526825892,1
2021-10-09,156.82583618164062,161.40731811523438,154.8697967529297,158.70469665527344,1522023824.0,-0.013358779175560498,158.94920349121094,169.093017578125,136.17892456054688,188.19580078125,32.17784118652344,28.51212310791016,161.0858394077846,148.60074869791666,125.13414891560872,65.39305784437391,0.03135991116680594,0.07364888724045571,0.07984273488848843,0.0899697254595827,6.5375213623046875,2706068584.285714,3232720217.1904764,3931993596.35,1779958464.0222223,-0.45287324527881845,0.0045463311090436775,0.5843510507856884,-0.7901246120498499,1
2021-10-10,148.0487060546875,158.361572265625,146.8982391357422,156.75192260742188,1556965341.0,-0.05596737336561797,156.82583618164062,172.5891571044922,135.69937133789062,179.865234375,30.848087310791016,27.4355525970459,157.58006068638392,148.3879874093192,126.9058921178182,66.06313091913859,0.032123845992900905,0.07138543657003053,0.08053579816357088,0.09003795934754567,11.463333129882812,2478552211.0,3147312361.6190476,3949476683.5833335,1787173916.4055555,0.022957273367884,0.07899494152034725,0.615773221802171,-0.784051913832695,1
2021-10-11,144.85813903808594,153.921142578125,140.3639678955078,147.80044555664062,1851795187.0,-0.0215507929898624,148.0487060546875,166.73191833496094,136.72842407226562,178.8678741455078,29.12118911743164,26.47511100769043,154.45523507254464,148.99387686593192,128.635205078125,66.72081440819635,0.031644259056517285,0.06469832181494496,0.08059076944912433,0.09000307439416637,13.557174682617188,2298945794.857143,2967699406.2380953,3971542706.633333,1795558524.0833333,0.18936185555077167,0.08541555559043346,0.6138515054053739,-0.7875378696388016,1
2021-10-12,152.73712158203125,153.26397705078125,137.8115692138672,145.00765991210938,2853992440.0,0.05439102418590225,144.85813903808594,164.11582946777344,131.53721618652344,174.53762817382812,31.2810001373291,27.81831359863281,152.82970537458147,150.3646734328497,130.43258209228514,67.41480778588189,0.04231869435547834,0.06353688892872371,0.080195250817791,0.09001193011923445,15.452407836914062,2343646512.142857,2853891721.5238094,4010077671.883333,1810184333.5333333,0.5412030769037743,0.021474198234127106,0.5336203193276972,-0.7959534325429729,1
2021-10-13,148.17604064941406,155.34799194335938,144.40786743164062,152.52392578125,2105226551.0,-0.029862294675807033,152.73712158203125,154.1077423095703,135.35145568847656,169.26954650878906,28.45210075378418,25.39736557006836,151.98231942313058,150.3766632080078,132.16696859995525,68.0969115363227,0.03734399417881808,0.04853677692156701,0.0803192291796852,0.08975556011337865,10.94012451171875,2178719892.714286,2718320468.7619047,4039100876.7833333,1820543006.8666666,-0.2623573484308178,0.18741780469608016,0.5420987728693585,-0.7938633041443784,1
2021-10-14,149.75680541992188,155.32974243164062,147.3309326171875,148.01727294921875,1948101208.0,0.010668153660873703,148.17604064941406,154.28118896484375,141.0690460205078,158.09481811523438,26.37000846862793,25.09987449645996,151.33597891671317,150.37681724911644,133.76716270446778,68.78945004145304,0.037776341185935335,0.048518594304713926,0.07614192548365833,0.08973542097431558,7.998809814453125,2088564743.0,2649696143.2380953,4047424954.1833334,1830245122.6,-0.07463583571343624,0.2708499966681821,0.6147848960034692,-0.799625682487741,1
2021-10-15,162.59620666503906,165.12220764160156,146.98483276367188,150.04660034179688,3970589003.0,0.08573501023285846,149.75680541992188,158.94920349121094,161.682373046875,159.1173858642578,26.721668243408203,32.30291748046875,151.8569793701172,151.48160589308966,135.43655840555826,69.51330164803399,0.04993435580305067,0.04907564208741909,0.07435750682393594,0.08754219989647877,18.137374877929688,2258384793.428571,2655326541.857143,4050279114.8166666,1845886446.5722222,1.0381841491060766,0.2080941975364834,0.4663658319025932,-0.8181055480505879,1
2021-10-16,157.538818359375,164.71371459960938,156.73756408691406,163.0070343017578,1531502795.0,-0.031103974744519536,162.59620666503906,156.82583618164062,169.093017578125,152.47406005859375,26.751909255981445,31.67589569091797,151.9588339669364,152.49874369303384,136.9920269012451,70.2125401073032,0.05140855197855525,0.049364017956012966,0.07462182418958647,0.08757062716198992,7.9761505126953125,2259738932.142857,2631250153.571429,4008408458.8333335,1847621845.538889,-0.6142882595396137,0.25495328377337545,0.5079052045704262,-0.8084990053720948,1
2021-10-17,159.74380493164062,167.42599487304688,154.09034729003906,157.46356201171875,2168838138.0,0.013996465094943344,157.538818359375,148.0487060546875,172.5891571044922,147.5930633544922,24.44757652282715,31.77005386352539,153.6295623779297,153.64371672130767,138.44536844889322,70.92350539101494,0.04467520683321538,0.04930613781453831,0.07315695724982006,0.08756756254462246,13.335647583007812,2347149331.714286,2607186121.6190476,3969432267.4333334,1855265345.45,0.4161502970028861,0.26679081132145765,0.37244151048288443,-0.8045315346208843,1
2021-10-18,157.2312774658203,162.8562774658203,155.0302276611328,159.9974822998047,1698878759.0,-0.015728481407435546,159.74380493164062,144.85813903808594,166.73191833496094,169.18421936035156,23.48955535888672,32.51304244995117,155.39715358189173,154.6200430733817,139.85326296488444,71.61638447443644,0.04400092187995707,0.049599163124067626,0.07325207629524208,0.08758985657696047,7.8260498046875,2325304127.714286,2551549544.047619,3956623610.0333333,1860652837.7722223,-0.21668716109602093,0.33627543583951147,0.3910415535869507,-0.8081531109946334,1
2021-10-19,156.01702880859375,159.40586853027344,153.22100830078125,157.210205078125,1400902548.0,-0.007722691545837712,157.2312774658203,152.73712158203125,164.11582946777344,152.51669311523438,26.62307929992676,38.8797607421875,155.86571175711495,155.78574843633743,141.14146982828777,72.26714707480537,0.04026992747225247,0.048633327819932376,0.07278454706613982,0.08651930448838556,6.1848602294921875,2117719857.4285715,2502900005.3333335,3949231054.1833334,1859332168.7555556,-0.17539580704122515,0.2806759140484074,0.25298765776941634,-0.8147586900077185,1
2021-10-20,175.94686889648438,176.440673828125,155.19984436035156,155.88339233398438,3315306825.0,0.1277414410470612,156.01702880859375,148.17604064941406,154.1077423095703,132.13446044921875,27.70208168029785,36.97842025756836,159.83297293526786,157.71886335100447,142.84464747111002,73.03919401168824,0.05836342083078857,0.0549959051444909,0.07352623094952394,0.08683131132546097,21.240829467773438,2290588468.0,2545147709.3809524,3979267881.75,1868793694.0722222,1.3665506424648175,0.044489159259149424,0.22355126515347457,-0.8403774017952182,1
2021-10-21,190.3184356689453,193.59915161132807,176.7655487060547,176.7655487060547,6865815461.0,0.0816812874397681,175.94686889648438,149.75680541992188,154.28118896484375,123.9503936767578,28.513879776000977,40.7373161315918,165.6274915422712,160.06407238188245,144.80322278340657,73.87020023134019,0.0613059088733555,0.05665872684886263,0.07388437197766601,0.08672947332779879,16.83360290527338,2993119075.571429,2765216249.904762,4077549241.95,1900818331.1055555,1.070944206197265,0.023883905252660043,0.14552893040317083,-0.8523071251000885,1
2021-10-22,196.43153381347656,214.04444885253903,188.27362060546875,190.45489501953125,7486821306.0,0.03212036775651539,190.3184356689453,162.59620666503906,158.94920349121094,147.92425537109375,28.702619552612305,47.36762619018555,170.4611097063337,161.71879432314918,146.8152810414632,74.69833305146959,0.05733110487140062,0.04841151849553154,0.07385342343980895,0.08600778288020935,25.770828247070284,3495437976.0,2912803534.952381,4179460692.9666667,1933612889.4722223,0.09044895665016184,0.01909683557573305,0.17742105252119145,-0.8573861229609696,1
2021-10-23,197.703857421875,205.6698760986328,192.5627593994141,196.30047607421875,3253670286.0,0.006477186140625424,196.43153381347656,157.538818359375,156.82583618164062,149.75357055664062,28.168773651123047,43.97651672363281,176.19897242954798,163.08121526808966,148.93249689737956,75.5523738331265,0.05233832535668786,0.04772799333824102,0.07302411562519275,0.08578212008738935,13.107116699218722,3741461903.285714,2902423139.904762,4197795003.2833333,1944147236.2166667,-0.5654136578106276,-0.01157183299477027,0.09121428880148685,-0.8519499244407536,0
2021-10-24,202.3619842529297,204.71910095214844,185.5724334716797,197.97311401367188,3413057378.0,0.023561132755820946,197.703857421875,159.74380493164062,148.0487060546875,139.39564514160156,28.306642532348636,43.2390022277832,182.28728376116072,164.49896894182478,151.1060038248698,76.43639039993286,0.05184916551201521,0.047768865160609096,0.07302537798145008,0.08575895080383808,19.14666748046875,3919207509.0,2914969683.904762,4228825280.15,1958081488.338889,0.04898686037298128,0.0002917358964469319,0.09623800943975613,-0.8601018643876732,1
2021-10-25,210.1042938232422,218.7318878173828,198.2024383544922,202.3164825439453,4837376169.0,0.038259703762518305,202.3619842529297,157.2312774658203,144.85813903808594,136.17892456054688,28.065326690673828,44.825984954833984,189.840571812221,166.56432015555245,153.35247192382812,77.35460322697958,0.0467307694269225,0.047143793662783436,0.07298057510381287,0.08576150185876494,20.529449462890625,4367564281.857142,2997271401.4761906,4264230707.3333335,1979282720.8333333,0.4173146341403229,-0.031218800826034787,0.02292787736861368,-0.8527399170406543,0
2021-10-26,199.8072509765625,213.9828643798828,197.4866485595703,209.5316467285156,3194205752.0,-0.049009197571861396,210.1042938232422,156.01702880859375,152.73712158203125,135.69937133789062,27.815410614013672,42.460540771484375,196.0963178362165,168.263911655971,155.21447639465333,78.22875161700779,0.055924312246158715,0.04866196783046306,0.07079805164783325,0.08574601099257723,16.4962158203125,4623750453.857142,3028372274.4761906,4263067665.1,1992737978.8611112,-0.3396821664459645,0.10226026547802092,0.03225978894454551,-0.8434254952129768,1
2021-10-27,183.77459716796875,205.4047393798828,178.73086547851562,199.87448120117188,4552692842.0,-0.08024060052992965,199.8072509765625,175.94686889648438,148.17604064941406,136.72842407226562,31.281137466430664,42.95600128173828,197.21456473214286,169.67661903018043,156.66566683451336,79.01107714970907,0.055084596043158005,0.050232808360390103,0.07104619250537796,0.0860233360335551,26.673873901367188,4800519884.857142,3089942748.5238094,4295944537.416667,2015058625.5555556,0.4252973025139053,0.3217214060750664,0.042101314429967784,-0.8333250338014782,1
2021-10-28,194.86398315429688,201.0453643798828,182.217529296875,184.5157012939453,3463958628.0,0.06034232237327397,183.77459716796875,190.3184356689453,149.75680541992188,131.53721618652344,32.393943786621094,49.50802230834961,197.86392865862166,171.60913303920202,158.33890533447266,79.81861026551988,0.05071555795822992,0.0513825940738208,0.07114153568379065,0.08545362465510654,18.827835083007812,4314540337.285714,3132074718.6190476,4323171446.366667,2029527704.4722223,-0.23914071337211462,0.26954077198842397,-0.009041309394401509,-0.8352119116352035,1
2021-10-29,200.1827545166016,204.8966064453125,194.90643310546875,194.90643310546875,2468703579.0,0.027294789299740607,194.86398315429688,196.43153381347656,162.59620666503906,135.35145568847656,36.82731246948242,46.89098739624024,198.39981733049666,173.57263546898253,159.8328711191813,80.67023119396633,0.05030873526820529,0.051335212763913035,0.06817302331042072,0.08532598478104554,9.99017333984375,3597666376.285714,3117163048.571429,4276414769.9333334,2040070101.0944445,-0.28731724477166587,0.18129224112152742,0.002467227936630234,-0.8358643419476695,1
2021-10-30,195.4160614013672,200.38623046875,187.8165740966797,200.2257232666016,1732207667.0,-0.023811707091077605,200.1827545166016,197.703857421875,157.538818359375,141.0690460205078,34.25436019897461,45.93368911743164,198.07298932756697,175.41026524135046,161.28174260457357,81.50068881776598,0.05133343781375863,0.05164590403604269,0.06821582809334069,0.08533351900291267,12.569656372070312,3380314573.571429,3127171803.0,4178769997.35,2046309064.511111,-0.29833306771416157,0.3250411676246352,0.04556076399178011,-0.8313038820744032,1
2021-10-31,202.4210205078125,205.1633758544922,186.06298828125,195.77377319335935,2577364486.0,0.03584638364017456,195.4160614013672,202.3619842529297,159.74380493164062,161.682373046875,33.22241973876953,42.72955703735352,198.08142307826452,177.99942307245163,162.80487620035808,82.38786361482408,0.05249072133527505,0.04946463446388113,0.06826953154129152,0.08513273389840903,19.100387573242188,3260929874.714286,3175762238.4761906,4155485340.516667,2056833442.6111112,0.48790733068611924,0.23417758541773082,0.030876089186501643,-0.8388950014865221,1
2021-11-01,203.5450897216797,211.36083984375,198.2389678955078,202.62921142578125,3157612663.0,0.005553124922734076,202.4210205078125,210.1042938232422,157.2312774658203,169.093017578125,33.99644088745117,44.92357635498047,197.14439392089844,180.79403977167038,164.06225458780924,83.26909424463908,0.05004497673922896,0.048780697837893155,0.06569687794095475,0.08508394719647765,13.121871948242188,3020963659.571429,3237944023.047619,4123538891.516667,2071576946.4333334,0.22513237074222658,0.22069846383654723,0.12898444480544335,-0.8415661877467806,1
2021-11-02,220.23959350585935,222.2330322265625,201.18038940429688,203.51791381835935,3020087232.0,0.08201870065746686,203.5450897216797,199.8072509765625,156.01702880859375,172.5891571044922,35.76362609863281,43.4556770324707,200.06329999651228,184.0084431966146,165.28986358642578,84.25122711393568,0.05446551949693739,0.050179650243318566,0.06400717125932281,0.08517622836036001,21.052642822265625,2996089585.285714,3245853298.857143,4048434114.766667,2086180225.4,-0.0435536101724836,0.08614954721690804,0.06244766559634174,-0.8602064419450641,1
2021-11-03,242.89881896972656,246.321533203125,216.1961975097656,221.0767517089844,6024951132.0,0.10288443191875207,220.23959350585935,183.77459716796875,175.94686889648438,166.73191833496094,37.35513687133789,43.1550178527832,208.5096173967634,188.51905168805803,167.01962610880534,85.3609148979187,0.043886929020393074,0.052074665899199596,0.06465259520407757,0.0854275483273231,30.125335693359403,3206412198.142857,3432506850.3333335,4082676250.9,2116794706.1277778,0.9949593071886476,-0.037543588114469895,-0.13040171768690711,-0.8730175806101749,0
2021-11-04,247.3877716064453,250.46633911132807,235.15087890625,243.09780883789065,4440296290.0,0.01848075118586001,242.89881896972656,194.86398315429688,190.3184356689453,164.11582946777344,39.446102142333984,45.56153106689453,216.0130157470703,193.16814531598772,168.77490768432617,86.4821717898051,0.043734878538550466,0.05199444453763084,0.06464634382945042,0.0853692889090528,15.315460205078068,3345889007.0,3551182806.6190476,4106732553.983333,2138957148.5444446,-0.2630153850681888,-0.053143364149510486,-0.18700576488769216,-0.8634497855244666,0
2021-11-05,236.47433471679688,248.3839111328125,231.1608123779297,247.27093505859372,2752870913.0,-0.044114698227728066,247.3877716064453,200.1827545166016,196.43153381347656,154.1077423095703,39.40347290039063,44.330196380615234,221.19752720424108,196.68615141369048,169.97646458943686,87.5496392250061,0.0532515636468257,0.0521869706844326,0.06212582034313366,0.08542368314923086,17.223098754882812,3386484340.428571,3493196230.904762,4056378891.0666666,2151414190.772222,-0.3800254007373909,-0.033712936637470214,-0.17044587987984194,-0.8445253588592079,0
2021-11-06,258.934326171875,260.0621032714844,235.2899627685547,236.4927520751953,3869779683.0,0.09497855859062398,236.47433471679688,195.4160614013672,197.703857421875,154.28118896484375,37.673824310302734,42.90963363647461,230.27156502859933,201.51450892857142,171.40622126261394,88.74977640575833,0.05392879333137481,0.053342560988316565,0.06286987223446461,0.08557371389747857,24.772140502929688,3691851771.285714,3604542749.3809524,3836397828.85,2170137810.811111,0.40572507948904324,-0.06607582300501136,-0.25000589291859754,-0.8737765564376601,0
2021-11-07,249.823486328125,258.85009765625,246.12242126464844,258.78155517578125,2624869522.0,-0.035185909795916404,258.934326171875,202.4210205078125,202.3619842529297,158.94920349121094,38.76778411865234,44.57746887207031,237.04334586007255,205.80401756649925,172.38592274983725,89.89003205829196,0.06148484768939594,0.054918544334018535,0.06186803869222095,0.08563024192121121,12.727676391601562,3698638205.0,3626258529.571429,3660358760.7833333,2182088578.5277777,-0.3217005263811036,-0.045624070999348065,-0.2370736980309338,-0.8815109600088734,0
2021-11-08,248.46717834472656,253.25418090820312,241.14013671875,249.9792633056641,3344410176.0,-0.005429065150492018,249.823486328125,203.5450897216797,210.1042938232422,156.82583618164062,40.63979721069336,42.45730972290039,243.4607870919364,210.1485842750186,173.39044570922852,91.03453132841322,0.062407954225001,0.054601162272302474,0.061825109040602955,0.08552037547334548,12.114044189453125,3725323564.0,3704617168.4761906,3504827717.983333,2194270479.0833335,0.27412435093221377,-0.043923605087221484,-0.21671061184772722,-0.9027922436422782,0
2021-11-09,239.213134765625,253.1798248291016,237.89529418945312,248.3568420410156,2819309492.0,-0.037244531212337395,248.46717834472656,220.23959350585935,199.8072509765625,148.0487060546875,41.74411392211914,40.99785232543945,246.1712929861886,214.1103036063058,174.37957738240559,92.13572734196981,0.06228459661141073,0.05580962787348265,0.061734042410514035,0.08552962995895999,15.284530639648466,3696641029.714286,3772160356.285714,3433690799.983333,2204284083.727778,-0.15700845780466854,-0.08349920189178173,-0.24260812223098804,-0.9417220256435641,0
2021-11-10,233.77952575683597,247.9470367431641,218.3885498046875,239.1337432861328,3873202098.0,-0.022714509444110353,239.213134765625,242.89881896972656,183.77459716796875,144.85813903808594,41.09936141967773,42.717864990234375,244.86853681291853,216.86423964727493,175.29477157592774,93.19718101289537,0.048887410274973356,0.05100853072010589,0.061830925428705906,0.08554547186214966,29.55848693847659,3389248310.571429,3798726797.857143,3408787684.7833333,2223000941.4333334,0.37381231432395,-0.06443800084524676,-0.28156739372004724,-0.9243671665804559,0
2021-11-11,234.24075317382807,246.4471893310547,229.7485198974609,233.9139862060547,2693456862.0,0.0019729162145356582,233.77952575683597,247.3877716064453,194.86398315429688,152.73712158203125,44.89450073242188,43.461307525634766,242.99039132254464,218.95577857607887,176.28982365926106,94.257066822052,0.04798611516150248,0.04869983986507578,0.06170424802833323,0.0855489581482192,16.69866943359378,3139699820.857143,3600043055.047619,3403468080.9166665,2235184336.6555557,-0.30459170633238664,-0.16544235428600296,-0.26592836183121016,-0.9302992935015773,0
2021-11-12,228.5020904541016,238.6956787109375,221.25294494628903,233.7212677001953,3022054714.0,-0.02449899362929331,234.24075317382807,236.47433471679688,200.1827545166016,148.17604064941406,44.11285018920898,47.200828552246094,241.85149928501673,220.48294793991815,177.27703272501628,95.26429605484009,0.04597584933921694,0.04904108004209843,0.06165095159131005,0.08541911280039317,17.442733764648466,3178154649.571429,3387435122.095238,3346543485.3333335,2240912547.45,0.12199855755477107,-0.05786413765291787,-0.24100619474457396,-0.9363725669382261,0
2021-11-13,241.8250274658203,241.8250274658203,225.075927734375,228.59625244140625,2322796265.0,0.05830553665938942,228.5020904541016,258.934326171875,195.4160614013672,149.75680541992188,53.74515914916992,46.86320495605469,239.40731375558036,222.5839560372489,178.67253621419272,96.34741729100546,0.033102098768376435,0.0502316315656744,0.06124910002027399,0.08547433655128592,16.749099731445312,2957157018.428571,3343107787.7619047,3288594109.85,2242972963.5555553,-0.23138510555768843,-0.09845859904361642,-0.3581596574257907,-0.9455617601507296,0
2021-11-14,238.42552185058597,242.04489135742188,230.6894073486328,241.8621063232422,1705211600.0,-0.014057707967033428,241.8250274658203,249.823486328125,202.4210205078125,162.59620666503906,62.432464599609375,55.91096115112305,237.77903311593192,224.30126735142298,179.9943384806315,97.36138707266913,0.031255489404420675,0.050425001286177835,0.061320188379436966,0.08442240914423232,11.355484008789062,2825777315.285714,3261781798.3333335,3251865306.983333,2241194204.561111,-0.26587982523727716,-0.029958615605113814,-0.356858088292469,-0.9412757660496927,0
2021-11-15,237.55360412597656,245.97610473632807,235.0991058349609,238.7313995361328,2414551003.0,-0.0036569815086985313,238.42552185058597,248.46717834472656,203.5450897216797,157.538818359375,64.21070861816406,35.107181549072266,236.21995108468192,225.60837736583892,181.41233088175457,98.4860894203186,0.03127030688563812,0.050038251934097853,0.06098678069826903,0.079381142770741,10.876998901367159,2692940290.571429,3146409171.3809524,3238521682.5,2239207126.8055553,0.41598321463447707,-0.0918375035239849,-0.24926085440342827,-0.9397976116615846,0
2021-11-16,219.2390289306641,238.4971466064453,215.4420928955078,238.4971466064453,3557977024.0,-0.07709659999770035,237.55360412597656,239.213134765625,220.23959350585935,159.74380493164062,72.5433120727539,44.74274826049805,233.36650739397322,226.53370012555803,182.6064303080241,99.45551320181953,0.040248847413090524,0.05195001597195711,0.061775690899330486,0.07722639737379881,23.0550537109375,2798464223.714286,3163731612.904762,3219892441.483333,2245152840.1277776,0.4735563753175356,0.011849486315086866,-0.19286877432002092,-0.9348404879117548,1
2021-11-17,218.7152404785156,222.02883911132807,210.0269470214844,219.29563903808597,2982505239.0,-0.002389120471401718,219.2390289306641,233.77952575683597,242.89881896972656,157.2312774658203,72.75760650634766,38.81285095214844,231.21446663992745,228.19754028320312,183.43194732666015,100.45497092141045,0.040052635525268054,0.04814959257303654,0.05907546525957255,0.07647312424657793,12.001892089843665,2671221815.285714,3088960774.6666665,3179350646.9666667,2251890302.411111,-0.16174128756824713,-0.017345390122676885,-0.19757171235775317,-0.937641589183884,0
2021-11-18,195.48741149902344,222.8769378662109,187.67312622070312,218.8755798339844,3911214658.0,-0.10620123649670321,218.7152404785156,234.24075317382807,247.3877716064453,156.01702880859375,78.72461700439453,31.315582275390625,225.67827497209822,228.22722734723772,184.14812596638998,101.36703663931952,0.05374336669033401,0.05282831877714688,0.05931365539852919,0.07543406165066643,35.203811645507784,2845187214.714286,3110258680.857143,3188695386.133333,2267626207.45,0.3113856790110403,0.05507044745787426,-0.0647217261603924,-0.9322335054552318,1
2021-11-19,215.28001403808597,219.3670654296875,189.7501678466797,195.0662841796875,3431624914.0,0.10124745315972117,195.48741149902344,228.5020904541016,236.47433471679688,175.94686889648438,73.75621032714844,24.68874740600586,223.7894069126674,228.94614446730841,185.53388519287108,102.42587700949775,0.07166496029737299,0.05694048016096049,0.05768112992472554,0.07381666090823122,29.616897583007812,2903697243.285714,3156112077.7619047,3152161347.2,2275991721.7444444,-0.12261913137880243,-0.11040627657290547,-0.16342418601545694,-0.940305586681193,0
2021-11-20,218.0152740478516,221.44534301757807,206.28587341308597,215.4069061279297,2003638941.0,0.01270559193331211,215.28001403808597,241.8250274658203,258.934326171875,190.3184356689453,72.80391693115234,31.283571243286133,220.38801356724335,230.02229745047433,187.10163319905598,103.463275358412,0.06671926295678406,0.05657319169930859,0.0569085738778182,0.07135181404024593,15.159469604492102,2858103339.857143,3169037376.5238094,3098156099.233333,2279640904.6222224,-0.4161253076273709,-0.11427234428359379,-0.20339625649739168,-0.9437982800980049,0
2021-11-21,231.2826232910156,235.2309112548828,210.8097381591797,217.78402709960935,2636480460.0,0.06085513641696494,218.0152740478516,238.42552185058597,249.823486328125,196.43153381347656,75.70803833007812,29.99707794189453,219.3675994873047,231.3966594877697,188.49093933105468,104.58152838812934,0.07225800095043232,0.05747274473612062,0.05207429802325918,0.07132189734221707,24.421173095703125,2991141748.428571,3171852422.904762,3059560392.5833335,2289235405.483333,0.31584608686241333,-0.13233148195283362,-0.2213312786189764,-0.9487803778605451,0
2021-11-22,215.73727416992188,231.90481567382807,212.03009033203125,230.98963928222656,3254258844.0,-0.06721364925688122,231.2826232910156,237.55360412597656,248.46717834472656,197.703857421875,70.67090606689453,35.539817810058594,216.250980922154,231.97723969959077,189.59066772460938,105.58262536790636,0.07636599760965382,0.059770515864231356,0.0529869610603176,0.0704163633207112,19.874725341796818,3111100011.428571,3176454622.0,3057311172.5833335,2301370224.811111,0.2343193486061339,-0.052925057845361834,-0.17215454362460447,-0.9423575498293391,0
2021-11-23,221.8368988037109,226.06173706054688,211.31222534179688,215.84295654296875,2328763768.0,0.028273392519944318,215.73727416992188,219.2390289306641,239.213134765625,202.3619842529297,71.95156860351562,33.584590911865234,216.62210518973214,232.05330185663132,190.96468861897787,106.62847152286106,0.07142712051027696,0.05738658174060621,0.05208423325170198,0.07024370504423688,14.74951171875,2935498117.714286,3143534457.047619,3031918058.1833334,2310700084.311111,-0.2843950405808592,-0.05934949904400788,-0.14335118754919318,-0.9353060197259612,0
2021-11-24,214.92153930664065,222.4592742919922,200.5026092529297,221.8606109619141,2293934142.0,-0.031173170623833957,221.8368988037109,218.7152404785156,233.77952575683597,210.1042938232422,75.31620788574219,29.039276123046875,216.08014787946428,230.7210504441034,192.27706553141277,107.6611507627699,0.07266708427765523,0.05286993535084703,0.052179368606908284,0.06943962071009707,21.9566650390625,2837130818.142857,2965866981.3333335,3036198511.4,2320109409.6444445,-0.014956272713703589,0.06922387050484113,-0.11468532203325821,-0.9321503522730193,1
2021-11-25,206.25299072265625,216.4005126953125,202.3234100341797,205.88616943359372,2586718627.0,-0.04033354968492242,214.92153930664065,195.48741149902344,234.24075317382807,199.8072509765625,88.08698272705078,27.376420974731445,217.6180877685547,228.76225135439918,193.4529591878255,108.65490948359171,0.05977692037458834,0.053149662145214424,0.05254360596442858,0.06935460766136417,14.077102661132812,2647917099.428571,2877601378.3333335,3034740775.0333333,2332386402.7611113,0.12763421566441813,0.1344952680314473,-0.06366969406516065,-0.9318160771446555,1
2021-11-26,191.51174926757807,210.50457763671875,184.32827758789065,210.04827880859372,3380122748.0,-0.07147164947004525,206.25299072265625,215.28001403808597,228.5020904541016,183.77459716796875,96.7031707763672,28.602659225463867,214.22262137276786,226.62117585681733,194.3660146077474,109.55995998382568,0.05035085204969414,0.05441765747918223,0.053544386174710704,0.06960371880670876,26.176300048828097,2640559647.142857,2907470513.3333335,3043288706.0333333,2349166741.8944445,0.306722235931848,0.10293178648184531,0.03388295067594305,-0.9260661862952769,1
2021-11-27,193.10215759277344,199.364990234375,191.04054260253903,192.2835693359375,1443178833.0,0.008304494796156137,191.51174926757807,218.0152740478516,241.8250274658203,194.86398315429688,94.46967315673828,32.816246032714844,210.6636047363281,223.48631068638392,195.39209696451823,110.45043727027046,0.04996625521640854,0.04920741030253705,0.05321774897974886,0.06887229494052204,8.324447631835966,2560493917.428571,2791918091.904762,3026965972.233333,2354213143.7222223,-0.5730395193920337,0.0415462709508696,0.012052412209012653,-0.9269000061872078,1
2021-11-28,200.67665100097656,201.6287078857422,182.37245178222656,193.27560424804688,2033215941.0,0.03922531732750856,193.10215759277344,231.2826232910156,238.42552185058597,200.1827545166016,110.54480743408205,30.985260009765625,206.29132298060827,221.14598519461495,196.48085021972656,111.39316722022163,0.04481695644255862,0.050177923520811976,0.05330315408212409,0.06871208917388,19.256256103515625,2474313271.857143,2763744111.857143,3020384487.25,2363108492.7444444,0.4088454559532748,-0.022465953619897894,-0.11586311722310949,-0.9332033992964325,0
2021-11-29,204.31936645507807,212.44580078125,199.9542999267578,200.8212738037109,2110532147.0,0.018152163871240745,200.67665100097656,215.73727416992188,237.55360412597656,195.4160614013672,108.48377227783205,33.95631790161133,204.66019330705916,219.04370843796502,197.5350222269694,112.33962860107422,0.04102826731389196,0.05052848379218693,0.05313097452764265,0.06843029917234184,12.491500854492188,2310923743.714286,2704988015.2380953,3018153754.5333333,2372069407.9055557,0.03802655902942287,-0.049531025279990315,-0.16475092294601268,-0.9345645298221679,0
2021-11-30,208.6709899902344,218.33938598632807,200.08433532714844,204.23294067382807,2888387657.0,0.021298145205991048,204.31936645507807,221.8368988037109,219.2390289306641,202.4210205078125,111.0330047607422,39.47090530395508,202.77934919084822,217.58932059151786,198.31816584269205,113.27962907155354,0.04010296891108366,0.05045201661487889,0.04996263032987745,0.0675032112232506,18.25505065917963,2390870013.571429,2708277451.6666665,2993168743.483333,2382782360.9666667,0.36855894903362496,-0.08661520905107267,-0.1721360492245163,-0.9323554983005328,0
2021-12-01,229.7992401123047,232.3862152099609,208.1522674560547,208.3931579589844,3532771294.0,0.1012514970243783,208.6709899902344,214.92153930664065,218.7152404785156,203.5450897216797,128.10238647460938,37.415069580078125,204.9047350202288,217.3997831798735,199.3299362182617,114.3484300189548,0.05559246282047512,0.05532470176611733,0.051217818054471585,0.06766333464816696,24.23394775390622,2567846749.571429,2692066461.0,2994187288.6833334,2396540648.677778,0.2230945820026402,-0.15307942704053612,-0.2589223872872751,-0.9413358874957396,0
2021-12-02,233.9930419921875,243.11166381835935,220.38717651367188,229.85470581054688,4074103518.0,0.018249850947432478,229.7992401123047,206.25299072265625,195.48741149902344,220.23959350585935,146.5830535888672,39.58539962768555,208.8675994873047,217.3879874093192,200.35333429972331,115.42847247653538,0.050793489380416154,0.055458126154664764,0.05120731281869931,0.06757838757183655,22.72448730468747,2780330305.428571,2757811539.857143,3009596014.75,2412994408.977778,0.15323160741239872,-0.22571165456621756,-0.2370801165023625,-0.9413844106163117,0
2021-12-03,211.22439575195312,239.12210083007807,207.32977294921875,233.60189819335935,4061060881.0,-0.09730480037519473,233.9930419921875,191.51174926757807,215.28001403808597,242.89881896972656,139.11306762695312,42.30837631225586,211.6836918422154,216.56524004255022,201.09487559000652,116.36689480675591,0.058794921743263215,0.059301832971074844,0.052684627741685065,0.06793380029740945,31.792327880859318,2877607181.571429,2807288024.0,3025463027.766667,2431142595.1833334,-0.0032013513997314336,-0.20485115657942665,-0.16495041971993818,-0.9370221523792654,0
2021-12-04,201.1248321533203,212.8075408935547,171.55357360839844,212.1123809814453,5949505665.0,-0.04781438035449759,211.22439575195312,193.10215759277344,218.0152740478516,247.3877716064453,142.0708770751953,38.262332916259766,212.8297882080078,214.62713550385973,201.7116923014323,117.27168646918403,0.06358581873278037,0.058416470267033574,0.053063444872008,0.0676062770616502,41.25396728515625,3521368157.571429,2979988471.6190476,3082269998.5333333,2459066751.022222,0.4650126750956236,-0.14506084819440102,-0.15327340275338963,-0.931792515839376,0
2021-12-05,196.1682586669922,204.6174774169922,182.01681518554688,200.78060913085935,3402591975.0,-0.02464426412820897,201.1248321533203,200.67665100097656,231.2826232910156,236.47433471679688,164.38092041015625,41.51781463623047,212.18573216029577,212.61488487606957,202.41270090738934,118.13085560268826,0.0628664118058597,0.058525073407197044,0.05250474239420494,0.06743354460289906,22.600662231445312,3716993305.285714,3060816108.5238094,3084651316.6666665,2468042279.7611113,-0.42808828723083503,-0.11590349875619188,-0.14390378469087362,-0.9294936247300208,0
2021-12-06,194.19921875,197.66302490234372,176.8880615234375,196.5474853515625,3693853028.0,-0.010037505202790009,196.1682586669922,204.31936645507807,215.73727416992188,258.934326171875,173.14892578125,42.031776428222656,210.73999677385603,210.5503903343564,203.0780014038086,118.9762302822537,0.0622946789593994,0.05852010633061864,0.052539813169358636,0.06745147416600117,20.77496337890622,3943182002.571429,3121735252.571429,3103229079.5333333,2481792401.911111,0.08559975898961558,-0.20075343520567235,-0.201336995876496,-0.9264216679604999,0
2021-12-07,190.59690856933597,204.11849975585935,188.2808074951172,194.27659606933597,2556849839.0,-0.01854956062053692,194.19921875,208.6709899902344,221.8368988037109,249.823486328125,191.04139709472656,41.09867477416992,208.1579851422991,209.18647984095983,203.60546315511067,119.80677602556017,0.061241828370054506,0.05641599216555469,0.052522905477683464,0.06744205598751654,15.837692260742159,3895819457.142857,3074062529.4761906,3099479099.35,2492690197.188889,-0.3078095366494912,-0.19546729758699888,-0.21073562085985564,-0.9290667754173239,0
2021-12-08,194.6217041015625,196.3741149902344,184.13270568847656,190.5050048828125,2277446203.0,0.02111679335429706,190.59690856933597,229.7992401123047,214.92153930664065,248.46717834472656,188.19580078125,36.046085357666016,203.13262285505022,208.03916858491442,204.2353942871094,120.68775168524849,0.04077326348605514,0.05670537707709483,0.05251421185536619,0.0666969661367626,12.241409301757841,3716487301.285714,3040488289.6666665,3112069472.3333335,2502461194.9666667,-0.10927651351996348,-0.08365415554138045,-0.2991387193831182,-0.9296624063641341,0
2021-12-09,181.17808532714844,196.6897430419922,178.79214477539062,194.48329162597656,1968182104.0,-0.06907564002932876,194.6217041015625,233.9930419921875,206.25299072265625,239.213134765625,179.865234375,36.441688537597656,195.58762904575892,207.35777210053942,204.78755060831705,121.49184277852376,0.039490673338766095,0.053867584969130654,0.05279842519326141,0.06696739037348481,17.897598266601562,3415641385.0,2947962929.952381,3118923085.05,2510345148.7833333,-0.13579424997728473,-0.023310872183172737,-0.21340675394256226,-0.9250450860377236,0
2021-12-10,167.954833984375,184.68942260742188,167.954833984375,181.46755981445312,2118266396.0,-0.07298482771189774,181.17808532714844,211.22439575195312,191.51174926757807,233.77952575683597,178.8678741455078,38.77043533325195,189.40626307896204,205.10419209798178,205.17249552408853,122.20953388214112,0.0337704071273276,0.05044087272597012,0.05364312224748661,0.06714188978320787,16.734588623046875,3138099315.714286,2885422048.142857,3123364271.866667,2519596691.6833334,0.07625528740200349,0.04494340374129835,-0.16144715114478958,-0.9191628158146823,1
2021-12-11,171.94949340820312,173.8984832763672,161.86000061035156,167.9166259765625,1877844189.0,0.023784128917657466,167.954833984375,201.1248321533203,193.10215759277344,234.24075317382807,174.53762817382812,38.71305465698242,185.2383575439453,202.91058349609375,205.4927017211914,122.9497363196479,0.03858097759174014,0.05075302843898193,0.05329899593985662,0.06714336588895935,12.038482666015625,2556433390.571429,2879431821.857143,3107095134.35,2527374317.938889,-0.11349951425089788,0.06330716747233667,-0.20933212363036546,-0.9219084078172085,1
2021-12-12,173.43167114257812,176.6494140625,167.8612518310547,171.9483184814453,1196808540.0,0.008619843565670582,171.94949340820312,196.1682586669922,200.67665100097656,228.5020904541016,169.26954650878906,41.15364837646485,181.99027361188615,200.15577625093005,205.91362889607748,123.68461422390408,0.04014382662426855,0.04832869658251061,0.05312366714914812,0.06702796585042367,8.788162231445312,2241321471.285714,2810876016.142857,3091954834.1666665,2530660559.0333333,-0.362668880085663,0.03843808799176629,-0.19170557357906703,-0.9232058118331328,1
2021-12-13,155.2130584716797,173.0999298095703,148.5718231201172,173.0999298095703,2547597256.0,-0.10504778366530831,173.43167114257812,194.19921875,204.31936645507807,241.8250274658203,158.09481811523438,39.70361709594727,176.4208221435547,197.27367074148995,206.00456644694012,124.32633334265815,0.05185618322453802,0.05109658804839674,0.05494679191855095,0.06749281242036011,24.528106689453125,2077570646.7142856,2777225464.3333335,3101946434.9666667,2541613783.2222223,1.1286589883457885,0.1189250772927326,-0.022613746324116057,-0.9108709897313647,1
2021-12-14,153.34144592285156,161.61827087402344,150.11798095703125,155.14166259765625,2604045117.0,-0.012058344621626138,155.2130584716797,190.59690856933597,208.6709899902344,238.42552185058597,159.1173858642578,39.264591217041016,171.09861319405692,194.01198250906808,205.8503204345703,124.96009364657932,0.05215859931011907,0.050166138964897425,0.05386284116101892,0.06749458385701257,11.500289916992188,2084312829.2857144,2790334100.0,3079170703.5333333,2553759724.983333,0.022157293845036286,0.1744544566657562,-0.047810985448363263,-0.907784058427456,1
2021-12-15,178.34078979492188,182.5131683349609,157.65321350097656,161.35890197753906,3783787658.0,0.16303057351270756,153.34144592285156,194.6217041015625,229.7992401123047,237.55360412597656,152.47406005859375,36.64879608154297,168.77276829310827,192.27004205612909,206.1970199584961,125.74727138943142,0.08936570052656913,0.06341990989554361,0.057634416604982475,0.06820824875395665,24.859954833984347,2299504465.714286,2861279505.5238094,3116708784.5833335,2572424304.366667,0.45304228152510917,0.0014373178326489988,-0.18045093740091112,-0.9213779915744205,1
2021-12-16,176.9546661376953,188.8787078857422,174.4509735107422,178.59153747558594,2766320569.0,-0.0077723310456373484,178.34078979492188,181.17808532714844,233.9930419921875,219.2390289306641,147.5930633544922,35.35343551635742,168.16942269461495,190.87488374255952,206.48386764526367,126.5339448928833,0.08542613421555022,0.06295970131071009,0.05763689296210416,0.06813428022724463,14.427734375,2413524246.428571,2869831978.952381,3126666825.1,2586322525.5833335,-0.2689017410500788,0.07392656020776589,-0.16475116929945333,-0.9306793847339043,1
2021-12-17,175.5032958984375,182.3936309814453,168.51873779296875,176.8949737548828,2711688386.0,-0.00820193256801971,176.9546661376953,167.954833984375,211.22439575195312,218.7152404785156,169.18421936035156,35.32201385498047,169.2477743966239,190.11257643926712,206.78840128580728,127.31272979312473,0.07955254174154351,0.061127826758501924,0.057602918693345086,0.06814374077897115,13.874893188476562,2498298816.428571,2838001771.2380953,3143546985.55,2598873085.888889,-0.01974904268587685,0.08415737941175028,-0.1575285190540876,-0.9287511724268166,1
2021-12-18,182.8351287841797,184.37518310546875,171.19656372070312,175.65635681152344,1690397976.0,0.041776041003726005,175.5032958984375,171.94949340820312,201.1248321533203,195.48741149902344,152.51669311523438,26.657400131225582,170.80286516462053,189.62367030552454,207.23536961873373,128.1803838411967,0.08039943579134656,0.06185305062080884,0.05779443388638506,0.0654112322066378,13.178619384765625,2471520786.0,2849774111.3809524,3148371909.35,2604040049.4166665,-0.37662528455435884,0.05625722577241743,-0.23468749653133714,-0.932107574992178,1
2021-12-19,180.09805297851562,189.26254272460935,178.75502014160156,182.8509063720703,1678714066.0,-0.01497018556480434,182.8351287841797,173.43167114257812,196.1682586669922,215.28001403808597,132.13446044921875,26.7718563079834,171.75520542689733,188.64373706635973,207.3045560201009,129.03219604492188,0.08103112063130724,0.0612266020087804,0.05551859479031248,0.06544099213546736,10.507522583007784,2540364432.571429,2832893069.714286,3121095363.366667,2606374127.2222223,-0.006911928531556644,0.09940518038523738,-0.21383276288059905,-0.933743562814107,1
2021-12-20,173.67178344726562,181.15325927734372,168.6835174560547,179.9777374267578,1982986558.0,-0.03568205999437768,180.09805297851562,155.2130584716797,194.19921875,218.0152740478516,123.9503936767578,30.048887252807617,174.3921661376953,187.18432835170202,207.02711181640626,129.83010102377997,0.06809579081695305,0.06140630287477313,0.054721458706454076,0.06501991433024362,12.469741821289034,2459705761.428571,2826819470.2380953,3039714881.65,2611216815.3944445,0.18125331654902577,0.125280690480571,-0.21810908933719708,-0.929288946809077,1
2021-12-21,180.09254455566406,182.41751098632807,170.49063110351562,173.69439697265625,1821107818.0,0.036970663748311594,173.67178344726562,153.34144592285156,190.59690856933597,231.2826232910156,147.92425537109375,31.18103408813477,178.21375165666853,185.82344999767486,206.75479532877605,130.65738719304403,0.06699936624938053,0.06184771849944388,0.05477337147339128,0.06501836689655827,11.926879882812443,2347857575.857143,2775996620.7619047,2945286323.516667,2617772134.5833335,-0.0816338060119115,-0.014808585775356042,-0.2936671285726934,-0.9326513741315962,0
2021-12-22,178.5971221923828,187.4734344482422,177.42733764648438,179.85833740234375,1889229699.0,-0.008303632818176032,180.09254455566406,178.34078979492188,194.6217041015625,215.73727416992188,149.75357055664062,28.698862075805664,178.2503705705915,183.38525390625,206.43634974161785,131.49015530480278,0.028295858672771474,0.056836376040436766,0.05477704968406012,0.0646745547480981,10.046096801757812,2077206438.857143,2697732735.285714,2922545647.0666666,2624756454.15,0.037406835732995525,-0.044455139248946174,-0.37308028567715723,-0.933958457875452,0
2021-12-23,190.03631591796875,193.2760467529297,176.116455078125,178.5027618408203,2191634326.0,0.06405026903660715,178.5971221923828,176.9546661376953,181.17808532714844,221.8368988037109,139.39564514160156,29.712854385375977,180.11917768205916,181.29207647414435,206.23092193603514,132.38084120220608,0.03658487001524745,0.05883527434232817,0.05532182786908704,0.06476725800705863,17.159591674804688,1995108404.142857,2608091345.1904764,2902188596.2,2633819185.35,0.1600676864015358,-0.09095696077313553,-0.504419104528425,-0.9379794007573337,0
2021-12-24,190.273193359375,197.15771484375,185.01937866210935,190.1028594970703,2286837232.0,0.0012464851271296595,190.03631591796875,175.5032958984375,167.954833984375,214.92153930664065,136.17892456054688,31.929391860961918,182.22916303362166,180.29440016973587,205.9004035949707,133.26052898830838,0.035935250890074315,0.0551938877483847,0.05509890285148014,0.0646041153619645,12.138336181640653,1934415382.142857,2523604504.7619047,2859679613.9166665,2643760762.8166666,0.04343922928682953,-0.10497601233834475,-0.47665657771322334,-0.9398534514822438,0
2021-12-25,193.1209259033203,195.14923095703125,189.0322265625,190.53160095214844,1443209769.0,0.014966546225808619,190.273193359375,182.8351287841797,171.94949340820312,206.25299072265625,135.69937133789062,32.92778015136719,183.6985626220703,179.91326177687873,205.78896484375,134.15049090915255,0.033605291244453904,0.054370548146999695,0.05475579573319935,0.06458832977603926,6.11700439453125,1899102781.142857,2309018985.904762,2830496347.5333333,2649147416.338889,-0.36890577571285577,-0.07561573920111231,-0.5254260442545428,-0.9410322669061666,0
2021-12-26,198.000732421875,200.64419555664065,190.8236846923828,192.92051696777344,1971114647.0,0.025268139616302365,193.1209259033203,180.09805297851562,173.43167114257812,191.51174926757807,136.72842407226562,33.86680221557617,186.25608825683594,180.00052243187315,206.02606709798178,135.06234607696533,0.032375297095932135,0.054356035651348694,0.053791781837310926,0.06458410635224476,9.820510864257841,1940874292.7142856,2240853398.857143,2787470044.2833333,2657476640.6055555,0.3657852720646322,-0.1091808557467161,-0.5216161525552674,-0.9428961149648402,0
2021-12-27,195.42950439453125,204.5785675048828,195.16079711914065,197.88340759277344,1800094698.0,-0.012985952101759457,198.000732421875,173.67178344726562,155.2130584716797,193.10215759277344,131.53721618652344,35.55640411376953,189.3643341064453,180.0591074625651,206.03549245198568,135.950529967414,0.027300663490367773,0.05439198157117303,0.05328947587508079,0.06454728266248207,9.417770385742159,1914746884.142857,2150674430.7619047,2759738978.7833333,2664305032.438889,-0.08676306538551126,-0.1285975713923877,-0.5280239540875045,-0.9432765785309238,0
2021-12-28,177.42562866210938,195.6216583251953,177.0403594970703,195.6216583251953,2826063568.0,-0.0921246553236702,195.42950439453125,180.09254455566406,153.34144592285156,200.67665100097656,135.35145568847656,33.40403366088867,188.98334612165178,179.4319036574591,205.65620702107748,136.750649939643,0.047753058416326426,0.05800925595646079,0.054522851154094595,0.06478676352537421,18.581298828125,2058311991.2857144,2163494132.142857,2765694978.6,2677368356.0333333,0.5699527203429384,-0.05346874025500681,-0.49481654515579343,-0.9450141099760694,0
2021-12-29,170.65756225585938,180.5907745361328,170.44342041015625,177.3890380859375,2175731146.0,-0.03814593448130965,177.42562866210938,178.5971221923828,178.34078979492188,204.31936645507807,141.0690460205078,34.02048110961914,187.84912327357702,178.29075404575892,205.24356536865236,137.5097448348999,0.04978931371365369,0.05827813488211156,0.05465768919243439,0.06488928203108245,10.147354125976562,2099240769.4285715,2158650558.0,2773087036.5833335,2687009646.9555554,-0.2301195307012287,-0.09116402815611357,-0.464934952067262,-0.9434435669775274,0
2021-12-30,172.75119018554688,175.691162109375,168.3984832763672,170.76478576660156,1540637869.0,0.01226800560146657,170.65756225585938,190.03631591796875,176.9546661376953,208.6709899902344,161.682373046875,34.478816986083984,185.37981959751673,177.8894733247303,204.7490681966146,138.27792468600802,0.040785462446132154,0.056456716981164654,0.054474193066259495,0.0648890896998415,7.2926788330078125,2006241275.5714285,2138291308.7142856,2755808259.633333,2693751968.65,-0.2918987845385195,-0.12920223272306253,-0.44299377763676684,-0.9428068974021108,0
2021-12-31,170.299072265625,177.35704040527344,168.31207275390625,172.70384216308594,1567918820.0,-0.01419450666179567,172.75119018554688,190.273193359375,175.5032958984375,229.7992401123047,169.093017578125,34.31060028076172,182.52637372698103,178.00110371907553,204.19496790568033,139.03341619703505,0.04031482907402552,0.054105720052482424,0.05449239117774973,0.06490554739018599,9.044967651367188,1903538645.2857144,2112084281.2857144,2729313362.25,2700776959.2055554,0.01770756876027435,-0.199039578091736,-0.45215393809718374,-0.9415085563476191,0
2022-01-01,178.5179443359375,178.96224975585938,170.19554138183594,170.3108367919922,1084780603.0,0.048261402490161975,170.299072265625,193.1209259033203,182.8351287841797,233.9930419921875,172.5891571044922,32.984588623046875,180.4402335030692,178.31388709658668,203.49960708618164,139.84193483988443,0.046001573561495736,0.05485638862507258,0.053784898241837145,0.06485769579076661,8.766708374023438,1852334478.7142856,2074319348.6190476,2697058251.766667,2705059966.322222,-0.30813981619277964,-0.20168552924982508,-0.44129516745884734,-0.9440830836186482,0
2022-01-02,176.38284301757812,179.43235778808594,175.01231384277344,178.53240966796875,995389409.0,-0.011960149587772029,178.5179443359375,198.000732421875,180.09805297851562,211.22439575195312,166.73191833496094,34.26913833618164,177.35196358816964,178.4544190906343,202.39100748697916,140.63145542144775,0.04328450300406051,0.05493828582174525,0.05199985023518778,0.06484809129789716,4.4200439453125,1712945159.0,2064727961.4285715,2613232223.05,2708560262.8166666,-0.0824048602572589,-0.20151528285228004,-0.3764757436917715,-0.9360880732745727,0
2022-01-03,170.29774475097656,176.3863067626953,167.5339813232422,176.3863067626953,1345778058.0,-0.034499377391230324,176.38284301757812,195.42950439453125,173.67178344726562,201.1248321533203,164.11582946777344,36.59136962890625,173.76171221051897,179.17273748488654,201.10617370605468,141.37426861657036,0.043832028149718795,0.04998538660103469,0.0520614308635141,0.06479735765245848,8.852325439453125,1648042781.857143,2007498475.8095238,2561656919.1833334,2713152070.588889,0.3520116306561989,-0.20166329275409378,-0.4020026462656734,-0.9216428517092176,0
2022-01-04,167.93890380859375,173.735107421875,166.74012756347656,170.28611755371094,1499265336.0,-0.013851275281608122,170.29774475097656,177.42562866210938,180.09254455566406,196.1682586669922,154.1077423095703,33.20372772216797,172.4064658028739,179.86785452706474,199.9639165242513,142.12279737260607,0.029645897283825964,0.05001851982711226,0.05182094036246405,0.064361295080551,6.9949798583984375,1458500177.2857144,1954889914.8095238,2540763492.9,2718713537.6944447,0.11405095891376171,-0.16526873779534224,-0.3958574488708204,-0.9199999961384854,0
2022-01-05,155.0997314453125,171.11045837402344,148.2161102294922,167.94033813476562,2123759721.0,-0.07645144794987191,167.93890380859375,170.65756225585938,178.5971221923828,194.19921875,154.28118896484375,33.2646484375,170.18391854422433,178.76113746279762,198.23333994547525,142.79965894487168,0.038477107858381834,0.038208705431187165,0.05096893996548492,0.06468745976539723,22.89434814453125,1451075688.0,1875840965.4285715,2511663160.2,2728694588.2055554,0.41653359815957214,-0.021899597584404518,-0.27676052887782476,-0.9134793495888088,0
2022-01-06,150.4313507080078,155.10592651367188,146.66766357421875,155.10592651367188,2097172620.0,-0.030099218701424624,155.0997314453125,172.75119018554688,190.03631591796875,190.59690856933597,158.94920349121094,31.78864479064941,166.99537004743303,177.4981224423363,196.57680435180663,143.458785088857,0.037164822277371154,0.038571709517971745,0.05092587336127972,0.06462842892946222,8.438262939453125,1530580652.4285715,1843976777.3809524,2502868211.8333335,2738697954.6666665,-0.012518883721686302,-0.02939088430699921,-0.24288187381075477,-0.9100862842134166,0
2022-01-07,136.40281677246094,150.5209503173828,135.14999389648438,150.4134063720703,2926269672.0,-0.09325538772018815,150.4313507080078,170.299072265625,190.273193359375,194.6217041015625,156.82583618164062,32.17784118652344,162.1530478341239,175.63619486490884,194.70906499226888,144.0378127310011,0.046349771934819706,0.04292571135877448,0.052123668299235267,0.0650908362444579,15.370956420898438,1724630774.142857,1854194933.857143,2495899203.4333334,2753779009.4555554,0.3953403950124048,0.0715249916240599,-0.15471130553360202,-0.9040176126864591,1
2022-01-08,142.51345825195312,147.83731079101562,134.02101135253906,136.40016174316406,2730000333.0,0.04479849921050816,136.40281677246094,178.5179443359375,193.1209259033203,181.17808532714844,148.0487060546875,30.848087310791016,157.0095498221261,173.71611531575522,193.097403717041,144.65817590289646,0.0453802960672994,0.04311627713547291,0.052435077992102744,0.06502730786938554,13.816299438476562,1959662164.142857,1903699808.0,2494410717.45,2767717572.4555554,-0.06707151459006067,0.0371033009192312,-0.17653287096609105,-0.8995187323831164,1
2022-01-09,140.83900451660156,145.44041442871094,138.39410400390625,142.54312133789062,1599123912.0,-0.01174944286588886,142.51345825195312,176.38284301757812,198.000732421875,167.954833984375,144.85813903808594,29.12118911743164,151.9318586077009,171.84663681756882,191.54839502970378,145.27883043289185,0.04539491177911282,0.043106765712766865,0.05239935184600362,0.06485778238334845,7.0463104248046875,2045909950.2857144,1899909800.6666667,2456509414.35,2775502564.4,-0.41424039672452306,0.049826517262954395,-0.1934373417190094,-0.8842475237065989,1
2022-01-10,135.95494079589844,143.56336975097656,130.7969970703125,140.83363342285156,2040883379.0,-0.03467834594164154,140.83900451660156,170.29774475097656,195.42950439453125,171.94949340820312,152.73712158203125,31.2810001373291,147.02574375697546,170.05059669131325,189.9102981567383,145.86035232543946,0.04539743911061019,0.04307827101842731,0.05250573940890365,0.06477114764083423,12.766372680664062,2145210710.4285715,1902666792.142857,2445633189.633333,2784997102.983333,0.2762509294526765,0.029208716598972728,-0.16134435427925853,-0.8808669707539094,1
2022-01-11,140.18385314941406,143.29904174804688,134.13397216796875,135.94090270996094,1554197314.0,0.03110524949486204,135.95494079589844,167.93890380859375,177.42562866210938,173.43167114257812,148.17604064941406,28.45210075378418,143.06073651994978,168.15018281482514,188.43832753499348,146.48108428319296,0.0510192989738486,0.042771734827145455,0.052694137565090005,0.06434824832762578,9.165069580078125,2153058135.857143,1889956768.142857,2421168899.633333,2791798652.638889,-0.23846833680348178,0.010010679117182786,-0.2424034424832502,-0.8833002896782648,1
2022-01-12,151.70310974121094,152.9364776611328,138.5462646484375,140.20375061035156,2242337550.0,0.0821724922878182,140.18385314941406,155.0997314453125,170.65756225585938,155.2130584716797,149.75680541992188,26.37000846862793,142.57550484793526,166.86951555524553,186.93629557291666,147.17737929026285,0.05866621921827586,0.04736387351750476,0.05328037027544658,0.0642562376027132,14.390213012695312,2169997825.714286,1906771427.7142856,2419827921.05,2802174314.983333,0.44276246638784245,-0.10488065045164385,-0.36466772580809814,-0.8904502130604309,0
2022-01-13,146.01004028320312,157.54373168945312,146.01004028320312,151.6905975341797,2177023564.0,-0.03752770439392816,151.70310974121094,150.4313507080078,172.75119018554688,153.34144592285156,162.59620666503906,26.721668243408203,141.94388907296317,164.77302623930433,185.39603754679362,147.84009246826173,0.05932957197796191,0.04490449835434681,0.05342387317696306,0.06436095903808417,11.53369140625,2181405103.428571,1906075677.142857,2427691453.7833333,2812659504.366667,-0.02912763334851165,-0.12879084293160126,-0.3430711677417102,-0.8747452950251199,0
2022-01-14,146.15902709960938,150.469482421875,142.39068603515625,146.02590942382812,1822320951.0,0.0010203874755274622,146.01004028320312,136.40281677246094,170.299072265625,178.34078979492188,157.538818359375,26.751909255981445,143.33763340541296,162.67235165550596,183.87279459635417,148.50346534517075,0.04410247316894768,0.04490131712985964,0.053431862863510426,0.06436105939672719,8.07879638671875,2023698143.2857144,1883955854.2380953,2417820952.9166665,2821503863.0055556,-0.16293007520243818,-0.23394360891972765,-0.3620366505691077,-0.8340885349731978,0
2022-01-15,147.80117797851562,149.35018920898438,144.4191436767578,146.18002319335938,1123271784.0,0.011235370893561747,146.15902709960938,142.51345825195312,178.5179443359375,176.9546661376953,159.74380493164062,24.44757652282715,144.093021937779,160.51426842099144,182.6821637471517,149.1887631310357,0.041531381595714435,0.04479858473038611,0.05266981284152334,0.06394400726918295,4.9310455322265625,1794165493.4285715,1868720712.0952382,2377242532.25,2825733620.638889,-0.38360375905045496,-0.36280367380809464,-0.34754732922732723,-0.8452427336016298,0
2022-01-16,147.8565216064453,151.7723388671875,146.4017791748047,147.78660583496094,1172854751.0,0.0003744464603505637,147.80117797851562,140.83900451660156,176.38284301757812,175.5032958984375,157.2312774658203,23.48955535888672,145.09552437918526,158.12644885835192,181.50118509928384,149.8796907212999,0.04091902870308528,0.04409570800087965,0.052673513409431515,0.06383497284202669,5.3705596923828125,1733269899.0,1830708336.0952382,2347081690.7833333,2829952591.6833334,0.044141558353254284,-0.32652125790447295,-0.29070895801567087,-0.8405375428602389,0
2022-01-17,139.92601013183594,148.20587158203125,137.50003051757812,147.8767852783203,1487772250.0,-0.05363653485450093,147.8565216064453,135.95494079589844,170.29774475097656,182.8351287841797,156.01702880859375,26.62307929992676,145.6628199986049,155.4834253220331,180.57516174316407,150.50915144814385,0.04464681773977839,0.04498431350821579,0.051385633971053654,0.0633720447670371,10.705841064453125,1654254023.4285715,1815835838.5714285,2306690983.983333,2835130380.8166666,0.26850511432169655,-0.34500982585858897,-0.27152286141041115,-0.8364559691286692,0
2022-01-18,141.58718872070312,142.46649169921875,134.8957977294922,139.93276977539062,1449435942.0,0.011871835602987879,139.92601013183594,140.18385314941406,167.93890380859375,180.09805297851562,175.94686889648438,27.70208168029785,145.86329650878906,153.77683294387091,179.34694798787436,151.14184648725723,0.04334265291149255,0.04164757432179453,0.04953719692231422,0.0633338967215824,7.5706939697265625,1639288113.142857,1750282142.0952382,2273654501.116667,2841156874.95,-0.025767591780260668,-0.3310104323089693,-0.340262179630734,-0.8527364388712734,0
2022-01-19,135.79238891601562,142.29408264160156,133.3551788330078,141.5469970703125,1444663456.0,-0.04092743034907209,141.58718872070312,151.70310974121094,155.0997314453125,173.67178344726562,190.3184356689453,28.513879776000977,143.590336390904,152.11658659435454,177.97656656901043,151.73783820470175,0.027613310688725256,0.04174635494067477,0.049682043784407444,0.06343690550178727,8.93890380859375,1525334671.142857,1715469394.952381,2264338243.0333333,2846916365.0555553,-0.003292650514388873,-0.3207421603296444,-0.33674147038696345,-0.8422093785009815,0
2022-01-20,127.20528411865234,143.61740112304688,127.17404174804688,135.7913360595703,984099352.0,-0.06323701104245394,135.79238891601562,146.01004028320312,150.4313507080078,180.09254455566406,196.43153381347656,28.702619552612305,140.90394265311105,149.94773392450242,176.24194424947103,152.28507523006863,0.032354379160597836,0.04296742526741165,0.04940626793682,0.06367484228077798,16.443359375,1354916926.5714285,1688967560.8095238,2236798557.9,2850418301.688889,-0.3188037338988382,-0.29537131506405157,-0.2807165887035312,-0.7991571548602592,0
2022-01-21,111.96605682373048,128.432861328125,107.90899658203124,127.33333587646484,3771688473.0,-0.11980026930883847,127.20528411865234,146.15902709960938,136.40281677246094,178.5971221923828,197.703857421875,28.168773651123047,136.01923261369978,147.1699712844122,174.51242396036784,152.75061569213867,0.048209643382887246,0.04882356055715888,0.05090517669928201,0.0643739119153465,20.523864746093764,1633398001.142857,1793908972.857143,2245422385.05,2869654304.2166667,2.8326297698852665,-0.1844591180676245,-0.18813419403547993,-0.7800419266926804,0
2022-01-22,94.1783676147461,113.58767700195312,89.28715515136719,111.9765396118164,4039466376.0,-0.15886680047139434,111.96605682373048,147.80117797851562,142.51345825195312,190.03631591796875,202.3619842529297,28.306642532348636,128.35883113316126,143.15380096435547,172.3847817738851,153.1165697203742,0.06133723670687397,0.055150502465333796,0.05417364755112053,0.06558774331299669,24.300521850585938,2049997228.5714285,1934608295.3809524,2273934095.1833334,2887964262.961111,0.07099682407943142,0.021715392728229865,-0.11738583476039288,-0.7426926097040161,1
2022-01-23,99.5782241821289,104.51920318603516,93.5934829711914,94.30760192871094,2548191912.0,0.05733648505644018,94.1783676147461,147.8565216064453,140.83900451660156,190.273193359375,210.1042938232422,28.065326690673828,121.46193150111607,139.4964381626674,170.46239318847657,153.51386359532674,0.07337290644205569,0.05817803550191159,0.05486323398149871,0.06567434977520727,10.92572021484375,2246473965.857143,2008551271.7142856,2278171724.6833334,2900034220.5277777,-0.36917610525494815,-0.06307150129747219,-0.13168379786662754,-0.7553902235204223,0
2022-01-24,91.65016174316406,99.77051544189452,81.2260513305664,99.61751556396484,4664539688.0,-0.07961642722674378,99.5782241821289,139.92601013183594,135.95494079589844,193.1209259033203,199.8072509765625,27.815410614013672,114.5653817313058,135.75131516229538,168.55234603881837,153.8685011015998,0.07409551348777497,0.059360639873159524,0.05544757150975449,0.06599360388905585,18.54446411132811,2700297885.571429,2166587539.8095236,2312802075.7,2924194537.538889,0.8305291944588826,0.08825599757591296,-0.07362098833158381,-0.7512751430352866,1
2022-01-25,94.72035217285156,99.70123291015624,87.75712585449219,91.66015625,2842652332.0,0.03349901812820866,91.65016174316406,141.58718872070312,140.18385314941406,198.000732421875,183.77459716796875,31.281137466430664,107.870119367327,132.2647174653553,166.93915608723958,154.22094118330213,0.0777658873826874,0.06078024984516246,0.05519140823566212,0.06544724621407504,11.944107055664048,2899328798.428571,2230558349.142857,2303844235.4333334,2937498108.4333334,-0.39058245354562837,0.16109134410068449,-0.05833597660155876,-0.7405895892337013,1
2022-01-26,92.23804473876952,103.7215576171875,89.80755615234375,94.71883392333984,3177186515.0,-0.02620669557427513,94.72035217285156,135.79238891601562,151.70310974121094,195.42950439453125,194.86398315429688,32.393943786621094,101.64807019914899,129.27130381266275,165.25808753967286,154.5534084108141,0.07834640214585596,0.05963456113752036,0.05517568684594357,0.06546510018664001,13.91400146484375,3146832092.571429,2280721529.8095236,2332744363.4666667,2951716754.633333,0.11768381916920267,0.10407371488007477,0.0039113882955297274,-0.7360015963837359,1
2022-01-27,89.63249206542969,94.05999755859376,86.18603515625,92.21805572509766,2513945822.0,-0.02824813427820483,92.23804473876952,127.20528411865234,146.01004028320312,177.42562866210938,200.1827545166016,36.82731246948242,96.28052847726005,126.37612006777809,163.40735155741373,154.84677051968043,0.07855028526685601,0.05962440669606739,0.054826938732433876,0.06480141966261782,7.873962402343764,3365381588.285714,2300567872.7619047,2340756528.15,2962421074.861111,-0.2087509467476133,0.131944849940119,0.005679540291327001,-0.7276896208901535,1
2022-01-28,91.31289672851562,93.36466979980467,87.5742416381836,89.52909088134766,2156098049.0,0.0187477177568518,89.63249206542969,111.96605682373048,146.15902709960938,170.65756225585938,195.4160614013672,34.25436019897461,93.33007703508649,124.2289810180664,161.52391039530437,155.16376238928902,0.07418513292775873,0.057973558261751636,0.05483251536950868,0.06455046876833573,5.7904281616210795,3134582956.285714,2263893033.571429,2341515959.85,2971673619.961111,-0.14234506164309857,0.22846007257010958,-0.06345046907883023,-0.7373667592870791,1
2022-01-29,96.2234878540039,98.61104583740234,90.96379852294922,91.35469818115234,1727329992.0,0.05377762946331743,91.31289672851562,94.1783676147461,147.80117797851562,172.75119018554688,202.4210205078125,33.22241973876953,93.62223706926618,122.02469671340216,159.64978535970053,155.51376832326252,0.050586783893503635,0.058484959176477315,0.055323303569804985,0.06458037651026258,7.647247314453125,2804277758.571429,2216146826.857143,2322164998.766667,2979006566.077778,-0.19886296785012303,0.1836434628203396,0.03426252586284484,-0.728419871862216,1
2022-01-30,93.29767608642578,97.29832458496094,91.70702362060548,96.2490005493164,1110338981.0,-0.030406419813188923,96.2234878540039,99.5782241821289,147.8565216064453,170.299072265625,203.5450897216797,33.99644088745117,92.72501591273716,119.76082393101284,157.37475929260253,155.8432196299235,0.04587238747568442,0.05854565547112247,0.05335982687467628,0.06463305806706304,5.5913009643554545,2598870197.0,2192871353.952381,2281791126.883333,2982538286.7,-0.3571934800284531,0.23582669738017392,0.05740636811085542,-0.7433342126845237,1
2022-01-31,99.73883819580078,100.7250747680664,89.58599090576172,93.3011703491211,1888454241.0,0.06903882689862795,93.29767608642578,91.65016174316406,139.92601013183594,178.5179443359375,220.23959350585935,35.76362609863281,93.8805411202567,118.03624761672248,155.13718922932944,156.19863747490777,0.041591287235927615,0.06135065551902072,0.054267001571578065,0.06471088956472013,11.139083862304688,2202286561.714286,2185612823.571429,2245363638.9333334,2990731601.361111,0.7007907254586425,0.17662437660488584,0.009131820017319603,-0.7598473422525518,1
2022-02-01,109.9789810180664,112.9801254272461,99.47785949707033,99.72594451904295,3568466349.0,0.10266956190288523,99.73883819580078,94.72035217285156,141.58718872070312,176.38284301757812,242.89881896972656,37.35513687133789,96.06034524100167,116.59792037237258,153.44976565043132,156.60210327572292,0.0537458440085689,0.06574050497877654,0.05511350501070435,0.06503992417966366,13.502265930175767,2305974278.428571,2281530396.6666665,2237153730.0666666,3007250096.672222,0.8896228839044451,0.03288356394116887,-0.13129582630514458,-0.7727442245718311,1
2022-02-02,101.8376007080078,111.95736694335938,97.735595703125,110.01945495605467,3297984784.0,-0.07402669341627388,109.9789810180664,92.23804473876952,135.79238891601562,170.29774475097656,247.3877716064453,39.446102142333984,97.43171037946426,114.22337232317243,151.79497845967612,156.9487227121989,0.0632134735966196,0.06366927116552536,0.05552623670754674,0.0652263997392292,14.221771240234375,2323231174.0,2331799312.571429,2192961715.383333,3022298952.8555555,-0.07579770650654938,0.11961964804168534,-0.13346368438015466,-0.7617279045386227,1
2022-02-03,101.45903778076172,102.66846466064452,94.63531494140624,101.8281021118164,2618951519.0,-0.0037173197779031275,101.8376007080078,89.63249206542969,127.20528411865234,167.93890380859375,236.47433471679688,39.40347290039063,99.12121691022601,112.10189601353237,150.21649144490559,157.29347585042316,0.06099686530228749,0.06354644763552662,0.05549679219030202,0.06522859661006168,8.033149719238281,2338231987.857143,2352843500.904762,2179901041.116667,3033876572.8722224,-0.20589338928860257,0.04675548761775716,-0.11641343769746204,-0.756740283577644,1
2022-02-04,112.17424774169922,112.41033172607422,100.67737579345705,101.34093475341795,3121470028.0,0.10561119241138006,101.45903778076172,91.31289672851562,111.96605682373048,155.0997314453125,258.934326171875,37.673824310302734,102.10140991210938,110.48357318696522,148.84940859476725,157.7073670917087,0.0691263624163047,0.06876537468222929,0.057448219611410105,0.06552397760673204,11.732955932617173,2476142270.571429,2414707742.6666665,2170361324.45,3049226015.7222223,0.19187774395758117,-0.14078423832354725,-0.24633162580206103,-0.7832145461341886,0
2022-02-05,113.89430236816406,118.21311950683594,110.53406524658205,112.20548248291016,2337469324.0,0.015333774561391067,112.17424774169922,96.2234878540039,94.1783676147461,150.4313507080078,249.823486328125,38.76778411865234,104.62581198556083,108.86896006266277,147.57103182474773,158.12473663753934,0.06861914262327803,0.06883507886938314,0.05750397868244447,0.06550753484859147,7.679054260253892,2563305032.285714,2472526673.142857,2166704982.5333333,3060117319.827778,-0.2511639378137255,-0.15783139922860878,-0.2788922342007699,-0.7937259526401906,0
2022-02-06,115.2997589111328,115.86648559570312,112.18635559082033,113.90282440185548,1488437091.0,0.012340007478386372,113.89430236816406,93.29767608642578,99.5782241821289,136.40281677246094,248.46717834472656,40.63979721069336,107.76896667480469,107.31863802955264,146.24899940490724,158.53951420254177,0.06450429704795999,0.06897480691327236,0.05744261613029093,0.06543901977080574,3.6801300048827983,2617319048.0,2487554403.6190476,2153554830.6666665,3065872633.116667,-0.3632271124512948,-0.19128970122222744,-0.2866007568534008,-0.8030664704944295,0
2022-02-07,117.35514831542967,121.55403137207033,113.14046478271484,115.27619171142578,2501444983.0,0.017826484840103296,115.2997589111328,99.73883819580078,91.65016174316406,142.51345825195312,239.213134765625,41.74411392211914,110.28558240618024,106.24383508591424,145.18528378804524,158.95957550472684,0.0625389380978911,0.06844667302614127,0.05694567434166727,0.0654273295823976,8.413566589355483,2704889154.0,2535824533.7619047,2162442545.3166666,3076947437.983333,0.6805849559415473,-0.17827828859936967,-0.24841759581702572,-0.7966739672034292,0
2022-02-08,113.5954818725586,119.96955108642578,110.241943359375,117.4089126586914,2670414753.0,-0.03203665537336098,117.35514831542967,109.9789810180664,94.72035217285156,140.83900451660156,233.77952575683597,41.09936141967773,110.80222538539341,104.91089666457404,144.27929458618163,159.36233172946507,0.05497725526249549,0.06854248825460679,0.05636688742024104,0.06547196744095476,9.727607727050781,2576596068.857143,2593966381.904762,2171645017.9333334,3088850665.477778,0.06754886521523784,-0.07678276859576016,-0.2698733651474725,-0.7958310450395982,0
2022-02-09,114.01937866210938,116.82732391357422,109.97865295410156,113.5340347290039,1844036035.0,0.0037316342389950297,113.5954818725586,101.8376007080078,92.23804473876952,135.95494079589844,234.24075317382807,44.89450073242188,112.54247937883649,103.87408665248326,143.31379267374675,159.74635882907444,0.042596884940179054,0.06816607290306616,0.05625313536955009,0.0651646580965543,6.848670959472656,2368889104.714286,2612984123.7619047,2171081548.7,3096084784.977778,-0.30945706732320466,-0.10600372786479906,-0.2918309495750614,-0.8206258646850385,0
2022-02-10,106.20280456542967,114.78842163085938,106.20280456542967,114.02164459228516,2534257400.0,-0.06855478593550068,114.01937866210938,101.45903778076172,89.63249206542969,140.18385314941406,228.5020904541016,44.11285018920898,113.22016034807477,102.87396857852028,142.1933115641276,160.09130302005343,0.05350775005800565,0.06839876550188555,0.05681004460503113,0.06538387480701291,8.585617065429702,2356789944.857143,2686801173.6666665,2193372363.0333333,3108142691.327778,0.3742992826059388,-0.12045238672336489,-0.2320935583317899,-0.8104559491685975,0
2022-02-11,96.3818817138672,107.84539031982422,95.60428619384766,106.22976684570312,2244853464.0,-0.0924732909996927,106.20280456542967,112.17424774169922,91.31289672851562,151.70310974121094,241.8250274658203,53.74515914916992,110.96410805838448,102.13186500186012,141.2127919514974,160.32817370096842,0.04479790301862428,0.06636033521266495,0.05646262415537555,0.06385623529052414,12.241104125976562,2231559007.142857,2614094744.6666665,2188326633.1666665,3112566007.438889,-0.11419674102559585,-0.06553536200445742,-0.18100713640802968,-0.7838795537010075,0
2022-02-12,95.91820526123048,99.55365753173828,93.49864196777344,96.4014892578125,1722515979.0,-0.004810825897892834,96.3818817138672,113.89430236816406,96.2234878540039,146.01004028320312,238.42552185058597,62.432464599609375,108.3960941859654,102.21471441359748,140.25573794047037,160.51420559353298,0.042706977763443586,0.056239502660125236,0.05645791884601255,0.06277461470918146,6.055015563964844,2143708529.2857144,2503763773.3809524,2173634480.866667,3101028099.7388887,-0.23268221885150187,-0.04609713613164179,-0.15372332475699757,-0.775955161673888,0
2022-02-13,93.24410247802734,97.20621490478516,91.81570434570312,95.89258575439452,1150014559.0,-0.027878991020737875,95.91820526123048,115.2997589111328,93.29767608642578,146.15902709960938,237.55360412597656,64.21070861816406,105.2452861240932,101.91308957054501,138.83745981852215,160.6755022260878,0.03969237733651108,0.055138866465424596,0.051958500147211865,0.06279390445391236,5.390510559082031,2095362453.2857144,2437183899.428571,2129738262.55,3084951835.322222,-0.3323634886292106,-0.02512426471917828,-0.11034495962956359,-0.7770357637089663,0
2022-02-14,96.43327331542967,97.74172973632812,91.20769500732422,93.19368743896484,1787236369.0,0.034202386560092,93.24410247802734,117.35514831542967,99.73883819580078,147.80117797851562,219.2390289306641,72.5433120727539,102.2564468383789,102.14085678827195,137.4954366048177,160.80822423299153,0.0432473867531406,0.0526325775392048,0.05226238439998349,0.06212494853245343,6.534034729003906,1993332651.2857144,2300169455.6666665,2113420192.55,3069839761.6944447,0.5540989068469697,-0.13802406101029896,-0.08845129418399245,-0.7736781887737543,0
2022-02-15,104.87330627441406,105.29197692871094,96.43329620361328,96.43740844726562,2134576044.0,0.0875220001231043,96.43327331542967,113.5954818725586,109.9789810180664,147.8565216064453,218.7152404785156,72.75760650634766,101.01042175292969,102.62433079310826,136.318270111084,160.98664478725857,0.060868177527168936,0.05540723730504834,0.05371843783014737,0.0624400704118855,8.858680725097656,1916784264.2857144,2266451537.1904764,2103801653.5166667,3067990749.7,0.19434456517597876,-0.17552532185106973,-0.16206659792401457,-0.7722594772250801,0
2022-02-16,101.93289947509766,105.34634399414062,98.58037567138672,104.92504119873048,1908954820.0,-0.02803770476752654,104.87330627441406,114.01937866210938,101.8376007080078,139.92601013183594,195.48741149902344,78.72461700439453,99.28378186907086,103.08599054245721,134.96989962259929,161.11557968987358,0.06087966780504213,0.05546237311820096,0.05339699112684473,0.06220961155223877,6.765968322753906,1926058376.4285715,2206059551.714286,2107444267.5833333,3068349077.038889,-0.10569837726521403,-0.16707180221411555,-0.11881210869403647,-0.7813664505852267,0
2022-02-17,93.4104232788086,102.6329345703125,92.6762466430664,101.89823150634766,1872498133.0,-0.08360869003212368,101.93289947509766,106.20280456542967,101.45903778076172,141.58718872070312,215.28001403808597,73.75621032714844,97.456298828125,103.2658920288086,133.52510579427084,161.22476976182725,0.06333250614149998,0.058419450884713627,0.05427124222588882,0.06235049257772782,9.956687927246094,1831521338.2857144,2175514423.6666665,2110674002.0333333,3070345749.05,-0.01909772123365394,-0.045130673922984865,-0.010622705566573964,-0.7519895877736178,0
2022-02-18,90.06546020507812,96.20182037353516,89.70610809326172,93.46298217773438,1669246812.0,-0.03580931288306577,93.4104232788086,96.3818817138672,112.17424774169922,135.79238891601562,218.0152740478516,72.80391693115234,96.553952898298,103.20649028959728,132.1316670735677,161.32066722446018,0.05507804030426419,0.058922291779796125,0.054272288960671135,0.06240689154826688,6.4957122802734375,1749291816.5714285,2152331031.428571,2105445006.2666667,3074236376.6222224,-0.10854554000241556,0.02812802306807427,-0.01610605960494904,-0.7393163609503044,1
2022-02-19,91.49665069580078,92.54096221923828,88.95311737060547,90.0518798828125,1084605729.0,0.015890558794279697,90.06546020507812,95.91820526123048,113.89430236816406,127.20528411865234,231.2826232910156,75.70803833007812,95.92230224609375,102.98140280587333,130.65506884257,161.4083817376031,0.055849843812052484,0.05779425477032126,0.05403467651188926,0.062353419956301434,3.5878448486328125,1658161780.857143,2121725114.142857,2093169971.45,3072638995.977778,-0.35024244395561555,-0.014810239172346362,-0.02994042433827593,-0.7285064375685473,0
2022-02-20,90.9014129638672,93.32028198242188,86.01744079589844,91.44432067871094,1912980153.0,-0.00650556853619233,91.49665069580078,93.24410247802734,115.2997589111328,111.96605682373048,215.73727416992188,70.67090606689453,95.58763231549945,102.86729503813244,129.1934736887614,161.52077344258626,0.05499302542078815,0.05741655951945774,0.0540359961245739,0.06213990856786061,7.3028411865234375,1767156865.7142856,2159946122.3333335,2093565812.35,3071302154.233333,0.7637562681544714,-0.059210986828797996,-0.004273233831012968,-0.7119804181917525,0
2022-02-21,83.12316131591797,95.90409088134766,83.11844635009766,90.88302612304688,2892900595.0,-0.08556799497760326,90.9014129638672,96.43327331542967,117.35514831542967,94.1783676147461,221.8368988037109,71.95156860351562,93.68618774414062,102.07607232956659,127.41158777872721,161.58283784654407,0.0601232409465913,0.05807290601577058,0.05402579580822823,0.06248121529749387,12.78564453125,1925108898.0,2207776901.095238,2105253583.5,3078755819.95,0.5122480964913596,0.1972637471880756,0.14411774667169763,-0.6998603227738953,1
2022-02-22,86.46538543701172,87.16397857666016,81.2048568725586,83.10639953613281,2046554018.0,0.04020809685511462,83.12316131591797,104.87330627441406,113.5954818725586,99.5782241821289,214.92153930664065,75.31620788574219,91.05648476736886,100.95637730189732,125.68145764668783,161.6447777218289,0.047408778259017854,0.05360004759238293,0.054423123197886565,0.06245729907998154,5.9591217041015625,1912534322.857143,2135304885.3333333,2101248863.2666667,3075053061.5055556,-0.2925598544460184,0.14096012323448903,0.18224990649147244,-0.7203349215591619,1
2022-02-23,84.90278625488281,92.73844146728516,84.90278625488281,86.47079467773438,2293962445.0,-0.01807196225670249,86.46538543701172,101.93289947509766,114.01937866210938,91.65016174316406,206.25299072265625,88.08698272705078,88.62361145019531,100.14995756603423,123.87782198588053,161.62708774142794,0.047494105853169856,0.05161292311096316,0.05431707872242359,0.061209581439839886,7.835655212402344,1967535412.142857,2087494297.7619047,2115428074.5333333,3069664029.0555553,0.12089025006131071,0.18546916720478035,0.16201255924268576,-0.7184921513269948,1
2022-02-24,89.19474792480469,92.2793960571289,76.85957336425781,84.86357879638672,5253578948.0,0.050551481985964264,84.90278625488281,93.4104232788086,106.20280456542967,94.72035217285156,191.51174926757807,96.7031707763672,88.02137211390904,99.5659437633696,122.06438891092937,161.5853742811415,0.04686339353280977,0.05314005707963719,0.05470874533585661,0.060895207407283554,15.419822692871094,2450546957.142857,2212952746.7619047,2170135812.883333,3084516798.1944447,1.2901765281514885,0.07113033056212625,0.14092124718179067,-0.74154267742851,1
2022-02-25,92.59882354736328,94.7778091430664,87.27616119384766,89.22813415527344,3069242551.0,0.038164529882728004,89.19474792480469,90.06546020507812,96.3818817138672,92.23804473876952,193.10215759277344,94.46967315673828,88.38328116280692,98.63378070649647,120.35054423014323,161.57498067220052,0.0472586456539623,0.04791673116048984,0.05508564532520105,0.060928936586878535,7.50164794921875,2650546348.428571,2210465724.047619,2191288277.1,3091399567.4166665,-0.4157806361378773,-0.04700755443242555,0.15643176429188732,-0.7567636554096514,0
2022-02-26,90.14156341552734,94.60433197021484,89.75767517089844,92.6088638305664,1721041901.0,-0.02653662366000875,92.59882354736328,91.49665069580078,95.91820526123048,89.63249206542969,200.67665100097656,110.54480743408205,88.189697265625,97.50269789922805,118.89580980936687,161.4616293165419,0.04833057858058229,0.04776901561520373,0.05408720629847808,0.059640984233732125,4.846656799316406,2741465801.571429,2181112037.2380953,2172871249.3166666,3071660332.616667,-0.43926168349280126,-0.005477173787466594,0.1810895185668091,-0.7420048269006397,0
2022-02-27,85.51905059814453,91.98943328857422,84.49292755126953,90.1246337890625,2012522473.0,-0.05128059290556486,90.14156341552734,90.9014129638672,93.24410247802734,91.31289672851562,204.31936645507807,108.48377227783205,87.42078835623605,96.0845689319429,117.47683461507161,161.3340475294325,0.05198845670089418,0.04829759174957408,0.054230443968572364,0.05974935027061149,7.4965057373046875,2755686133.0,2206068484.0,2170151104.766667,3040669379.5666666,0.16936285620392932,-0.011422807771470311,0.3062623018884656,-0.7346487285881458,0
2022-02-28,99.52034759521484,101.0417938232422,84.57584381103516,85.50110626220703,3457872746.0,0.1637213801970585,85.51905059814453,83.12316131591797,96.43327331542967,96.2234878540039,208.6709899902344,111.0330047607422,89.76324353899274,95.23529270717076,116.25632057189941,161.27008832295735,0.07137158328284188,0.06161200707664504,0.05862972827801602,0.060953815429531585,16.465950012207045,2836396440.285714,2251612663.1904764,2202105019.383333,3037799539.8444443,0.7181784513667888,-0.17474096601811162,0.21281214038496876,-0.7797798330937784,0
2022-03-01,98.65355682373048,101.55915832519533,94.89342498779295,99.54046630859376,3225742519.0,-0.008709683923230571,99.52034759521484,86.46538543701172,104.87330627441406,93.29767608642578,229.7992401123047,128.10238647460938,91.50441087995257,94.52377246675037,115.06222864786784,161.10648371378582,0.07237713882257071,0.06132981944721992,0.05862331284136615,0.059875951735751755,6.665733337402372,3004851940.428571,2278056842.5238094,2229735414.366667,3027529222.711111,-0.06713093397335801,-0.16622610080692357,0.24335568656313677,-0.7718639620890377,0
2022-03-02,100.6496353149414,105.98477172851562,97.10579681396484,98.6490707397461,3800592927.0,0.02023321363645736,98.65355682373048,84.90278625488281,101.93289947509766,99.73883819580078,233.9930419921875,146.5830535888672,93.75396074567523,93.88711802164714,113.76442349751791,160.85129805670843,0.07033951185478293,0.061551864651308325,0.0582832646767925,0.058915955652292115,8.878974914550781,3220084866.428571,2371226218.3333335,2274998953.1,3006830439.8777776,0.17820715838727486,-0.12367228914274475,0.3356326458616279,-0.7815702116431273,0
2022-03-03,95.53919982910156,101.4272689819336,94.37796020507812,100.65377044677734,2309311748.0,-0.05077450573813658,100.6496353149414,89.19474792480469,93.4104232788086,109.9789810180664,211.22439575195312,139.11306762695312,94.66031101771763,93.37932731991722,112.41702944437662,160.60922101338704,0.07486730984103479,0.06073870159090446,0.05854473028719276,0.05891506399108772,7.049308776855469,2799475266.428571,2360514520.6190476,2296897658.75,2997602044.233333,-0.3923811909467356,-0.13188422069242645,0.38371336618190255,-0.7760149439641273,0
2022-03-04,88.24597930908203,95.7081298828125,87.554443359375,95.5670394897461,2592829728.0,-0.07633746706132649,95.53919982910156,92.59882354736328,90.06546020507812,101.8376007080078,201.1248321533203,142.0708770751953,94.0384761265346,92.99190339587983,111.04950002034505,160.31019380357532,0.08052267101428508,0.059646631509748416,0.059106417777991554,0.05916333061945354,8.1536865234375,2731416291.714286,2377084818.904762,2317681853.25,2995357108.8055553,0.1227716354214814,-0.0850008606694963,0.5499327069711291,-0.7624045990442981,0
2022-03-05,89.64784240722656,91.0361785888672,86.2888412475586,88.29053497314453,1437161887.0,0.015885858020052046,88.24597930908203,90.14156341552734,91.49665069580078,101.45903778076172,196.1682586669922,164.38092041015625,93.9679445539202,92.69331468854632,109.74464899698893,159.89501003689236,0.08016053747453682,0.05977815680664836,0.05919113024643462,0.057981592822805586,4.747337341308608,2690862004.0,2363496528.8095236,2316646795.766667,2971263059.911111,-0.4457168276497021,-0.0902868874572118,0.4770308422186218,-0.7659889660896102,0
2022-03-06,84.54218292236328,89.8653793334961,84.32964324951172,89.64859008789062,1467561782.0,-0.056952396708788044,89.64784240722656,85.51905059814453,90.9014129638672,112.17424774169922,194.19921875,173.14892578125,93.8283920288086,92.27893756684803,108.56868985493978,159.402750354343,0.08081274004477347,0.06074701426493196,0.05886534139340479,0.0579793527014204,5.535736083984375,2613010476.714286,2378617825.142857,2305710163.45,2884590384.1666665,0.021152728356481854,-0.06631138947865611,0.5005791385757008,-0.7559205244094163,0
2022-03-07,82.13006591796875,86.48308563232422,80.31684875488281,84.55287170410156,2375648176.0,-0.028531520254328258,84.54218292236328,99.52034759521484,83.12316131591797,113.89430236816406,190.59690856933597,191.04139709472656,91.3440660749163,91.59783245268322,107.43033510843912,158.797687403361,0.0371966302564969,0.06037032421835543,0.0588558717777411,0.05746768415159619,6.166236877441406,2458406966.714286,2406637435.0,2310351422.7166667,2824526131.7777777,0.6187721737768721,-0.011648913994228627,0.37444653724419763,-0.7535040100503932,0
2022-03-08,82.2547607421875,84.77989959716797,81.54011535644531,82.11260223388672,2112765959.0,0.0015182603693912888,82.13006591796875,98.65355682373048,86.46538543701172,115.2997589111328,194.6217041015625,188.19580078125,89.00138092041016,90.52075885591053,106.52786750793457,158.20912606981065,0.038197301062258715,0.05650723918815157,0.05780018940935158,0.057461815449449484,3.2397842407226562,2299410315.285714,2405598859.5238094,2296793027.5,2765839982.9722223,-0.1106570491606329,0.008514097006519394,0.4442509509060879,-0.7760470772716007,1
2022-03-09,88.20206451416016,89.48204803466797,82.20623779296875,82.27992248535156,2624860794.0,0.0723034596211809,82.2547607421875,100.6496353149414,84.90278625488281,117.35514831542967,181.17808532714844,179.865234375,87.22315652029855,89.86690957205636,105.62267761230468,157.69988623725044,0.05129680930588466,0.0590913188217874,0.05832262727290932,0.05765031874437513,7.275810241699219,2131448582.0,2439689620.1904764,2295040701.85,2741047406.427778,0.2423812409597801,-0.0033835832247554043,0.24487880229267445,-0.8037670940498084,0
2022-03-10,82.9390869140625,88.45394897460938,81.01934051513672,88.19039916992188,2196400279.0,-0.059669551150389744,88.20206451416016,95.53919982910156,89.19474792480469,113.5954818725586,167.954833984375,178.8678741455078,85.42314038957868,89.36827450706845,104.65767898559571,157.16694853040906,0.05235609514228937,0.05771901784762544,0.05872541270779581,0.05780818233202126,7.434608459472656,2115318372.142857,2455113531.904762,2304995307.9666667,2723430802.366667,-0.16323170965080902,0.05953476922805212,0.3621176429897106,-0.7800356444011733,1
2022-03-11,80.7449951171875,84.05066680908203,80.28123474121094,82.94074249267578,1852734626.0,-0.026454255508604918,82.9390869140625,88.24597930908203,92.59882354736328,114.01937866210938,171.94949340820312,174.53762817382812,84.35157121930804,88.92444283621651,103.73751322428386,156.64587834676107,0.04626396829312611,0.057497789925880984,0.05866948990325034,0.057813108804906525,3.7694320678710938,2009590500.4285715,2463851046.857143,2301859495.4166665,2716986921.9888887,-0.15646767863117728,0.1124161517726614,0.3838930711166004,-0.7742789704412794,1
2022-03-12,81.55381774902344,82.66375732421875,80.72209930419922,80.74752044677734,1036290480.0,0.010017000195022163,80.7449951171875,89.64784240722656,90.14156341552734,106.20280456542967,173.43167114257812,169.26954650878906,83.19528198242188,88.4509746006557,102.76034596761068,156.15856874254015,0.045730836359957304,0.05741214122154195,0.05850057953400364,0.05778371755752687,1.9416580200195312,1952323156.5714285,2461550320.714286,2293227714.85,2686980033.272222,-0.4406697724231986,0.13321674455363453,0.21808036019159904,-0.7509554772933467,1
2022-03-13,78.93607330322266,82.8830337524414,78.00438690185547,81.53121948242188,1316842580.0,-0.032098367900528224,81.55381774902344,84.54218292236328,85.51905059814453,96.3818817138672,155.2130584716797,158.09481811523438,82.3944091796875,87.88119652157738,101.54756202697754,155.71879793802898,0.042562896485641606,0.05773996952732098,0.05738787093918347,0.05763022210070101,4.8786468505859375,1930791842.0,2433162817.2380953,2277802798.6833334,2662074943.1944447,0.27072727716267364,0.12261551438295526,0.30873483480920605,-0.7411359451955282,1
2022-03-14,81.17333984375,82.09930419921875,78.27435302734375,78.92557525634766,1676601058.0,0.0283427645549732,78.93607330322266,82.13006591796875,99.52034759521484,95.91820526123048,153.34144592285156,159.1173858642578,82.25773402622768,87.78834788004558,100.46695035298666,155.28577546013727,0.043625534049274856,0.05509873744007359,0.05746686712457405,0.05767169148316926,3.824951171875,1830927968.0,2375243791.6666665,2269462423.5833335,2649673061.45,0.27319778648105375,0.09342799396064794,0.2935521157281813,-0.7421809442728415,1
2022-03-15,82.95508575439453,85.5193099975586,79.07177734375,81.17005920410156,1627848455.0,0.021949890371324,81.17333984375,82.2547607421875,98.65355682373048,93.24410247802734,178.34078979492188,152.47406005859375,82.35778045654297,87.6211907523019,99.4135513305664,154.89955893622505,0.04448640832269057,0.05457850495112306,0.05758660559991909,0.05762242686621118,6.447532653808594,1761654038.857143,2355305431.5238094,2266221215.3166666,2640854616.911111,-0.029078237048327127,0.09110814783177079,0.21400395048729948,-0.7674526990444022,1
2022-03-16,87.90362548828125,87.90362548828125,81.65324401855469,82.95167541503906,2370877301.0,0.059653241135062984,82.95508575439453,88.20206451416016,100.6496353149414,96.43327331542967,176.9546661376953,147.5930633544922,82.31514630998883,87.76408785865421,98.4152587890625,154.5679509480794,0.04129994910911201,0.05595298324647648,0.058193318444379284,0.057758322450330794,6.2503814697265625,1725370682.7142856,2358968043.714286,2287014640.6,2628049871.4444447,0.45644841429664895,0.08189717423742193,0.1525096461426192,-0.7755434656193216,1
2022-03-17,87.87684631347656,90.75728607177734,86.75122833251953,87.86245727539062,2440062581.0,-0.0003046424383059687,87.90362548828125,82.9390869140625,95.53919982910156,104.87330627441406,175.5032958984375,169.18421936035156,83.02054050990513,87.70133063906715,97.41559753417968,154.11624332004124,0.031991590338963774,0.0548867072553462,0.0581919355505701,0.056690221825434345,4.0060577392578125,1760179583.0,2224991073.857143,2308134771.1,2611522369.616667,0.02918129924767454,0.1632608375931155,0.16364344965886168,-0.7538702899082964,1
2022-03-18,89.82203674316406,91.84861755371094,84.63697814941406,87.86626434326172,2745357460.0,0.02213541463184243,87.87684631347656,80.7449951171875,88.24597930908203,101.93289947509766,182.8351287841797,152.51669311523438,84.3172607421875,87.56910269601005,96.58053131103516,153.76793967352972,0.02812272404818355,0.054448971011783615,0.05798367767583509,0.056254840140198416,7.211639404296875,1887697130.7142856,2209567974.285714,2329094524.6,2608160298.2388887,0.12511764303802497,0.0983730443006181,0.11787376602735344,-0.7640233662109576,1
2022-03-19,92.41815185546876,94.36089324951172,89.39261627197266,89.8204574584961,1951674158.0,0.028902875134394934,89.82203674316406,81.55381774902344,89.64784240722656,93.4104232788086,180.09805297851562,132.13446044921875,85.86930847167969,87.67751166934059,95.76104736328125,153.54729351467557,0.028394529608473565,0.05444658309491509,0.05811269687748748,0.05541825827961742,4.9682769775390625,2018466227.5714285,2220550462.714286,2337465161.5333333,2587760336.616667,-0.28910016766996893,0.10112765729811324,0.10539465611397314,-0.7629967502190956,1
2022-03-20,88.61486053466797,92.43592071533205,88.15045928955078,92.41366577148438,1286133603.0,-0.041153077014012385,92.41815185546876,78.93607330322266,84.54218292236328,90.06546020507812,173.67178344726562,123.9503936767578,87.25199236188617,87.82493119012742,94.97475522359213,153.3509849972195,0.031149374104255657,0.05398886456408834,0.058115041231802424,0.05531103045980041,4.285461425781264,2014079230.857143,2185960516.5238094,2334822997.3166666,2565772446.5277777,-0.3410100770520117,0.20842283382409565,0.22532530768381065,-0.7497432829323851,1
2022-03-21,88.7572021484375,91.0119857788086,87.2076416015625,88.6050033569336,1598537312.0,0.0016062950718502833,88.61486053466797,81.17333984375,82.13006591796875,91.49665069580078,180.09254455566406,147.92425537109375,88.3354012625558,87.31240045456659,94.33395385742188,153.02227914598254,0.03117667592288973,0.03951297640699017,0.05762246230598978,0.053370599555324506,3.8043441772460938,2002927267.142857,2097420733.952381,2345063629.983333,2547140860.1555557,0.24290144373126998,0.19951117385665484,0.1886021539020133,-0.7451669666028973,1
2022-03-22,90.51296997070312,93.76680755615234,88.18277740478516,88.74190521240234,1879747152.0,0.01978169410217867,88.7572021484375,82.95508575439453,82.2547607421875,90.9014129638672,178.5971221923828,149.75357055664062,89.41509900774274,86.92475346156529,93.97640240987143,152.69316469828289,0.031086542802006137,0.03985562293271376,0.0556664189513775,0.05338416461994791,5.5840301513671875,2038912795.2857144,2033325716.4761906,2313531274.633333,2538754944.088889,0.17591696977542925,0.23419120956705308,0.12443706508146346,-0.7626805757993533,1
2022-03-23,95.1026840209961,96.05184173583984,89.81146240234375,90.51393127441406,2099467745.0,0.050707805210441714,90.51296997070312,87.90362548828125,88.20206451416016,83.12316131591797,190.03631591796875,139.39564514160156,90.44353594098773,86.66061292375836,93.99180768330892,152.44709269205728,0.02895742381135893,0.04128564823516682,0.052119542372376315,0.0532814731726336,6.240379333496094,2000140001.5714285,1952319755.4285715,2281197964.116667,2529016705.827778,0.11688837659161933,0.269149099431951,0.057930740369725786,-0.7663916846278618,1
2022-03-24,102.22369384765624,103.45579528808594,94.06550598144533,95.02090454101562,3601646600.0,0.07487706472183286,95.1026840209961,87.87684631347656,82.9390869140625,86.46538543701172,190.273193359375,136.17892456054688,92.49308558872768,86.97892216273716,94.03589884440105,152.25845252143012,0.036687323775117596,0.04291802632119053,0.052486058146638155,0.05355138031468768,9.39028930664061,2166080575.714286,2013859510.2857144,2298755542.25,2537708592.7777777,0.7155046123368758,0.19993179917042503,-0.014470771115687175,-0.7977097567339549,1
2022-03-25,98.6581039428711,104.5829620361328,97.31824493408205,102.23835754394533,2175497007.0,-0.03488026865962146,102.22369384765624,89.82203674316406,80.7449951171875,84.90278625488281,193.1209259033203,135.69937133789062,93.75538090297154,87.47473762148903,94.15269788106282,152.0526677025689,0.0426092032762312,0.039878725439100794,0.05162089200718358,0.053613304343784994,7.264717102050753,2084671939.5714285,1993986523.5714285,2257271497.5666666,2534938116.1,-0.3959715517341429,0.36259398212788096,0.005855475641881602,-0.7927524965558413,1
2022-03-26,101.7641830444336,103.19357299804688,97.82968139648438,98.666748046875,1282869612.0,0.03148326368973309,98.6581039428711,92.41815185546876,81.55381774902344,89.19474792480469,198.000732421875,136.72842407226562,95.0905282156808,88.0517062232608,94.27009506225586,151.85842191908094,0.04276783163420434,0.0402143656905962,0.05160103962343606,0.05366262945824492,5.3638916015625,1989128433.0,1986639272.3809524,2231275118.9,2526136020.1222224,-0.41030964056849195,0.2990706930760618,-0.00507593282120411,-0.793881122485509,1
2022-03-27,107.08422088623048,107.29871368408205,99.26909637451172,101.77369689941406,1572329892.0,0.05227809709309983,101.7641830444336,88.61486053466797,78.93607330322266,92.59882354736328,195.42950439453125,131.53721618652344,97.72900826590401,89.12513660249256,94.51753133138021,151.72257194519042,0.03658951600754283,0.03858439546800759,0.051855546988675214,0.05372948218798889,8.029617309570327,2030013617.142857,1991628230.0,2204527508.516667,2521412614.7388887,0.2256349961776163,0.27726875591837197,-0.10554375354407697,-0.8139625561682058,1
2022-03-28,106.46525573730467,113.17594909667967,105.47787475585938,107.07796478271484,2877146388.0,-0.005780171381023713,107.08422088623048,88.7572021484375,81.17333984375,90.14156341552734,177.42562866210938,135.35145568847656,100.25873020717076,90.28395516531808,94.79807739257812,151.56209305657282,0.03757021407771838,0.03769800031652185,0.05170114055855913,0.053688173613529004,7.698074340820298,2212672056.571429,2015509097.2380953,2210580851.2833333,2523907288.8944445,0.8298617883173844,0.24371680936498863,-0.07595330118052701,-0.8077241513093805,1
2022-03-29,111.71031188964844,115.27571868896484,105.99919128417967,106.32798767089844,3052274877.0,0.04926542575810422,106.46525573730467,90.51296997070312,82.95508575439453,85.51905059814453,170.65756225585938,141.0690460205078,103.28692190987724,91.68660045805431,95.13803431193034,151.39898897806805,0.03828200769544057,0.03839758669301995,0.05199628280896516,0.053721517099420524,9.27652740478517,2380176017.285714,2060247617.142857,2225517131.75,2528395615.3777776,0.06086881422871837,0.13563585918790033,-0.12106833899577463,-0.8110159482653232,1
2022-03-30,120.6994857788086,124.6050033569336,107.76725769042967,111.69025421142578,3908170428.0,0.08046861330080257,111.71031188964844,95.1026840209961,87.90362548828125,99.52034759521484,172.75119018554688,161.682373046875,106.94360787527901,93.23409670875186,95.54596761067708,151.1713062710232,0.04226346162731396,0.039038812948949474,0.052534874170315694,0.052941998732194434,16.83774566650392,2638562114.857143,2121357599.7142856,2261864472.35,2525732738.2,0.28041234341293575,-0.06475670566270997,-0.22111229966670098,-0.8297337702902778,0
2022-03-31,122.66146087646484,128.93011474609375,120.19783020019533,120.68155670166016,4115229587.0,0.016255041063320874,120.6994857788086,102.22369384765624,87.87684631347656,98.65355682373048,170.299072265625,169.093017578125,109.86328887939453,95.12563832600911,96.0353640238444,150.9133531782362,0.03880052385600463,0.035011056325574594,0.05234506752090286,0.0528440235645815,8.732284545898423,2711931113.0,2212730423.904762,2311945982.45,2529308132.672222,0.05298109762986014,-0.031509036582405225,-0.30625372143139573,-0.8274071103045172,0
2022-04-01,134.43093872070312,137.55841064453125,118.78791046142578,122.7361068725586,4434807484.0,0.09595090226498759,122.66146087646484,98.6581039428711,89.82203674316406,100.6496353149414,178.5179443359375,172.5891571044922,114.97369384765625,97.68211183093842,96.61356569925944,150.70136307610406,0.03537730546313523,0.03712375851333496,0.05300639855430576,0.053307544669423314,18.77050018310547,3034689752.571429,2335686274.285714,2354385203.1666665,2536448285.616667,0.07765736764955866,-0.1832171858871432,-0.33295482689914013,-0.8439671592698624,0
2022-04-02,132.19886779785156,143.02001953125,132.13919067382812,134.45358276367188,3394186456.0,-0.016603848370715935,134.43093872070312,101.7641830444336,92.41815185546876,95.53919982910156,176.38284301757812,166.73191833496094,119.32150595528739,100.09378088088263,96.9838971455892,150.50951279534235,0.04254199619882913,0.038109983799001365,0.05154932594016169,0.05326149399614741,10.880828857421875,3336306444.571429,2447967035.047619,2351480538.2833333,2538032432.038889,-0.23464852347128407,-0.14543297184775472,-0.3375055475176265,-0.844650894499344,0
2022-04-03,136.77532958984375,140.26370239257812,131.2261505126953,132.24107360839844,2585967812.0,0.03461801048848745,132.19886779785156,107.08422088623048,88.61486053466797,88.24597930908203,170.29774475097656,164.11582946777344,123.56309291294643,102.84803118024554,97.56619262695312,150.35762112935384,0.04213348923103859,0.03592252761870589,0.050649537510316214,0.05331005527239429,9.037551879882812,3481111861.714286,2508401569.904762,2339613588.75,2538281767.5555553,-0.2381185166098606,-0.18302197037208268,-0.3723840624884256,-0.8505355428802456,0
2022-04-04,132.41262817382812,137.63351440429688,126.86532592773438,136.7607879638672,2828117206.0,-0.03189684447552288,136.77532958984375,106.46525573730467,88.7572021484375,89.64784240722656,167.93890380859375,154.1077423095703,127.26986040387835,105.28799729120163,98.0820858001709,150.2370927174886,0.047319069719212195,0.03815589691807262,0.05087293108815366,0.053166863220050965,10.7681884765625,3474107692.857143,2563235672.1904764,2343099683.5333333,2535884013.772222,0.09363975563667992,-0.24977621040554765,-0.2993806375214715,-0.8419741382429682,0
2022-04-05,126.86223602294922,136.18284606933594,126.56397247314452,132.3878631591797,2239922210.0,-0.041917392830482014,132.41262817382812,111.71031188964844,90.51296997070312,84.54218292236328,155.0997314453125,154.28118896484375,129.4344209943499,107.37881397065662,98.3268856048584,150.08476520114476,0.05403424201703101,0.04080222866821857,0.04950907570267669,0.05326101064584872,9.61887359619142,3358057311.857143,2592382041.4761906,2328407219.9,2533999207.961111,-0.2079811242448203,-0.18568052957625236,-0.3331662265178189,-0.8347340556974473,0
2022-04-06,112.88338470458984,127.28115844726562,112.773681640625,126.8579559326172,3281009143.0,-0.11018922381149432,126.86223602294922,120.6994857788086,95.1026840209961,82.13006591796875,150.4313507080078,158.94920349121094,128.31783512660436,108.56832631429036,98.31003697713216,149.82884398566353,0.06512526694593358,0.0488422337637436,0.05159744273345538,0.05384552015491689,14.507476806640625,3268462842.571429,2635721653.0,2344132883.55,2536772321.811111,0.46478709320892,-0.06981930272209402,-0.27567633656218893,-0.8174210628371427,0
2022-04-07,118.79651641845705,119.76071166992188,111.95746612548828,112.93579864501952,2431083313.0,0.052382657814004974,112.88338470458984,122.66146087646484,102.22369384765624,82.2547607421875,136.40281677246094,156.82583618164062,127.7657002040318,110.04069155738468,98.36831626892089,149.61756998697916,0.06867340862111421,0.0494671590038659,0.05200201426415095,0.05398033865205094,7.803245544433594,3027870517.714286,2635294068.8095236,2359843653.9166665,2541822652.3055553,-0.25904402973496987,-0.1522663723226736,-0.3351368903153108,-0.8276890534951198,0
2022-04-08,109.8008804321289,122.25411987304688,108.5411605834961,118.81621551513672,2376864565.0,-0.07572306206893553,118.79651641845705,134.43093872070312,98.6581039428711,88.20206451416016,142.51345825195312,148.0487060546875,124.2471204485212,110.99206506638299,98.24241180419922,149.40508206685385,0.057369186630841354,0.05328584496240315,0.05290839942166993,0.05411448927660933,13.712959289550781,2733878672.142857,2617746788.095238,2357767313.616667,2546377647.9944444,-0.022302299435840056,-0.07733184007777749,-0.3149400621366817,-0.8175201386954438,0
2022-04-09,112.97279357910156,113.1148910522461,108.63433837890624,109.79875946044922,1202250516.0,0.028887866240137283,109.8008804321289,132.19886779785156,101.7641830444336,82.9390869140625,140.83900451660156,144.85813903808594,121.5005384172712,111.97085752941314,98.23203366597494,149.22794125874836,0.06119825451535027,0.053285592549820855,0.05286271435497509,0.05413392968902637,4.480552673339858,2420744966.428571,2582059948.0,2333297909.6666665,2542769066.4888887,-0.4941863605930782,-0.09485006655379635,-0.4399567248373636,-0.8203154535146551,0
2022-04-10,111.74243927001952,115.8083267211914,110.0778350830078,112.97270965576172,1280232450.0,-0.010890713331086821,112.97279357910156,136.77532958984375,107.08422088623048,80.7449951171875,135.95494079589844,152.73712158203125,117.92441122872489,113.07217080252511,98.19408467610677,149.00019302368165,0.05660601164936811,0.052203645600449114,0.05288488891956507,0.05398647769569554,5.730491638183608,2234211343.285714,2581778940.714286,2323901183.25,2534025955.4333334,0.06486329842423633,-0.10141841235724636,-0.4024996065560562,-0.8131206300838334,0
2022-04-11,99.33910369873048,111.83113861083984,98.6708526611328,111.69898986816406,2272498194.0,-0.11099932713404481,111.74243927001952,132.41262817382812,106.46525573730467,81.55381774902344,140.18385314941406,148.17604064941406,113.19962201799665,113.57607087634858,98.07968966166179,148.72887670728895,0.06500721645283677,0.058742874969975586,0.05410133697878825,0.05457035758180224,13.160285949707045,2154837198.714286,2613872316.047619,2319538529.8166666,2534955242.338889,0.7750668591473369,0.02838184949589384,-0.4945510086920125,-0.7682802986811259,1
2022-04-12,103.30638885498048,109.11756134033205,98.935302734375,99.38467407226562,2317008207.0,0.03993679234596015,99.33910369873048,126.86223602294922,111.71031188964844,78.93607330322266,151.70310974121094,149.75680541992188,109.83450099400112,114.18528129940941,98.19509811401367,148.47081883748373,0.0713145002241141,0.05912468137793167,0.05294008377339153,0.054648087704995754,10.182258605957045,2165849484.0,2634694271.047619,2320741108.866667,2537004725.6666665,0.019586379922113206,0.05106791993693016,-0.5674653772088705,-0.7678235968561158,1
2022-04-13,105.00194549560548,105.67684936523438,100.48845672607422,103.28101348876952,1675840412.0,0.016412892362399623,103.30638885498048,112.88338470458984,120.6994857788086,81.17333984375,146.01004028320312,162.59620666503906,108.70858110700335,114.65667470296223,98.34649378458658,148.15085071987576,0.06205113289843684,0.05835500228991074,0.05296111247778453,0.054279450117120605,5.188392639160156,1936539665.2857144,2614521540.904762,2319963182.75,2524256122.383333,-0.2767222805093845,0.00471473314143922,-0.5372128449012794,-0.7673156618031994,1
2022-04-14,100.70780181884766,107.3296356201172,99.25684356689452,104.94060516357422,1686576071.0,-0.04089584870537033,105.00194549560548,118.79651641845705,122.66146087646484,82.95508575439453,146.15902709960938,157.538818359375,106.12447902134487,114.58448936825707,98.47088877360027,147.83512285020618,0.056551941635395224,0.057013393436263396,0.05311569362279697,0.05431472328118673,8.072792053222685,1830181487.857143,2523327706.1904764,2328905874.616667,2525117640.5833335,0.006406134452377588,0.01060827927451058,-0.4795117762740878,-0.7540138718465561,1
2022-04-15,101.30977630615234,102.67264556884766,100.10089874267578,100.70652770996094,1050639351.0,0.005977436468998842,100.70780181884766,109.8008804321289,134.43093872070312,87.90362548828125,147.80117797851562,159.74380493164062,104.91146414620536,114.71075948079427,98.55216382344564,147.51048935784235,0.05182458733617315,0.056426708553036095,0.05295640321462051,0.05430562901166527,2.571746826171875,1640720743.0,2469763055.904762,2316629257.65,2518905425.1,-0.37705783387697545,-0.006887029209929119,-0.4194907701141851,-0.7623193041579199,0
2022-04-16,102.25731658935548,103.27172088623048,100.9647216796875,101.29869079589844,774939305.0,0.009352900754017401,101.30977630615234,112.97279357910156,132.19886779785156,87.87684631347656,147.8565216064453,157.2312774658203,103.38068171909877,114.73424203055245,98.50856399536133,147.2050784640842,0.049855978362513896,0.056069966543443726,0.05176989185268332,0.05429995977269012,2.306999206542983,1579676284.2857144,2445575898.428571,2293968645.3333335,2513772428.133333,-0.26241168840438756,-0.014794818292016898,-0.47537776976634694,-0.7519793411524867,0
2022-04-17,100.40969848632812,105.2945556640625,99.95817565917967,102.2484359741211,1057908299.0,-0.018068321804756704,102.25731658935548,111.74243927001952,136.77532958984375,89.82203674316406,139.92601013183594,156.01702880859375,101.76171875,114.4164076305571,98.48317731221518,146.89614885118272,0.04987880885453235,0.05499172258517053,0.05169140558190758,0.054312673319266785,5.336380004882827,1547915691.2857144,2421079632.095238,2279784536.65,2511866904.5277777,0.3651498797057402,-0.011691145742312559,-0.4310746225562082,-0.7554136115311263,0
2022-04-18,102.15853118896484,102.51702880859376,95.2427749633789,100.40795135498048,1846133932.0,0.01741696996406028,100.40969848632812,99.33910369873048,132.41262817382812,92.41815185546876,141.58718872070312,175.94686889648438,102.16449410574776,114.21132550920758,98.62897911071778,146.4862136416965,0.026331571787924293,0.055136204328051594,0.05051884162291558,0.05346789621516123,7.274253845214858,1487006511.0,2371983800.857143,2279345133.3,2503704832.9,0.7450793549356587,-0.00891649763038005,-0.512951001271609,-0.7567242847582505,0
2022-04-19,108.58203125,108.58203125,101.30172729492188,102.20238494873048,1711909607.0,0.06287776445369464,102.15853118896484,103.30638885498048,126.86223602294922,88.61486053466797,135.79238891601562,190.3184356689453,102.91815730503627,114.06235976446243,98.93758862813314,146.0321225060357,0.03226474959357498,0.05582608173268178,0.050847859745432565,0.05332246261696373,7.280303955078125,1400563853.857143,2308156883.2380953,2280056179.883333,2475072022.6,-0.07270562697181382,-0.11788212869194525,-0.5191287433783323,-0.7908232600696568,0
2022-04-20,105.49700164794922,110.72297668457033,104.7726593017578,108.6021957397461,1761531528.0,-0.0284119717280642,108.58203125,105.00194549560548,112.88338470458984,88.7572021484375,127.20528411865234,196.43153381347656,102.98887961251395,113.33843194870721,99.17092781066894,145.52693066067167,0.034584738313860844,0.05297797629614475,0.05099942135838681,0.05329887653712126,5.950317382812528,1412805441.857143,2205935983.2380953,2291338276.5333333,2443264857.1666665,0.02898629740559655,-0.06747237773330828,-0.5304273240465174,-0.7897434049603177,0
2022-04-21,101.77613830566406,109.76532745361328,100.76715087890624,105.49767303466795,1838571747.0,-0.035269849229477956,105.49700164794922,100.70780181884766,118.79651641845705,90.51296997070312,111.96605682373048,197.703857421875,103.14149911063058,112.34389277866909,99.35217323303223,144.99399888780383,0.0334921267102878,0.053136051364257614,0.05123115944328565,0.05335244491811218,8.998176574707045,1434519109.857143,2097523705.142857,2290098136.4333334,2435403198.616667,0.04373479428294402,-0.03527750595539625,-0.5056013859668087,-0.7909319841181432,0
2022-04-22,100.61205291748048,103.4981460571289,99.57942962646484,101.7574234008789,1274793594.0,-0.011437704432128104,101.77613830566406,101.30977630615234,109.8008804321289,95.1026840209961,94.1783676147461,202.3619842529297,103.04182434082033,110.7334696451823,99.64365475972494,144.42872149149576,0.03379136515092169,0.0475592459131123,0.049932283830264934,0.05332156754171378,3.9187164306640625,1466541144.5714285,1947046853.2380953,2263129686.4166665,2423523955.3722224,-0.3066391909480376,-0.0656055394598326,-0.47565745028425954,-0.7831642694709953,0
2022-04-23,100.74443817138672,102.77123260498048,98.78157043457033,100.61978149414062,823252482.0,0.0013157991519645584,100.61205291748048,102.25731658935548,112.97279357910156,102.22369384765624,99.5782241821289,210.1042938232422,102.82569885253906,109.23563966296967,99.88163897196452,143.82116673787434,0.03353613829129493,0.047644356067658926,0.049711574535470655,0.05323499186035516,3.9896621704101562,1473443027.0,1824621425.9047618,2242741327.483333,2401223268.2222223,-0.35420723333192405,-0.15532873524918067,-0.5130564890352165,-0.7867858596606152,0
2022-04-24,99.2357940673828,102.21668243408205,99.00851440429688,100.72718811035156,818266008.0,-0.014974961708927426,100.74443817138672,100.40969848632812,111.74243927001952,98.6581039428711,91.65016174316406,199.8072509765625,102.65799822126117,107.44804273332868,100.12052243550619,143.26243642171224,0.03330336794901348,0.0464457020623862,0.04969012854313474,0.05312980060422914,3.2081680297851705,1439208414.0,1740445149.5238094,2218146386.866667,2388023602.977778,-0.006057040955267934,-0.09637938979785843,-0.49964288553408864,-0.7844419988446252,0
2022-04-25,101.24763488769533,101.44058990478516,94.75575256347656,99.2414093017578,1538486689.0,0.020273338256823425,99.2357940673828,102.15853118896484,99.33910369873048,101.7641830444336,94.72035217285156,183.77459716796875,102.52787017822266,105.96399543398903,100.3214038848877,142.80395329793294,0.033585963219031775,0.04683979487661862,0.049360024481346555,0.052835290743747085,6.684837341308594,1395258807.857143,1679034172.5238094,2156228182.55,2371278013.2388887,0.8801791519610576,-0.13498209970363362,-0.5260884291971881,-0.7834294722294856,0
2022-04-26,95.78215026855467,101.74248504638672,95.17789459228516,101.2248764038086,1301074534.0,-0.053981355961578825,101.24763488769533,108.58203125,103.30638885498048,107.08422088623048,92.23804473876952,194.86398315429688,100.6993157523019,104.48399135044643,100.37445933024088,142.25349867078992,0.02445988076727015,0.047301710897759405,0.049689385191868406,0.052769800923639705,6.5645904541015625,1336568083.142857,1634327140.3333333,2126758715.6,2359261990.4944444,-0.15431537802534734,-0.10377480075046441,-0.5459361601764103,-0.7777977177327586,0
2022-04-27,98.37886810302734,100.54492950439452,95.28350067138672,95.7855224609375,1253566599.0,0.027110665475685858,95.78215026855467,105.49700164794922,105.00194549560548,106.46525573730467,89.63249206542969,200.1827545166016,99.68243953159877,103.79330008370536,100.51174774169922,141.68792152404785,0.028925621009894657,0.04230383365632812,0.04965409520622742,0.052769220922436466,5.261428833007798,1264001664.7142856,1537782257.2857144,2118967460.5666666,2352511229.4944444,-0.03651438388694184,-0.05700428431337956,-0.5834334454076728,-0.7729175480031936,0
2022-04-28,98.18572998046876,100.40122985839844,96.69452667236328,98.38214874267578,1307131609.0,-0.0019632074070654593,98.37886810302734,101.77613830566406,100.70780181884766,111.71031188964844,91.31289672851562,195.4160614013672,99.16952405657086,102.81183406284877,100.72285906473796,141.14775301615398,0.02664209552235556,0.04018528833195687,0.04915166494716933,0.052745169502242506,3.7067031860351562,1188081645.0,1484260747.5714285,2107210946.1666667,2350149695.838889,0.04273008713117443,-0.13840816199667438,-0.5483746717018666,-0.762019519169503,0
2022-04-29,94.01134490966795,98.56856536865234,92.88426971435548,98.1829605102539,1234575023.0,-0.04251519107339918,98.18572998046876,100.61205291748048,101.30977630615234,120.6994857788086,96.2234878540039,202.4210205078125,98.22656576974052,102.05995141892205,100.63104235331217,140.54547704060872,0.03027292864105352,0.03799046226931319,0.04477216112119063,0.05275086010028886,5.684295654296861,1182336134.857143,1429866007.4761906,2070155984.1166666,2342689754.3777776,-0.05550824836644275,-0.13027404480754523,-0.5222957973195652,-0.7534021370276788,0
2022-04-30,85.09593200683594,94.92884826660156,82.90953826904297,94.01355743408205,1293033765.0,-0.09483337262538383,94.01134490966795,100.74443817138672,102.25731658935548,122.66146087646484,93.29767608642578,203.5450897216797,95.9910648890904,100.73248182024274,100.40508193969727,139.88742616441516,0.04357240541825239,0.04162190518064937,0.04640831115142186,0.05319018153369594,12.019309997558594,1249447746.7142856,1434189019.3333333,2037944171.55,2332330982.7222223,0.04735130786782493,-0.07183082125078921,-0.4455734575468898,-0.7316908864453338,0
2022-05-01,89.6715087890625,92.4301300048828,84.94415283203125,85.09468841552734,1426749080.0,0.05376963004364299,85.09593200683594,99.2357940673828,100.40969848632812,134.43093872070312,99.73883819580078,220.23959350585935,94.62473842075893,99.68148513067337,100.22211316426595,139.1620479159885,0.05250890120448837,0.044070519004373185,0.04687277165796912,0.052977922845838854,7.485977172851548,1336373899.857143,1441166001.7142856,1998380107.4333334,2323479104.1,0.10341208297835913,-0.16115848454033477,-0.4896055396282819,-0.7548091517841949,0
2022-05-02,87.58101654052734,90.69336700439452,85.40721893310547,89.67205810546875,1265220129.0,-0.02331278102449119,89.6715087890625,101.24763488769533,102.15853118896484,132.19886779785156,109.9789810180664,242.89881896972656,92.67236437116351,99.12157621837798,100.08947677612305,138.2991712358263,0.050426123369790646,0.03765753578427877,0.04650948375683875,0.052392916153464655,5.286148071289048,1297335819.857143,1393200379.5714285,1980978580.45,2297036154.0833335,-0.11321468733661277,-0.27758713224075193,-0.5402009457098831,-0.745778488440922,0
2022-05-03,85.84237670898438,88.68785858154297,84.92210388183594,87.562744140625,1011988792.0,-0.01985178866630799,87.58101654052734,95.78215026855467,108.58203125,136.77532958984375,101.8376007080078,247.3877716064453,91.25239671979632,98.28995659237816,100.04941673278809,137.40169681972927,0.048121319180262585,0.03630249164709878,0.04550662946401468,0.05237777807482414,3.7657546997070312,1256037856.7142856,1331056597.9047618,1954631231.5166667,2277990001.3166666,-0.2001480463325762,-0.2222238713803596,-0.5236461576965696,-0.7411767570851685,0
2022-05-04,92.7708511352539,92.93719482421876,85.72806549072266,85.84172821044922,1428455342.0,0.08071158665326639,85.84237670898438,98.37886810302734,105.49700164794922,132.41262817382812,101.45903778076172,236.47433471679688,90.45125143868583,97.70752352759952,100.10146687825521,136.60334413316514,0.058905009457673164,0.040897877522229314,0.04663208013233699,0.05267578530668419,7.209129333496108,1281021962.857143,1319276356.4761906,1954486122.4333334,2270632137.0333333,0.4115327692285351,-0.4587648043806485,-0.5875943827710328,-0.7657631861611931,0
2022-05-05,84.59602355957031,95.03282165527344,81.83486938476562,92.76979064941406,1805979399.0,-0.08811849277706019,92.7708511352539,98.18572998046876,101.77613830566406,126.86223602294922,112.17424774169922,258.934326171875,88.5098648071289,96.94029599144345,100.10236422220866,135.63479800754124,0.06625454297542377,0.04413559699460341,0.04746210535278205,0.05252526546473768,13.197952270507812,1352285932.857143,1324962229.2380953,1960126416.05,2259166579.9,0.26428831612714143,-0.4718003511850919,-0.5397957913704425,-0.7301751325962715,0
2022-05-06,81.76410675048828,84.64693450927734,80.46861267089844,84.58849334716797,1585081920.0,-0.03347576741698588,84.59602355957031,94.01134490966795,100.61205291748048,112.88338470458984,113.89430236816406,249.823486328125,86.76025935581752,96.00954982212612,100.09626490275065,134.70113478766547,0.06581016708248111,0.044379837271744,0.047518735557960094,0.052519896360230384,4.178321838378906,1402358346.7142856,1350411875.3809524,1946950311.7833333,2253389982.111111,-0.12231450653441256,-0.40568602083515093,-0.5293713203853508,-0.7312480609051892,0
2022-05-07,78.9834213256836,82.1807861328125,77.88323211669922,81.76667022705078,1139093165.0,-0.03400863209195493,81.76410675048828,85.09593200683594,100.74443817138672,118.79651641845705,115.2997589111328,248.46717834472656,85.88704354422433,94.9012690952846,100.04174257914225,133.7595583597819,0.05743809229066773,0.04448165590532262,0.04773363275200627,0.05256496116501307,4.297554016113281,1380366832.4285715,1367752535.3809524,1930722431.8833334,2241138220.938889,-0.28136637568864575,-0.3363515532216085,-0.4627590010736522,-0.7234327359100663,0
2022-05-08,75.22018432617188,79.2837905883789,74.52718353271484,78.98763275146484,1439700868.0,-0.04764591019670095,78.9834213256836,89.6715087890625,99.2357940673828,109.8008804321289,117.35514831542967,239.213134765625,83.82256862095424,93.70176842099144,99.82537790934245,132.84848641289605,0.05138371148324435,0.045170491717113535,0.04718218450158111,0.052606342248212805,4.7566070556640625,1382217087.857143,1385933133.9047618,1910969766.45,2233473728.5833335,0.2639008926017039,-0.21814522590944962,-0.4757049210589841,-0.7253734053062806,0
2022-05-09,63.2696533203125,76.98309326171875,63.2696533203125,75.23445892333984,2773999164.0,-0.15887399257145063,75.22018432617188,87.58101654052734,101.24763488769533,112.97279357910156,113.5954818725586,233.77952575683597,80.34951673235211,91.84991709391277,99.49755401611328,131.90120934380425,0.0724522684355981,0.054677981917738344,0.050849326578451925,0.05382689156128487,13.71343994140625,1597756950.0,1430117192.5714285,1920596414.5333333,2227367045.616667,0.9267885611915878,-0.1520980648459883,-0.3860663605406083,-0.6730874255988268,0
2022-05-10,66.76615142822266,73.7598876953125,61.02658462524414,63.36931228637695,3677013066.0,0.05526343079846807,63.2696533203125,85.84237670898438,95.78215026855467,111.74243927001952,114.01937866210938,234.24075317382807,77.6243416922433,89.85868472144718,99.26457328796387,130.970794889662,0.08146108615854263,0.054115770693484624,0.05130813974021179,0.0540160071321158,12.73330307006836,1978474703.4285715,1523693547.7619047,1951001055.2,2232831246.75,0.3255278205267693,-0.14439241459402075,-0.40130431657561794,-0.6861626721354954,0
2022-05-11,50.21084976196289,68.11722564697266,44.00382614135742,66.73474884033203,4432811558.0,-0.24795950211474505,66.76615142822266,92.7708511352539,98.37886810302734,99.33910369873048,106.20280456542967,228.5020904541016,71.54434149605888,87.22601082211449,98.74219048817953,129.9802879969279,0.09841770596093097,0.07332725138281301,0.060316488773632174,0.05694395288071766,24.113399505615234,2407668448.571429,1650897358.7142856,2007609739.8333333,2240668784.772222,0.20554686057240135,-0.009054605468136523,-0.261319662346126,-0.5970018324064179,0
2022-05-12,44.683589935302734,53.65938949584961,38.05009078979492,50.23923110961914,4471167155.0,-0.1100809855412429,50.21084976196289,84.59602355957031,98.18572998046876,103.30638885498048,96.3818817138672,241.8250274658203,65.84256526402065,84.50731804257347,98.17131576538085,128.88505778842503,0.0990949285200003,0.07529043283274753,0.061709550159105515,0.05725191394929412,15.609298706054688,2788409556.571429,1776259044.8095238,2060181816.0833333,2252604178.6055555,0.00865265678410787,0.168526922060676,-0.24309757899728823,-0.5320028070091566,1
2022-05-13,48.59355163574219,55.90211486816406,44.07636642456055,44.63357162475586,2854210432.0,0.08750330280312468,44.683589935302734,81.76410675048828,94.01134490966795,105.00194549560548,95.91820526123048,238.42552185058597,61.10391453334263,82.03024655296689,97.6283192952474,127.83043573167589,0.11782818612372412,0.07982764660529078,0.0627546813501297,0.05768733803683923,11.825748443603516,2969713629.714286,1851469370.4285715,2079808638.9833333,2258987505.45,-0.36164085728528306,0.019446154918613567,-0.3673384669539006,-0.5705446430618091,1
2022-05-14,52.4172248840332,53.06116485595703,46.22056579589844,48.67664337158203,2042138537.0,0.07868684464460052,48.59355163574219,78.9834213256836,85.09593200683594,100.70780181884766,93.24410247802734,237.55360412597656,57.30874361310686,79.72895068214054,97.11935494740804,126.80190029144288,0.12987034651445759,0.08309977726581733,0.0636114694787421,0.05804020352286194,6.840599060058594,3098720111.428571,1909511563.5238094,2086713473.6833334,2256918547.3055553,-0.2845171771133096,-0.04004872765978784,-0.46215462771947113,-0.6002574001731042,0
2022-05-15,58.81126022338867,58.87806701660156,49.83480072021485,52.43134307861328,1843835578.0,0.12198347687237354,52.4172248840332,75.22018432617188,89.6715087890625,101.30977630615234,96.43327331542967,219.2390289306641,54.96461159842355,77.80397288004558,96.63448219299316,125.91063490973579,0.14510108205753997,0.08924303148475994,0.06518310404972825,0.05858438782694168,9.043266296386712,3156453641.428571,1958348209.7142856,2077929444.9666667,2247395539.272222,-0.09710553687083179,-0.10297483579672573,-0.49474609845132833,-0.6428032877172948,0
2022-05-16,53.646461486816406,58.80391311645508,52.26792907714844,58.80391311645508,2067312217.0,-0.08781989566206017,58.81126022338867,63.2696533203125,87.58101654052734,102.25731658935548,104.87330627441406,218.7152404785156,53.589869907924104,75.53725033714657,96.0639757792155,124.99358613755967,0.13638052571597445,0.08988633389567753,0.06606169282021632,0.058903938138397366,6.535984039306641,3055498363.285714,1983530377.7142856,2071716938.9,2242311133.5944443,0.1212020429947469,-0.08555291302101431,-0.357125506769561,-0.6145240543726567,0
2022-05-17,57.12562561035156,58.03807067871094,53.50530242919922,53.656005859375,1823895389.0,0.06485356213829974,53.646461486816406,66.76615142822266,85.84237670898438,100.40969848632812,101.93289947509766,195.48741149902344,52.212651933942524,73.69646344866071,95.51903559366862,124.22490954928928,0.13724511503674683,0.0917375193327724,0.06659722901438749,0.058657822318295805,4.532768249511719,2790767266.571429,2008426608.9047618,2056359237.7166667,2230714915.4333334,-0.11774555676608767,-0.1308045200245206,-0.4750212018051251,-0.6311917952019146,0
2022-05-18,49.75621032714844,57.69771957397461,49.73109436035156,57.11631774902344,1745565671.0,-0.12900366874700342,57.12562561035156,50.21084976196289,92.7708511352539,102.15853118896484,93.4104232788086,215.28001403808597,52.14770344325474,71.38109879266648,94.80800323486328,123.3053328620063,0.10747792027848407,0.09402358705991805,0.06832397406063677,0.05883690138984383,7.966625213623047,2406874997.0,2031855136.142857,2052924096.2666667,2221347919.638889,-0.04294638742573187,-0.03564951240837033,-0.38212899013531243,-0.5910320416042207,0
2022-05-19,52.2139778137207,53.617488861083984,48.63555145263672,49.794864654541016,1958004386.0,0.04939619537767004,49.75621032714844,44.683589935302734,84.59602355957031,108.58203125,90.06546020507812,218.0152740478516,53.2234731401716,69.19196773710705,94.20132185618083,122.38421454959446,0.09557512199709503,0.09537820275279629,0.06857529758776439,0.05896666176249017,4.981937408447266,2047851744.2857144,2062849077.9047618,2064121942.65,2221094394.3333335,0.1217019322328321,-0.1670580798754725,-0.39081569636007996,-0.6102600963603431,0
2022-05-20,49.53850936889648,53.43804168701172,48.05058288574219,52.21197128295898,1830699507.0,-0.05124046389204939,52.2139778137207,48.59355163574219,81.76410675048828,105.49700164794922,91.49665069580078,231.2826232910156,53.35846710205078,67.07421366373697,93.54767697652181,121.3745250278049,0.09520485036508138,0.09547719888363182,0.0688105750065203,0.05884702309719413,5.387458801269531,1901635897.857143,2091235958.0952382,2067991312.5666666,2216617833.483333,-0.06501766794305841,-0.17273760045549813,-0.30874489064295285,-0.5905115752286095,0
2022-05-21,50.3179817199707,51.05504989624024,48.767486572265625,49.53544998168945,979492374.0,0.015734675124553288,49.53850936889648,52.4172248840332,78.9834213256836,101.77613830566406,90.9014129638672,215.73727416992188,53.05857522147043,65.41812079293388,92.87776050567626,120.45552895863851,0.09010768639664779,0.09450231275951784,0.06878564369159401,0.05869554082224927,2.2875633239746165,1749829303.142857,2076305415.6666667,2052987066.2666667,2203980241.983333,-0.4649627804810459,-0.11874123283800686,-0.2961340449838472,-0.610289656456509,0
2022-05-22,52.75518035888672,53.02165985107422,49.86278533935547,50.32065963745117,1105760506.0,0.04843593792134793,50.3179817199707,58.81126022338867,75.22018432617188,100.61205291748048,83.12316131591797,221.8368988037109,52.193420955113005,63.66020039149693,92.17196877797444,119.51618607838948,0.07645418734679747,0.09430061891141704,0.06875379934986586,0.05878106016166641,3.15887451171875,1644390007.142857,2061020245.4761906,2036425278.95,2197185779.4166665,0.12891180712755612,-0.14871650030435046,-0.3153059404948306,-0.6295710589875783,0
2022-05-23,49.05685043334961,54.474647521972656,48.92724609375,52.736087799072266,1661669360.0,-0.07010363532790231,52.75518035888672,53.646461486816406,63.2696533203125,100.74443817138672,86.46538543701172,214.92153930664065,51.53776223318918,61.82571629115513,91.28585472106934,118.59471558464898,0.07380442789015905,0.09492311647156171,0.06836261534477842,0.0589449080464912,5.547401428222656,1586441027.5714285,2079898780.2857144,2004092324.95,2193673197.2944446,0.5027389303412144,-0.03827002869915841,-0.30444708260733955,-0.5914294905605841,0
2022-05-24,49.65333557128906,50.57752227783203,47.500823974609375,49.064231872558594,1508166642.0,0.012159058983002957,49.05685043334961,57.12562561035156,66.76615142822266,99.2357940673828,84.90278625488281,206.25299072265625,50.470292227608816,60.10242861793155,90.46910858154297,117.72471750047472,0.06726172582347599,0.09522680710998993,0.06833908598486331,0.05890593189345162,3.0766983032226562,1541336920.857143,2103526296.952381,1992970152.2,2187681241.822222,-0.09237861736825914,-0.07825243133161097,-0.23116480505555947,-0.6128424584391108,0
2022-05-25,47.98242568969727,50.4423713684082,47.67314529418945,49.64841842651367,1304580067.0,-0.03365151328439564,49.65333557128906,49.75621032714844,50.21084976196289,101.24763488769533,89.19474792480469,191.51174926757807,50.21689442225865,57.96964645385742,89.57274595896403,116.92733236948649,0.04783929313605204,0.09233811627149528,0.06820309035613491,0.058738702694349124,2.76922607421875,1478338977.4285715,2097627474.3333333,1993331993.1166666,2176150449.15,-0.13498944302999638,-0.1607412922488365,-0.12026024174163386,-0.5985892375801032,0
2022-05-26,43.4912109375,48.55102157592773,42.321380615234375,47.98397445678711,2208994514.0,-0.09360124436480133,47.98242568969727,52.2139778137207,44.683589935302734,95.78215026855467,92.59882354736328,193.10215759277344,48.97078486851284,56.012274424235024,88.51286245981852,116.09616044362386,0.0515360048558418,0.09252839989311305,0.0685433377540592,0.05909107761659004,6.229640960693352,1514194710.0,2116818670.2857144,2003943070.15,2180404980.711111,0.6932609733029134,-0.05977908877848881,-0.026635213175030925,-0.5546926311468507,0
2022-05-27,40.98134613037109,43.81364822387695,40.26896286010742,43.47438049316406,2256358026.0,-0.05770970163916034,43.4912109375,49.53850936889648,48.59355163574219,98.37886810302734,90.14156341552734,200.67665100097656,47.74833297729492,54.07023820422945,87.42146396636963,115.20896430545383,0.052147537340925074,0.09276623210506603,0.0687848851901328,0.059114049982011765,3.5446853637695312,1575003069.857143,2148784199.142857,1993596597.45,2181644658.961111,0.02144120852262099,-0.06642353812440327,-0.03838959904548189,-0.5015968051423929,0
2022-05-28,44.34316253662109,44.65801239013672,40.54867935180664,41.49373245239258,1254325884.0,0.08203284478638873,40.98134613037109,50.3179817199707,52.4172248840332,98.18572998046876,85.51905059814453,204.31936645507807,46.89478737967355,52.42070207141695,86.29867814381917,114.32020761701796,0.06526326880705915,0.09579610439566075,0.06941749226868449,0.05945668272170021,4.109333038330078,1614264999.857143,2154271471.4761906,1963630780.9,2176887957.5,-0.44409270623437846,-0.1220417343195207,-0.13287077907699152,-0.5309631277391985,0
2022-05-29,44.90961456298828,45.3862533569336,41.998046875,44.33879089355469,1317843243.0,0.012774281173549173,44.34316253662109,52.75518035888672,58.81126022338867,94.01134490966795,99.52034759521484,208.6709899902344,45.773992265973774,50.977341606503444,85.0355136235555,113.4104221979777,0.06061571606715439,0.09590908468409848,0.06841904845889536,0.05943769072820587,3.388206481933601,1644562533.7142856,2148468727.428571,1920458661.15,2168162710.7555556,0.05063864168811172,-0.1431560040248755,-0.2133880629444891,-0.5416012828229444,0
2022-05-30,47.179443359375,47.93682861328125,44.35740661621094,44.908668518066406,1708817065.0,0.050542157141054034,44.90961456298828,49.05685043334961,53.646461486816406,85.09593200683594,98.65355682373048,229.7992401123047,45.505791255405974,50.21114113217308,83.77747999827066,112.39586777157254,0.061524078885111855,0.09148711094979793,0.06881734236165007,0.05904204440634973,3.5794219970703125,1651297920.142857,2097745770.3333333,1880351785.7833333,2158029631.7055554,0.2966770320193537,-0.10060125448260515,-0.2820199019907166,-0.54950541761321,0
2022-05-31,45.76784133911133,48.03899002075195,44.84001541137695,47.18132781982422,1509191627.0,-0.02991985321893742,47.179443359375,49.65333557128906,57.12562561035156,89.6715087890625,100.6496353149414,233.9930419921875,44.95072065080915,49.21122160412016,82.29976170857748,111.35017221238878,0.06174627163486396,0.09034828897252559,0.06733158189296103,0.05903622253418391,3.198974609375,1651444346.5714285,1994516178.0,1831591521.5,2143780121.2,-0.11682083593892478,-0.1383125940539759,-0.26611314690694476,-0.5449970473667387,0
2022-06-01,40.26966857910156,45.946659088134766,40.05035018920898,45.76512908935547,1422647092.0,-0.12013179121278006,45.76784133911133,47.98242568969727,49.75621032714844,87.58101654052734,95.53919982910156,211.22439575195312,43.848898206438335,48.73783202398391,80.76760838826497,110.40042372809516,0.07459709828749678,0.07711021989957434,0.06867497422868227,0.059254872434413366,5.896308898925788,1668311064.4285715,1851175012.952381,1798732532.1,2129122266.8166666,-0.05734496100540587,-0.03541871833453136,-0.1854149481284053,-0.49087690636967796,0
2022-06-02,40.8913459777832,41.32786560058594,38.36067199707031,40.255279541015625,1554022054.0,0.015437857340705019,40.26966857910156,43.4912109375,52.2139778137207,85.84237670898438,88.24597930908203,201.1248321533203,43.47748892647879,48.55724897838774,79.16954199473064,109.51023769378662,0.06834646585454128,0.07355019331327257,0.06847418176339488,0.05920123019158627,2.967193603515625,1574743570.142857,1712263341.4761906,1781533436.1333334,2104702913.4222221,0.09234543319897348,-0.02246781799128894,-0.18419390375655553,-0.4801444033217839,0
2022-06-03,38.259220123291016,41.43334579467773,37.80271911621094,40.895751953125,1348656102.0,-0.06436877514186634,40.8913459777832,40.98134613037109,49.53850936889648,92.7708511352539,89.64784240722656,196.1682586669922,43.08861378261021,48.06513795398531,77.60031852722167,108.63296525743273,0.0692154346941468,0.0717963085912463,0.06871788971171389,0.059341169382506206,3.6306266784667898,1445071866.7142856,1640570278.142857,1756875751.0666666,2093292158.5722222,-0.13215124680592205,-0.030566557903369374,-0.1273754975983169,-0.4470466153343786,0
2022-06-04,38.93144607543945,39.04042816162109,36.04072570800781,38.27455139160156,1130762770.0,0.017570299394032984,38.259220123291016,44.34316253662109,50.3179817199707,84.59602355957031,84.54218292236328,194.19921875,42.31551143101284,47.422958010718936,76.13480536142985,107.77036652035183,0.058797029451103086,0.06926529475929749,0.06879648061496312,0.059369575639093154,2.999702453613274,1427419993.2857144,1597171432.0952382,1738389760.4,2079052768.25,-0.16156330118321005,-0.1312648049192383,-0.05513321304042984,-0.43955394294040206,0
2022-06-05,38.48053359985352,39.99529647827149,38.03535079956055,38.93410110473633,998532387.0,-0.011582217488458446,38.93144607543945,44.90961456298828,52.75518035888672,81.76410675048828,82.13006591796875,190.59690856933597,41.39707129342215,46.454828171502974,74.89475784301757,106.92527554829915,0.057455681915042627,0.06213735447034087,0.06770258882457483,0.05936433280565613,1.9599456787109446,1381804156.7142856,1556918899.1904762,1700348481.1333334,2070395449.0722222,-0.11693910208946834,-0.20106952794073352,-0.08016988649549495,-0.4783060936861986,0
2022-06-06,42.43313217163086,44.45061874389648,38.43878936767578,38.5015983581543,1955057411.0,0.10271683373414509,38.48053359985352,47.179443359375,49.05685043334961,78.9834213256836,82.2547607421875,194.6217041015625,40.71902683803013,45.92086010887509,73.62203477223714,106.07978348202175,0.07016389063091039,0.06528009894119723,0.06885861650932068,0.05988987150178376,6.011829376220696,1416981349.0,1551573432.2380953,1692414716.1,2068604400.2277777,0.9579308958358304,-0.3356049768460563,-0.12630624408970093,-0.5192793406373895,0
2022-06-07,39.43757247924805,42.449310302734375,37.77632522583008,42.42977523803711,1974825213.0,-0.07059482859447097,42.43313217163086,45.76784133911133,49.65333557128906,75.22018432617188,88.20206451416016,181.17808532714844,39.814702715192524,45.07857186453683,72.44931297302246,105.29233618842231,0.0734174779312494,0.06429901469130465,0.06878454764935059,0.05989883185583498,4.672985076904297,1483500432.7142856,1558760566.7142856,1685714060.2333333,2068641306.3888888,0.010111110747325291,-0.24654037216674307,-0.023309389733712327,-0.5274992375455865,0
2022-06-08,38.84336853027344,40.52680587768555,38.40160751342773,39.43405151367188,1211034282.0,-0.01506695041352446,39.43757247924805,40.26966857910156,47.98242568969727,63.2696533203125,82.9390869140625,167.954833984375,39.610945565359934,44.55891273135231,71.213822555542,104.57505026923286,0.05843825942068257,0.05881408918933634,0.06854861339262336,0.059695477253725406,2.1251983642578196,1453270031.2857144,1533306691.047619,1685860456.3333333,2063601127.9777777,-0.3867638138160635,-0.11212793722912007,-0.014330586544282209,-0.5131865221266644,0
2022-06-09,39.97260665893555,41.72376251220703,38.555694580078125,38.845584869384766,1265873005.0,0.02907158084865924,38.84336853027344,40.8913459777832,43.4912109375,66.76615142822266,80.7449951171875,171.94949340820312,39.47969709123884,43.975990295410156,70.0176586786906,103.84184534284803,0.059401596858862926,0.05794768539013224,0.0687849479433077,0.059711654171365765,3.1680679321289062,1412105881.4285715,1500348053.857143,1685621132.25,2060201288.0666666,0.04528255212514298,-0.24974264163108384,-0.047548718199290185,-0.5652097483828675,0
2022-06-10,37.08976745605469,40.769779205322266,37.001258850097656,39.96762466430664,1177042406.0,-0.07212037051970499,39.97260665893555,38.259220123291016,40.98134613037109,50.21084976196289,81.55381774902344,173.43167114257812,39.31263242449079,43.383193061465306,68.98016974131266,103.08439032236735,0.060818834015884074,0.05884443213680664,0.06803991377600051,0.05990225442802835,3.7685203552246094,1387589639.142857,1469221525.2380953,1667363535.7833333,2060091476.211111,-0.07017338915446736,-0.17112125444570836,-0.010573226396348168,-0.5778862392341348,0
2022-06-11,33.82111740112305,37.843257904052734,33.435916900634766,37.09238052368164,1086904917.0,-0.08812808165498631,37.08976745605469,38.93144607543945,44.34316253662109,44.683589935302734,78.93607330322266,155.2130584716797,38.58258547101702,42.597628093901136,67.82208188374837,102.40999064975314,0.0676402791804101,0.060729817402315506,0.06833088927102868,0.05976017617080624,4.407341003417969,1381324231.5714285,1474336408.2380953,1646861814.2833333,2051976518.7722223,-0.07657964448903631,-0.05952439898790918,-0.010570828816547917,-0.5399686025371297,0
2022-06-12,30.74327087402344,34.2285041809082,30.74327087402344,33.83749008178711,1430666510.0,-0.09100369129132924,33.82111740112305,38.48053359985352,44.90961456298828,48.59355163574219,81.17333984375,153.34144592285156,37.47726222446987,41.549441927955264,66.58443730672201,101.72888967725966,0.07285282099069573,0.060844531374391386,0.06887170157744202,0.060089183428052716,3.485233306884762,1443057677.7142856,1489808122.7142856,1642775582.5833333,2045457748.7333333,0.3162756811780989,0.1138615618195633,0.06552081580670133,-0.5056899512157838,1
2022-06-13,28.19236183166504,30.91798210144043,26.139610290527344,30.73029327392578,2577135234.0,-0.08297454922123448,30.74327087402344,42.43313217163086,47.179443359375,52.4172248840332,82.95508575439453,178.34078979492188,35.442866461617605,40.55589485168457,65.37584664026896,100.89473174413045,0.045406427886689485,0.06139865840290999,0.06932349807474772,0.05898676021172586,4.778371810913086,1531925938.142857,1533401735.7619047,1657618235.3,2038754124.1555555,0.801352877128577,0.2562663060755974,0.2383119396448814,-0.4672956691387956,1
2022-06-14,29.714618682861328,31.61031913757324,26.06031990051269,28.18289566040039,2317785256.0,0.053995364428336856,28.19236183166504,39.43757247924805,45.76784133911133,58.81126022338867,87.90362548828125,176.9546661376953,34.05387306213379,39.606432142711824,64.18259401321411,100.07673148049248,0.060548585282739015,0.0632876297576327,0.06988591660636516,0.05916989502563226,5.549999237060547,1580920230.0,1571955003.0952382,1678737333.7166667,2036262261.3055556,-0.10063498980511787,0.21560229277609166,0.24880695304415212,-0.5124765887041147,1
2022-06-15,34.48794174194336,34.565528869628906,26.86840057373047,29.69576835632324,2574959860.0,0.16063887980615976,29.714618682861328,38.84336853027344,40.26966857910156,53.646461486816406,87.87684631347656,175.5032958984375,33.43166923522949,38.96383766900925,63.05310443242391,99.29331284628974,0.09706465612522996,0.07470519426396896,0.07351397960103732,0.0604913418588342,7.6971282958984375,1775766741.142857,1632449278.952381,1708737676.3,2035502658.3833334,0.11095704545287699,-0.010621286351981674,0.08489883701753609,-0.5720396143839814,0
2022-06-16,29.98974227905273,35.71171951293945,29.731698989868164,34.50612258911133,1908909523.0,-0.13042817969679044,34.48794174194336,39.97260665893555,40.8913459777832,57.12562561035156,89.82203674316406,182.8351287841797,32.00554575238909,38.320910590035574,61.87943849563599,98.44417181015015,0.10403218130522043,0.07708682868286336,0.07500448017112372,0.06107245384010086,5.980020523071289,1867629100.857143,1618159517.4761906,1722921030.0333333,2036716611.4222221,-0.25866435719895065,0.2729429809157924,0.3195886451551848,-0.4895503235906137,1
2022-06-17,30.742919921875,32.00886917114258,29.478063583374023,30.00250244140625,1283536081.0,0.02511450868146836,29.98974227905273,37.08976745605469,38.259220123291016,49.75621032714844,92.41815185546876,180.09805297851562,31.098853247506277,37.833366484869096,60.68917830785116,97.61442107094659,0.10484975006380705,0.07689623331013795,0.0750710133806309,0.061120286977665535,2.5308055877685547,1882842483.0,1571834662.952381,1713544399.1833334,2034521178.1722221,-0.32760769144112023,0.3730656581799989,0.2570283526440762,-0.49092274519944723,1
2022-06-18,31.80793571472168,31.838632583618164,27.46303939819336,30.74092483520508,1804420726.0,0.034642636273754635,30.742919921875,33.82111740112305,38.93144607543945,52.2139778137207,88.61486053466797,173.67178344726562,30.811255863734655,37.2364509219215,59.40961004892985,96.82628858354357,0.10214406271488023,0.07470022076217808,0.07464952741906057,0.0611662400285044,4.375593185424805,1985344741.4285715,1598029655.4285715,1715086251.1666667,2033529145.7722223,0.4058200254052695,0.3308884186202168,0.37532215206302966,-0.514642024513629,1
2022-06-19,34.24374771118164,35.16057586669922,28.91050910949707,31.80913352966309,2005402608.0,0.07657875123699376,31.80793571472168,30.74327087402344,38.48053359985352,49.53850936889648,88.7572021484375,180.09254455566406,31.311323983328684,36.7285525004069,58.22205581665039,96.0160174899631,0.09798660544715328,0.07706282919636662,0.07561152887640925,0.06139783629232016,6.250066757202148,2067449898.2857144,1630770577.5714285,1719150769.1666667,2034553005.7166667,0.11138304892203954,0.15081120841262585,0.3111846290763305,-0.5306284215309409,1
2022-06-20,35.4171142578125,36.76423645019531,31.892911911010746,34.238365173339844,1958378683.0,0.034265132325096426,34.24374771118164,28.19236183166504,42.43313217163086,50.3179817199707,90.51296997070312,178.5971221923828,32.34343147277832,36.16844159080868,57.11607208251953,95.22057300143771,0.08691555095909015,0.07650327104360728,0.07583837741399188,0.06147571259297561,4.871324539184567,1979056105.2857144,1642654464.142857,1721147551.4333334,2034937166.738889,-0.02344862064725106,0.08566868841271535,0.18851212961463037,-0.5303052954294005,1
2022-06-21,36.12115859985352,38.80477142333984,34.40011215209961,35.39715576171875,1790090431.0,0.01987864784567317,35.4171142578125,29.714618682861328,39.43757247924805,52.75518035888672,95.1026840209961,190.03631591796875,33.25865146092006,35.70907574608212,56.04122384389242,94.36548879411485,0.0867208421101782,0.0766518425464579,0.07596745273324612,0.061278277142671936,4.404659271240227,1903671130.2857144,1656030597.6666667,1729735832.05,2032706367.3222222,-0.08593243659198879,-0.022001500695167375,0.1957145172983894,-0.5222455088713686,0
2022-06-22,34.12163543701172,36.704681396484375,33.80274200439453,36.18272399902344,1533123071.0,-0.05535600850992395,36.12115859985352,34.48794174194336,38.84336853027344,49.05685043334961,102.22369384765624,190.273193359375,33.20632198878697,35.41631226312546,54.9308437983195,93.49798013899061,0.06992503598794214,0.0731545339424674,0.07612624030694998,0.06137950401654827,2.9019393920898438,1754837303.2857144,1661291358.5714285,1741567008.5333333,2028519066.4277778,-0.1435499321989281,-0.0072603222750425855,0.1904031870200973,-0.5122560840498964,0
2022-06-23,38.17523193359375,38.347354888916016,34.083587646484375,34.12080383300781,1666479184.0,0.11879842348309877,34.12163543701172,29.98974227905273,39.97260665893555,49.65333557128906,98.6581039428711,193.1209259033203,34.375677653721404,35.28697349911644,53.913167762756345,92.63717072804769,0.05358925672235459,0.07794145564402548,0.07805904857451856,0.0620765215887159,4.263767242431641,1720204397.7142856,1666646460.0,1755703894.8,2029759452.0666666,0.08698330585620684,-0.12015159170086798,0.04887319473733864,-0.5507680410352012,0
2022-06-24,42.2120475769043,42.72931671142578,37.852935791015625,38.20144271850586,1765927064.0,0.10574436457472314,38.17523193359375,30.742919921875,37.08976745605469,47.98242568969727,101.7641830444336,198.000732421875,36.01412446158273,35.475203377859934,52.9292413075765,91.77167803446451,0.0591658890704418,0.07977883215350805,0.07943852727597188,0.0625978566143683,4.876380920410156,1789117395.2857144,1686516505.8095238,1759494567.7166667,2028619521.05,0.059675440866472806,-0.2228979177426329,-0.028557330871658015,-0.6054950303349063,0
2022-06-25,42.33281326293945,42.49069213867188,39.87532806396485,42.20299911499024,1271293523.0,0.002860929354709496,42.2120475769043,31.80793571472168,33.82111740112305,43.4912109375,107.08422088623048,195.42950439453125,37.51767839704241,35.637173243931365,52.038419024149576,90.92114086151123,0.06151596728408496,0.07975243466041228,0.07925923142218261,0.06259990571206746,2.6153640747070312,1712956366.2857144,1693208446.4285715,1758998217.5333333,2025681736.7444444,-0.28009851090882876,-0.21197277570304762,-0.13277679520582197,-0.5990963291678431,0
2022-06-26,39.40808868408203,42.34132385253906,39.38430404663086,42.30241775512695,1138724690.0,-0.06908883094282547,42.33281326293945,34.24374771118164,30.74327087402344,40.98134613037109,106.46525573730467,177.42562866210938,38.25544139317104,35.681342533656526,51.05557270050049,90.15437675052219,0.07209258281374409,0.08139288410398783,0.07946197127783175,0.06244717350759167,2.957019805908203,1589145235.142857,1699884270.3809524,1757084185.7166667,2016307631.8666666,-0.1042786977213287,-0.15281522049942142,-0.08163896480686417,-0.5871399069598515,0
2022-06-27,38.45125198364258,41.082157135009766,38.17092514038086,39.409088134765625,1253389517.0,-0.024280210799107915,39.40808868408203,35.4171142578125,28.19236183166504,44.34316253662109,111.71031188964844,170.65756225585938,38.68888963971819,35.49172919137137,50.05999806722005,89.41989724900988,0.0738666764091045,0.07837405121502047,0.07946679252161064,0.062416263733579794,2.9112319946289062,1488432497.142857,1666471513.5238094,1756188484.1833334,2011183511.7055554,0.10069582929654408,-0.043333351521587904,0.04828445901268541,-0.5677735046402371,0
2022-06-28,35.326438903808594,39.7059326171875,35.2291374206543,38.44542694091797,1361946847.0,-0.08126687477337025,38.45125198364258,36.12115859985352,29.714618682861328,44.90961456298828,120.6994857788086,172.75119018554688,38.57535825456892,35.295960925874255,49.08191630045573,88.65642640855577,0.08198938123840466,0.07887554233655247,0.07987300729610926,0.06265004782610281,4.476795196533203,1427269128.0,1637286829.4285715,1758311347.9166667,2010190783.8055556,0.08661100841168112,0.0019564577467541255,0.2128385871606353,-0.547453872928944,1
2022-06-29,33.8739013671875,35.96923065185547,33.25113677978516,35.32723617553711,1366803516.0,-0.04111757600521948,35.326438903808594,34.12163543701172,34.48794174194336,47.179443359375,122.66146087646484,170.299072265625,38.53996767316546,35.05931963239397,48.22821578979492,87.89850879245334,0.080562073883515,0.07929027435652507,0.07923806395450587,0.06269996206827819,2.7180938720703054,1403509191.5714285,1644704412.0,1759540843.7666667,2009073476.5611112,0.003565975434869584,0.09445800825240092,0.23773750427935614,-0.46948959665939927,1
2022-06-30,33.588417053222656,34.045753479003906,31.05734634399414,33.908782958984375,1321861663.0,-0.008427854555937975,33.8739013671875,38.17523193359375,29.98974227905273,45.76784133911133,134.43093872070312,178.5179443359375,37.884708404541016,34.755310603550505,47.29349759419759,87.09334475199381,0.06192815581761185,0.07894078620172201,0.07876790253575236,0.06256340590191692,2.9884071350097656,1354278117.142857,1647370538.5714285,1757792720.15,2010390593.5611112,-0.03288099018908286,0.14677350442396242,0.3027077109125018,-0.4373857609572377,1
2022-07-01,32.803070068359375,35.230743408203125,31.934066772460938,33.645652770996094,1427407655.0,-0.023381482480072102,33.588417053222656,42.2120475769043,30.742919921875,40.26966857910156,132.19886779785156,176.38284301757812,36.54056876046317,34.55118215651739,46.380531819661456,86.29567934672038,0.03090177139667399,0.07758335946869194,0.07876805427655549,0.06257400402430777,3.2966766357421875,1305918201.5714285,1659292693.2857144,1760495845.5833333,2012790694.9277778,0.07984647331435624,0.16716881060498223,0.2925681534220679,-0.43042213117423056,1
2022-07-02,33.35940933227539,33.93459701538086,31.95758628845215,32.811004638671875,765552187.0,0.016959975476583233,32.803070068359375,42.33281326293945,31.80793571472168,40.8913459777832,136.77532958984375,170.29774475097656,35.258653913225444,34.529196058000835,45.50581569671631,85.53491081661649,0.03407420214672846,0.07516935519317545,0.07885775321648666,0.06256664053896824,1.977010726928711,1233669439.2857144,1643990182.3333333,1756388568.8333333,2009567217.8666666,-0.4636765577665337,0.14126602392758625,0.2526146176161401,-0.4168483616122596,1
2022-07-03,33.38593292236328,33.57749938964844,32.219078063964844,33.356258392333984,605659825.0,0.0007950857230025754,33.35940933227539,39.40808868408203,34.24374771118164,38.259220123291016,132.41262817382812,167.93890380859375,34.398345947265625,34.655037107921785,44.516067059834796,84.78739431169298,0.031886260382444194,0.07209638894394114,0.077926620512411,0.06256723599653377,1.3584213256835938,1157517315.7142856,1604704149.7142856,1742675310.2166667,2004602742.8055556,-0.20885886646941287,0.09919375424049726,0.19075615619060593,-0.42369327560277614,1
2022-07-04,36.78503036499024,36.8065071105957,32.520713806152344,33.38526916503906,1091202628.0,0.1018122647802393,33.38593292236328,38.45125198364258,35.4171142578125,38.93144607543945,126.86223602294922,155.0997314453125,34.16031428745815,35.06421179998489,43.719217173258464,84.1300904168023,0.05685567706218791,0.07192196040555225,0.07871028974335953,0.06287095982478576,4.285793304443359,1134347760.142857,1533945454.1904762,1730762364.0333333,1998866314.511111,0.8016757641139562,-0.09029298530795749,0.04782891172070847,-0.479591879062219,0
2022-07-05,35.39555358886719,36.87248992919922,33.26679229736328,36.761268615722656,1569156882.0,-0.037772886479535805,36.78503036499024,35.326438903808594,36.12115859985352,38.48053359985352,112.88338470458984,150.4313507080078,34.17018781389509,35.33473250979469,42.94640795389811,83.49100265502929,0.04895226478369889,0.07223273367605292,0.07873337543480846,0.06289002355240143,3.6056976318359375,1163949193.7142856,1498296484.0,1730496946.7333333,1995932893.7444444,0.4380068758412117,-0.07452796351915325,0.09704946753500376,-0.4634110027102841,0
2022-07-06,37.07356262207031,37.47623062133789,34.889488220214844,35.404720306396484,1410588451.0,0.047407339709779395,35.39555358886719,33.8739013671875,34.12163543701172,42.43313217163086,118.79651641845705,136.40281677246094,34.62728227887835,35.45785731361026,42.24791030883789,82.9391734653049,0.047593659141140825,0.06427715445936023,0.07902602776042146,0.06267323573513206,2.586742401123047,1170204184.4285715,1442850226.4285715,1735021868.1666667,1987512442.5166667,-0.1010532680441063,-0.058333329903488274,0.09406888555690873,-0.46783141460941136,0
2022-07-07,38.51830673217773,39.11948013305664,36.49771118164063,37.07526779174805,1189167903.0,0.038969659453427896,37.07356262207031,33.588417053222656,38.17523193359375,39.43757247924805,109.8008804321289,142.51345825195312,35.33155223301479,35.863979430425736,41.63621234893799,82.36142262352837,0.047255879996476964,0.05654058956658883,0.07910569857231352,0.06264875186105093,2.6217689514160085,1151247933.0,1408576815.952381,1730846318.75,1978952262.35,-0.15697033946579508,-0.036618544106107764,0.039947241566420155,-0.44222197859377455,0
2022-07-08,38.286720275878906,39.352840423583984,36.55620956420898,38.51742935180664,1485794730.0,-0.006012373750203248,38.51830673217773,32.803070068359375,42.2120475769043,38.84336853027344,112.97279357910156,140.83900451660156,36.11493083408901,36.22320801871164,41.21983013153076,81.79168771107992,0.04495651805123107,0.05662834313733811,0.07658253010131122,0.06264688405234735,2.796630859375007,1159588943.7142856,1418208180.1904762,1709376244.85,1978322655.7833333,0.24944066035727852,-0.022743979704749617,0.060565922798420324,-0.42906396706306127,0
2022-07-09,38.07196044921875,38.79253387451172,37.87006378173828,38.29243469238281,789899204.0,-0.0056092510696315045,38.286720275878906,33.35940933227539,42.33281326293945,39.97260665893555,111.74243927001952,135.95494079589844,36.788152422223774,36.52149491083054,40.74159361521403,81.24789337582058,0.04626597986646794,0.056504718182570926,0.07616789175007743,0.06260796083993304,0.9224700927734375,1163067089.0,1369897631.5238094,1661257680.4833333,1971372743.7,-0.46836585966353506,0.03945588605433725,0.10765379041346912,-0.43924598330156417,1
2022-07-10,36.69760894775391,38.071083068847656,36.38676834106445,38.071083068847656,714119421.0,-0.03609878465013583,38.07196044921875,33.38593292236328,39.40808868408203,37.08976745605469,99.33910369873048,140.18385314941406,37.26124899727957,36.638345445905415,40.51637293497721,80.67296979692247,0.05069963118178286,0.05520973928714763,0.06938754569235181,0.06259151285760402,1.6843147277832031,1178561317.0,1308407955.952381,1599279478.2,1966705644.2944446,-0.09593601641355753,0.053058307964463314,0.10014315922003791,-0.41920532079952133,1
2022-07-11,33.463600158691406,36.69319534301758,33.33729934692383,36.69319534301758,930216020.0,-0.08812587200617727,36.69760894775391,36.78503036499024,38.45125198364258,33.82111740112305,103.30638885498048,151.70310974121094,36.78675896780832,36.545320964994886,40.329373105367026,80.01608363257515,0.04697955469934833,0.05830778901001779,0.06886838448107226,0.06254707855357824,3.35589599609375,1155563230.142857,1259447829.142857,1540263625.95,1959416080.238889,0.3026056884118826,0.307275917486465,0.2660283834924595,-0.33979208602733,1
2022-07-12,32.75759506225586,34.501243591308594,32.75759506225586,33.465030670166016,916386230.0,-0.02109770296942115,33.463600158691406,35.39555358886719,35.326438903808594,30.74327087402344,105.00194549560548,146.01004028320312,36.40990774972098,36.38515127272833,40.06544049580892,79.38690338134765,0.04589248588156491,0.05825589656029338,0.06788351074463116,0.0625133370733784,1.7436485290527344,1062310279.8571428,1217842867.1904762,1507966555.9166667,1952412539.4944444,-0.014867288568089831,0.37067069653730256,0.3072323748571566,-0.3290837754347834,1
2022-07-13,34.91093826293945,34.939666748046875,31.959470748901367,32.74802780151367,1313110217.0,0.06573569264139079,32.75759506225586,37.07356262207031,33.8739013671875,28.19236183166504,100.70780181884766,146.15902709960938,36.10096141270229,36.42273712158203,39.77366905212402,78.76885844336616,0.05005329389263951,0.05881115367936081,0.06763533960186603,0.06274124358024673,2.980195999145508,1048384817.8571428,1207366064.6190476,1495816083.9166667,1949583590.9722223,0.4329222482969872,0.20574444531738556,0.29858322389092384,-0.2545117061946899,1
2022-07-14,37.10782241821289,37.22102355957031,33.690948486328125,34.912261962890625,1320137563.0,0.06292824726528745,34.91093826293945,38.51830673217773,33.588417053222656,29.714618682861328,101.30977630615234,147.80117797851562,35.89946365356445,36.371908097040084,39.41194508870443,78.15389535692003,0.0543888944046734,0.054394643853249804,0.06617744919208282,0.06293820892184623,3.5300750732421875,1067094769.2857143,1190873606.4761906,1487087783.6666667,1950677289.7444444,0.005351680239039647,0.1639215374245202,0.2527102028220136,-0.27951261941160577,1
2022-07-15,37.41592788696289,38.85118103027344,36.64623260498047,37.11223983764648,1266226950.0,0.0083029789589264,37.10782241821289,38.286720275878906,32.803070068359375,34.48794174194336,102.25731658935548,147.8565216064453,35.77506474086216,36.14352144513811,39.14143619537354,77.54033650292291,0.05457119881909127,0.04879505420132461,0.06530830937315349,0.0629452114660068,2.2049484252929688,1035727943.5714285,1167078362.952381,1473736362.55,1951196024.1833334,-0.04083711766938036,0.0855939131930401,0.20046652034932255,-0.26792259175615585,1
2022-07-16,39.57412338256836,40.08470153808594,36.40153884887695,37.41275787353516,1149921714.0,0.0576811966851547,37.41592788696289,38.07196044921875,33.35940933227539,29.98974227905273,100.40969848632812,139.92601013183594,35.989659445626394,36.01215526035854,38.848911158243816,76.98282602098253,0.05894069674920383,0.05064525534763941,0.06518680948805466,0.06301732341491383,3.6831626892089844,1087159730.7142856,1161298753.0,1462503467.9666667,1949319076.761111,-0.09185180902996892,0.011796953553357081,0.10737065961938552,-0.3080305903566366,1
2022-07-17,38.64472198486328,40.96872329711914,38.54647445678711,39.579891204833984,1119935904.0,-0.02348507858836013,39.57412338256836,36.69760894775391,33.38593292236328,30.742919921875,102.15853118896484,141.58718872070312,36.267818450927734,35.975804465157644,38.663719685872394,76.41092342800565,0.05757888185242677,0.048558801165149594,0.06314887791939205,0.06301963300342935,2.4222488403320312,1145133514.0,1160404048.9047618,1452076305.1833334,1947488520.9944444,-0.026076392536057424,0.061117328869445764,0.11680984182193899,-0.30462000722176896,1
2022-07-18,43.74615859985352,43.74615859985352,38.60856246948242,38.64695739746094,1793335611.0,0.13200862505851174,38.64472198486328,33.463600158691406,36.78503036499024,31.80793571472168,108.58203125,135.79238891601562,37.73675537109375,36.2279428754534,38.522589365641274,75.89955548180474,0.05587726636991797,0.0560243000175186,0.065162472379736,0.06378500925672041,5.137596130371101,1268436312.7142856,1186115767.6666667,1449331825.6,1949425588.5222223,0.6012841490257286,-0.1607949323814969,-0.07642054578418023,-0.41607434839467383,0
2022-07-19,44.89987564086914,47.09938049316406,42.71699905395508,43.66854476928711,2530289999.0,0.02637299086232181,43.74615859985352,32.75759506225586,35.39555358886719,34.24374771118164,105.49700164794922,127.20528411865234,39.47136688232422,36.68382081531343,38.445278803507485,75.44230321248372,0.04972646244804304,0.052283655008684794,0.06491548572163273,0.06367131155866816,4.382381439208984,1498993994.0,1241751155.857143,1460991667.1333334,1958015536.5611112,0.4109405866250877,-0.19396540408333474,-0.11925745225264428,-0.41264085426346275,0
2022-07-20,42.09366989135742,46.09572982788086,41.64255142211914,44.896854400634766,2020822242.0,-0.062499187569184045,44.89987564086914,34.91093826293945,37.07356262207031,35.4171142578125,101.77613830566406,111.96605682373048,40.497471400669646,37.075238364083425,38.308206939697264,75.05412328508166,0.0634378414610232,0.05357740185776603,0.06538674431616862,0.06322935708860733,4.453178405761719,1600095711.857143,1272894904.7142856,1478347164.9333334,1948288501.9444444,-0.20134757565391614,-0.04242490645109753,-0.14737159098519448,-0.3971737814219506,0
2022-07-21,43.19059371948242,43.91940689086914,39.81828689575195,42.08842468261719,1926399176.0,0.026059116037070007,42.09366989135742,37.10782241821289,38.51830673217773,36.12115859985352,100.61205291748048,94.1783676147461,41.366438729422434,37.53248487200056,38.14879716237386,74.7708578745524,0.06163289961266993,0.053456837610318476,0.06516413211626286,0.06218273457516345,4.1011199951171875,1686704513.7142856,1301682405.3333333,1492024476.1,1936549239.7222223,-0.046725072615268703,-0.007995386037375374,-0.18339317912535202,-0.4085687309527206,0
2022-07-22,40.61850357055664,44.22321701049805,40.13887786865234,43.18901062011719,1523873136.0,-0.05955209056933064,43.19059371948242,37.41592788696289,38.286720275878906,34.12163543701172,100.74443817138672,99.5782241821289,41.8239495413644,37.90464837210519,38.00815804799398,74.44330387115478,0.06928140293540769,0.055253032013414874,0.06498917647362389,0.06216613403672031,4.08433914184571,1723511111.7142856,1306275999.6666667,1489727872.3666666,1930858579.8555555,-0.2089525603077812,0.03221424850371846,-0.10057741918427643,-0.39596363488489794,1
2022-07-23,40.040977478027344,41.82637786865234,38.714317321777344,40.59116744995117,1151436691.0,-0.014218300571465003,40.61850357055664,39.57412338256836,38.07196044921875,38.17523193359375,99.2357940673828,91.65016174316406,41.890642983572825,38.22281828380766,37.84795207977295,74.15658618079291,0.06698275987403156,0.05552162649131531,0.06498734090126562,0.06190649705061403,3.112060546874993,1723727537.0,1324651452.2380953,1483782373.1833334,1911341340.9833333,-0.24440121438035511,0.09277776539269933,-0.11404808954449774,-0.3814632722405997,1
2022-07-24,41.00658416748047,42.021121978759766,39.60561752319336,40.03881072998047,1115260733.0,0.024115462465495563,40.040977478027344,38.64472198486328,36.69760894775391,42.2120475769043,101.24763488769533,94.72035217285156,42.22805186680385,38.585706438337056,37.73168805440267,73.85817635854086,0.06619507225590927,0.0555579155443364,0.06493107264716101,0.06187983162476138,2.4155044555664062,1723059655.4285715,1348918162.142857,1480627050.95,1901744720.988889,-0.031418104254244184,0.03398526274857838,-0.13071882474094454,-0.4298113051332929,1
2022-07-25,36.71199798583984,41.04818344116211,36.71199798583984,41.00947952270508,1465847128.0,-0.10472918602779835,41.00658416748047,43.74615859985352,33.463600158691406,42.33281326293945,95.78215026855467,92.23804473876952,41.223171779087615,38.582228705996556,37.618701171875,73.54969832102458,0.05278205755424494,0.05699346818692693,0.06521661884676352,0.06232166372499812,4.336185455322273,1676275586.4285715,1366758376.4285715,1468241261.1833334,1892237279.95,0.31435375121379794,0.13822417893915429,-0.04777952228998206,-0.36589336054356725,1
2022-07-26,36.19085311889648,36.715423583984375,34.81983947753906,36.715423583984375,1362323126.0,-0.014195491815628514,36.71199798583984,44.89987564086914,32.75759506225586,39.40808868408203,98.37886810302734,89.63249206542969,39.97902570452009,38.62010011218843,37.538859621683756,73.25280032687716,0.04844306521780435,0.0564114968937071,0.06481304117482063,0.06229883039434737,1.8955841064453125,1509423176.0,1356909149.952381,1453340679.5166667,1885839376.0833333,-0.07062400984558881,0.09846830708485066,-0.02416051496672078,-0.3043255054302024,1
2022-07-27,40.3078498840332,40.39472961425781,35.75505828857422,36.2037467956543,1829226049.0,0.11375793633853593,36.19085311889648,42.09366989135742,34.91093826293945,38.45125198364258,98.18572998046876,91.31289672851562,39.72390856061663,38.77411379132952,37.471604410807295,72.96943895551894,0.06952414879238614,0.06074040974142751,0.06561813816567401,0.06288437274131774,4.639671325683594,1482052291.2857144,1376844273.6666667,1462922348.9333334,1884023420.5277777,0.342725535586335,-0.04374908495853058,-0.21289867061450374,-0.3773089684426981,0
2022-07-28,42.84526824951172,44.07329559326172,39.13290023803711,40.30208206176758,2454901807.0,0.06295097289433049,40.3078498840332,43.19059371948242,37.10782241821289,35.326438903808594,94.01134490966795,96.2234878540039,39.67457635062082,38.98015957786923,37.437198638916016,72.67289329104953,0.07347803953093873,0.06161573472797752,0.0660950339885307,0.06293396013906376,4.940395355224609,1557552667.142857,1437117316.7142856,1481873325.0,1888065486.1666667,0.342043979934598,-0.09369984588167524,-0.26380592131329117,-0.4200793206328912,0
2022-07-29,41.92699813842773,44.2287483215332,41.27700805664063,42.87696838378906,2066610408.0,-0.021432240912494627,42.84526824951172,40.61850357055664,37.41592788696289,33.8739013671875,85.09593200683594,93.29767608642578,39.861504146030974,39.15350614275251,37.34965788523356,72.38750063578287,0.06953523669986914,0.06186830502839339,0.06583977367914638,0.06291526602233494,2.951740264892571,1635086563.142857,1464775206.142857,1487836547.3833334,1893378105.2055554,-0.158169828989824,-0.03257964694646309,-0.275114182982648,-0.3996953027824536,0
2022-07-30,43.755889892578125,46.47602462768555,41.61918640136719,41.92341613769531,1980341418.0,0.0436208609095281,41.92699813842773,40.040977478027344,39.57412338256836,33.588417053222656,89.6715087890625,99.73883819580078,40.39220591953823,39.424169449579146,37.316125361124676,72.07648425632053,0.07008246962788259,0.062331946750193386,0.06595488913571172,0.06278234209846352,4.856838226318359,1753501524.142857,1521462930.6190476,1495689043.9,1893888589.5222223,-0.04174419603523061,-0.08453451788368338,-0.2580359403344834,-0.4455370736919485,0
2022-07-31,42.400203704833984,45.05152893066406,42.35273742675781,43.76065826416016,1356657075.0,-0.030982941749611026,43.755889892578125,41.00658416748047,38.64472198486328,32.803070068359375,87.58101654052734,109.9789810180664,40.59129442487444,39.69572158086868,37.35163427988688,71.70104660458036,0.07194049838732024,0.06215876098776802,0.06415064904099244,0.062319344283796194,2.69879150390625,1787986715.857143,1552059961.7619047,1494589210.2833333,1881600760.2222223,-0.3149377866518974,-0.04232557223108069,-0.2591531826613126,-0.4405461594595176,0
2022-08-01,41.78648376464844,43.11629104614258,40.73676300048828,42.401554107666016,1082119921.0,-0.014474457350674874,42.400203704833984,36.71199798583984,43.74615859985352,33.35940933227539,85.84237670898438,101.8376007080078,41.31622096470424,40.09204937162853,37.3665532430013,71.36742928822835,0.0545693917038462,0.05838411898281225,0.06416749840193015,0.06209953809010977,2.379528045654297,1733168543.4285715,1559293480.857143,1486724174.7333333,1869290399.8722222,-0.20236296928610353,0.00919119056687201,-0.24681492989458897,-0.4256814540998255,1
2022-08-02,39.7545051574707,42.33211135864258,39.74711990356445,41.774147033691406,1205226999.0,-0.04862765239167599,41.78648376464844,36.19085311889648,44.89987564086914,33.38593292236328,92.7708511352539,101.45903778076172,41.82531411307199,40.42523556663876,37.39147466023763,71.02462632921007,0.05948464135373439,0.05946891319640718,0.06392173930298016,0.062192649741167415,2.584991455078125,1710726239.5714285,1573047803.1904762,1484333689.6833334,1861436374.761111,0.11376472756017209,0.015548383351381201,-0.2054817944413445,-0.4177836865566591,1
2022-08-03,38.54441833496094,40.73065185546875,37.89313125610352,39.75486373901367,2312325350.0,-0.030438985914087446,39.7545051574707,40.3078498840332,42.09366989135742,36.78503036499024,84.59602355957031,112.17424774169922,41.57339532034738,40.59825842721121,37.38502419789632,70.61557172139486,0.041960274551233606,0.05873522899040449,0.06403190208984373,0.06168711662672259,2.8375205993652273,1779740425.4285715,1620629476.1904762,1504026399.35,1856941126.55,0.9185807751722961,0.09914403809588657,-0.18981965695808511,-0.41272821725011455,1
2022-08-04,38.83067321777344,39.67987823486328,38.04472732543945,38.54463958740234,1235137178.0,0.007426623495129014,38.54441833496094,42.84526824951172,43.19059371948242,35.39555358886719,81.76410675048828,113.89430236816406,40.999881744384766,40.680298941476,37.390859858194986,70.19855155944825,0.030526209832246073,0.05729263772042886,0.06401145483620799,0.061676093627141604,1.6351509094238281,1605488335.5714285,1616581838.8095238,1507969812.5333333,1850817059.0722222,-0.4658462841312534,0.10278254893200156,-0.19884253501346072,-0.41299964005128875,1
2022-08-05,40.561031341552734,41.174652099609375,38.79571914672852,38.82399368286133,1198859111.0,0.044561630803436225,38.83067321777344,41.92699813842773,40.61850357055664,37.07356262207031,78.9834213256836,115.2997589111328,40.80474363054548,40.83006577264695,37.35965817769368,69.78333640628391,0.03715926815240103,0.05798057522752057,0.06289330153615376,0.061770569506885996,2.3789329528808523,1481523864.5714285,1613373846.4761906,1495366507.5333333,1849208292.5166667,-0.02937169056698896,0.11769245650570381,-0.20842849848737366,-0.44202099139918616,1
2022-08-06,40.0570068359375,40.84541320800781,39.95309829711914,40.5611686706543,650997770.0,-0.012426323713787935,40.561031341552734,43.755889892578125,40.040977478027344,38.51830673217773,75.22018432617188,117.35514831542967,40.276331765311106,40.853060222807386,37.36998208363851,69.3539022869534,0.030617852727184973,0.056828169224494386,0.06221289750398731,0.06175240289471489,0.8923149108886719,1291617629.142857,1589615563.4285715,1473302716.8166666,1838928030.2222223,-0.4569855923629045,0.1604798116392958,-0.19627922089795125,-0.4211825226194358,1
2022-08-07,40.6055908203125,41.49406814575195,39.33648300170898,40.0600471496582,614104051.0,0.013695081777374218,40.0570068359375,42.400203704833984,41.00658416748047,38.286720275878906,63.2696533203125,113.5954818725586,40.01995849609375,40.94643492925735,37.39935245513916,68.9484028922187,0.03069126693021941,0.05657024745916554,0.06218884019977531,0.06173057415613978,2.157585144042976,1185538625.7142856,1565528332.3333333,1463353879.6333334,1827504081.8777778,-0.056672573548139815,0.10616710282256259,-0.23922440032948433,-0.4318822694736969,1
2022-08-08,42.17055130004883,43.53985595703125,40.603797912597656,40.609642028808594,1117550363.0,0.038540517404649366,40.6055908203125,41.78648376464844,36.71199798583984,38.07196044921875,66.76615142822266,114.01937866210938,40.074825286865234,40.871406010219026,37.43598486582438,68.54924274020725,0.03448734243163317,0.0491771852991561,0.062269057982418906,0.06180867438808928,2.9360580444335938,1190600117.4285715,1533348082.4285715,1460881835.6,1823468050.3666666,0.8198062057727737,0.03919018753646064,-0.22431845403747908,-0.42586087600116407,1
2022-08-09,40.37262344360352,42.702392578125,39.94392776489258,42.175392150878906,895263875.0,-0.04263467754198469,42.17055130004883,39.7545051574707,36.19085311889648,36.69760894775391,50.21084976196289,106.20280456542967,40.16312789916992,40.655822572253996,37.49069913228353,68.18351951175266,0.033071634942923714,0.04958897832357095,0.061782364118296754,0.06168651374045913,2.758464813232422,1146319671.142857,1455489695.5714285,1456185526.75,1814362530.7833333,-0.19890511905278674,0.06901167588121848,-0.16753870503931578,-0.396161938258077,1
2022-08-10,42.365867614746094,42.61181640625,39.25737380981445,40.37052536010742,1389333742.0,0.04937118277505381,40.37262344360352,38.54441833496094,40.3078498840332,33.463600158691406,44.683589935302734,96.3818817138672,40.709049224853516,40.66878436860584,37.63311163584391,67.88343054453532,0.033507386349768443,0.04898208797281089,0.0608781051902782,0.06144822297117011,3.354442596435547,1014463727.1428572,1425418814.6190476,1461226007.1666667,1809609643.4388888,0.5518706615968392,-0.046330086967733886,-0.1800058130959976,-0.4190358004235204,0
2022-08-11,42.8217887878418,45.12477111816406,42.37364959716797,42.37364959716797,1735349568.0,0.010761520978199268,42.365867614746094,38.83067321777344,42.84526824951172,32.75759506225586,48.59355163574219,95.91820526123048,41.279208592006135,40.651222229003906,37.83442026774089,67.58845045301649,0.03342067841080463,0.04871075820745983,0.05954510162721695,0.061456115662822844,2.7511215209960938,1085922640.0,1416321214.2380953,1466304058.1333334,1809680941.1555555,0.24905162491907573,-0.07651613851529648,-0.17969965636198026,-0.4259263416470126,0
2022-08-12,45.33475875854492,45.37518310546875,42.23114013671875,42.82052993774414,1128246063.0,0.0586843763849636,42.8217887878418,40.561031341552734,41.92699813842773,34.91093826293945,52.4172248840332,93.24410247802734,41.96116965157645,40.8758058093843,38.12012688318888,67.3222874323527,0.035870661501802195,0.048226828488450266,0.0587091631034556,0.06159538631844253,3.14404296875,1075835061.7142856,1397481829.8095238,1442155905.2833333,1809560005.0666666,-0.3498450780148522,-0.20832800765047144,-0.22871627833007346,-0.4506040986230918,0
2022-08-13,46.485347747802734,48.18428421020508,45.34074401855469,45.34074401855469,1416039040.0,0.025379841445410722,45.33475875854492,40.0570068359375,43.755889892578125,37.10782241821289,58.81126022338867,96.43327331542967,42.8795040675572,41.18268058413551,38.39963903427124,67.04479895697699,0.033548094684195284,0.04815653806888412,0.05845827270557589,0.06156986194039822,2.8435401916503906,1185126671.7142856,1410081941.6666667,1427126801.6833334,1807497797.6833334,0.2550799745179346,-0.24127203220455196,-0.19492518169631923,-0.47848329066774553,0
2022-08-14,44.91656875610352,47.96087646484375,44.69403839111328,46.505985260009766,1061034922.0,-0.03374781662837756,46.485347747802734,40.6055908203125,42.400203704833984,37.41592788696289,53.646461486816406,104.87330627441406,43.49535805838449,41.368870326450896,38.57344948450724,66.71170597076416,0.0397228064875996,0.0488527964868585,0.055216704745746775,0.06124607201198219,3.2668380737304688,1248973939.0,1407499760.1904762,1401894719.3833334,1801533680.338889,-0.25070221086559874,-0.18664314033697438,-0.2557130347173313,-0.4402327924434689,0
2022-08-15,43.82322311401367,47.127540588378906,42.90903091430664,44.92243957519531,1364253429.0,-0.02434170000889213,44.91656875610352,42.17055130004883,41.78648376464844,39.57412338256836,57.12562561035156,101.93289947509766,43.731454031808035,41.70750009445917,38.80400749842326,66.38887443542481,0.04066219178804756,0.04252505701602262,0.05240404146681035,0.06123818207459747,4.218509674072266,1284217234.142857,1402661965.0,1392817117.8166666,1798507561.5,0.28577618013594464,-0.19051183431051288,-0.2220660785454729,-0.4547049768040463,0
2022-08-16,43.15880584716797,44.1871223449707,42.78215408325195,43.806095123291016,1131452045.0,-0.0151613053452756,43.82322311401367,40.37262344360352,39.7545051574707,38.64472198486328,49.75621032714844,93.4104232788086,44.1294800894601,42.039307367234,39.01093893051147,66.1096987830268,0.03624813836150707,0.04255225964977491,0.05243478077892827,0.06094526710295202,1.40496826171875,1317958401.2857144,1391668104.0,1390282383.8833334,1794390638.788889,-0.17064379612418767,-0.17406770232022384,-0.23427715231864177,-0.4714409949175442,0
2022-08-17,40.403053283691406,44.633087158203125,40.28676986694336,43.15305709838867,1336772691.0,-0.06385145532606051,43.15880584716797,42.365867614746094,38.54441833496094,43.74615859985352,52.2139778137207,90.06546020507812,43.849078042166575,42.04384086245582,39.154190889994304,65.83379652235243,0.04079783561251026,0.038169093803999944,0.053092400315022575,0.06106687158748604,4.346317291259766,1310449679.7142856,1368217944.0952382,1382488249.9666667,1792543560.338889,0.18146650307216516,-0.13477043394944854,-0.20281127607276006,-0.4626650085946943,0
2022-08-18,39.54523086547852,41.607303619384766,39.52593612670898,40.42650985717773,885648540.0,-0.021231623565418523,40.403053283691406,42.8217887878418,38.83067321777344,44.89987564086914,49.53850936889648,91.49665069580078,43.38099833897182,41.88669622512091,39.24254894256592,65.54517752329508,0.04039200263675012,0.035653447777519304,0.05236522676751602,0.06106691908927153,2.0813674926757884,1189063818.5714285,1293491598.047619,1363825682.1666667,1791438242.6222222,-0.33747259652838013,-0.10693495277356169,-0.14652721808471403,-0.4604787323066655,0
2022-08-19,35.8902587890625,39.54132843017578,35.755027770996094,39.54132843017578,1821467945.0,-0.09242510402453297,39.54523086547852,45.33475875854492,40.561031341552734,42.09366989135742,50.3179817199707,90.9014129638672,42.03178405761719,41.599232446579705,39.250434684753415,65.23956000010172,0.03745905958530352,0.040503908040225176,0.05365153128359198,0.061431072709432676,3.7863006591796875,1288095516.0,1281818147.4285715,1361543836.5333333,1790929841.4666667,1.056648729980405,-0.11601745713624911,-0.13458817084618713,-0.3903906353630622,0
2022-08-20,35.26973342895508,37.22320938110352,34.35833740234375,35.87661361694336,1203622743.0,-0.017289520361344568,35.8902587890625,46.485347747802734,40.0570068359375,43.19059371948242,52.75518035888672,83.12316131591797,40.42955344063895,41.19512975783575,39.23624426523845,64.97370762295193,0.029057783832675727,0.0388770616298375,0.05365169416419274,0.06112991971855451,2.8648719787597727,1257750330.7142856,1244831543.857143,1351769375.0666666,1781544964.511111,-0.33920179803109296,-0.10567986433549081,-0.07327616183394114,-0.3826640221360108,0
2022-08-21,36.533199310302734,36.98236846923828,34.78230667114258,35.26417922973633,982071275.0,0.035822949552275274,35.26973342895508,44.91656875610352,40.6055908203125,40.61850357055664,49.05685043334961,86.46538543701172,39.23192923409598,40.915748596191406,39.276436996459964,64.69630658891467,0.040511630549338803,0.0397535023096206,0.0533186881588921,0.06111353256582764,2.200061798095703,1246469809.7142856,1226994124.8095238,1342585178.4666667,1775631171.4944444,-0.18407052316724126,-0.16809130121576166,-0.13960339602581573,-0.4194798160877581,0
2022-08-22,35.47438049316406,36.52580642700195,33.90044021606445,36.52580642700195,1139846770.0,-0.02898237321471253,36.533199310302734,43.82322311401367,42.17055130004883,40.040977478027344,49.65333557128906,84.90278625488281,38.03923743111746,40.61517224993025,39.23142280578613,64.42170433468289,0.040472981378584114,0.040027688341380346,0.05122852124616308,0.061134089456818606,2.6253662109375,1214411715.5714285,1229743022.3809524,1333807971.5666666,1769219417.7444444,0.1606558495461543,-0.0848241111573268,-0.13102420845396845,-0.4208062007468013,0
2022-08-23,35.6462516784668,36.05042266845703,34.31291580200195,35.47530746459961,854779221.0,0.0048449383164239634,35.47438049316406,43.15880584716797,40.37262344360352,41.00658416748047,47.98242568969727,89.19474792480469,36.9660154070173,40.41954113188244,39.121992874145505,64.1242126888699,0.04228049616614186,0.038932740706043,0.049320881783798336,0.06100544361208736,1.7375068664550781,1174887026.4285715,1213055032.952381,1318622174.1833334,1744781641.4833333,-0.2500928690616897,-0.11878375733363045,-0.09081871155405496,-0.3911386554437494,0
2022-08-24,34.957916259765625,36.28606796264648,34.43351745605469,35.64565658569336,946325778.0,-0.01931017670272983,35.6462516784668,40.403053283691406,42.365867614746094,36.71199798583984,43.4912109375,92.59882354736328,36.18813868931362,40.2487553187779,38.99907792409261,63.80398542616103,0.03887715497556759,0.038635901412803854,0.04936972312977892,0.06093812407596112,1.8525505065917898,1119108896.0,1148007434.2857144,1313206045.1,1732987659.411111,0.10709965187607207,-0.09969016831936417,-0.03665208498290273,-0.3983328037251822,0
2022-08-25,35.316463470458984,36.42266845703125,34.93364334106445,34.959102630615234,828503624.0,0.010256538405466253,34.957916259765625,39.54523086547852,42.8217887878418,36.19085311889648,40.98134613037109,90.14156341552734,35.584029061453684,40.08141199747721,38.930884170532224,63.49940153757731,0.04047229472014462,0.03868236213547277,0.04859875969028125,0.06092217961511954,1.4890251159667969,1110945336.5714285,1128643931.7142856,1308035694.0,1728029113.4277778,-0.12450485524024268,-0.10563870227248895,-0.052491472509340276,-0.4225718754128187,0
2022-08-26,31.726362228393555,35.58013153076172,31.499326705932617,35.313255310058594,1315871629.0,-0.10165517408243396,35.316463470458984,35.8902587890625,45.33475875854492,40.3078498840332,44.34316253662109,85.51905059814453,34.98918669564383,39.660713468279155,38.81880267461141,63.200553268856474,0.04344507865630626,0.04251448782624741,0.05023483504536789,0.06125854141612074,4.080804824829102,1038717291.4285715,1134215956.3809524,1309077062.5333333,1724158830.961111,0.5882509030521754,-0.015710346992689694,0.019195369703442156,-0.3607705802497585,0
2022-08-27,31.54243278503418,32.20508575439453,30.95301818847656,31.71382713317871,764882265.0,-0.0057973694568350664,31.726362228393555,35.26973342895508,46.485347747802734,42.84526824951172,44.90961456298828,99.52034759521484,34.45671517508371,39.25525756109329,38.75573590596517,62.82289818657769,0.04363212483170133,0.042526008565556876,0.049148590106321714,0.05996128499484869,1.2520675659179723,976040080.2857143,1139639027.5714285,1299125986.1666667,1709197772.7333333,-0.41872577222348484,-0.013725924982157078,0.07412622324090146,-0.3409881009128505,0
2022-08-28,30.39228630065918,32.12961196899414,30.38878059387207,31.538864135742188,562501615.0,-0.0364634678692477,31.54243278503418,36.533199310302734,44.91656875610352,41.92699813842773,47.179443359375,98.65355682373048,33.57944188799177,38.76890972682408,38.697708988189696,62.443668905893965,0.03776574903283142,0.04251173286815348,0.04908736296782246,0.06000775068497864,1.7408313751220703,916101557.4285715,1137181768.7142856,1285720954.4833333,1694401989.9333334,-0.26459059029169674,0.05641793987829158,0.07758032336635079,-0.32360796773704237,1
2022-08-29,32.46529769897461,32.520748138427734,30.11916160583496,30.39385986328125,891913484.0,0.0682084716433613,30.39228630065918,35.47438049316406,43.82322311401367,43.755889892578125,45.76784133911133,100.6496353149414,33.14957291739328,38.306754793439595,38.678990332285565,62.0648670302497,0.05154050953460266,0.044738559082963494,0.049871743826372925,0.060225204387717064,2.4015865325927734,880682516.5714285,1126437155.4285715,1278555151.5,1678242659.6944444,0.5856194190660235,-0.008336561666809406,0.023721994133656832,-0.3291063021181979,0
2022-08-30,31.41205596923828,33.072635650634766,30.79652404785156,32.46004104614258,861409804.0,-0.03244207829240375,32.46529769897461,35.6462516784668,43.15880584716797,42.400203704833984,40.26966857910156,95.53919982910156,32.54468781607492,37.88006110418411,38.65580676396688,61.70860511991713,0.05150656924377526,0.044437117063654996,0.0499593832192133,0.06016184530305946,2.2761116027832067,881629742.7142857,1124825056.8095238,1269121853.9833333,1670198760.0055556,-0.03420026779189267,-0.01656412631662807,0.08087321096821887,-0.3367226985255417,0
2022-08-31,31.47295570373535,32.87642288208008,31.23788452148437,31.4165153503418,769308937.0,0.0019387376157966596,31.41205596923828,34.957916259765625,40.403053283691406,41.78648376464844,40.8913459777832,88.24597930908203,32.04683630807059,37.361351013183594,38.62436587015788,61.39319943322076,0.05195428814063419,0.042376945307178567,0.0499131103545425,0.05992078435562758,1.6385383605957067,856341622.5714285,1095300066.0952382,1269184466.4833333,1660068088.9444444,-0.10691875872822088,0.03933417421711671,0.05526931178815597,-0.37295078514841595,1
2022-09-01,31.585678100585938,31.70931434631348,30.511266708374023,31.475082397460938,666487074.0,0.003581563737186766,31.47295570373535,35.316463470458984,39.54523086547852,39.7545051574707,38.259220123291016,89.64784240722656,31.5138669695173,36.82629812331427,38.59436162312826,61.07063185373942,0.05150041483881864,0.0422027213080384,0.04991492402380605,0.05990512128241217,1.1980476379394567,833196401.1428572,1044401852.0952381,1270198253.9666667,1655786562.2055554,-0.13365484014908824,0.06404701161691384,0.027978395158644975,-0.38808201115073004,1
2022-09-02,31.227930068969727,32.358829498291016,30.84394836425781,31.58498764038086,659575995.0,-0.011326273587571767,31.585678100585938,31.726362228393555,35.8902587890625,38.54441833496094,38.93144607543945,84.54218292236328,31.442662375313894,36.15454437619164,38.50174328486125,60.77444156010946,0.034620163887066076,0.038845152934104954,0.04811962161765784,0.059775998309535665,1.5148811340332067,739439882.0,1022084229.8095238,1263004476.75,1651297752.2777777,-0.010369411905503778,0.11245814533689535,0.026507306887695092,-0.3757593329615295,1
2022-09-03,31.10948371887207,31.23231315612793,30.858367919921875,31.22819328308105,314531753.0,-0.003792961936191608,31.227930068969727,31.54243278503418,35.26973342895508,38.83067321777344,38.48053359985352,82.13006591796875,31.38081250871931,35.42236037481399,38.430308787028,60.490993881225585,0.03458945384115912,0.037765806574176844,0.04788596092275558,0.05974701675895926,0.3739452362060547,675104094.5714285,969631501.8571428,1242094057.9333334,1639847105.4833333,-0.5231303816628439,0.12913246569091275,0.059728960709498846,-0.37065021803054987,1
2022-09-04,32.106956481933594,32.13935089111328,31.081865310668945,31.10894012451172,392954663.0,0.03206330172739014,31.10948371887207,30.39228630065918,36.533199310302734,40.561031341552734,42.43313217163086,82.2547607421875,31.62576539175851,34.812378837948756,38.34753201802572,60.21239496866862,0.032679743031923614,0.039121346106788524,0.04766338243290965,0.05980487425119877,1.057485580444336,650883101.4285715,937818156.1904762,1225133494.8,1630292598.2833333,0.24933225104302914,0.08904627805422738,0.06277500562575633,-0.39267339983171445,1
2022-09-05,32.19464874267578,32.37053298950195,31.211069107055664,32.108028411865234,512588616.0,0.0027312542311985766,32.106956481933594,32.46529769897461,35.47438049316406,40.0570068359375,39.43757247924805,88.20206451416016,31.587101255144393,34.25863720121838,38.24213771820068,59.90124265882704,0.019320797330753637,0.03924786109958892,0.04737342274804037,0.05953715073710739,1.159463882446289,596693834.5714285,897262688.9047619,1213857173.35,1618557752.85,0.304447215581203,0.16243488757924807,0.05837101466722383,-0.37031819152347123,1
2022-09-06,30.891742706298828,33.78529739379883,30.64054679870605,32.199668884277344,1196204019.0,-0.04046964595858071,32.19464874267578,31.41205596923828,35.6462516784668,40.6055908203125,38.84336853027344,82.9390869140625,31.512770789010183,33.67449133736746,38.11888809204102,59.612090746561684,0.02159952419940847,0.039677228123895104,0.04763246136677405,0.05945359769016354,3.144750595092777,644521579.5714285,900346116.2380953,1209030661.5,1613001106.961111,1.3336531121869473,0.08219264184063269,0.07934406714673892,-0.3648778692740321,1
2022-09-07,32.71091842651367,32.89689636230469,30.48895072937012,30.883899688720703,779212909.0,0.058888737275541114,30.891742706298828,31.47295570373535,34.957916259765625,42.17055130004883,39.97260665893555,80.7449951171875,31.689622606549943,33.30819920131138,38.0295373916626,59.34523476494683,0.03175049242920734,0.04113893030783816,0.04828349582243811,0.0596109832234806,2.4079456329345668,645936432.7142857,873795650.4285715,1208852556.5833333,1607037097.4222221,-0.34859530930902183,0.042207722918246704,0.008882245782522169,-0.39193088816277044,1
2022-09-08,33.608646392822266,33.796051025390625,32.102500915527344,32.708030700683594,978070646.0,0.027444291065240822,32.71091842651367,31.585678100585938,35.316463470458984,40.37262344360352,37.08976745605469,81.55381774902344,31.97861807686942,33.02550470261347,37.978054682413735,59.078872701856824,0.03271960031402111,0.04179223852512103,0.04820596161038952,0.05964670743464171,1.6935501098632812,690448371.5714285,878196703.0952381,1213251743.6666667,1606713653.9,0.25520334006684164,-0.016691022614994555,-0.030668064272462714,-0.4168451602980827,0
2022-09-09,34.73976516723633,35.79993438720703,33.60639953613281,33.60664367675781,1186140934.0,0.03365558854091888,33.608646392822266,31.227930068969727,31.726362228393555,42.365867614746094,33.82111740112305,78.93607330322266,32.48030880519322,32.97071929205032,37.99932409922282,58.8333376566569,0.03239468641593282,0.03774674986024673,0.04699503519596512,0.05966946928670835,2.1935348510742188,765671934.2857143,847943035.9047619,1217517158.9,1605987533.6444445,0.212735438744575,-0.07285330413324254,-0.05255884572673586,-0.440235950613282,0
2022-09-10,35.12672805786133,35.36214065551758,34.369415283203125,34.73285675048828,731145106.0,0.01113890346587465,34.73976516723633,31.10948371887207,31.54243278503418,42.8217887878418,30.74327087402344,81.17333984375,33.05420085362026,32.96390951247442,38.03880964914958,58.577523146735295,0.031365648104410525,0.037637741005119574,0.04691412501312538,0.059633178321155944,0.9927253723144531,825188127.5714285,825444100.8095238,1214429806.8333333,1600735000.5777779,-0.383593395150462,-0.039171022628485486,-0.08984307677638592,-0.48048589196157654,0
2022-09-11,34.96596145629883,35.89952087402344,34.12443542480469,35.122840881347656,757216096.0,-0.00457675993328166,35.12672805786133,32.106956481933594,30.39228630065918,45.33475875854492,28.19236183166504,82.95508575439453,33.462630135672434,32.88927913847424,38.039726702372235,58.310916900634766,0.031668174781451626,0.03676390957792531,0.04617356372659284,0.05960436619472739,1.77508544921875,877225475.1428572,814736711.3333334,1205164904.8166666,1595898154.1388888,0.035657750815882405,-0.11171169863967478,-0.11980487484504065,-0.4926732879364294,0
2022-09-12,37.4241828918457,38.1690788269043,34.5079231262207,34.96744155883789,1701399970.0,0.07030327018518312,34.96596145629883,32.19464874267578,32.46529769897461,46.485347747802734,29.714618682861328,87.90362548828125,34.20970644269671,32.98212687174479,38.04499937693278,58.03047555287679,0.03782726081846264,0.03933772961259397,0.04635050135187313,0.059672132741232155,3.6611557006835938,1047055668.5714285,841477339.9047619,1211519278.2666667,1592178835.6333334,1.2469146905192043,-0.1266261489573698,-0.16723671770878712,-0.5209026530180597,0
2022-09-13,33.430816650390625,38.870384216308594,32.870452880859375,37.421607971191406,1785181627.0,-0.10670550250878519,37.4241828918457,30.891742706298828,31.41205596923828,44.91656875610352,34.48794174194336,87.87684631347656,34.57243129185268,32.876629965645925,37.97858085632324,57.727997610304094,0.05868907024011126,0.04607308516852566,0.04838492602425877,0.060171009810846464,5.999931335449219,1131195326.857143,885782216.3809524,1220168522.8833334,1588540608.1111112,0.049242775641990866,-0.05975851719047964,-0.08633642594305035,-0.44951988249695796,0
2022-09-14,34.09157180786133,34.28319549560547,32.870452880859375,33.01827621459961,1003604224.0,0.0197648524228613,33.430816650390625,32.71091842651367,31.47295570373535,43.82322311401367,29.98974227905273,89.82203674316406,34.76966748918806,32.835375467936196,37.88720499674479,57.41838391621908,0.05534474155567908,0.04612871450243684,0.04785388746187386,0.060165624494445874,1.4127426147460938,1163251229.0,888509761.4285715,1217729898.05,1578864201.2444444,-0.4378139407100228,-0.09577716033779493,-0.11979952558498741,-0.4474204201210239,0
2022-09-15,33.04768371582031,34.715267181396484,32.721893310546875,34.09429168701172,1139377803.0,-0.030620122120632143,34.09157180786133,33.608646392822266,31.585678100585938,43.15880584716797,30.742919921875,92.41815185546876,34.68952996390207,32.72733833676293,37.793921025594074,57.088547982109915,0.056165671767344064,0.04652812472301033,0.04791863384222732,0.06014998032152142,1.9933738708496094,1186295108.5714285,903313293.7619047,1218053929.7,1574351443.7166667,0.13528597803111686,-0.019329000241479766,-0.10507047469010478,-0.41996406199427194,0
2022-09-16,32.208858489990234,33.203125,31.64116477966309,33.04459381103516,765952525.0,-0.02538226984508818,33.04768371582031,34.73976516723633,31.227930068969727,40.403053283691406,31.80793571472168,88.61486053466797,34.32797186715262,32.75031434921991,37.60163269042969,56.77518130408393,0.05450135538836626,0.041019113499522315,0.044686592215529425,0.06010681700149885,1.5619602203369105,1126268193.0,877126669.7619047,1200930878.2666667,1571461548.838889,-0.3277449121939757,0.04557060762191911,-0.06333717422177598,-0.40574207492539405,1
2022-09-17,33.75077819824219,33.84817886352539,32.21224594116211,32.21224594116211,501302380.0,0.04787253508941158,32.208858489990234,35.12672805786133,31.10948371887207,39.54523086547852,34.24374771118164,88.7572021484375,34.13140760149275,32.85547365461077,37.41581439971924,56.46959005991618,0.05843918674400825,0.042194824899656966,0.04502001900960734,0.060228721620185596,1.6359329223632812,1093433517.857143,864575246.6666666,1167114417.95,1565365799.2166667,-0.3455176872744169,-0.008536926096267883,-0.07483980901409693,-0.4420386786690663,0
2022-09-18,31.05985450744629,33.954715728759766,30.979143142700195,33.74827575683594,694870049.0,-0.07972923394507236,33.75077819824219,34.96596145629883,32.106956481933594,35.8902587890625,35.4171142578125,90.51296997070312,33.57339232308524,32.887262616838726,37.231917476654054,56.139294974009196,0.06505089670954545,0.045221502727984086,0.04545404288541569,0.060469959383161236,2.9755725860595703,1084526939.7142856,870878505.4285715,1145015214.7333333,1558783148.6444445,0.38612956315906577,0.04106609620340662,-0.02883217212348399,-0.3671172660749682,1
2022-09-19,32.685302734375,32.9898567199707,30.693248748779297,31.053613662719727,971182780.0,0.05233277015315796,31.05985450744629,37.4241828918457,32.19464874267578,35.26973342895508,36.12115859985352,95.1026840209961,32.896409443446565,32.89773904709589,37.05682929356893,55.79253174463908,0.06137754776672138,0.0441805030197137,0.04587341354225208,0.060478302436464834,2.2966079711914062,980210198.2857143,874653233.8095238,1129094941.4666667,1552514898.838889,0.39764662672919426,0.03656846854248985,-0.11578610629747743,-0.3869970154953354,1
2022-09-20,31.433040618896484,32.79011154174805,31.3890323638916,32.68706512451172,819978937.0,-0.038312697473091406,32.685302734375,33.430816650390625,30.891742706298828,36.533199310302734,34.12163543701172,102.22369384765624,32.61101286751883,32.89873831612723,36.903738244374594,55.39925033781264,0.049006626062098574,0.04442239415109161,0.04551478706240342,0.060241015638557265,1.4010791778564453,842324099.7142857,872680335.3809524,1117363371.4833333,1537061189.6,-0.155690407731488,0.041901421398563565,-0.10651035323737923,-0.3540256697131535,1
2022-09-21,30.826377868652344,33.13396072387695,30.195068359375,31.43379020690918,1193686258.0,-0.019300161177516983,31.433040618896484,34.09157180786133,32.71091842651367,35.47438049316406,38.17523193359375,98.6581039428711,32.14455659048898,32.86794889540899,36.75016158421834,55.02240741517809,0.04755731159068846,0.04464096379791442,0.04554029459473291,0.06020856787046891,2.938892364501953,869478676.0,892888779.2380953,1118067530.9333334,1531606685.4388888,0.4557523420872944,0.0781493512520186,-0.08816154041294655,-0.36810381205180087,1
2022-09-22,32.408905029296875,32.80704498291016,30.63888168334961,30.815771102905277,833702543.0,0.051336785897697634,30.826377868652344,33.04768371582031,33.608646392822266,35.6462516784668,42.2120475769043,101.7641830444336,32.053302492414204,32.90715017772856,36.606866931915285,54.637100315093996,0.052423706625491145,0.0460284409000555,0.045951972813060835,0.06029315631426945,2.168163299560554,825810781.7142857,900851420.6190476,1113374894.4333334,1529111312.8333333,-0.3015731416755574,0.0476271804891828,-0.13561218484427595,-0.40022210974834627,1
2022-09-23,33.6766357421875,33.90916442871094,31.36355400085449,32.4062385559082,982495447.0,0.03911674003625332,32.408905029296875,32.208858489990234,34.73976516723633,34.957916259765625,42.33281326293945,107.08422088623048,32.26298495701381,33.02375520978655,36.55627756118774,54.229280397627086,0.05320886011198357,0.0465970503079676,0.04426898464941975,0.0602318831072927,2.545610427856449,856745484.8571428,916228537.3809524,1105319033.0833333,1525834454.8055556,0.17847241231216926,-0.013783782926572896,-0.13084931482642748,-0.42173844783401415,0
2022-09-24,33.462650299072266,34.69917678833008,33.27409744262695,33.67512893676758,872691785.0,-0.0063541217345285395,33.6766357421875,33.75077819824219,35.12672805786133,35.316463470458984,39.40808868408203,106.46525573730467,32.221823828560964,33.135810761224654,36.510807514190674,53.823710367414684,0.05023556195259326,0.04662361173799389,0.04423933623544007,0.06023196334032069,1.425079345703125,909801114.1428572,942807586.5238096,1097158510.7333333,1514698595.9,-0.11175997032381157,-0.029682514874260102,-0.15398021188474786,-0.42101745399270607,0
2022-09-25,32.33536148071289,33.98523712158203,32.01491928100586,33.461063385009766,610529879.0,-0.03368797176207616,33.462650299072266,31.05985450744629,34.96596145629883,31.726362228393555,38.45125198364258,111.71031188964844,32.404039110456196,33.14668718973795,36.377932707468666,53.38273842069838,0.040060246704868685,0.04688939914473608,0.04182332533050767,0.060135088815330105,1.9703178405761719,897752518.4285715,953168311.0952381,1076846907.9,1501133345.911111,-0.3004060660431219,-0.008648831283494696,-0.04315355320891667,-0.3999095855481276,0
2022-09-26,33.88055419921875,33.88150787353516,31.96014976501465,32.33634948730469,936313674.0,0.047786468056883136,32.33536148071289,32.685302734375,37.4241828918457,31.54243278503418,35.326438903808594,120.6994857788086,32.574789319719585,33.22696840195429,36.22852080663045,52.90041102303399,0.03922039916288037,0.047971543212120216,0.041463557956264226,0.05992449164790734,1.921358108520515,892771217.5714285,973345694.8095238,1051537105.6833333,1484623030.6111112,0.533608274067779,-0.02694564393018184,-0.07661718900592507,-0.4385190186795509,0
2022-09-27,32.75012969970703,35.23724365234375,32.27183532714844,33.87862777709961,1223724195.0,-0.033364994352358734,33.88055419921875,31.433040618896484,33.430816650390625,30.39228630065918,33.8739013671875,122.66146087646484,32.762944902692524,33.315463020688014,36.07557299931844,52.400903627607555,0.03832738142868489,0.047669694402321536,0.041581684508389095,0.05993935358742001,2.9654083251953125,950449111.5714285,974656179.3809524,1037489002.1333333,1468559111.7666667,0.3069596535658412,0.041903380798462564,-0.06471745144288166,-0.4158795026353339,1
2022-09-28,33.23543930053711,33.74109649658203,31.72770118713379,32.73825454711914,998520503.0,0.01481855507993357,32.75012969970703,30.826377868652344,34.09157180786133,32.46529769897461,33.588417053222656,134.43093872070312,33.10709653581892,33.340440205165315,35.90023215611776,51.83870640860663,0.036630728735464024,0.04607045407910445,0.041195922142173345,0.05947560699745442,2.013395309448242,922568289.4285715,985099398.1428572,1021125320.2166667,1449468628.538889,-0.18403141240498233,0.02522740104386001,-0.03382461760848332,-0.39950795819004725,1
2022-09-29,33.952449798583984,34.338314056396484,32.79304885864258,33.23528289794922,951223921.0,0.021573672956845424,33.23543930053711,32.408905029296875,33.04768371582031,31.41205596923828,32.803070068359375,132.19886779785156,33.327602931431365,33.356811795915874,35.75943625768026,51.29289297527737,0.032740409178507256,0.04592456587811729,0.041165285917133414,0.05950539695444147,1.5452651977539062,939357057.7142857,983820982.6666666,1014368100.9833333,1435896614.4555554,-0.04736666083260188,-0.017955422608186056,-0.03226046019569162,-0.40208569674884287,0
2022-09-30,33.21244430541992,35.13334655761719,32.73581314086914,33.951778411865234,1210784941.0,-0.021795349011750065,33.952449798583984,33.6766357421875,32.208858489990234,31.47295570373535,33.35940933227539,136.77532958984375,33.26128986903599,33.28408223106747,35.616535600026445,50.71754361258613,0.030861824992891834,0.04557656489437949,0.0412111480433953,0.059440289180447595,2.397533416748047,971969842.5714285,984994506.8095238,1016512517.9833333,1428256709.6166666,0.27287057681132465,-0.006352421993689017,-0.007422319309963843,-0.3558093127124361,0
2022-10-01,32.46939468383789,33.22508239746094,32.466941833496094,33.21569061279297,572976679.0,-0.0223726268006349,33.21244430541992,33.462650299072266,33.75077819824219,31.585678100585938,33.38593292236328,132.41262817382812,33.1193962097168,33.15754254659017,35.49511709213257,50.16230342653063,0.031853216526248986,0.04571188955055415,0.040856018764816024,0.05942137213901549,0.7581405639648438,929153398.8571428,977462676.9523809,1005975012.65,1415728151.1333334,-0.5267725426723819,0.003342827371920709,0.004362370335176724,-0.26587831253068583,1
2022-10-02,32.05569839477539,32.99811935424805,31.99713897705078,32.470420837402344,532211084.0,-0.012741114920396868,32.46939468383789,32.33536148071289,31.05985450744629,31.227930068969727,36.78503036499024,126.86223602294922,33.07944434029715,33.01895859127953,35.38697175979614,49.63560043970744,0.0294798866854327,0.045763086111554045,0.04071478867681662,0.0593625553031021,1.0009803771972656,917964999.5714285,966748152.5714285,976306441.55,1406240867.1,-0.07114704052379073,0.026771677343738753,0.0060122269956632834,-0.27090341320797806,1
2022-10-03,32.967620849609375,33.20492935180664,31.954931259155277,32.05710983276367,633204077.0,0.028448060734893144,32.05569839477539,33.88055419921875,32.685302734375,31.10948371887207,35.39555358886719,112.88338470458984,32.94902529035296,32.80674135117304,35.28925422032674,49.19162397384643,0.02467463097665149,0.043247879799758575,0.04088945175713474,0.05889836413050799,1.2499980926513636,874663628.5714285,915881681.4761904,966274223.2,1391530838.9555554,0.18976116063001802,-0.030235306396564576,-0.06611166934960555,-0.2855810121051613,0
2022-10-04,34.12247085571289,34.34199905395508,32.88138198852539,32.95677185058594,717157069.0,0.03502982551794309,32.967620849609375,32.75012969970703,31.433040618896484,32.106956481933594,37.07356262207031,118.79651641845705,33.14507402692522,32.83967726571219,35.181944878896076,48.72121260960897,0.024480050490475407,0.037242854650253336,0.04072410350971666,0.05881798583001447,1.4606170654296875,802296896.2857143,865023369.1904762,958245855.8333334,1382009026.488889,0.13258441480312833,-0.09804688674713391,-0.09608305242224124,-0.3217142178072422,0
2022-10-05,34.073883056640625,34.31154251098633,33.27922058105469,34.117191314697266,655950188.0,-0.0014239238206904536,34.12247085571289,33.23543930053711,30.826377868652344,32.19464874267578,38.51830673217773,109.8008804321289,33.26485170636858,32.838834944225496,35.08222614924113,48.30050706863403,0.024289080160550463,0.03701355251340725,0.04070134584971342,0.05858012853366447,1.0323219299316406,753358279.8571428,848468415.0952381,958328396.1333333,1372448391.0611112,-0.08534654909746142,-0.08535562764378646,-0.008599835383280241,-0.33397255163976347,0
2022-10-06,33.34281921386719,34.45728302001953,33.33332443237305,34.073753356933594,712289836.0,-0.021455254793185663,34.073883056640625,33.952449798583984,32.408905029296875,30.891742706298828,38.286720275878906,112.97279357910156,33.177761622837615,32.85288901556106,34.961179955800375,47.85811832216051,0.02449026999089781,0.03667918296968268,0.0407265468014356,0.05853889078285308,1.1239585876464844,719224839.1428572,828130892.8571428,959964825.8833333,1369726387.2833333,0.08589013164517922,-0.08392511057567986,0.10265907910422833,-0.29746631245838406,0
2022-10-07,33.00146484375,33.72856903076172,32.551998138427734,33.34446716308594,649212486.0,-0.010237717690507075,33.34281921386719,33.21244430541992,33.6766357421875,32.71091842651367,38.07196044921875,111.74243927001952,33.14762169974191,32.8906321752639,34.808361848195396,47.42066846423679,0.02332091588271194,0.03627986807902254,0.04037979378545738,0.058538544530641876,1.1765708923339844,639000202.7142857,822571843.3809524,952159194.6,1366220720.8166666,-0.08855573505614367,-0.09072467477103585,-0.009632376603488813,-0.2943555042944648,0
2022-10-08,32.57793426513672,33.04252624511719,32.44584274291992,33.00006866455078,367021196.0,-0.01283369028067527,33.00146484375,32.46939468383789,33.462650299072266,33.608646392822266,36.69760894775391,99.33910369873048,33.16312735421317,32.834782464163645,34.67845036188761,47.0497730784946,0.022088135286550636,0.034813110521643376,0.040069399753085565,0.058000358470000436,0.5966835021972656,609577990.8571428,816177501.2857143,943355149.95,1355634737.4944444,-0.43466707139086047,-0.09216626015355778,-0.09136826106455298,-0.28643647447164033,0
2022-10-09,32.91388320922852,33.10311508178711,32.478023529052734,32.5780143737793,405849928.0,0.010312162255521562,32.57793426513672,32.05569839477539,32.33536148071289,34.73976516723633,33.463600158691406,103.30638885498048,33.28572518484933,32.923069545200896,34.52091728846232,46.65870360268487,0.021462650254290474,0.029833899263870506,0.039521521922892586,0.057915641799103544,0.625091552734375,591526397.1428572,802414638.3809524,926963753.05,1345017191.5,0.10579424955064454,-0.08340075777305,-0.2661778380299803,-0.32799188055599704,0
2022-10-10,31.970834732055664,33.339454650878906,31.970834732055664,32.91293716430664,640691958.0,-0.028651996823894743,32.91388320922852,32.967620849609375,33.88055419921875,35.12672805786133,32.75759506225586,105.00194549560548,33.14332716805594,32.88904725937616,34.34006805419922,46.25297520955404,0.02146285355233283,0.028361009306615587,0.039609297402436176,0.05792159236751848,1.3686199188232422,592596094.4285715,786676980.1904762,908719459.55,1339266366.7555556,0.5786425321233517,-0.023332463305974604,-0.5639507992071316,-0.3085849626459968,0
2022-10-11,30.77686882019043,31.96603202819824,30.579492568969727,31.96603202819824,733071932.0,-0.03734547195504101,31.970834732055664,34.12247085571289,32.75012969970703,34.96596145629883,34.91093826293945,100.70780181884766,32.665384020124165,32.8578009832473,34.09743655522664,45.86447002622816,0.01621798557499436,0.028297538429920305,0.03896530066322178,0.057909861078723986,1.386539459228512,594869646.2857143,782538551.3809524,902133224.0333333,1333969121.538889,0.14418781576153328,-0.01990252444496121,-0.42549685506449797,-0.284936368453954,0
2022-10-12,31.16548538208008,31.460229873657227,30.72916984558105,30.779691696166992,490127096.0,0.012626903801036038,30.77686882019043,34.073883056640625,33.23543930053711,37.4241828918457,37.10782241821289,101.30977630615234,32.24989863804409,32.87394896007719,33.84210551579793,45.474779521094426,0.018776604878566645,0.02810104724343745,0.03882756721620815,0.057918930694579235,0.7310600280761754,571180633.1428572,749035734.1428572,886701358.3,1330855164.5666666,-0.3314065446990815,-0.07266649489678201,-0.47612733166908316,-0.3165430311101374,0
2022-10-13,30.54451942443848,31.18108558654785,28.197370529174805,31.16441345214844,1302451856.0,-0.019924796614868456,31.16548538208008,33.34281921386719,33.952449798583984,33.430816650390625,37.41592788696289,102.25731658935548,31.850141525268555,32.78516869317917,33.60257136027018,45.07637509240045,0.01866368552053587,0.02592352150454111,0.038700259883526225,0.057920019378764696,2.983715057373047,655489493.1428572,771357130.0,890724973.8666667,1333785789.85,1.6573757432092675,-0.08051929156291726,-0.5240062132648522,-0.2851445208526848,0
2022-10-14,30.007417678833008,31.909656524658203,29.75993156433105,30.54248809814453,836283411.0,-0.01758422642510915,30.54451942443848,33.00146484375,33.21244430541992,34.09157180786133,39.57412338256836,100.40969848632812,31.422420501708984,32.61044402349563,33.3723079363505,44.685251310136586,0.018735234600139053,0.024272609146202308,0.03865477036253214,0.05791941956745938,2.149724960327152,682213911.0,764394652.0952381,881925473.5666667,1332554540.4722223,-0.357916066419272,-0.063275713650361,-0.5612908452290155,-0.26645741444366633,0
2022-10-15,29.575347900390625,30.151254653930664,29.53400611877441,30.00613212585449,547825492.0,-0.014398765767410948,30.007417678833008,32.57793426513672,32.46939468383789,33.04768371582031,38.64472198486328,102.15853118896484,30.993479592459543,32.42533438546317,33.14591697057088,44.28201140297784,0.018737481879772096,0.024355093735012982,0.03865168034156369,0.05789923411714779,0.6172485351562536,708043096.1428572,748924828.6190476,872198364.35,1325341715.8055556,-0.34492842403159907,-0.05279685283116209,-0.5265869340900297,-0.2587736360118664,0
2022-10-16,30.168840408325195,30.44472885131836,29.578842163085938,29.578842163085938,608389719.0,0.020067135302463512,29.575347900390625,32.91388320922852,32.05569839477539,32.208858489990234,43.74615859985352,108.58203125,30.601330620901926,32.32216671534947,32.97534675598145,43.846382564968536,0.021031714104092516,0.024076695219508653,0.03801873458149729,0.05770581147518176,0.8658866882324219,736977352.0,748822916.2380953,860058648.15,1319211049.761111,0.1105538677634228,-0.029791313371596684,-0.5259581033536929,-0.20504210584946314,0
2022-10-17,31.224876403808597,31.263992309570312,29.88315963745117,30.1680908203125,658840500.0,0.035004195759277046,30.168840408325195,31.970834732055664,32.967620849609375,33.75077819824219,44.89987564086914,105.49700164794922,30.49476514543806,32.19570586794899,32.83667418162028,43.43375964694553,0.025914151368214174,0.02285875064247798,0.038282347580037034,0.05775805649764137,1.3808326721191442,739570000.8571428,735609907.9523809,856278514.15,1313084988.4944444,0.08292510445923562,-0.09334903524733151,-0.5424959262903502,-0.23268493200221763,0
2022-10-18,30.164331436157227,31.411191940307617,29.83369445800781,31.224252700805664,715092973.0,-0.03396474509413949,31.224876403808597,30.77686882019043,34.12247085571289,31.05985450744629,42.09366989135742,101.77613830566406,30.407259804861887,32.072572617303756,32.74124205907186,43.03591627544827,0.02519049686649552,0.022898098449155333,0.03668341856928177,0.05775432240126729,1.5774974822998082,737001578.1428572,711389373.5714285,837838931.2833333,1306843439.75,0.08538101862286851,0.02571395636630691,-0.5478522424284042,-0.22318389543665973,1
2022-10-19,28.900798797607425,30.21255111694336,28.83027648925781,30.16461753845215,697269954.0,-0.04188830245497288,30.164331436157227,31.16548538208008,34.073883056640625,32.685302734375,43.19059371948242,100.61205291748048,30.08373314993722,31.866161164783296,32.635093148549394,42.63752041922675,0.027972966033664212,0.02393045739873038,0.03699084089849389,0.0578177462676415,1.3822746276855504,766593415.0,697044109.3333334,829399718.1333333,1303634975.0833333,-0.024924058371358138,0.08248639055269469,-0.5416217836160246,-0.1371200570842449,1
2022-10-20,28.08509635925293,29.43212127685547,28.07379531860352,28.89457130432129,803871622.0,-0.028224217747989222,28.900798797607425,30.54451942443848,33.34281921386719,31.433040618896484,40.61850357055664,100.74443817138672,29.732386997767858,31.586763381958008,32.49429143269857,42.23385740915934,0.028613295034082473,0.023487253422717225,0.03678587212750855,0.05784105785522281,1.3583259582519496,695367667.2857143,690027333.1904762,826429723.9166666,1303527303.6388888,0.15288435617864016,0.09063627125589635,-0.5424258484684115,-0.037437013058145396,1
2022-10-21,28.10867691040039,28.24317169189453,26.986404418945312,28.08042907714844,967208274.0,0.0008396108329424834,28.08509635925293,30.007417678833008,33.00146484375,30.826377868652344,40.040977478027344,99.2357940673828,29.461138316563197,31.34372683933803,32.37152970631917,41.838706758287216,0.028814506402196707,0.02337685813090546,0.03663965147230562,0.05783839356839649,1.2567672729492188,714071219.1428572,678428444.2857143,823552415.65,1304354760.6722221,0.20318748358553207,0.14239682563162948,-0.5640907110124269,0.04545043706871432,1
2022-10-22,28.01386260986328,28.14439010620117,27.55768394470215,28.108327865600582,474234383.0,-0.0033731328172912356,28.10867691040039,29.575347900390625,32.57793426513672,32.408905029296875,41.00658416748047,101.24763488769533,29.238068989345006,31.13155864533924,32.24432322184245,41.43185246785482,0.0287675547016606,0.023145216557495952,0.036624415889914906,0.057806876427861975,0.5867061614990199,703558203.5714285,673726430.1904762,817210001.6833333,1298442247.8611112,-0.5096874212637267,0.17288817329110562,-0.5771304822414309,0.03651119209397602,1
2022-10-23,29.27007102966309,29.33153915405273,27.857959747314453,28.013675689697266,633157057.0,0.04484238526098561,28.01386260986328,30.168840408325195,32.91388320922852,33.6766357421875,36.71199798583984,95.78215026855467,29.10967336382185,30.998909723191034,32.14952580134074,41.062340916527646,0.03379034538596237,0.025672783456839005,0.03708381520953668,0.05781229032403998,1.4735794067382777,707096394.7142857,678533381.2857143,811990523.0,1294731595.211111,0.33511419605355774,0.1262675415208978,-0.5751419576778156,0.088175855162278,1
2022-10-24,28.3100643157959,29.4139461517334,28.21503257751465,29.272520065307617,667625312.0,-0.032798236563699956,29.27007102966309,31.224876403808597,31.970834732055664,33.462650299072266,36.19085311889648,98.37886810302734,28.693271636962894,30.777121316818963,32.032752482096356,40.67306978437636,0.03034780934470051,0.025277342313577308,0.037253482856947163,0.057799642464642156,1.19891357421875,708351367.8571428,680172487.7142857,809309217.8,1291476365.838889,0.05443871251047283,0.15192384744290877,-0.4930597191454047,0.06504657160757321,1
2022-10-25,30.93997573852539,32.19131088256836,28.119304656982425,28.30998992919922,1336242036.0,0.09289669544346824,28.3100643157959,30.164331436157227,30.77686882019043,32.33536148071289,40.3078498840332,98.18572998046876,28.804077965872633,30.625573930286226,32.01964604059855,40.29948226081,0.04852951974728236,0.03226712933130644,0.036985851568580176,0.05825989014487815,4.072006225585934,797086948.2857143,709652724.2380953,809648724.5833334,1291638090.4333334,1.0014849826424794,0.04228991006850302,-0.5286890056368546,0.04922726428166935,1
2022-10-26,31.28472137451172,31.837549209594727,30.76510238647461,30.928865432739254,1250974763.0,0.01114240162629021,30.93997573852539,28.900798797607425,31.16548538208008,33.88055419921875,42.84526824951172,94.01134490966795,29.144638334001815,30.492756707327707,32.015350850423175,39.95100101894803,0.04398700428295021,0.03243662776375175,0.03700352030442935,0.05820240066225393,1.0724468231201172,876187635.2857143,737987227.8095238,817750266.2166667,1291729200.1,-0.0638112487878656,-0.01587500070112513,-0.5504790392803309,0.047651766799144735,0
2022-10-27,30.630624771118164,32.20396423339844,30.585346221923828,31.28702735900879,1275994871.0,-0.020907860919178956,31.28472137451172,28.08509635925293,30.54451942443848,32.75012969970703,41.92699813842773,85.09593200683594,29.50828524998256,30.363604591006325,32.01932315826416,39.64841597874959,0.04294116334992085,0.032421752062414176,0.03679378695995783,0.05782005600897638,1.6186180114746094,943633813.7142857,764830324.7142857,829641820.4833333,1291634539.5777779,0.02000048981004099,0.0069621475298782265,-0.5377438724016641,0.036207999255756906,1
2022-10-28,32.111263275146484,32.448707580566406,30.189332962036133,30.630794525146484,1063403956.0,0.048338501584349824,30.630624771118164,28.10867691040039,30.007417678833008,33.23543930053711,43.755889892578125,89.6715087890625,30.080083302089147,30.32121404012044,32.01342258453369,39.32863683700562,0.04438469595426906,0.034283286358109046,0.036262335983923276,0.05779117241875576,2.2593746185302734,957376054.0,784553728.0476191,832499995.0166667,1289615955.5555556,-0.16660796985288195,0.05199390575300478,-0.5604107379919278,-0.014261191348070024,1
2022-10-29,32.85712814331055,33.739139556884766,31.91681289672852,32.10906219482422,1165931963.0,0.02322751558458136,32.111263275146484,28.01386260986328,29.575347900390625,33.952449798583984,42.400203704833984,87.58101654052734,30.7719783782959,30.33450898670015,32.03750712076823,39.02461523479886,0.04317014062097402,0.03455004701247028,0.036117991730470735,0.0578083432288851,1.8223266601562464,1056189994.0,822597097.9047619,837575364.3333334,1289064354.6333334,0.0964149196751718,0.11895848501253692,-0.592036222125808,-0.0010505846830581866,1
2022-10-30,32.9659309387207,33.479278564453125,32.061622619628906,32.8577766418457,731319297.0,0.0033113909084079296,32.85712814331055,29.27007102966309,30.168840408325195,33.21244430541992,41.78648376464844,85.84237670898438,31.29995836530413,30.3369874500093,32.06239004135132,38.73085720274184,0.04265020885560392,0.0344890545915987,0.036118777992420456,0.05779803626096961,1.4176559448242188,1070213171.1428572,838095639.2857143,836942203.6666666,1287505079.661111,-0.372759886333093,-0.008564861503148502,-0.5944378505409913,0.0605596899079488,0
2022-10-31,32.61103820800781,34.307743072509766,32.2862663269043,32.961021423339844,1174404933.0,-0.010765439367466656,32.9659309387207,28.3100643157959,31.224876403808597,32.46939468383789,39.7545051574707,92.7708511352539,31.91438320704869,30.367473329816544,32.079479376475014,38.39663601981269,0.03893767015536763,0.03394633649836095,0.036151673104329714,0.057453688012617375,2.0214767456054688,1142610259.857143,863510542.8571428,845407501.3166667,1286093688.5,0.6058716593663191,-0.09229062646073338,-0.5671574438388225,0.18118030298563959,0
2022-11-01,32.2484245300293,33.32598114013672,32.201412200927734,32.607608795166016,729292793.0,-0.011119353994975656,32.61103820800781,30.93997573852539,30.164331436157227,32.05569839477539,38.54441833496094,84.59602355957031,32.101304462977815,30.437547411237443,32.09648761749268,38.10581602520413,0.023878089714675046,0.03291317753061795,0.036150470022460794,0.05711033003429617,1.1245689392089844,1055903225.1428572,863330583.8571428,846569447.95,1280112096.2444444,-0.37901078877705974,-0.25103513466420924,-0.581965051880643,0.28569208081023634,0
2022-11-02,30.78807640075684,32.83482360839844,30.294113159179688,32.24597930908203,1166999748.0,-0.04528432475554278,32.2484245300293,31.28472137451172,28.900798797607425,32.967620849609375,38.83067321777344,81.76410675048828,32.03035518101284,30.419575554983957,32.09113082885742,37.82261585659451,0.03052197882870221,0.03443353647043757,0.03664073397182559,0.057151512709863066,2.54071044921875,1043906794.4285715,895562614.9047619,860777247.8666667,1277789417.511111,0.600180008908987,-0.5471994822888301,-0.5545145500640294,0.30594612664161325,0
2022-11-03,30.84387969970703,32.14349365234375,30.677148818969727,30.792919158935547,832207929.0,0.001812497092180232,30.78807640075684,30.630624771118164,28.08509635925293,34.12247085571289,40.561031341552734,78.9834213256836,32.06082017081125,30.43383080618722,32.07007954915365,37.55517395867242,0.029347442014727023,0.034130867658928886,0.036406277013677706,0.05710790299966932,1.4663448333740234,980508659.8571428,873170046.9523809,868098135.6333333,1276084499.5333333,-0.28688251182038815,-0.426745010659773,-0.5687164539947744,0.28128369441835543,0
2022-11-04,33.780853271484375,34.10426330566406,30.731590270996094,30.841737747192383,1364403572.0,0.09522062724830427,30.84387969970703,32.111263275146484,28.10867691040039,34.073883056640625,40.0570068359375,75.22018432617188,32.29933302743094,30.613518215361097,32.09651629130045,37.32495545281304,0.04369681678179608,0.03951117564503869,0.03842655513275387,0.05748317322490103,3.3726730346679688,1023508605.0,898318626.0476191,882295051.5666667,1275666181.2222223,0.6394984047310128,-0.5166863946352573,-0.593905497497134,0.25356797307149237,0
2022-11-05,36.76576232910156,38.54962158203125,33.73513412475586,33.77741622924805,2470595904.0,0.08836097281583033,33.780853271484375,32.85712814331055,28.01386260986328,33.34281921386719,40.6055908203125,63.2696533203125,32.8577093396868,30.95591890244257,32.19441661834717,37.17771161397298,0.05333686812726353,0.04301683412569823,0.03962097295777704,0.056680122575916564,4.814487457275391,1209889168.0,989879121.8571428,903534916.3166667,1273980607.5555556,0.8107515655199413,-0.6045505235359814,-0.6238045402723658,0.12165773459097617,0
2022-11-06,32.6835823059082,36.90202713012695,32.54630279541016,36.77216720581055,1650006613.0,-0.11103210608425629,36.76576232910156,32.9659309387207,29.27007102966309,33.00146484375,42.17055130004883,66.76615142822266,32.81737382071359,31.075668516613188,32.19396101633708,36.9883640077379,0.07244406672754536,0.05053305838427311,0.04162927356878771,0.057105353281021086,4.35572433471679,1341130213.142857,1039479926.3333334,918048144.7166667,1262719460.5944445,-0.3321422534828261,-0.5972127925413802,-0.5628124706386292,0.2889832343289793,0
2022-11-07,29.60134506225586,33.0675048828125,28.926734924316406,32.67894744873047,2545092967.0,-0.09430536759415042,32.6835823059082,32.61103820800781,28.3100643157959,32.57793426513672,40.37262344360352,50.21084976196289,32.38741765703474,30.99835750034877,32.12717266082764,36.8738667594062,0.08107728764927224,0.054426435694365186,0.043246410840365825,0.05450179367571271,4.140769958496094,1536942789.4285715,1129301472.3809524,944165183.4,1252232135.088889,0.5424744040101614,-0.5270027056057394,-0.5432757095368898,0.4557630562068813,0
2022-11-08,24.152936935424805,31.06096839904785,21.78398323059082,29.59744071960449,6120104231.0,-0.18405947822209678,29.60134506225586,32.2484245300293,30.93997573852539,32.91388320922852,42.365867614746094,44.683589935302734,31.230919429234095,30.712100619361514,31.950725523630776,36.75980757607354,0.10420362979972267,0.06728962770368321,0.04902140129572967,0.055593526687996345,9.276985168457031,2307058709.142857,1386682960.857143,1026397905.0166667,1261392896.6222222,1.4046682421247678,-0.40788590782901013,-0.4332274218901462,0.7881836944285738,0
2022-11-09,13.94085693359375,24.1594352722168,12.505623817443848,24.1594352722168,4647808136.0,-0.4228090368113009,24.152936935424805,30.78807640075684,31.28472137451172,31.970834732055664,42.8217887878418,48.59355163574219,28.824173791067942,29.999722435360862,31.597627671559653,36.56729260550605,0.18010058583212166,0.11277351097807002,0.07284850269123949,0.06346543539430423,11.653811454772953,2804317050.285714,1574803826.6666667,1091675622.1833334,1271357328.3111112,-0.24056716020332103,0.024722384274562526,-0.025871374892187937,2.2598303138695406,1
2022-11-10,17.681407928466797,18.67563819885254,13.41102695465088,13.985069274902344,4084381465.0,0.2683157149299278,13.94085693359375,30.84387969970703,30.630624771118164,30.77686882019043,45.33475875854492,52.4172248840332,26.943820680890763,29.504308700561523,31.309551779429118,36.37431584464179,0.2251624997262432,0.1298137071073001,0.08134616953096536,0.06636494920315408,5.264611244201658,3268913269.714286,1731018581.0952382,1147128378.3333333,1282703122.3555555,-0.12122416728778673,-0.2286397738979411,-0.23213151890746098,2.2035826820493734,0
2022-11-11,16.326745986938477,18.13648223876953,15.507472038269045,17.663450241088867,2191908978.0,-0.0766150493789205,17.681407928466797,33.780853271484375,32.111263275146484,31.16548538208008,46.485347747802734,58.81126022338867,24.450376783098495,28.94326437087286,30.957927831013997,36.1382907655504,0.21567101104412253,0.1305203443408027,0.08117550543911034,0.06591403249758888,2.6290102005004865,3387128327.714286,1789337662.2380953,1155303528.4666667,1284636863.4666667,-0.46334371635387883,-0.18860153667377855,-0.17755750435430628,2.4362426645024713,0
2022-11-12,14.53900146484375,16.40843391418457,14.538013458251951,16.340282440185547,866923655.0,-0.10949790751475741,16.326745986938477,36.76576232910156,32.85712814331055,30.54451942443848,44.91656875610352,53.646461486816406,21.27512523106166,28.301604316348122,30.643064244588217,35.92102709876166,0.2031381874629472,0.13205327610780235,0.08123269878921568,0.06608624321028424,1.870420455932619,3158032292.142857,1808037151.3809524,1139999228.9333334,1277968038.1222222,-0.6044892084017917,-0.11610063673611604,-0.0839436655933703,2.862307782726788,0
2022-11-13,13.164528846740724,14.660887718200684,13.12266445159912,14.537562370300291,880792311.0,-0.09453693373830308,14.53900146484375,32.6835823059082,32.9659309387207,30.007417678833008,43.82322311401367,57.12562561035156,18.486689022609166,27.534673736208962,30.294280195236205,35.67679878340827,0.20314256458564212,0.13207935298751777,0.08186077832736063,0.06621453650565504,1.5382232666015643,3048144534.714286,1819829306.3333333,1137952363.7166667,1272728576.5777779,0.01599755171059436,-0.0692539391998368,0.050853125349309636,2.942947878402571,0
2022-11-14,14.00135612487793,14.88998794555664,12.25461769104004,13.1657133102417,1365413449.0,0.06356682323229412,13.164528846740724,29.60134506225586,32.61103820800781,29.575347900390625,43.15880584716797,49.75621032714844,16.258119174412318,26.85330667949858,29.976841402053832,35.47816070450677,0.21267027170441638,0.1335580560680506,0.08239705242411359,0.06576622150030942,2.6353702545166,2879618889.285714,1853057312.857143,1141719624.4833333,1270616619.788889,0.5502104547776872,-0.15392420086086656,0.009939729534190311,3.059490708229399,0
2022-11-15,14.301294326782228,14.969862937927246,13.932036399841309,13.999627113342283,833458645.0,0.021422082206120185,14.00135612487793,24.152936935424805,32.2484245300293,30.168840408325195,40.403053283691406,52.2139778137207,14.85074165889195,26.060988517034623,29.6783819993337,35.26753468513489,0.20997694571175193,0.13134710771595384,0.08247366439172825,0.06567069468291878,1.0378265380859375,2124383805.5714285,1829115246.6190476,1142844726.4833333,1264369143.45,-0.3895924742718716,-0.13045457340140332,-0.019563491423109536,3.582410475757725,0
2022-11-16,14.285508155822754,14.56210708618164,13.711963653564451,14.29958724975586,487495993.0,-0.0011038281290324248,14.301294326782228,13.94085693359375,30.78807640075684,31.224876403808597,39.54523086547852,49.53850936889648,14.899977547781807,25.251502173287527,29.35396083196004,35.07168467839559,0.1307412939568327,0.13119879210472699,0.08213737020828028,0.06557904959168201,0.8501434326171893,1530053499.4285715,1792759114.7142856,1142614620.0333333,1256906901.7055554,-0.41509276324082045,0.004620332627899737,-0.14132516694047526,3.0510566449041727,1
2022-11-17,13.638734817504885,14.463689804077148,13.078254699707031,14.286023139953612,673219780.0,-0.04527478695633558,14.285508155822754,17.681407928466797,30.84387969970703,30.164331436157227,35.8902587890625,50.3179817199707,14.322452817644391,24.4423645564488,29.063608837127685,34.867911084493,0.06452200756294411,0.13124931457708472,0.08176381754190343,0.06563120914892556,1.3854351043701172,1042744687.2857143,1764055538.952381,1142253782.2166667,1255205387.2944446,0.3809750021883769,0.06918646971418574,-0.08316979285027548,3.283090499082247,1
2022-11-18,13.247496604919434,13.790632247924805,13.03916835784912,13.638845443725586,357193046.0,-0.028685814177082603,13.638734817504885,16.326745986938477,33.780853271484375,28.900798797607425,35.26973342895508,52.75518035888672,13.882560048784528,23.544089953104656,28.73964540163676,34.648423952526514,0.061803290595956524,0.13007356200023867,0.08138857179004463,0.06553273758487696,0.7514638900756854,780642411.2857143,1730426448.0,1132020619.9833333,1251046679.1833334,-0.4694258002936277,0.061569474408874836,-0.06298369873400822,3.416889286716219,1
2022-11-19,12.851014137268066,13.255352973937988,12.644580841064451,13.247389793395996,314294255.0,-0.029928859729175916,13.247496604919434,14.53900146484375,36.76576232910156,28.08509635925293,36.533199310302734,49.05685043334961,13.641419001988002,22.591417857578822,28.429944960276284,34.447280417548285,0.0505507518012115,0.12946296085274672,0.08134832317231436,0.06537912502553436,0.6107721328735369,701695354.1428572,1689872271.4285715,1123592541.95,1243561261.9333334,-0.12009973732803303,0.10179584594440261,-0.07146197124880294,3.7773318001538376,1
2022-11-20,12.252833366394045,13.416733741760254,12.20330810546875,12.852312088012695,508411732.0,-0.04654735917994923,12.851014137268066,13.164528846740724,32.6835823059082,28.10867691040039,35.47438049316406,49.65333557128906,13.511176790509905,21.60507987794422,28.120385885238647,34.23949984974331,0.04042113128114746,0.12919313258279808,0.0814713812349771,0.06543892417476502,1.213425636291504,648498128.5714285,1679257625.4761906,1112171299.85,1238007067.988889,0.6176297336392611,0.15204100987645797,0.0022591795611885956,3.61393955663387,1
2022-11-21,11.846208572387695,12.257597923278809,11.34163761138916,12.254121780395508,504498729.0,-0.03318618492940606,12.252833366394045,14.00135612487793,29.60134506225586,28.01386260986328,35.6462516784668,47.98242568969727,13.203298568725586,20.616278466724214,27.777674277623493,34.038743087980485,0.024788253576785595,0.12905977121472406,0.08109707947865782,0.06543781228327843,0.9159603118896484,525510311.4285714,1647357330.047619,1106684569.6166666,1233562171.6666667,-0.007696523808777833,0.13154500408560854,0.023870661305060104,3.3896300410975995,1
2022-11-22,12.435625076293944,12.465627670288086,11.01065158843994,11.842514991760254,529418278.0,0.049755708782649455,11.846208572387695,14.301294326782228,24.152936935424805,29.27007102966309,34.957916259765625,43.4912109375,12.936774390084404,19.67281182607015,27.423657433191934,33.866212055418224,0.033938153681947844,0.13036770991497593,0.08122419719231559,0.0652307417534592,1.4549760818481463,482075973.28571427,1637839496.0,1099133283.4666667,1224231192.5777779,0.04939467151759658,0.07511554332009851,-0.051529030810375964,3.630933937273702,1
2022-11-23,14.35151195526123,14.40245532989502,12.42763328552246,12.43791961669922,859905329.0,0.15406438093888397,12.435625076293944,14.285508155822754,13.94085693359375,28.3100643157959,35.316463470458984,40.98134613037109,12.9462035042899,18.89011828104655,27.105138460795086,33.71826853222317,0.07437471328387056,0.13668409566333706,0.08402810359607173,0.06617110291782426,1.9748220443725604,535277307.0,1623215952.2380953,1098920175.8666666,1216473122.038889,0.6242456385308253,-0.016448916251695866,-0.17875090597821697,2.9437913737251264,0
2022-11-24,14.582350730895996,14.854009628295898,13.91685676574707,14.353002548217772,620159372.0,0.016084631107466052,14.35151195526123,13.638734817504885,17.681407928466797,30.93997573852539,31.726362228393555,44.34316253662109,13.081005777631487,18.115759758722213,26.809254948298136,33.552930688858034,0.07130516865709731,0.13686194809470945,0.08403612738463784,0.06587704189883156,0.9371528625488281,527697248.71428573,1613118401.9047618,1099080667.4166667,1212949974.75,-0.27880506017889795,-0.07552844365625311,-0.2151967767603622,2.89967577030304,0
2022-11-25,14.063138008117676,14.581172943115234,13.961506843566896,14.580628395080566,323667943.0,-0.03560555718072611,14.582350730895996,13.247496604919434,16.326745986938477,31.28472137451172,31.54243278503418,44.90961456298828,13.197525978088379,17.176820936657133,26.478964678446452,33.38156137466431,0.07200213502942372,0.1340747450111085,0.0837670673470856,0.06590763871146539,0.6196660995483381,522907948.28571427,1563559562.4285715,1088869905.2333333,1207426778.6388888,-0.4780890886867062,-0.024709843554325484,-0.19023028808168363,3.184449368175774,0
2022-11-26,14.159193992614746,14.887808799743652,14.031248092651367,14.062800407409668,333271818.0,0.006830337897674399,14.063138008117676,12.851014137268066,14.53900146484375,30.630624771118164,30.39228630065918,47.179443359375,13.384408814566475,16.100317682538712,26.169115749994912,33.198115544848974,0.06985681231545839,0.13160233733964735,0.08374245113037812,0.06578563118912693,0.8565607070922852,525619028.71428573,1461782225.0,1074029032.2833333,1199784860.6,0.02967199936757403,-0.060507411905887154,-0.20146506453731938,3.071043890307471,0
2022-11-27,14.115766525268556,14.409465789794922,14.082965850830078,14.159537315368652,225035409.0,-0.0030670861186619103,14.159193992614746,12.252833366394045,13.164528846740724,32.111263275146484,32.46529769897461,45.76784133911133,13.65054212297712,15.21613597869873,25.85045453707377,33.02227068477207,0.06515194377892797,0.13058488196618925,0.0836847616973274,0.06575772606226173,0.32649993896484375,485136696.85714287,1393926453.3809524,1061137614.05,1192650659.3888888,-0.3247691618497427,-0.02816338178668132,-0.21467742290723613,2.9009302734717815,0
2022-11-28,13.404518127441406,14.145076751708984,12.824840545654297,14.11313247680664,447463511.0,-0.05038680659346051,14.115766525268556,11.846208572387695,14.00135612487793,32.85712814331055,31.41205596923828,40.26966857910156,13.873157773699079,14.444858505612327,25.507989009221394,32.87301984892951,0.06785404645412567,0.12984927305228144,0.08373725305030762,0.06527440544150077,1.3202362060546875,476988808.5714286,1294039336.4285715,1052741607.2166667,1187232972.8277779,0.9884137922490233,0.03182469747409877,-0.2721927030655844,3.341399647230979,1
2022-11-29,13.369733810424805,13.897473335266112,13.28012752532959,13.403423309326172,265372933.0,-0.002594969598003871,13.404518127441406,12.435625076293944,14.301294326782228,32.9659309387207,31.47295570373535,40.8913459777832,14.006601878574916,13.93137264251709,25.17727716763814,32.720122003555296,0.06686289467376759,0.1248645401180864,0.08373355463849619,0.06525855562253352,0.6173458099365217,439268045.0,1015242607.9523809,1036984740.4166666,1180073811.0444446,-0.40693950126360134,0.06874637906833647,-0.278087123770845,3.4316611340091026,1
2022-11-30,14.115445137023926,14.219449996948242,13.308284759521484,13.371024131774902,331594403.0,0.05577607880402713,13.369733810424805,14.35151195526123,14.285508155822754,32.61103820800781,31.585678100585938,38.259220123291016,13.972878047398158,13.939686366489955,24.871378008524577,32.58598992029826,0.034677225246930114,0.0847001872248374,0.08416168445368642,0.06525101595383682,0.9111652374267578,363795055.5714286,809708620.6666666,1032961702.4833333,1174423468.2722223,0.2495411617581964,-0.042208503587938706,-0.30004498984772576,3.1969362177192435,0
2022-12-01,13.480968475341797,14.15432357788086,13.441184997558594,14.133452415466309,232200065.0,-0.04494910755722015,14.115445137023926,14.582350730895996,13.638734817504885,32.2484245300293,31.227930068969727,38.93144607543945,13.81553772517613,13.73966544015067,24.561799176534016,32.4445983780755,0.03701024407310741,0.05966027344512812,0.08428351062633647,0.06530605157842392,0.7131385803222656,308372297.4285714,626271411.1428572,1027961518.8333334,1169431453.2444444,-0.2997467300435708,0.015447989575419152,-0.2611036360112111,3.436179577838428,1
2022-12-02,13.7156400680542,13.773052215576172,13.377079010009766,13.482585906982422,245049936.0,0.01740762120626882,13.480968475341797,14.063138008117676,13.247496604919434,30.78807640075684,31.10948371887207,38.48053359985352,13.765895162309919,13.615327063060942,24.240932830174764,32.307015636232165,0.03645348534621941,0.058008112175734955,0.08420946180804169,0.06532194376772962,0.39597320556640625,297141153.5714286,533563837.71428573,1021492283.15,1165245439.6277778,0.05533965289802989,-0.009875752778268021,-0.272205094587353,3.6540196974097494,0
2022-12-03,13.302457809448242,13.730709075927734,13.278402328491213,13.716782569885254,161314094.0,-0.03012489804018126,13.7156400680542,14.159193992614746,12.851014137268066,30.84387969970703,32.106956481933594,42.43313217163086,13.64350427900042,13.556444031851631,23.89393261273702,32.14517855644226,0.037455162696486625,0.05337522890420968,0.08403227297516302,0.06486498079950219,0.45230674743652166,272575764.4285714,499963382.4285714,1012228233.5666667,1155280198.9777777,-0.34170929960985585,0.020638144025244776,-0.15256507481232218,3.7389713605012904,1
2022-12-04,13.718218803405762,13.724018096923828,13.299367904663086,13.301777839660645,141802483.0,0.03125444935914179,13.302457809448242,14.115766525268556,12.252833366394045,33.780853271484375,32.19464874267578,39.43757247924805,13.586711747305733,13.582810220264253,23.55467154184977,32.002293258243135,0.04038285133980092,0.04949556141452617,0.08420498649225812,0.0647262429343818,0.4246501922607422,260685346.42857143,464773390.61904764,1003659105.15,1145096739.3666666,-0.12095416163698625,-0.021169591497014695,-0.02727563758312279,3.4850294360042806,0
2022-12-05,13.8311128616333,14.135319709777832,13.630226135253906,13.716100692749023,335440747.0,0.008229498293139237,13.718218803405762,13.404518127441406,11.846208572387695,36.76576232910156,30.891742706298828,38.84336853027344,13.64765385219029,13.574703398204985,23.22947643597921,31.863336282306246,0.03468486794008513,0.04754912990720662,0.08422997581841,0.0647264532884996,0.5050935745239258,244682094.42857143,415727071.47619045,997378287.0,1140232330.838889,1.3655491773017827,-0.03705909126356355,-0.028631095155455366,3.4099727690315635,0
2022-12-06,14.288854598999023,14.32291316986084,13.828653335571287,13.830924987792969,279979830.0,0.03309507643708631,13.8311128616333,13.369733810424805,12.435625076293944,32.6835823059082,32.71091842651367,39.97260665893555,13.778956821986608,13.57411103021531,22.917599598566692,31.720648770862155,0.035981326625267124,0.04787372391370289,0.08441824853351516,0.0647384437215683,0.49425983428955256,246768794.0,389370937.4285714,991224409.4,1134755146.5333333,-0.1653374478086289,-0.031833784401603116,-0.06085336999723023,3.33225472954258,0
2022-12-07,13.5196533203125,14.310629844665527,13.497425079345703,14.292366981506348,223134812.0,-0.053832255997650624,14.288854598999023,14.115445137023926,14.35151195526123,29.60134506225586,33.608646392822266,37.08976745605469,13.693843705313546,13.537641752333869,22.59996158281962,31.589703692330254,0.03663406250105082,0.04934968994661647,0.0846087181493185,0.0646443308717297,0.8132047653198242,231274566.7142857,376782309.7619048,988826303.0,1129455659.9,-0.20303254702311946,0.045923699583758415,0.0004577330862369777,4.01771961030401,1
2022-12-08,13.68922233581543,13.75301742553711,13.310490608215332,13.51982879638672,195918913.0,0.012542408557781659,13.5196533203125,13.480968475341797,14.582350730895996,24.152936935424805,34.73976516723633,33.82111740112305,13.723594256809779,13.540045919872465,22.279550568262735,31.477859830856325,0.032548257121691695,0.04838937723752515,0.08461851000676969,0.06434140260843721,0.44252681732177734,226091545.0,354053697.04761904,985327452.75,1124505737.6555555,-0.12197065422494446,0.024273748640640802,-0.04360761561606752,4.478940434813807,1
2022-12-09,13.580187797546388,13.979891777038574,13.536895751953123,13.68907356262207,211833041.0,-0.007964991406690158,13.68922233581543,13.7156400680542,14.063138008117676,13.94085693359375,35.12672805786133,30.74327087402344,13.704243932451522,13.555888357616606,21.973039786020916,31.38250936932034,0.03204012224363289,0.04795789225306017,0.08458531897908395,0.06400207188483661,0.442996025085451,221346274.2857143,347131792.04761904,978179804.1333333,1117734440.6055555,0.08122813543784813,-0.09672778361077883,0.054472379256002235,4.320810550160643,0
2022-12-10,13.576995849609377,13.69578742980957,13.568408012390137,13.581315994262695,109293691.0,-0.0002350444621678216,13.580187797546388,13.302457809448242,14.159193992614746,17.681407928466797,34.96596145629883,28.19236183166504,13.74346365247454,13.590458915347146,21.686375236511232,31.30131289164225,0.029389371994858277,0.04739674220750026,0.08451857549647618,0.06371600961353231,0.1273794174194336,213914788.14285713,337369860.4285714,967783500.1166667,1104024209.8111112,-0.4840573949934468,-0.07900067095086227,0.20074158614132442,4.502387101559707,0
2022-12-11,13.427809715270996,13.778305053710938,13.413359642028809,13.576213836669922,117436002.0,-0.010988154963800234,13.576995849609377,13.718218803405762,14.115766525268556,16.326745986938477,37.4241828918457,29.714618682861328,13.701976639883858,13.64641017005557,21.39074730873108,31.210830619600085,0.026926011362828888,0.04613223620902644,0.08446871658852138,0.06358175210864325,0.3649454116821289,210433862.2857143,318751968.52380955,961571981.8833333,1091800047.288889,0.07449936886109931,-0.07556626635404529,0.20620743676225106,4.2404058244275475,0
2022-12-12,13.318544387817385,13.458085060119627,12.951156616210938,13.426751136779783,205298705.0,-0.008137241275421703,13.427809715270996,13.8311128616333,13.404518127441406,14.53900146484375,33.430816650390625,34.48794174194336,13.62875257219587,13.716521399361747,21.103647724787393,31.093222856521606,0.02652268768379202,0.04540442604211344,0.08445871895395299,0.062400208974351036,0.5069284439086896,191842142.0,304504348.3333333,943286096.0333333,1078635263.0944445,0.7481751890702137,-0.10405709610521818,0.2283185442761615,4.146259075754219,0
2022-12-13,13.833986282348633,14.057649612426758,12.828971862792969,13.318246841430664,315949878.0,0.03870106818900787,13.318544387817385,14.288854598999023,13.369733810424805,13.164528846740724,34.09157180786133,29.98974227905273,13.563771384102958,13.783110028221493,20.834090534845988,31.003468656539916,0.027915377803703872,0.044939937624314134,0.08468202046016328,0.061742916658161735,1.228677749633789,196980720.2857143,294339186.4285714,934613870.4833333,1069785487.2888889,0.5389764782003861,-0.11229384889796534,0.20131992406445165,4.115501972771792,0
2022-12-14,14.140525817871094,14.887666702270508,13.831062316894531,13.836177825927734,441479811.0,0.022158438592178475,13.833986282348633,13.5196533203125,14.115445137023926,14.00135612487793,33.04768371582031,30.742919921875,13.652467455182757,13.773063069298153,20.57684350013733,30.911233133739895,0.018678150841747003,0.029918816004679268,0.08477228722125714,0.06173600000027512,1.0566043853759766,228172863.0,274414161.7619048,932841442.4666667,1065107396.9,0.39730964225914334,-0.14225357945039108,0.2933355346609281,4.347773610722192,0
2022-12-15,14.02151107788086,14.467164039611816,13.909064292907717,14.140317916870115,272679087.0,-0.008416571033010745,14.140525817871094,13.68922233581543,13.480968475341797,14.301294326782228,32.208858489990234,31.80793571472168,13.699937275477819,13.746356419154576,20.307721344629922,30.812419663535223,0.019235086553889575,0.02972599789600245,0.08469125811616793,0.061675720858768865,0.5580997467040998,239138602.14285713,257867481.52380952,927246265.2666667,1056597721.1277778,-0.38235207996861265,-0.15880468923225932,0.7294468604915314,4.161283091040916,0
2022-12-16,12.266606330871582,14.145011901855469,12.147680282592772,14.021939277648926,358747840.0,-0.12515803305805362,14.02151107788086,13.580187797546388,13.7156400680542,14.285508155822754,33.75077819824219,34.24374771118164,13.51228278023856,13.660807291666666,19.99175017674764,30.690324433644612,0.052757339512848694,0.03964158174431591,0.08580922172109177,0.062062998942366034,1.997331619262697,260126430.57142857,259537952.80952382,922244720.9333333,1047449639.0833334,0.31564119546872327,-0.0391665083896412,0.8646808789199025,4.989717215256262,0
2022-12-17,12.504404067993164,12.511940956115724,11.987808227539062,12.265798568725586,222801055.0,0.01938578044386352,12.266606330871582,13.576995849609377,13.302457809448242,13.638734817504885,31.05985450744629,35.4171142578125,13.359055382864815,13.582007771446591,19.697418053944904,30.56303159925673,0.05406315543075064,0.039933740114376996,0.08584682101127156,0.062022193022625224,0.5241327285766619,276341768.28571427,254277440.2857143,914039855.6333333,1037807541.15,-0.3789480237706797,-0.08478038667101695,0.8855408151638471,4.6780409856207585,0
2022-12-18,12.41312026977539,12.568931579589844,12.31215763092041,12.504684448242188,110722042.0,-0.0073001318352649,12.504404067993164,13.427809715270996,13.718218803405762,13.247496604919434,32.685302734375,36.12115859985352,13.214099747794014,13.50092937832787,19.42262341181437,30.431320275200736,0.054073876930278014,0.03993359739677773,0.08574795824104024,0.06199761584894593,0.2567739486694336,275382631.14285713,248833946.6190476,904264057.1,1028477716.7666667,-0.50304525263581,-0.08259140602791926,0.8435383870744693,4.989401433609146,0
2022-12-19,11.932655334472656,12.566923141479492,11.737709999084473,12.415849685668944,206060595.0,-0.03870621768425253,12.41312026977539,13.318544387817385,13.8311128616333,12.851014137268066,31.433040618896484,34.12163543701172,13.016115597316197,13.430840673900786,19.153416061401366,30.308048163519967,0.05513885376297822,0.03935147191284315,0.0857967181885071,0.06193268771331209,0.8292131423950195,275491472.5714286,237338569.66666666,894300539.9833333,1021105147.4555556,0.8610620909610753,-0.05246479143396221,0.7473590778223278,5.116808617698942,0
2022-12-20,12.28051471710205,12.436450004577637,11.875389099121094,11.934520721435549,177388342.0,0.02915188387486989,11.932655334472656,13.833986282348633,14.288854598999023,12.252833366394045,30.826377868652344,38.17523193359375,12.794191087995257,13.378973098028274,18.889613358179727,30.164188623428345,0.05371184041809368,0.04004234699508028,0.08593515712208902,0.06129906180153884,0.561060905456543,255696967.42857143,233148827.23809522,881136874.45,1012832420.5555556,-0.13914476467468218,-0.09731551155376927,0.7447774735415005,5.692816438668071,0
2022-12-21,12.128985404968262,12.279061317443848,11.92959690093994,12.279061317443848,167974882.0,-0.012339003341836019,12.28051471710205,14.140525817871094,13.5196533203125,11.846208572387695,32.408905029296875,42.2120475769043,12.50682817186628,13.284379777454195,18.62486540476481,29.99706050025092,0.05119863436039866,0.037713586830147194,0.08593204705877636,0.060744913753336884,0.349464416503908,216624834.7142857,225357421.47619048,876032549.4333333,1003954908.4333333,-0.053066959721625895,-0.19565357040950015,1.10638155840588,6.73805965531343,0
2022-12-22,11.794829368591309,12.168594360351562,11.72010898590088,12.129864692687988,181200151.0,-0.02755020516720852,12.128985404968262,14.02151107788086,13.68922233581543,12.435625076293944,33.6766357421875,42.33281326293945,12.188730784824916,13.204087439037504,18.33361137708028,29.82740503417121,0.050957238861620464,0.037010944052661005,0.08566119919759109,0.06076553728754509,0.4484853744506818,203556415.2857143,222928854.14285713,868499934.3333334,997898834.1444445,0.07873361089784847,-0.18169371612921503,1.0880198742296008,7.309038610421034,0
2022-12-23,11.786166191101074,12.084675788879396,11.755584716796877,11.794523239135742,157181374.0,-0.0007344894291818616,11.794829368591309,12.266606330871582,13.580187797546388,14.35151195526123,33.462650299072266,39.40808868408203,12.120096479143415,13.112207730611166,18.058213075002033,29.673949909210204,0.024088788407309703,0.03665564744346776,0.08562225248928226,0.0605764159500211,0.32909107208251953,174761205.85714287,218744636.9047619,859992535.3666667,992445815.7222222,-0.13255384649210367,-0.16171413299353488,1.0560366789654343,8.128857417019328,0
2022-12-24,11.444275856018066,11.7862548828125,11.2396240234375,11.7862548828125,202780776.0,-0.02900776465727639,11.786166191101074,12.504404067993164,13.576995849609377,14.582350730895996,32.33536148071289,38.45125198364258,11.968649591718401,13.02372287568592,17.733284743626914,29.523911152945626,0.022678937097037607,0.036620475068041586,0.08457037538216845,0.06058598811497031,0.546630859375,171901166.0,220719240.80952382,841101514.3666667,986609100.4944445,0.29010690541488704,-0.12960516551692114,1.128383435166418,8.828949917722156,0
2022-12-25,11.387903213500977,11.53402614593506,11.274829864501951,11.444534301757812,105389060.0,-0.004925837442781078,11.444275856018066,12.41312026977539,13.427809715270996,14.063138008117676,33.88055419921875,35.326438903808594,11.822190012250628,12.912755466642833,17.401671107610067,29.39091928799947,0.022784648326229503,0.03559365394795639,0.08452000900722663,0.06031360132574121,0.259196281433109,171139311.42857143,218985268.2857143,822008419.3166667,979628223.9,-0.48028081320686933,-0.12344065638272983,1.0017445655259718,9.638170979815731,0
2022-12-26,11.306611061096191,11.453410148620604,11.138463973999023,11.387689590454102,132410401.0,-0.007138465341750444,11.387903213500977,11.932655334472656,13.318544387817385,14.159193992614746,32.75012969970703,33.8739013671875,11.73275511605399,12.792541095188685,17.079604212443034,29.26554545296563,0.01951025410350229,0.03539658336061416,0.08451593130535727,0.06025079183388194,0.31494617462158025,160617855.14285713,209317156.57142857,802948678.15,972770484.3722222,0.25639607185034197,-0.0029755797163608655,1.1731927747681503,8.965562122501474,0
2022-12-27,11.085430145263672,11.390707969665527,10.766209602355955,11.309179306030272,223332961.0,-0.019562087581977528,11.306611061096191,12.28051471710205,13.833986282348633,14.115766525268556,33.23543930053711,33.588417053222656,11.562028748648506,12.63999707358224,16.72917366027832,29.140528859032525,0.011153589956585795,0.03411298338400975,0.0841421921425473,0.06026098727259647,0.6244983673095721,167181372.14285713,206619686.6190476,788947494.9,966667547.1388888,0.686672340792926,0.20374631062371762,1.196639755483436,8.654455864959793,1
2022-12-28,9.755906105041504,11.098109245300291,9.52294921875,11.08486270904541,468728777.0,-0.11993436635295718,11.085430145263672,12.128985404968262,14.140525817871094,13.404518127441406,33.952449798583984,32.803070068359375,11.223017420087542,12.460771015712194,16.344153292973836,29.012489059236316,0.041254841984764194,0.040645367857112216,0.08510554109292442,0.06085988448432284,1.5751600265502912,210146214.2857143,218314637.33333334,777327441.8,961341553.3722222,1.0987890676826697,0.3771261027454178,1.5018545312038571,9.465923655075086,1
2022-12-29,9.651782989501951,9.827129364013672,8.141267776489258,9.755775451660156,772500177.0,-0.010672828788885647,9.755906105041504,11.794829368591309,14.02151107788086,13.369733810424805,33.21244430541992,33.35940933227539,10.916867937360491,12.268511999221076,15.955584160486858,28.880780023998685,0.041898861952748265,0.0401839157658506,0.08507104103602436,0.06083982670805807,1.685861587524414,294617646.5714286,245770888.0,778013789.8,961380153.3166667,0.6480749954040053,0.39034721955989315,1.4847017398525075,10.014702249702294,1
2022-12-30,9.880176544189451,10.021772384643556,9.062714576721191,9.651914596557615,837030648.0,0.02366335369702366,9.651782989501951,11.786166191101074,12.266606330871582,14.115445137023926,32.46939468383789,33.38593292236328,10.644583702087402,12.092320987156459,15.576736466089885,28.750192488564384,0.04536094830443804,0.04107065130280558,0.08522417385223759,0.060875524783445094,0.9590578079223651,391738971.4285714,275542202.61904764,772390885.05,962665546.7777778,0.08353457115130225,0.3689878568927223,1.6449311957510906,9.308022805922251,1
2022-12-31,9.96103858947754,10.151166915893556,9.69262409210205,9.88100528717041,285758573.0,0.008184271295804457,9.880176544189451,11.444275856018066,12.504404067993164,13.480968475341797,32.05569839477539,36.78503036499024,10.432692664010185,11.9201325461978,15.205280033747355,28.60117031203376,0.04682298629381359,0.04125425069941125,0.0852778278644637,0.060358038121373934,0.4585428237915057,403592942.4285714,283945292.2380952,764998648.05,958190857.5833334,-0.6586044087121646,0.31434768297579674,1.4039984658550302,9.19028491017535,1
2023-01-01,9.982172966003418,10.052801132202148,9.7210111618042,9.96103572845459,194221164.0,0.002121704111075484,9.96103858947754,11.387903213500977,12.41312026977539,13.7156400680542,32.967620849609375,35.39555358886719,10.231874057224818,11.756054605756487,14.858514976501464,28.45998486412896,0.04724058568195543,0.041397513771900145,0.08521477634629761,0.06031111026665539,0.3317899703979492,416283243.0,287601728.52380955,748785671.65,950552325.8166667,-0.3203312783900275,0.4345506721223815,1.3995323618354596,9.970425239467751,1
2023-01-02,11.272967338562012,11.372013092041016,9.845211029052734,9.983222007751465,558570124.0,0.1293099585585915,9.982172966003418,11.306611061096191,11.932655334472656,13.302457809448242,34.12247085571289,37.07356262207031,10.227067811148506,11.658646174839564,14.532333103815715,28.316648223665027,0.07326753171011795,0.05179095593265908,0.08719502768329776,0.06101365031698767,1.5268020629882812,477163203.4285714,304424177.04761904,744225041.5666667,945818890.6666666,1.875948802366358,0.4461554834570909,1.2171055642611948,8.45724564895936,1
2023-01-03,13.344045639038086,13.50026798248291,11.053266525268556,11.27472686767578,1149255381.0,0.1837207753979231,11.272967338562012,11.085430145263672,12.28051471710205,13.718218803405762,34.073883056640625,38.51830673217773,10.549727167401995,11.635315668015252,14.191719643274944,28.176791217592026,0.09909135344537502,0.06588503323257984,0.08975683154862467,0.06252572000112018,2.4470014572143537,609437834.8571428,344105391.47619045,740639238.3833333,945597154.4333333,1.0574952573009435,0.21377911737686706,0.8184184297503057,6.388646540376719,1
2023-01-04,13.435112953186035,14.09533977508545,12.922945976257324,13.35150909423828,1142852070.0,0.006824565548661843,13.344045639038086,9.755906105041504,12.128985404968262,13.8311128616333,33.34281921386719,38.286720275878906,11.075328145708356,11.601724579220726,13.802875487009684,28.038726732465957,0.07576766155318689,0.06571539445409595,0.08884114252037796,0.06253044778567728,1.172393798828125,705741162.4285715,377504070.47619045,718510174.4833333,943691917.4333333,-0.005571704171120184,0.21766114742204512,0.8370442321573721,6.821113071602628,1
2023-01-05,13.419329643249512,13.769200325012209,12.990192413330078,13.43493938446045,564255825.0,-0.00117478059109144,13.435112953186035,9.651782989501951,11.794829368591309,14.288854598999023,33.00146484375,38.07196044921875,11.613549096243721,11.57304927280971,13.481804609298706,27.901767672432793,0.07459646308835838,0.06569039902381552,0.08789796231100952,0.06253055715911784,0.7790079116821307,675991969.2857143,391388677.04761904,700414328.0166667,942438343.1055555,-0.506273961598547,0.23844065180855023,0.8121430693800034,6.450356533531961,1
2023-01-06,13.52584171295166,13.54129409790039,12.771324157714844,13.420552253723145,517147909.0,0.007937212404326655,13.419329643249512,9.880176544189451,11.786166191101074,13.5196533203125,32.57793426513672,36.69760894775391,12.134358406066895,11.63301286243257,13.21387955347697,27.77303563223945,0.07576281962932946,0.05911126967247635,0.08723279325303054,0.06248904744405046,0.7699699401855469,630294435.1428572,398931537.47619045,666615243.7166667,941344056.9277778,-0.0834868049434846,0.35211138110028917,0.7369298871956338,5.939140750960683,1
2023-01-07,13.092267990112305,13.52675724029541,13.055072784423828,13.52675724029541,210349250.0,-0.03205521194471672,13.52584171295166,9.96103858947754,11.444275856018066,13.68922233581543,32.91388320922852,33.463600158691406,12.581676891871862,11.661006382533483,13.029535071055095,27.65986156463623,0.08066688396849162,0.05960352024568658,0.08420916340641889,0.062203492721136296,0.47168445587158203,619521674.7142857,398338594.38095236,568119327.3666667,937344797.0944444,-0.5932512800704373,0.8521969097563722,0.7343357537944786,5.819012898814837,1
2023-01-08,14.31993293762207,14.333256721496582,12.924285888671877,13.09150505065918,535020165.0,0.09377022746837582,13.092267990112305,9.982172966003418,11.387903213500977,13.580187797546388,31.970834732055664,32.75759506225586,13.201356887817383,11.751806985764276,13.035853004455566,27.557430108388264,0.08048037661126456,0.06266436936430517,0.06514002905688895,0.06260573932821421,1.4089708328247053,668207246.2857143,418543266.9047619,499572861.18333334,935226096.7333333,1.543485013614263,0.5973054045749144,0.666303664910308,5.8289735605877055,1
2023-01-09,16.30246353149414,17.361557006835938,14.325532913208008,14.325532913208008,2029272608.0,0.13844552223170425,14.31993293762207,11.272967338562012,11.306611061096191,13.576995849609377,30.77686882019043,34.91093826293945,13.919856343950544,11.959893090384346,13.012870597839356,27.45404969321357,0.08193809625184637,0.06769758471644473,0.0579116908291036,0.06327916442757307,3.0360240936279297,878307601.1428572,505362886.5714286,465321046.9,939204776.6833333,2.792889952101151,0.44625775079657815,0.42264822597753215,5.097801545444312,1
2023-01-10,16.19672393798828,16.640087127685547,15.71121311187744,16.29619789123535,833408341.0,-0.006486111335356481,16.30246353149414,13.344045639038086,11.085430145263672,13.427809715270996,31.16548538208008,37.10782241821289,14.327381815229144,12.146379243759881,13.010703563690186,27.337876923878987,0.06191906243476303,0.06782559261548309,0.05703495161895865,0.06309215209973663,0.9288740158081072,833186595.4285715,536601934.14285713,442679369.6166667,936500725.45,-0.5893068591600483,0.41288224756551895,0.262732360875523,5.299608514053879,1
2023-01-11,16.35941505432129,16.44658851623535,15.368487358093262,16.196577072143555,630606082.0,0.010044692800587063,16.19672393798828,13.435112953186035,9.755906105041504,13.318544387817385,30.54451942443848,37.41592788696289,14.745139258248466,12.347828274681454,13.041043790181478,27.22089629703098,0.061733261635348084,0.06754395905246299,0.055151258270350376,0.06309394293221753,1.0781011581420898,760008597.1428572,558631991.2857143,438740743.4,932969498.4055556,-0.2433408078885546,0.2745341781464363,0.23049080423385915,5.107152288462984,1
2023-01-12,16.619043350219727,16.808433532714844,15.744722366333008,16.789260864257812,884719784.0,0.01587026767377342,16.35941505432129,13.419329643249512,9.651782989501951,13.833986282348633,30.007417678833008,39.57412338256836,15.202241216387067,12.577552749997093,13.098619031906129,27.09336807462904,0.06062164901159845,0.0667911065307299,0.05364897447770645,0.06294818786709871,1.063711166381836,805789162.7142857,592132926.1904762,438806201.28333336,931496154.35,0.40296741381571377,0.2892899422884796,0.2533871446254028,4.519024602426328,1
2023-01-13,18.28844451904297,18.51446533203125,16.381359100341797,16.61872673034668,1037251176.0,0.10045109899789573,16.619043350219727,13.52584171295166,9.880176544189451,14.140525817871094,29.575347900390625,38.64472198486328,15.882613045828682,12.88718505132766,13.170070505142212,26.980277644263374,0.06434352563637591,0.06895012389651212,0.05453246427814344,0.0633954168056645,2.133106231689453,880089629.4285715,634041012.0,433336830.06666666,931036794.75,0.1724064441176778,0.39696250015122425,0.17505776764703063,4.234455507335313,1
2023-01-14,24.24945831298828,24.565017700195312,18.26682472229004,18.287506103515625,3399684035.0,0.3259442752355657,18.28844451904297,13.092267990112305,9.96103858947754,14.02151107788086,30.168840408325195,43.74615859985352,17.476497377668107,13.496955644516717,13.335873238245647,26.87196264266968,0.11475194732069613,0.09432321131670918,0.06840945850806583,0.06721800481433368,6.298192977905273,1335708884.4285715,786274500.5238096,476107253.23333335,939960952.6611111,2.277589954740143,0.015603640167693111,-0.1426571336432353,2.8818657039256865,1
2023-01-15,22.873306274414062,24.651987075805664,22.11684799194336,24.259122848510746,1661787281.0,-0.05674980532811058,24.24945831298828,14.31993293762207,9.982172966003418,12.266606330871582,31.224876403808597,44.89987564086914,18.698407854352677,14.043879599798293,13.479003206888835,26.74959281285604,0.1286848408391945,0.09622189929738958,0.06895068926279604,0.0673150519034642,2.5351390838623047,1496675615.2857144,860388701.5238096,495678774.7,935135937.5611111,-0.511193609790858,0.05943538299894935,-0.04583304147695988,3.1310261670085557,1
2023-01-16,23.577564239501957,24.75278854370117,22.585596084594727,22.87508583068848,1596086615.0,0.030789513183569373,22.873306274414062,16.30246353149414,11.272967338562012,12.504404067993164,30.164331436157227,42.09366989135742,19.737707955496653,14.6282107035319,13.64465036392212,26.646725559234618,0.12629976568533513,0.0956919281206994,0.06861521557271483,0.06720073916449053,2.1671924591064418,1434791902.0,930087568.8571428,511059888.6166667,932776295.1888889,-0.03953614686499696,0.03309260074518838,0.012992748252346642,3.140670087305404,1
2023-01-17,22.884063720703125,23.80280113220215,22.882892608642575,23.58060073852539,926501252.0,-0.029413577745106445,23.577564239501957,16.19672393798828,13.344045639038086,12.41312026977539,28.900798797607425,43.19059371948242,20.6930422101702,15.190050397600446,13.805259815851848,26.533911503685847,0.12858731331959491,0.09601976767598759,0.06862246588317918,0.06720387411335145,0.9199085235595739,1448090889.2857144,963571773.1904762,520548358.71666664,927221306.7222222,-0.4195169339227871,-0.0038625285884792415,-0.026136621258493142,3.4600294719716214,0
2023-01-18,20.85063362121582,23.48263359069824,20.693498611450195,22.886484146118164,1427677518.0,-0.08885791109066299,22.884063720703125,16.35941505432129,13.435112953186035,11.932655334472656,28.08509635925293,40.61850357055664,21.334644862583705,15.71837075551351,13.938586807250976,26.424090003967287,0.1395362627877544,0.0936570158346465,0.06963643695831429,0.067381411583696,2.7891349792480433,1561958237.2857144,1009235998.9523809,539104746.4333333,926686886.6222222,0.5409342566112365,0.1784507805118254,0.11108170641134163,3.5202920633747405,1
2023-01-19,21.42676544189453,21.765443801879883,20.528949737548828,20.850828170776367,799641392.0,0.02763138191121861,20.85063362121582,16.619043350219727,13.419329643249512,12.28051471710205,28.10867691040039,40.040977478027344,22.021462304251536,16.27908420562744,14.091485675175985,26.320677714877657,0.139231575962529,0.09297998439170867,0.0692676615171131,0.06740883308488425,1.2364940643310547,1549804181.2857144,1010528437.7619047,543958574.1,924732468.2944444,-0.4399005504266825,0.13646161991903716,0.09575997285334359,3.3583885625126184,1
2023-01-20,25.54827117919922,25.678333282470703,21.00454330444336,21.42640686035156,1419157455.0,0.19235314581108653,21.42676544189453,18.28844451904297,13.52584171295166,12.128985404968262,28.01386260986328,41.00658416748047,23.05858039855957,17.025183950151717,14.31985338528951,26.234798198276096,0.14937693839002142,0.0984104313671815,0.07282804448692774,0.06890979160870787,4.673789978027344,1604362221.142857,1038248761.9047619,559202886.2,926420783.4166666,0.7747423647624283,-0.04463759118191346,-0.027693440635859767,2.623330863690972,0
2023-01-21,24.627838134765625,26.410499572753903,24.614994049072266,25.5515251159668,1948796870.0,-0.03602721444349577,25.54827117919922,24.24945831298828,13.092267990112305,11.794829368591309,29.27007102966309,36.71199798583984,23.112634658813477,17.723602976117814,14.523056936264037,26.16766397688124,0.09288448218055331,0.09982178537943508,0.07298183327133806,0.06851643713516173,1.795505523681637,1397092626.142857,1117441061.7619047,582859196.0666667,929103837.5388889,0.3732069427067204,-0.026231947137874023,0.06308100631346791,2.6888513701897763,0
2023-01-22,24.232789993286133,25.389249801635746,23.756322860717773,24.624042510986328,1029738787.0,-0.016040715361119173,24.627838134765625,22.873306274414062,14.31993293762207,11.786166191101074,28.3100643157959,36.19085311889648,23.306846618652344,18.402203786940802,14.687744903564454,26.10123029285007,0.08953874842596586,0.10031939495976189,0.07071179499200855,0.06851874617351651,1.6329269409179723,1306799984.142857,1157227615.2380953,585689753.7,927256146.7666667,-0.4716028115336618,0.07838953618196864,0.029537202042572153,2.4508123244140614,1
2023-01-23,24.357807159423828,24.88598251342773,23.97373580932617,24.23154640197754,874649827.0,0.00515900835901828,24.232789993286133,23.577564239501957,16.30246353149414,11.444275856018066,30.93997573852539,40.3078498840332,23.418309892926896,19.02529139745803,14.85066917737325,26.01261894438002,0.08914120147453534,0.09890176879404708,0.0707126142264999,0.06798954324180892,0.9122467041015625,1203737585.857143,1172279029.6666667,589931261.2833333,921952945.5333333,-0.15061000125267687,-0.01689337916602507,-0.0072444271198024435,2.459856015102299,0
2023-01-24,22.795673370361328,25.167665481567383,22.647783279418945,24.35210227966309,837211317.0,-0.06413277594482159,24.357807159423828,22.884063720703125,16.19672393798828,11.387903213500977,31.28472137451172,42.84526824951172,23.405682700020925,19.475368908473424,14.996211433410645,25.901232306162516,0.09246280174616144,0.09582600095612198,0.07112492285014657,0.06798806900426975,2.5198822021484375,1190981880.857143,1157419788.5238094,598490317.5166667,912965776.1444445,-0.0428039986338441,0.05074970518340027,0.048479696854737186,2.892493476549969,1
2023-01-25,24.57144546508789,25.21659278869629,22.39700698852539,22.79620361328125,1166026842.0,0.07789952355763274,22.795673370361328,20.85063362121582,16.35941505432129,11.306611061096191,30.630624771118164,41.92699813842773,23.937227249145508,20.005670456659224,15.169748957951864,25.804812569088405,0.08615809365667751,0.09623093524368259,0.07165481216730776,0.06822470777558612,2.8195858001708984,1153603212.857143,1158523349.0952382,612369567.9166666,907962534.1111112,0.3927509319609448,0.017170872082886923,-0.06179570229847997,2.536186492791702,1
2023-01-26,24.350696563720703,25.12034797668457,23.95353889465332,24.561397552490234,809826004.0,-0.008983960739340158,24.57144546508789,21.42676544189453,16.619043350219727,11.085430145263672,32.111263275146484,43.755889892578125,24.354931695120676,20.526211738586426,15.3403311252594,25.697005939483642,0.08719676116174058,0.09638502084519625,0.07167934084495521,0.06814713706926373,1.16680908203125,1155058157.4285715,1170217167.142857,622116077.8333334,901459670.7,-0.3054825370821095,-0.0035168622811488914,-0.0750408599569915,2.796292533636913,0
2023-01-27,24.40785789489746,24.861764907836918,23.49876594543457,24.350980758666992,682926581.0,0.00234742078228356,24.350696563720703,25.54827117919922,18.28844451904297,9.755906105041504,32.85712814331055,42.400203704833984,24.192015511648997,21.044402985345748,15.523720121383667,25.597048462761773,0.04401401540837198,0.09646462878755967,0.07123011649071304,0.06811000813159265,1.3629989624023473,1049882318.2857143,1178111389.6190476,626040462.3333334,897716723.5111111,-0.15669961494592854,0.011186514822868698,-0.04718847688400807,2.8579057630818214,1
2023-01-28,23.981801986694336,25.01738548278809,23.841827392578125,24.41060256958008,489857934.0,-0.017455686199000398,24.40785789489746,24.627838134765625,24.24945831298828,9.651782989501951,32.9659309387207,41.78648376464844,24.099724633353098,21.562952223278227,15.700587924321493,25.49813356399536,0.04241057711522054,0.09602793604716253,0.07130869617453428,0.06811375335649705,1.1755580902099645,841462470.2857143,1191421326.952381,629781879.0166667,894426379.1388888,-0.28270776445294055,0.014008256019805598,-0.05375797787244163,3.0004492033202554,1
2023-01-29,26.132387161254883,26.65280532836914,23.827844619750977,23.98078727722168,1131621628.0,0.08967571226523097,23.981801986694336,24.232789993286133,22.873306274414062,9.880176544189451,32.61103820800781,39.7545051574707,24.371095657348633,22.125450043451217,15.900870291392009,25.42245513068305,0.054191576093927295,0.09590281411102383,0.07179338496227423,0.06834925292510595,2.824960708618164,856017161.8571428,1219830920.4285715,643115666.1,894017460.4111111,1.3101016630670719,-0.10098382609547385,-0.1613323565603041,2.8866202701910684,0
2023-01-30,23.94632148742676,26.24931526184082,23.48917579650879,26.13530158996582,1084170329.0,-0.08365350093501167,26.132387161254883,24.357807159423828,23.577564239501957,9.96103858947754,32.2484245300293,38.54441833496094,24.31231198992048,22.48944327944801,16.075292841593427,25.341354592641196,0.06533154901644314,0.09593643291484384,0.07249019522952384,0.06859677151855759,2.7601394653320312,885948662.1428572,1174826050.0,657315170.5,887194376.9611111,-0.04193212450690276,-0.05177968626901852,-0.06012989964212023,3.237518348605219,0
2023-01-31,23.952547073364254,24.34128761291504,23.592248916625977,23.94932174682617,617019880.0,0.00025998088853707024,23.94632148742676,22.795673370361328,22.884063720703125,9.982172966003418,30.78807640075684,38.83067321777344,24.47757966177804,22.858768190656388,16.245907958348592,25.258698336283366,0.05913705394953784,0.09584612973996573,0.07250233637978445,0.06859440918687458,0.7490386962890625,854492742.5714285,1164521837.5714285,663514669.5666667,883760391.9722222,-0.4308828940475459,-0.0038071248897020293,-0.08214861356073822,3.0508722982333305,0
2023-02-01,24.993358612060547,25.126235961914062,22.64312171936035,23.94851493835449,984317489.0,0.043453063071263065,23.952547073364254,24.57144546508789,20.85063362121582,11.272967338562012,30.84387969970703,40.561031341552734,24.53785296848842,23.269908360072545,16.440756305058798,25.172211265563966,0.05357994484233743,0.09590247356519517,0.07240477013040357,0.06859041532157614,2.483114242553711,828534263.5714285,1181365237.9047618,677231392.8166667,882568494.0722222,0.5952767826540695,-0.07204665118709053,-0.14379842423348854,2.914907814713351,0
2023-02-02,24.26505851745605,26.03715133666992,24.25430679321289,24.98878669738769,1017290364.0,-0.02913974491819815,24.993358612060547,24.350696563720703,21.42676544189453,13.344045639038086,33.780853271484375,40.0570068359375,24.525618961879186,23.63400432041713,16.616536966959636,25.084478219350178,0.05489825826021523,0.09660095833038497,0.07256554880936403,0.06861832477030848,1.7828445434570277,858172029.2857143,1187678122.6666667,691822857.5,884603452.9277778,0.033498211063483385,-0.1571366934082613,-0.13592465389743136,3.139306780075491,0
2023-02-03,24.680896759033203,25.003572463989254,24.118974685668945,24.26081085205078,643813200.0,0.01713732696247172,24.26505851745605,24.40785789489746,25.54827117919922,13.435112953186035,36.76576232910156,40.6055908203125,24.564624513898575,23.938406808035715,16.797366698582966,24.996007696787515,0.055251929088684516,0.09492135838852382,0.07256694296341208,0.06862273289179875,0.884597778320309,852584403.4285715,1168942980.952381,696962398.3833333,884768503.7555555,-0.36712936366710736,-0.18438499283379206,-0.15000721025776242,2.9658195141878245,0
2023-02-04,24.317745208740234,24.892578125,24.317745208740234,24.67998313903809,321758043.0,-0.014713871778587406,24.680896759033203,23.981801986694336,24.627838134765625,13.419329643249512,32.6835823059082,42.17055130004883,24.612616402762278,23.941658564976283,16.964514875411986,24.89682544072469,0.055093091657939,0.06365996713286662,0.07259483780941939,0.06856910351975369,0.5748329162597656,828570133.2857143,1022375076.5714285,697658701.9333333,880347435.3111111,-0.5002307455019561,-0.14341995475587999,-0.15144222888078285,2.9262258243498454,0
2023-02-05,23.493438720703125,24.42566680908203,23.1168270111084,24.319520950317383,578466008.0,-0.03389732398959577,24.317745208740234,26.132387161254883,24.232789993286133,13.52584171295166,29.60134506225586,40.37262344360352,24.23562376839774,23.971188681466238,17.130744632085165,24.803052192264133,0.04072271669146738,0.06279532035916995,0.07233689436129381,0.06854226764664921,1.3088397979736328,749547901.8571428,970788349.2857143,703580888.5333333,878587447.1611111,0.797829209198665,-0.08527742380490311,-0.1382814519512675,3.0670359675410124,0
2023-02-06,22.706388473510746,23.68735694885254,22.603904724121094,23.49368476867676,449884793.0,-0.033500853431848054,23.493438720703125,23.94632148742676,24.357807159423828,13.092267990112305,24.152936935424805,42.365867614746094,24.05849048069545,23.929704121180944,17.281030734380085,24.693832863701715,0.029314337426070883,0.06294314438736691,0.07257082275441733,0.06848336590079729,1.0834522247314453,658935682.4285715,916207310.1428572,707813653.2,873368286.3333334,-0.2222796382531781,-0.08439423900855203,-0.18872197143864422,3.265807240459157,0
2023-02-07,23.86135673522949,23.899799346923828,22.607053756713867,22.69782257080078,625438600.0,0.05086534404474441,22.706388473510746,23.952547073364254,22.795673370361328,14.31993293762207,13.94085693359375,42.8217887878418,24.04546328953334,23.976241883777437,17.45238355000814,24.58849713007609,0.03675616152377784,0.06350246541203547,0.07270952362542685,0.06858703872943969,1.292745590209961,660138356.7142857,901870993.3809524,714707079.1833333,867202114.2888889,0.3902194733663735,-0.08534316294761468,-0.27463691094874954,3.2319168890914263,0
2023-02-08,23.192670822143555,24.148073196411133,22.881855010986328,23.860729217529297,534148944.0,-0.02802380101457813,23.86135673522949,24.993358612060547,24.57144546508789,16.30246353149414,17.681407928466797,45.33475875854492,23.78822217668806,24.087767464773997,17.612644799550374,24.465485530429415,0.032345976502461626,0.06037340029035669,0.07287603179582762,0.06847139744665698,1.2662181854248047,595828564.5714285,859322013.6666666,721788000.0666667,863901574.7388889,-0.14596101999460853,0.029803845327973866,-0.21338758494392784,3.431815451100152,1
2023-02-09,20.45212745666504,23.27908706665039,20.203577041625977,23.198091506958008,797436250.0,-0.11816419878912521,23.192670822143555,24.26505851745605,24.350696563720703,16.19672393798828,16.326745986938477,46.485347747802734,23.2435177394322,24.04135613214402,17.729716761906943,24.320856528811984,0.05235482525167614,0.06597226806691436,0.07472349685849393,0.06899319449586486,3.075510025024414,564420834.0,859217006.9047619,733121337.5333333,860464892.5722222,0.49290990641741295,0.08966422498590632,-0.10885342035036538,4.228469975906491,1
2023-02-10,20.130109786987305,21.11772727966309,19.84334373474121,20.453590393066406,654189930.0,-0.015744947334209614,20.45212745666504,24.680896759033203,24.40785789489746,16.35941505432129,14.53900146484375,44.91656875610352,22.593405314854213,23.783348446800595,17.843242851893105,24.18315397898356,0.04956466281776206,0.04906220915897146,0.07476052702739419,0.06896005423323272,1.2743835449218786,565903224.0,822789981.9047619,740602857.95,858204642.6166667,-0.17963356945461162,0.15085103006213307,0.008962784164260329,4.421305242811358,1
2023-02-11,20.83009529113769,20.860679626464844,20.119468688964844,20.12839126586914,267159267.0,0.03477305943968956,20.130109786987305,24.317745208740234,23.981801986694336,16.619043350219727,13.164528846740724,43.82322311401367,22.095169612339564,23.60250354948498,17.959844668706257,24.055414379967583,0.05494564349921028,0.0496228770028294,0.07473620282183971,0.0689936621264259,0.7412109375,558103398.8571428,742712000.8095238,739789681.1,852109675.05,-0.5916181910657048,0.1271476001809,-0.01902935536214767,4.160575769421193,1
2023-02-12,21.489978790283203,22.260618209838867,20.646625518798828,20.82887458801269,532943787.0,0.031679331751605755,20.83009529113769,23.493438720703125,26.132387161254883,18.28844451904297,14.00135612487793,43.15880584716797,21.808961050851003,23.471893492199126,18.082335551579792,23.935032007429335,0.05780227707935929,0.05026492387893273,0.07477386095392297,0.06903070198452234,1.613992691040039,551600224.4285715,719055096.0476191,741314080.7,848784629.1722223,0.9948542043274884,0.15592257630245232,-0.026149163153289745,4.211394258138281,1
2023-02-13,20.79010009765625,21.52965545654297,19.870744705200195,21.486787796020508,693292656.0,-0.03256767721629428,21.489978790283203,22.706388473510746,23.94632148742676,24.24945831298828,14.301294326782228,40.403053283691406,21.535205568586075,23.302002679734002,18.19514536857605,23.826071156395805,0.05774320865329859,0.050576274874162656,0.07493706029107354,0.06891181628158674,1.6589107513427734,586372776.2857143,710419040.2857143,748324306.85,845209740.0888889,0.30087388747436505,0.2593199082568809,-0.07210733944954129,4.415044036697248,1
2023-02-14,21.824953079223636,22.245664596557617,20.71122360229492,20.78159523010254,865868623.0,0.04977623853211033,20.79010009765625,23.86135673522949,23.952547073364254,22.873306274414062,14.285508155822754,39.54523086547852,21.24429076058524,23.25577790396554,18.35445114771525,23.72762516869439,0.057549794221373504,0.050168098593065806,0.07300102342135668,0.06899972311909895,1.5344409942626989,620719922.4285715,711783673.9047619,756776319.9,845099851.6611111,0.2489222487883962,0.1431208450625694,-0.09596400665899896,4.359751545130498,1
2023-02-15,23.883901596069336,23.901153564453125,21.50210189819336,21.824722290039062,747616299.0,0.09433919556994264,21.824953079223636,23.192670822143555,24.993358612060547,23.577564239501957,13.638734817504885,35.8902587890625,21.34303801400321,23.223037719726562,18.544109439849855,23.660923184288873,0.06902164113683029,0.05156723254926096,0.07376571425207086,0.06901861154064907,2.3990516662597656,651215258.8571428,691859362.3333334,765523240.6333333,839134009.1833333,-0.13657074625280652,0.012453878332792767,-0.09440663955554218,3.76050401679662,1
2023-02-16,22.285951614379883,24.030553817749023,22.26426124572754,23.88418960571289,885086333.0,-0.06690489722803217,23.883901596069336,20.45212745666504,24.26505851745605,22.884063720703125,13.247496604919434,35.26973342895508,21.605012893676758,23.124716531662713,18.708656628926594,23.58879106309679,0.05488824133670719,0.05357746735889255,0.07444626535848037,0.06918782414425935,1.7662925720214844,663736699.2857143,695443187.5238096,778429312.15,837364362.4611111,0.18387779156751627,0.07246040548406274,-0.048911967615912544,3.95585367559101,1
2023-02-17,23.166757583618164,23.493309020996094,22.153913497924805,22.282129287719727,580803415.0,0.039522923879541594,22.285951614379883,20.130109786987305,24.680896759033203,20.85063362121582,12.851014137268066,36.533199310302734,22.03881972176688,23.06561651683989,18.895891666412354,23.514533053504096,0.053926570974171174,0.054365503711823054,0.07422213062180866,0.06919908982226843,1.339395523071289,653252911.4285715,690580179.6190476,784675025.8166667,835135096.5722222,-0.3437889691151744,-0.0049088374634953524,-0.05453310635150366,3.7043275704461367,0
2023-02-18,23.478591918945312,23.75763511657715,22.96770477294922,23.16739654541016,370892073.0,0.013460422081148504,23.166757583618164,20.83009529113769,24.317745208740234,21.42676544189453,12.252833366394045,35.47438049316406,22.417176382882253,23.041654132661364,19.082526286443073,23.447889783647327,0.053654358110394845,0.05431792571298592,0.07419413612999867,0.06917218542336742,0.7899303436279297,668071883.7142857,684915138.6190476,787900088.0,830863126.0333333,-0.3614154748039834,-0.040683554159276714,-0.05546021851012517,3.777742863586173,0
2023-02-19,24.84075164794922,25.52073097229004,23.268293380737305,23.476207733154297,993875671.0,0.058017096327857454,23.478591918945312,21.489978790283203,23.493438720703125,25.54827117919922,11.846208572387695,35.6462516784668,22.895858219691686,22.98014767964681,19.294389057159425,23.387859227922227,0.05562225797510019,0.05211107841192305,0.07433685761922038,0.06930550912502689,2.2524375915527344,733919295.7142857,678355807.3333334,801665101.15,831635884.0888889,1.6796897085476399,-0.06379289216250861,-0.08946929706962115,3.488001420179261,0
2023-02-20,26.18138694763184,26.925580978393555,24.342071533203125,24.84637451171875,1459545676.0,0.05396919218397733,24.84075164794922,20.79010009765625,22.706388473510746,24.627838134765625,12.435625076293944,34.957916259765625,23.66604205540248,23.086579368228005,19.5341650168101,23.339100731743706,0.05082154521596747,0.04981262955553756,0.07429954977740795,0.06940363210221664,2.5835094451904297,843384012.8571428,696230823.8571428,822970859.9,834487105.7444445,0.4685394950169779,-0.1332549016008132,-0.1795512606301919,3.1426239457776344,0
2023-02-21,24.948558807373047,26.424297332763672,24.673828125,26.18273162841797,925847245.0,-0.047087961486712016,26.18138694763184,21.824953079223636,23.86135673522949,24.232789993286133,14.35151195526123,35.316463470458984,24.112271445138113,23.1340084984189,19.7535382270813,23.281501261393228,0.058592734084388975,0.0511141694602672,0.07471522382139092,0.0694920450237979,1.7504692077636719,851952387.4285715,710936888.8571428,835781957.75,835027903.6388888,-0.3656606571317744,-0.12153693016101397,-0.10949654555004007,3.2136791172632284,0
2023-02-22,24.18134880065918,25.13520050048828,23.377933502197266,24.949750900268555,892548647.0,-0.0307516763848954,24.948558807373047,23.883901596069336,23.192670822143555,24.357807159423828,14.582350730895996,31.726362228393555,24.15476390293666,23.095341364542644,19.96582277615865,23.239584520128037,0.050994562224222294,0.050756135314411234,0.07473301931325287,0.06910913403947311,1.7572669982910156,872657008.5714285,706566944.0,847278088.9333333,832676109.2944444,-0.03596554202631985,-0.06926483856945476,-0.14484274361765992,3.2044715128761325,0
2023-02-23,23.90080070495605,24.63583374023437,23.68366813659668,24.18242073059082,579213279.0,-0.011601838177673574,24.18134880065918,22.285951614379883,20.45212745666504,22.795673370361328,14.063138008117676,31.54243278503418,24.38545663016183,23.077995754423597,20.174371067682902,23.19713100857205,0.04184199854451648,0.05040146654443162,0.07476829250967243,0.06911367055275787,0.9521656036376918,828960858.0,685706130.4285715,855175159.25,831644614.9277778,-0.35105690771384923,-0.08016142172675012,-0.1445204707114881,3.1820647721876076,0
2023-02-24,23.053035736083984,24.05632972717285,22.63655662536621,23.89963722229004,612377428.0,-0.0354701492781484,23.90080070495605,23.166757583618164,20.130109786987305,24.57144546508789,14.159193992614746,30.39228630065918,24.369210651942662,23.000478562854585,20.37014481226603,23.15635739432441,0.04284754969260183,0.05083887582629907,0.07499947112545428,0.0691107059194217,1.4197731018066406,833471431.2857143,684209188.9047619,863174609.7,831921702.7777778,0.05725723183912024,-0.0717338370387286,-0.0901190012269959,3.51712838282272,0
2023-02-25,22.523399353027344,23.273439407348636,21.64186286926269,23.0588493347168,547286025.0,-0.02297469145148734,23.053035736083984,23.478591918945312,20.83009529113769,24.350696563720703,14.115766525268556,32.46529769897461,24.23275457109724,22.915033522106352,20.560777632395425,23.101124625735814,0.04316258694506766,0.050973939767955424,0.0750270373219211,0.0689490085621612,1.6315765380859446,858670567.2857143,694948616.6190476,868573827.4333333,830007105.7833333,-0.10629294945208201,-0.06910859644053724,-0.11551207630139959,3.593156192341474,0
2023-02-26,23.256088256835938,23.484447479248047,22.32423973083496,22.52385711669922,370371591.0,0.03253012089003837,22.523399353027344,24.84075164794922,21.489978790283203,24.40785789489746,13.404518127441406,31.41205596923828,24.00637408665248,22.903731119065057,20.785780668258667,23.055813694000243,0.037674166718293385,0.050982371964812416,0.07295152109128074,0.0689459117288687,1.160207748413086,769598555.8571428,685039358.6666666,866934541.0,827279115.7111111,-0.3232577225044253,-0.09793151548673296,-0.11977039401985812,3.7264411844019243,0
2023-02-27,22.692588806152344,23.367462158203125,22.400766372680664,23.255739212036133,475987023.0,-0.024230190583231836,23.256088256835938,26.18138694763184,20.79010009765625,23.981801986694336,13.369733810424805,31.47295570373535,23.50797435215541,22.90307399204799,21.00312743186951,23.00703387790256,0.025642878498546403,0.050710204501318606,0.07305958517492549,0.06897111012323329,0.9666957855224609,629090176.8571428,686282322.0,861992655.1,825649549.5222223,0.2851607265957934,-0.0906717673666595,-0.06967567509412942,3.7763648888854524,0
2023-02-28,21.9163875579834,22.725032806396484,21.82581329345703,22.69098472595215,351065863.0,-0.03420505499833071,22.692588806152344,24.948558807373047,21.824953079223636,26.132387161254883,14.115445137023926,31.585678100585938,23.074807030814036,22.81045641217913,21.203730948766072,22.953315597110326,0.023763195975448678,0.0499371901717276,0.07334841982844983,0.06901967869708746,0.8992195129394531,546978550.8571428,673216953.5714285,853893242.0166667,823897209.4611111,-0.26244656674179956,-0.07627423317298943,-0.06229772962862623,4.386480778598039,0
2023-03-01,22.506431579589844,22.795337677001957,21.738677978515625,21.91213607788086,346532018.0,0.02692250353966341,21.9163875579834,24.18134880065918,23.883901596069336,23.94632148742676,13.480968475341797,31.227930068969727,22.835533142089844,22.777778353009904,21.41282083193461,22.90486282772488,0.02822518928718831,0.04999118802059271,0.07335531721101204,0.06904207237003482,1.0566596984863317,468976175.28571427,664282814.2380953,854906132.7666667,822158076.2555555,-0.01291451399249266,-0.1815142257716451,-0.05935794787934612,4.58558192085799,0
2023-03-02,21.984878540039062,22.57521629333496,21.73250961303711,22.505313873291016,322545445.0,-0.023173510989798807,22.506431579589844,23.90080070495605,22.285951614379883,23.952547073364254,13.7156400680542,31.10948371887207,22.56182997567313,22.85076649983724,21.612865924835205,22.854170576731363,0.028679329377500593,0.042526211165162774,0.07350963722790671,0.06906417929529508,0.8427066802978516,432309341.85714287,641668966.3809524,857044870.7833333,822202596.7666667,-0.06921892279518016,-0.21272490094051855,-0.0459059752179517,4.9127186891180665,0
2023-03-03,21.39935302734375,22.001710891723636,20.541078567504883,21.98651695251465,489228523.0,-0.026633102003677078,21.984878540039062,23.053035736083984,23.166757583618164,24.993358612060547,13.302457809448242,32.106956481933594,22.32558958871024,22.911206654139928,21.781639019648235,22.79468389087253,0.02762415930511983,0.04284796432444231,0.07216909594967215,0.06905318274413742,1.4606323242187536,414716641.14285713,633813661.2857143,855889177.4333333,822737451.5444444,0.5167739324298937,-0.14746755270145762,-0.04029921678688675,5.060939313818606,0
2023-03-04,20.96683883666992,21.53683853149414,20.3741455078125,21.400026321411133,249364880.0,-0.020211554532567955,21.39935302734375,22.523399353027344,23.478591918945312,24.26505851745605,13.718218803405762,32.19464874267578,22.10322380065918,22.917718251546223,21.908685572942098,22.7323071691725,0.02743112632942293,0.04253825791823922,0.06871677571636163,0.06906972375004032,1.1626930236816406,372156477.5714286,632966309.5238096,840891002.4166666,821275097.4555556,-0.49028957168958853,-0.1307300269943712,-0.024981756011419054,5.221770850409119,0
2023-03-05,20.97858428955078,21.61699676513672,20.89556312561035,20.966392517089844,278729462.0,0.0005601918807294215,20.96683883666992,23.256088256835938,24.84075164794922,24.680896759033203,13.8311128616333,30.891742706298828,21.777866091047013,22.89336613246373,22.034410095214845,22.67723406685723,0.02113694542968423,0.04196010969109808,0.06872597234276843,0.06900272986293715,0.7214336395263672,359064744.85714287,620860865.4761904,826488958.95,816178016.5833334,0.11775748854449763,-0.03184450695620078,-0.002572366853898833,5.349073809735954,0
2023-03-06,20.635011672973636,21.098865509033203,20.522214889526367,20.978412628173828,318022843.0,-0.01637730229242751,20.97858428955078,22.692588806152344,26.18138694763184,24.317745208740234,14.288854598999023,32.71091842651367,21.48392650059291,22.885980969383603,22.154671462376914,22.61014569600423,0.02073432417032763,0.04148400262439139,0.0687943317705793,0.06887386140774861,0.5766506195068359,336498433.4285714,602990874.3809524,822385075.9166666,813615849.55,0.14097318854653396,-0.009755248533348304,0.016040483278519035,5.091913724481772,0
2023-03-07,20.24473190307617,20.88684844970703,19.82059669494629,20.63469123840332,394901279.0,-0.018913474636344962,20.635011672973636,21.9163875579834,24.948558807373047,23.493438720703125,13.5196533203125,33.608646392822266,21.24511854989188,22.81073234194801,22.266652965545653,22.535901726616753,0.0188884278064679,0.040084788743365816,0.06889087156982147,0.06885702978559674,1.0662517547607422,342760635.71428573,580563858.0,820347632.0833334,810376019.7333333,0.2417387231520347,0.03375208567495802,0.018048967078604372,5.458076119716566,1
2023-03-08,18.42119407653809,20.33236694335937,18.286304473876957,20.24393081665039,620543521.0,-0.09007468388657658,20.24473190307617,22.506431579589844,24.18134880065918,22.706388473510746,13.68922233581543,34.73976516723633,20.66151319231306,22.55060341244652,22.355468400319417,22.445242998335097,0.028787232461547282,0.0378747505638892,0.06987552771743673,0.06913280922560686,2.0460624694824148,381905136.14285713,574512773.3333334,827184203.2666667,807233811.8833333,0.5713889875752973,0.047216657756964375,0.11121679194608469,6.815880930348908,1
2023-03-09,17.308147430419922,18.68904685974121,16.943132400512695,18.424707412719727,754162560.0,-0.06042206827057883,18.42119407653809,21.984878540039062,23.90080070495605,23.86135673522949,13.580187797546388,35.12672805786133,19.99340874808175,22.31356511797224,22.40527197519938,22.3462508837382,0.0311299365142881,0.03742520078286501,0.06949922023217303,0.06926808936533134,1.7459144592285156,443564724.0,568278307.9523809,830836576.5166667,807361686.6277778,0.21532581435170606,0.13995696049591522,0.15763108171577045,7.391425864299935,1
2023-03-10,18.24364280700684,18.323396682739254,16.117345809936523,17.3122501373291,944032048.0,0.05404942269804902,17.308147430419922,21.39935302734375,23.053035736083984,23.192670822143555,13.576995849609377,34.96596145629883,19.542593002319336,22.079131080990745,22.437624963124595,22.253349113464356,0.045545327640424356,0.03852935717871151,0.06758769317660325,0.06939090439479546,2.206050872802731,508536656.14285713,585574909.5238096,812749233.85,808399553.0277778,0.2517620179925135,0.1855692931349262,0.1126870545638472,6.9264462453069395,1
2023-03-11,18.22584342956543,18.848188400268555,17.171354293823242,18.243104934692383,696894876.0,-0.000975648209609381,18.24364280700684,20.96683883666992,22.523399353027344,20.45212745666504,13.427809715270996,37.4241828918457,19.15102222987584,21.829000200544083,22.471443621317544,22.146691672007243,0.04622026725153211,0.03820602213026603,0.06757701727251486,0.0691842362673298,1.6768341064453125,572469512.7142857,601098852.5238096,810474009.4333333,802818969.1722223,-0.2617889641814364,0.16295862809532147,0.145755296558842,6.929135518671739,1
2023-03-12,20.310531616210938,20.39289093017578,17.942476272583008,18.22479820251465,666940879.0,0.11438088968018834,18.22584342956543,20.97858428955078,23.256088256835938,20.130109786987305,13.318544387817385,33.430816650390625,19.055586133684432,21.613275437127974,22.537295564015707,22.073801199595135,0.0687355767325913,0.04473937324996108,0.06906029580603064,0.06926841084880418,2.4504146575927734,627928286.5714285,585530529.0952381,811079589.3833333,796606520.5722222,-0.04298208816217497,0.07842585031151605,0.13334440837491002,6.32383396528059,1
2023-03-13,20.433712005615234,21.340412139892575,18.9644718170166,20.310792922973636,1161164364.0,0.006064853039394524,20.310531616210938,20.635011672973636,22.692588806152344,20.83009529113769,13.833986282348633,34.09157180786133,19.02682903834752,21.33957663036528,22.600873374938963,21.997924200693767,0.06850990750743563,0.042557428130608664,0.06904761183296539,0.0692538034035036,2.375940322875973,748377075.2857143,571321895.1904762,815686999.05,797481854.6833333,0.7410304279759106,0.0852880805365368,0.17381050391341457,6.390504566817416,1
2023-03-14,20.92803382873535,22.106672286987305,19.914527893066406,20.43470764160156,1130224251.0,0.02419148429733542,20.433712005615234,20.24473190307617,21.9163875579834,21.489978790283203,14.140525817871094,33.04768371582031,19.12444359915597,21.148123059953964,22.644866530100504,21.930592812432185,0.06840213230707043,0.04236775045233491,0.06796573882879411,0.06924042933974377,2.1921443939208984,853423214.1428572,581054133.5714285,817236550.3,797431001.6166667,-0.02664576519849171,0.08076407198224378,0.1674440321037025,6.8287245984599245,1
2023-03-15,19.29098129272461,21.488908767700195,18.830358505249023,20.93529510498047,816614774.0,-0.0782229496285971,20.92803382873535,18.42119407653809,22.506431579589844,20.79010009765625,14.02151107788086,32.208858489990234,19.248698915754044,20.91524841671898,22.562225246429442,21.85882682800293,0.06569950255228338,0.04486376287505044,0.05418263286085109,0.0694601495601852,2.658550262451172,881433393.1428572,577438234.8571428,774185395.95,797712458.5555556,-0.2774754450035244,0.11349887235849598,0.28416081423527495,8.158670876000961,1
2023-03-16,19.73054313659668,19.88351058959961,19.03631019592285,19.299495697021484,438673097.0,0.022785872693674047,19.29098129272461,17.308147430419922,21.984878540039062,21.824953079223636,12.266606330871582,33.75077819824219,19.59475544520787,20.716664722987584,22.509845860799153,21.78093663321601,0.05827180628515436,0.045417016765829245,0.05380179366931937,0.06938801995726161,0.8472003936767578,836363469.8571428,570745845.2380953,753800159.55,797364518.0944444,-0.462815135156984,0.12600943865075176,0.2204113166752495,8.273170530351093,1
2023-03-17,21.62910270690918,21.676240921020508,19.499818801879883,19.73006629943848,623518286.0,0.09622439469448807,19.73054313659668,18.24364280700684,21.39935302734375,23.883901596069336,12.504404067993164,31.05985450744629,20.078392573765345,20.648858388264973,22.477371501922608,21.72854356765747,0.06421696400542044,0.050282419627112336,0.05510584880761451,0.06950450305821869,2.176422119140625,790575789.5714285,571276362.2857143,737590687.4,796968119.4111111,0.42137343334733846,-0.04393371393116274,0.17258341116338194,7.409056216561041,0
2023-03-18,21.19590187072754,22.861988067626957,21.141870498657227,21.6324405670166,789771840.0,-0.02002860877086965,21.62910270690918,18.22584342956543,20.96683883666992,22.285951614379883,12.41312026977539,32.685302734375,20.502686636788503,20.585644222441175,22.449235471089683,21.66471356285943,0.06594862869647702,0.050224590376289485,0.055034145837139864,0.06941227737691733,1.7201175689697301,803843927.2857143,582823305.8571428,735311863.8666667,795960280.8555555,0.2666378159757772,-0.03534910373726341,0.15866008768121187,8.535973836195641,0
2023-03-19,21.90340232849121,22.45381164550781,21.19828987121582,21.19828987121582,475166077.0,0.033379115551613436,21.19590187072754,20.310531616210938,20.97858428955078,23.166757583618164,11.932655334472656,31.433040618896484,20.730239595685685,20.52123060680571,22.466781616210938,21.611771127912732,0.05325567071008549,0.05025385713599727,0.05393370197523043,0.06939628729363995,1.2555217742919886,776447527.0,587813519.4761904,719436673.1833333,794044653.8555555,-0.398350190606948,-0.04236251219229081,0.13464973935644897,7.948050587568057,0
2023-03-20,22.176464080810547,23.831193923950195,21.585559844970703,21.90461158752441,1147250538.0,0.01246663638023704,21.90340232849121,20.433712005615234,20.635011672973636,23.478591918945312,12.28051471710205,30.826377868652344,20.979204177856445,20.496653238932293,22.479276593526205,21.563716051313612,0.05319056136944404,0.05006755320895277,0.05384805702450463,0.06938603616986949,2.245634078979492,774459837.5714285,619778448.7619047,725230158.95,793786677.6333333,1.414420122840545,-0.10167488127054836,0.024186508233439596,6.6665189052859875,0
2023-03-21,22.61826705932617,23.22371482849121,21.639102935791016,22.177589416503903,745081556.0,0.019922156070764974,22.176464080810547,20.92803382873535,20.24473190307617,24.84075164794922,12.128985404968262,32.408905029296875,21.220666067940847,20.530076072329567,22.43044319152832,21.509323618147107,0.053064785951545936,0.049605129790132686,0.04777359592019166,0.06929735909204159,1.5846118927001953,719439452.5714285,638541100.8095238,713995560.6333333,793294338.8166667,-0.35055026664106037,-0.09494846138031432,-0.019313005049717002,7.468801835242713,0
2023-03-22,21.48048591613769,23.06732177734375,21.14965057373047,22.614276885986328,851680842.0,-0.05030363909861679,22.61826705932617,19.29098129272461,18.42119407653809,26.18138694763184,11.794829368591309,33.6766357421875,21.533452442714147,20.481221516927082,22.377987321217855,21.44156723022461,0.045653188556826256,0.050569884107910835,0.04798655148862305,0.06933952003848115,1.9176712036132812,724448890.8571428,662595806.7142857,695710293.5,792567591.0111111,0.1430706278280227,-0.017179246136618476,-0.009420206658502739,7.3434215408844,0
2023-03-23,22.216777801513672,22.700597763061523,21.21627616882324,21.475513458251957,555730954.0,0.0342772453216631,21.48048591613769,19.73054313659668,17.308147430419922,24.948558807373047,11.786166191101074,33.462650299072266,21.888628823416575,20.492264338902064,22.344387118021647,21.37909016079373,0.04612735318331773,0.05086433751108083,0.04816120702168518,0.06938481295748732,1.4843215942382848,741171441.8571428,673699878.5714285,687810162.95,790806697.5055555,-0.34748919243624365,-0.07497628346178187,-0.018026457783703265,6.848289704919046,0
2023-03-24,20.678855895996094,22.258434295654297,20.35582733154297,22.21415138244629,547225198.0,-0.06922344541847991,22.216777801513672,21.62910270690918,18.24364280700684,24.18134880065918,11.444275856018066,32.33536148071289,21.752879279000418,20.457954951695033,22.283071263631186,21.31433179643419,0.04151682204124888,0.052861323621067574,0.048968671784340854,0.06953226767892134,1.9026069641113281,730272429.2857143,676461625.0,682353085.8,790455004.8333334,-0.015305528581371797,0.023775014121433014,0.0387488982330777,7.361306499105858,1
2023-03-25,20.446645736694336,20.952482223510746,20.184852600097656,20.6777458190918,272949711.0,-0.011229352362125522,20.678855895996094,21.19590187072754,18.22584342956543,23.90080070495605,11.387903213500977,33.88055419921875,21.645842688424246,20.433183851696196,22.24392080307007,21.239698971642387,0.04114021484302253,0.0527283883713145,0.04829430702497331,0.06944493929444237,0.7676296234130895,656440696.5714285,677584712.1904762,672948725.7,786769649.4833333,-0.5012113623466585,0.02587199488504166,0.04618966297450977,7.978169728890979,1
2023-03-26,20.97551918029785,21.129981994628903,20.34568977355957,20.44417762756348,226663968.0,0.025866024697360546,20.446645736694336,21.90340232849121,20.310531616210938,23.053035736083984,11.306611061096191,32.75012969970703,21.513287952968053,20.433037894112722,22.183988698323567,21.17428446875678,0.04007493187973161,0.053027257879457286,0.0473168903036701,0.06942767438157926,0.7842922210693324,620940395.2857143,675105402.9523809,657292677.8,781230426.0,-0.1695760835592165,-0.02090738808096193,0.04537358692606941,8.01448685225975,0
2023-03-27,19.921674728393555,20.97982406616211,19.508054733276367,20.9760856628418,359607077.0,-0.05024163849513508,20.97551918029785,22.176464080810547,20.433712005615234,22.523399353027344,11.085430145263672,33.23543930053711,21.191175188337052,20.39906946818034,22.110171667734782,21.10031911002265,0.04234420929561613,0.05409666233358161,0.047725036049556836,0.0695195887132144,1.4717693328857422,508419900.85714287,677085604.5714285,649789029.0166667,777680906.9666667,0.5865206992229131,0.026171276423102796,0.06833449899685906,8.57248134100613,1
2023-03-28,20.4706974029541,20.76420783996582,19.66556739807129,19.922195434570312,347656506.0,0.027559062279942204,19.921674728393555,22.61826705932617,20.92803382873535,23.256088256835938,9.755906105041504,33.952449798583984,20.884379523141043,20.409829730079288,22.044552326202393,21.025420485602485,0.04346013987959997,0.05424693275715942,0.04787668139590659,0.06953155136382813,1.0986404418945312,451644893.71428573,674835853.4761904,644201194.4333333,774327754.6611111,-0.03323230204393335,0.022174245595707465,0.09132161712682962,8.103816141955575,1
2023-03-29,21.111467361450195,21.50514411926269,20.45812225341797,20.46544075012207,378726667.0,0.03130181380159658,20.4706974029541,21.48048591613769,19.29098129272461,22.692588806152344,9.651782989501951,33.21244430541992,20.831662586757115,20.53793798174177,21.996713415781656,20.958192835913763,0.042829057428071436,0.050275183288088936,0.04802002499325642,0.06955243531181658,1.047021865844723,384080011.5714286,663320765.1904762,642349006.65,769705208.6944444,0.0893702849329101,-0.006890100356064854,0.106805454656006,7.981925536538908,0
2023-03-30,20.55104637145996,21.59051322937012,20.232969284057617,21.11384010314941,472449267.0,-0.026545809459629033,21.111467361450195,22.216777801513672,19.73054313659668,21.9163875579834,9.880176544189451,32.46939468383789,20.5937009538923,20.692361740838912,21.903691069285074,20.891979789733888,0.04042291711694345,0.048491752042864975,0.04662466793000918,0.06956063121911646,1.3575439453125036,372182627.71428573,649905846.4761904,631362800.6333333,769146723.0722222,0.24746765455520459,0.0028748916323817486,0.12806892315094287,8.353681928174671,1
2023-03-31,21.17049598693848,21.441999435424805,20.155242919921875,20.552515029907227,352864960.0,0.030141998820010008,20.55104637145996,20.678855895996094,21.62910270690918,22.506431579589844,9.96103858947754,32.05569839477539,20.663935252598353,20.83173570178804,21.857427310943603,20.83150644302368,0.03308799466788515,0.04766265150052306,0.0455880846053689,0.06959024301901542,1.2867565155029297,344416879.4285714,621755032.7619047,619174377.8166667,768150355.7166667,-0.25311565781305356,-0.03309113786582163,0.07848271943883267,8.181907875147179,0
2023-04-01,20.97564125061035,21.313888549804688,20.858905792236328,21.17135238647461,209186327.0,-0.009204070440690049,21.17049598693848,20.446645736694336,21.19590187072754,21.984878540039062,9.982172966003418,32.967620849609375,20.739506040300643,20.96267845517113,21.807812213897705,20.764884334140355,0.03294284170602907,0.047775375993479925,0.04559992396260564,0.0695615013179221,0.4549827575683594,335307824.5714286,598530816.1428572,612377151.9333333,765794701.55,-0.4071773887665129,-0.044775356663290355,0.04819838583678493,8.671891687369518,0
2023-04-02,20.536975860595703,21.28608512878418,20.31570053100586,21.08799171447754,229561591.0,-0.0209130860302964,20.97564125061035,20.97551918029785,21.90340232849121,21.39935302734375,11.272967338562012,34.12247085571289,20.676856994628906,20.973461514427548,21.733539168039957,20.68940936194526,0.032539817069667305,0.04137630911224179,0.0452880292125375,0.06952913095455433,0.9703845977783203,335721770.71428573,577703231.0,599797886.9666667,763085837.7833333,0.09740246550626619,-0.011565027040230214,0.08414104198921013,8.376639804444759,0
2023-04-03,20.443050384521484,20.934097290039062,20.02490234375,20.53603744506836,437266506.0,-0.004573481349531727,20.536975860595703,19.921674728393555,22.176464080810547,20.96683883666992,13.344045639038086,34.073883056640625,20.751339231218612,20.97390619913737,21.669839032491048,20.61368251376682,0.025117640383804422,0.04138077128322159,0.0451517269535347,0.06952981163175796,0.9091949462890625,346815974.85714287,543231904.4285715,590130822.6666666,761870928.4388889,0.9047894906774714,0.02148927145862234,0.08682422150455404,7.862290757102555,1
2023-04-04,20.924619674682617,21.236377716064453,20.35272026062012,20.442649841308597,305630170.0,0.02355662589990759,20.443050384521484,20.4706974029541,22.61826705932617,20.97858428955078,13.435112953186035,33.34281921386719,20.81618527003697,20.973743620372954,21.60723441441854,20.544692516326904,0.024529749794071326,0.041363086260157174,0.0452050520945659,0.06953430818886312,0.8836574554443324,340812212.5714286,503965519.61904764,584494438.8333334,759611708.0722222,-0.30104372092016574,0.10008343263728325,0.03850626319045558,7.853141148096167,1
2023-04-05,20.966007232666016,21.31917762756348,20.670976638793945,20.924537658691406,324885702.0,0.001977935973358491,20.924619674682617,21.111467361450195,21.48048591613769,20.635011672973636,13.419329643249512,33.00146484375,20.79540525163923,21.053506760370162,21.5513721148173,20.477828862931993,0.021254880657036478,0.03719346465845519,0.04517522083580331,0.0695302878923709,0.6482009887695348,333120646.14285713,480549849.52380955,584546566.4833333,757809892.6055555,0.06300271992126949,0.14400922979567543,0.08871997355221772,7.77411290488387,1
2023-04-06,20.61012840270996,20.97062110900879,20.50641441345215,20.96971321105957,222557225.0,-0.016974086959274715,20.966007232666016,20.55104637145996,22.216777801513672,20.24473190307617,13.52584171295166,32.57793426513672,20.8038455418178,21.095391773042223,21.50331694285075,20.41134105258518,0.01956261794876053,0.03723490879214745,0.04502185878290694,0.06953524206056218,0.4642066955566406,297421783.0,470258617.52380955,578614753.4333333,757007314.9888889,-0.3149676220592804,0.1854515275028057,0.06618754663651205,7.46678425337576,1
2023-04-07,20.469940185546875,20.77172470092773,20.267675399780277,20.61134529113769,171660856.0,-0.006801908965528458,20.61012840270996,21.17049598693848,20.678855895996094,18.42119407653809,13.092267990112305,32.91388320922852,20.703766141619003,21.040193557739258,21.46604280471802,20.342208035786946,0.014613176914920797,0.03047459072268825,0.04482854010005848,0.0695327320943243,0.5040493011474538,271535482.4285714,448741597.04761904,573977687.8166667,755706264.5888889,-0.2286889091109039,0.21020003086056227,0.06713691131986321,7.740394090873176,1
2023-04-08,20.036449432373047,20.71323585510254,19.947696685791016,20.4666748046875,194413927.0,-0.021176942836398815,20.469940185546875,20.97564125061035,20.446645736694336,17.308147430419922,14.31993293762207,31.970834732055664,20.569595881870814,20.984981536865234,21.40229434967041,20.275905895233155,0.015873900986024172,0.03050924657037653,0.04438559772571077,0.0695178256271267,0.7655391693115234,269425139.5714286,420391220.2380952,566793943.2666667,753226942.1944444,0.1325466476760433,0.20177869883206578,0.03099419602527198,7.966152270327953,1
2023-04-09,20.29946517944336,20.42070579528809,19.964378356933597,20.03837013244629,152580905.0,0.013126864016403728,20.036449432373047,20.536975860595703,20.97551918029785,18.24364280700684,16.30246353149414,30.77686882019043,20.53566578456334,20.908603577386764,21.354074255625406,20.217698097229004,0.015906197075519726,0.029635073287441485,0.044293515441872974,0.06946843290096728,0.4563274383544922,258427898.7142857,405030021.5714286,560434475.95,750001992.0444444,-0.2151750270442302,0.24938892765283005,0.018925625161729798,7.905888563179911,1
2023-04-10,20.88235664367676,20.936527252197266,20.115707397460938,20.300235748291016,224169192.0,0.028714621744009294,20.29946517944336,20.443050384521484,19.921674728393555,18.22584342956543,16.19672393798828,31.16548538208008,20.59842382158552,20.84697941371373,21.361244742075602,20.160569604237875,0.019436612546984706,0.030269585736489843,0.041705769565219784,0.06949484903759019,0.8208198547363281,227985425.2857143,361073767.0,550880024.9833333,748524448.1333333,0.4691824773224409,0.17605718258125913,0.0034169473096861136,7.256425409118014,1
2023-04-11,23.01882743835449,23.635955810546875,20.86019325256348,20.883928298950195,1083533914.0,0.10230985090107914,20.88235664367676,20.924619674682617,20.4706974029541,20.310531616210938,16.35941505432129,30.54451942443848,20.89759635925293,20.86605371747698,21.409390036265055,20.118760204315187,0.04240387509115742,0.03772949609253696,0.04363321009235607,0.06989226150595909,2.775762557983395,339114531.5714286,377190545.95238096,558035758.05,747308237.3444444,3.8335540862367923,0.0796679287682518,-0.12094217215982606,6.534587204121145,1
2023-04-12,23.98530578613281,24.34465217590332,22.423229217529297,23.018800735473636,1204250258.0,0.04198642829946908,23.01882743835449,20.966007232666016,21.111467361450195,20.433712005615234,16.619043350219727,30.007417678833008,21.3289247240339,20.985330854143417,21.461976877848308,20.085304027133517,0.04313209308315623,0.03675524954596828,0.04373160576273885,0.06994491930753284,1.9214229583740234,464738039.5714286,393979565.7619048,573653941.2333333,749352497.6055555,0.11140984369779505,-0.05305208470507994,-0.12814141921151523,6.195087349648611,0
2023-04-13,24.432308197021484,25.242456436157227,23.704795837402344,23.81088256835937,792335438.0,0.018636510823518915,23.98530578613281,20.61012840270996,20.55104637145996,20.92803382873535,18.28844451904297,29.575347900390625,21.874950408935547,21.09083230154855,21.511015701293946,20.056731584337022,0.040007971115806486,0.036307244788717725,0.04362034187589246,0.06994682858478136,1.5376605987548828,546134927.1428572,405246445.95238096,577977135.4166666,750710886.1944444,-0.3420508463781454,-0.09212669656411465,-0.1458538876336638,5.28820929608388,0
2023-04-14,24.77272224426269,25.46139335632324,23.81744766235352,24.43577766418457,859037933.0,0.013932946674383606,24.432308197021484,20.469940185546875,21.17049598693848,19.29098129272461,24.24945831298828,30.168840408325195,22.489633560180664,21.285778318132675,21.57739273707072,20.02675315009223,0.03795367585352516,0.03207773875210098,0.04338896709343979,0.06993921949498018,1.6439456939697195,644331652.4285715,420094671.4285714,580739556.7,752103376.2722223,0.08418466699958449,-0.14106592364468196,-0.15417459800134603,4.624803309444435,0
2023-04-15,24.07937812805176,24.77461051940918,23.87202835083008,24.77461051940918,379745930.0,-0.02798820853737649,24.77272224426269,20.036449432373047,20.97564125061035,19.73054313659668,22.873306274414062,31.224876403808597,23.06719480242048,21.45876557486398,21.614966487884523,19.98705593744914,0.03948743950825527,0.03280934621575584,0.0431544178318019,0.06992799777808376,0.902582168579098,670807652.8571428,425180205.6666667,572637511.8166667,750552850.8833333,-0.5579404407977406,-0.09398457558297812,-0.12758590835349193,5.2827595389895325,0
2023-04-16,25.361927032470703,25.45414352416992,23.94781494140625,24.07978630065918,466841333.0,0.05326337323158725,24.07937812805176,20.29946517944336,20.536975860595703,21.62910270690918,23.577564239501957,30.164331436157227,23.790403638567245,21.66764213925316,21.639600245157876,19.96037591298421,0.04000625165632747,0.03406276466455455,0.041983458301171166,0.0699858422002228,1.5063285827636683,715701999.7142857,436617223.04761904,567957929.05,749173675.1055555,0.2293517747510816,-0.1530557299062627,-0.1846273966203087,4.461281433326761,0
2023-04-17,24.55884552001953,25.93833541870117,24.40689849853516,25.36248016357422,789077237.0,-0.03166484594892938,25.361927032470703,20.88235664367676,20.443050384521484,21.19590187072754,22.884063720703125,28.900798797607425,24.315616335187638,21.888459795997257,21.677481810251873,19.936253950330947,0.04698027069680213,0.03264192591698727,0.041245147091596955,0.06995450365292946,1.5314369201660085,796403149.0,457068183.04761904,566357777.45,749683715.5666667,0.6902471594133675,-0.12898717511805768,-0.14212582134013385,4.549093392093202,0
2023-04-18,24.852689743041992,25.42329216003418,24.102088928222656,24.564685821533203,487693856.0,0.01196490375669046,24.55884552001953,23.01882743835449,20.924619674682617,21.90340232849121,20.85063362121582,28.08509635925293,24.57759666442871,22.097126097906205,21.7055806795756,19.918296135796442,0.0320238710574575,0.0324111916816109,0.040977867755720675,0.06992276819086303,1.3212032318115234,711283140.7142857,463736628.28571427,564805951.4666667,747927172.4222223,-0.3819440821101775,-0.11771104255290898,-0.1812276270538521,4.3059118261773035,0
2023-04-19,22.71283531188965,24.93950843811035,22.266664505004883,24.85041046142578,836873906.0,-0.08610152274368765,24.852689743041992,23.98530578613281,20.966007232666016,22.176464080810547,21.42676544189453,28.10867691040039,24.39581516810826,22.173381714593795,21.692818069458006,19.888319238026938,0.045446884090522256,0.03813133585476763,0.042493291315386296,0.0702295185907452,2.6728439331054688,658800804.7142857,485553163.47619045,572572315.35,747203092.6,0.7159820565793635,-0.06295219870697732,-0.10403653254554257,5.25559933446797,0
2023-04-20,22.181440353393555,23.12053680419922,21.664962768554688,22.704620361328125,658826580.0,-0.023396240548528957,22.71283531188965,24.432308197021484,20.61012840270996,22.61826705932617,25.54827117919922,28.01386260986328,24.074262619018555,22.251019523257302,21.648496214548747,19.855916892157662,0.04427989787871961,0.03801046589617486,0.04191592244966486,0.07025295055927955,1.4555740356445312,639728110.7142857,494428273.61904764,566988163.8333334,748228604.8055556,-0.2127528708010643,0.0071534687371206385,-0.08547660369184717,5.432427017481374,1
2023-04-21,21.278135299682617,22.376489639282227,21.133298873901367,22.183801651000977,489546774.0,-0.040723462467699534,22.181440353393555,24.77272224426269,20.469940185546875,21.48048591613769,24.627838134765625,29.27007102966309,23.575035912649973,22.256145204816544,21.566775353749595,19.811517249213324,0.04358226143502646,0.038742462914204974,0.041591532934299076,0.07024598444584863,1.2431907653808594,586943659.4285715,500936931.4285714,550821515.4666667,747430769.9,-0.2569413729482499,0.09813603975879603,-0.07842310116350393,6.102763379031543,1
2023-04-22,21.81628799438477,21.948162078857425,21.108491897583008,21.27747344970703,246809009.0,0.025291346592301256,21.278135299682617,24.07937812805176,20.036449432373047,22.216777801513672,24.232789993286133,28.3100643157959,23.251737322126115,22.296176002139138,21.514570840199788,19.775440714094373,0.04663541283631935,0.03902069572938459,0.041328304126556276,0.0702242086106253,0.8396701812744176,567952670.7142857,502728487.71428573,539504211.5333333,745092901.55,-0.495841823277953,0.0626462556712184,-0.10424515855806504,5.811851493851469,1
2023-04-23,21.480138778686523,22.217382431030277,21.06771850585937,21.81642723083496,314447869.0,-0.01540817648652082,21.81628799438477,25.361927032470703,20.29946517944336,20.678855895996094,24.357807159423828,30.93997573852539,22.69719614301409,22.341088522048224,21.46955067316691,19.722886064317493,0.03647661827367777,0.03887310120722709,0.04119084353075484,0.06989668690946069,1.1496639251709055,546182175.8571428,506770691.4285714,529869198.56666666,739416267.2888889,0.27405344834879997,0.06293606010204966,-0.06689697959798357,6.310530956077188,1
2023-04-24,21.391069412231445,21.950172424316406,21.078792572021484,21.47945976257324,358681450.0,-0.004146591759614515,21.480138778686523,24.55884552001953,20.88235664367676,20.446645736694336,22.795673370361328,31.28472137451172,22.244656699044363,22.386232285272506,21.427721818288166,19.66792133119371,0.03685080446373141,0.03886913384929466,0.04116999949298974,0.06989299479808413,0.8713798522949219,484697063.4285714,503028545.9047619,526193668.0833333,734459082.2166667,0.14067063370685462,0.027841707072824518,-0.10132294184946145,6.232051199630212,1
2023-04-25,21.92725372314453,21.93714141845703,20.78375625610352,21.38992118835449,367752382.0,0.025065802021403183,21.391069412231445,24.852689743041992,23.01882743835449,20.97551918029785,24.57144546508789,30.630624771118164,21.826737267630442,22.433976763770694,21.408958784739177,19.61956926981608,0.03895412611918444,0.03891065681484304,0.0410530103448573,0.0698985695869751,1.153385162353512,467562567.14285713,505986746.47619045,522116583.98333335,729413290.6111112,0.02528966022636525,0.01540205125243177,-0.12161083544504614,5.737968628927343,1
2023-04-26,21.28301239013672,22.92137718200684,20.57401466369629,21.92747688293457,690088236.0,-0.029380849108696427,21.92725372314453,22.71283531188965,23.98530578613281,19.921674728393555,24.350696563720703,32.111263275146484,21.622476850237167,22.449072247459775,21.388285668691,19.559412320454914,0.02591650511688206,0.03954624665007718,0.041122020535667596,0.06984261011113886,2.3473625183105504,446593185.71428573,523377343.3333333,524496620.8333333,727339314.3888888,0.8765024233072132,0.043931277774969635,-0.0900274662344911,5.807876521674917,1
2023-04-27,22.34011459350586,22.48358154296875,21.226152420043945,21.284690856933597,509745191.0,0.04966882431826414,21.28301239013672,22.181440353393555,24.432308197021484,20.4706974029541,24.40785789489746,32.85712814331055,21.645144598824636,22.53145254225958,21.373019440968832,19.500984467400446,0.032903460703907934,0.04065201381820246,0.0414111482743145,0.0699189555779537,1.2574291229248047,425295844.4285714,537052960.7619047,526819514.1666667,723693832.3222222,-0.2613333130344798,-0.027294667801166184,-0.0857149028734222,5.226661865022223,0
2023-04-28,23.366287231445312,23.46005249023437,22.21075439453125,22.339731216430664,511781472.0,0.0459340812082385,22.34011459350586,21.278135299682617,24.77272224426269,21.111467361450195,23.981801986694336,32.9659309387207,21.94345201764788,22.669373830159504,21.384247748057046,19.447653113471137,0.030599288659318057,0.041530060318378845,0.041700143802179804,0.07000098117446356,1.2492980957031214,428472229.85714287,553249180.5714285,527416088.31666666,722474177.7388889,0.003994703698930957,-0.02311776733081572,-0.10988947211351152,5.0467102844384595,0
2023-04-29,23.18299674987793,23.750762939453125,22.98707771301269,23.366914749145508,369964075.0,-0.00784422787205652,23.366287231445312,21.81628799438477,24.07937812805176,20.55104637145996,26.132387161254883,32.61103820800781,22.138696125575475,22.819209416707356,21.40535790125529,19.395275105370416,0.03109524695160194,0.04117594621773925,0.041457479371381036,0.06999866042425372,0.7636852264404332,446065810.71428573,561608711.4285715,527731058.51666665,718005061.8611112,-0.2771053755537285,-0.052138838018664146,-0.11199962943969954,4.946444986481213,0
2023-04-30,22.832014083862305,23.929723739624023,22.832014083862305,23.18365859985352,368042267.0,-0.01513965902693204,23.18299674987793,21.480138778686523,25.361927032470703,21.17049598693848,23.94632148742676,32.2484245300293,22.331821169172013,22.93980698358445,21.4107842763265,19.342961714002822,0.031060081195755773,0.04145327023719545,0.04138063580011095,0.07000308046719006,1.0977096557617188,453722153.28571427,571868776.2857143,528089562.6666667,715998114.4944445,-0.005194580041318897,-0.04326317142794833,-0.06911043610273249,5.0343628292465405,0
2023-05-01,21.98663330078125,22.87849235534668,21.64071083068848,22.82850456237793,438350469.0,-0.03702611517214205,22.832014083862305,21.391069412231445,24.55884552001953,20.97564125061035,23.952547073364254,30.78807640075684,22.41690172467913,22.99239158630371,21.410813522338866,19.294064807891846,0.0355677224578493,0.0421622786253074,0.0415564983626889,0.06997551801429178,1.2377815246581996,465103441.71428573,582067884.7142857,530019646.4,711950062.9444444,0.19103295546215082,-0.06045355870848823,-0.052856221320326746,4.774540639426586,0
2023-05-02,22.26497840881348,22.373878479003903,21.77289581298828,21.986553192138672,296722866.0,0.012659742136252428,21.98663330078125,21.92725372314453,24.852689743041992,20.536975860595703,24.993358612060547,30.84387969970703,22.46514810834612,22.956494013468426,21.42524061203003,19.24640424516466,0.03466802529557411,0.035675289661070225,0.04142552547890439,0.0699811682574331,0.6009826660156214,454956368.0,544600691.9523809,526811218.78333336,708975145.9277778,-0.32309216714902156,-0.07102334129254884,-0.07917187836372386,5.046625017636459,0
2023-05-03,22.218002319335938,22.26718521118164,21.282699584960938,22.265134811401367,445797367.0,-0.0021098645871108213,22.26497840881348,21.28301239013672,22.71283531188965,20.443050384521484,24.26505851745605,33.780853271484375,22.598718098231725,22.872336705525715,21.44609333674113,19.18216618431939,0.03188301987804123,0.03429124016562696,0.04133052742430818,0.06962217806660725,0.9844856262207031,420057672.4285714,508483887.61904764,530085093.56666666,703871778.1222222,0.5024031447579775,-0.05690393515736425,-0.04322653509871377,5.202829654160248,0
2023-05-04,21.730348587036133,22.441139221191406,21.65181541442871,22.218751907348636,291826693.0,-0.02194858589403459,22.218002319335938,22.34011459350586,22.181440353393555,20.924619674682617,24.680896759033203,36.76576232910156,22.51160866873605,22.74367196219308,21.45862274169922,19.09863610797458,0.026849478967858952,0.034149972528808435,0.04144398880736982,0.0693266942408991,0.7893238067626953,388926458.4285714,484650137.85714287,530303380.75,691767504.7277777,-0.3453826455641673,-0.06881933502625015,-0.026450718123234185,5.6162101318524655,0
2023-05-05,22.82611083984375,23.02972221374512,21.706457138061523,21.73081588745117,423211212.0,0.05042543373930619,21.730348587036133,23.366287231445312,21.278135299682617,20.966007232666016,24.317745208740234,32.6835823059082,22.43444061279297,22.650976181030273,21.495141061147056,19.043872377607556,0.028248776024120244,0.03603807612513455,0.04185287472319449,0.06893081858559715,1.3232650756835973,376273564.14285713,463896484.47619045,532056520.23333335,684951974.7222222,0.45021419270923246,-0.0838651924017938,-0.04412207573606286,5.402100496546635,0
2023-05-06,21.974262237548828,23.222301483154297,21.72997093200684,22.82809257507324,351934449.0,-0.03731904257680163,22.82611083984375,23.18299674987793,21.81628799438477,20.61012840270996,23.493438720703125,29.60134506225586,22.26176425388881,22.5507325671968,21.523966566721597,19.001499695248075,0.03114033239797691,0.03641367741519657,0.042079622664799185,0.06862320553923776,1.4923305511474574,373697903.28571427,462572128.2380952,531340406.4,672767760.7333333,-0.1684188910382648,-0.050308909713369876,-0.08642849194529356,5.631077138285552,0
2023-05-07,21.84422874450684,22.738605499267575,21.808727264404297,21.971925735473636,303626005.0,-0.0059175362356326255,21.974262237548828,22.832014083862305,21.480138778686523,20.469940185546875,22.706388473510746,24.152936935424805,22.120652062552317,22.383223124912806,21.581017144521077,18.988673538631865,0.030943313100156584,0.033993456201815486,0.04031624167661093,0.06721233312044979,0.9298782348632777,364495580.14285713,454799969.7619048,526058447.8,640453992.8111111,-0.13726545990955263,-0.040781068723992675,-0.06618432195749702,5.995092409479817,0
2023-05-08,20.65746307373047,21.80777931213379,20.260629653930664,21.80777931213379,553548056.0,-0.054328568184161985,21.84422874450684,21.98663330078125,21.391069412231445,20.036449432373047,23.86135673522949,13.94085693359375,21.93077060154506,22.19744300842285,21.636839071909588,19.02598801718818,0.034348633226810664,0.03517073615227436,0.040159511290089794,0.05936074000376724,1.547149658203125,380952378.28571427,443584294.47619045,522714872.73333335,617708103.4777777,0.8231246562691492,0.016929751829562134,-0.09793942270226752,6.170983319268064,1
2023-05-09,20.68364524841309,20.96478843688965,20.459636688232425,20.658002853393555,272780907.0,0.001267443857417172,20.65746307373047,22.26497840881348,21.92725372314453,20.29946517944336,23.192670822143555,17.681407928466797,21.704865864345006,21.99891708010719,21.677505779266358,19.0426671134101,0.03344455397780566,0.03494984028225407,0.039613130342951657,0.055953090906712626,0.505151748657223,377532098.4285714,433350344.52380955,511527353.71666664,596532544.8222222,-0.5072136844429638,-0.00020425689818903692,-0.0857764625416364,5.879577417836854,0
2023-05-10,20.953710556030277,21.29500961303711,20.16568756103516,20.68277931213379,490700208.0,0.013056949313028365,20.68364524841309,22.218002319335938,21.28301239013672,20.88235664367676,20.45212745666504,16.326745986938477,21.52425275530134,21.915149234590075,21.722970231374106,19.06837247212728,0.034514334832420814,0.03027256476071505,0.03963153225610286,0.055644401900118386,1.1293220520019496,383946790.0,416865882.71428573,508090775.9166667,587081384.9888889,0.7988803299931839,0.0054734397988525085,-0.17056696662112003,6.294648108249764,1
2023-05-11,20.23488044738769,20.95549964904785,19.855695724487305,20.95549964904785,376535594.0,-0.03430562366128098,20.953710556030277,21.730348587036133,22.34011459350586,23.01882743835449,20.130109786987305,14.53900146484375,21.310614449637278,21.822455905732653,21.721709378560384,19.100016244252522,0.0356543802918286,0.030723189912216384,0.03712410249741473,0.055075582806198724,1.0998039245605469,396048061.5714286,403423454.8095238,503250687.8333333,584357006.8722222,-0.23265654291306104,0.0056247086763432375,-0.2262815059612654,6.225983077424108,1
2023-05-12,20.911794662475582,20.929597854614254,19.86431312561035,20.232479095458984,362726295.0,0.03345283985482017,20.23488044738769,22.82611083984375,23.366287231445312,23.98530578613281,20.83009529113769,13.164528846740724,21.037140710013254,21.8050111134847,21.72967742284139,19.143056609895496,0.031190634251982367,0.030543306351289778,0.037359890396229695,0.05463018841150467,1.0652847290039027,387407359.14285713,397384384.38095236,489943386.68333334,581478862.3388889,-0.036674617805189436,-0.026871150457555615,-0.2559808398600375,5.948919457965453,0
2023-05-13,20.86876106262207,21.24797821044922,20.82196807861328,20.915910720825195,224618367.0,-0.002057862586549386,20.911794662475582,21.974262237548828,23.18299674987793,24.432308197021484,21.489978790283203,14.00135612487793,20.879211970738,21.759890783400763,21.72868954340617,19.181208859549628,0.02920686843038293,0.029971538052316823,0.037238042686405425,0.054448994637509844,0.4260101318359375,369219347.4285714,396327687.14285713,474849955.28333336,575141111.8833333,-0.3807496999907327,-0.02795158245760243,-0.2717963620397357,5.877303954825599,0
2023-05-14,20.95339775085449,21.24398803710937,20.666637420654297,20.86826705932617,184522451.0,0.004055664252345714,20.86876106262207,21.84422874450684,22.832014083862305,24.77272224426269,20.79010009765625,14.301294326782228,20.751950400216238,21.73480787731352,21.756396484375,19.218164989683363,0.029508801014662547,0.029826567194498506,0.03577099644558151,0.054432652721065504,0.5773506164550746,352204554.0,390140762.47619045,464315083.23333335,571535910.8055556,-0.17850684490106727,-0.06414042363581818,-0.2832573779437927,6.029042980297417,0
2023-05-15,21.00718879699707,21.485639572143555,20.647809982299805,20.95322799682617,307353987.0,0.0025671753470335457,20.95339775085449,20.65746307373047,21.98663330078125,24.07937812805176,21.824953079223636,14.285508155822754,20.801911217825754,21.716527848016646,21.77767391204834,19.25550765991211,0.020202550105672887,0.029824421756365384,0.035666988739801654,0.0544315980912812,0.83782958984375,317033972.71428573,387696597.5714286,462126431.4,570535121.8833333,0.665672579864008,-0.06974484867507791,-0.31039929208920036,5.76103770382239,0
2023-05-16,20.679420471191406,21.12025260925293,20.475379943847656,21.008012771606445,279283146.0,-0.015602674349864398,21.00718879699707,20.68364524841309,22.26497840881348,25.361927032470703,23.883901596069336,13.638734817504885,20.801307678222656,21.657107216971262,21.761845874786378,19.29462258021037,0.02135796066772106,0.029402880079760572,0.03349795601299525,0.05432776616245206,0.6448726654052734,317962864.0,383483776.8095238,456389179.06666666,568346585.0277778,-0.09133065516407313,-0.030766727676478034,-0.2862724142803542,6.649480740219584,0
2023-05-17,21.06839942932129,21.17076873779297,20.50047874450684,20.679012298583984,279742763.0,0.018809954499052317,20.679420471191406,20.953710556030277,22.218002319335938,24.55884552001953,22.285951614379883,13.247496604919434,20.817691802978516,21.646887552170526,21.759720834096274,19.338072040345935,0.02203656004388794,0.02906850993675607,0.033483482075970857,0.05428488823347958,0.6702899932861293,287826086.14285713,363943516.1904762,447888694.45,567916305.6777778,0.0016457026017602239,-0.08755938510809747,-0.27340212561953936,6.552375091991071,0
2023-05-18,20.348695755004883,21.068193435668945,20.168506622314453,21.068193435668945,293327002.0,-0.03416033936183971,21.06839942932129,20.23488044738769,21.730348587036133,24.852689743041992,23.166757583618164,12.851014137268066,20.833951132638113,21.55205808367048,21.7338090578715,19.379725827111137,0.02199781277240535,0.02761456305008053,0.03349300167408437,0.05430056407832528,0.8996868133544922,275939144.4285714,353637888.14285713,444858043.2,567799820.9388889,0.048559751302663656,-0.053469455204756766,-0.23088332211502993,7.331273421000757,0
2023-05-19,20.34987068176269,20.5580997467041,20.312673568725582,20.34809875488281,149073606.0,5.7739659187650005e-05,20.348695755004883,20.911794662475582,22.82611083984375,22.71283531188965,23.478591918945312,12.252833366394045,20.75367627825056,21.40841920035226,21.703365834554038,19.424709367752076,0.016794952432884844,0.025166868440765794,0.03344876112313567,0.05416940779233539,0.24542617797851918,245417331.7142857,336366085.0,428221761.0,565803498.0166667,-0.4917835556100628,-0.048300747769770225,-0.24135953862677328,7.478635638140581,0
2023-05-20,20.285446166992188,20.36148834228516,20.14699935913086,20.35030937194824,121021517.0,-0.003165843939649249,20.34987068176269,20.86876106262207,21.974262237548828,22.181440353393555,24.84075164794922,11.846208572387695,20.670345578874862,21.270440601167223,21.66448548634847,19.471594021055434,0.01678143649105963,0.02517282619215533,0.03333799356678713,0.05409981169731129,0.21448898315430043,230617781.7142857,324511677.47619045,417820760.35,563673069.0611111,-0.18817609470049312,0.006891032753208792,-0.20765647530853515,7.384895898759391,1
2023-05-21,19.609437942504883,20.383838653564453,19.50821685791016,20.285701751708984,210641913.0,-0.03332478955219054,20.285446166992188,20.95339775085449,21.84422874450684,21.278135299682617,26.18138694763184,12.435625076293944,20.4783513205392,21.11698459443592,21.63330135345459,19.51144853697883,0.01954112734266565,0.025806515245670784,0.03298489064419903,0.05406484557413331,0.8756217956542933,234349133.42857143,317016422.52380955,407136778.2,561902089.2555555,0.7405327434459443,0.060641224052968346,-0.15167221687632704,8.511771479661546,1
2023-05-22,19.54204559326172,19.98162841796875,19.383373260498047,19.61201858520508,216922971.0,-0.0034367302847108094,19.609437942504883,21.00718879699707,20.65746307373047,21.81628799438477,24.948558807373047,14.35151195526123,20.26904514857701,21.00057565598261,21.588722483317056,19.540284834967718,0.01906136967126983,0.024869916007308975,0.03265930019997497,0.05288272456745996,0.5982551574707031,221430416.85714287,306472255.95238096,401489978.48333335,558329965.0444444,0.029818652473024176,0.05344702049453143,-0.11692736241491519,8.114508972579609,1
2023-05-23,20.043182373046875,20.15293502807617,19.45125961303711,19.54226303100586,258761187.0,0.02564402878877492,19.54204559326172,20.679420471191406,20.68364524841309,21.480138778686523,24.18134880065918,14.582350730895996,20.17815399169922,20.894775844755628,21.578127924601237,19.570622788535225,0.02304262479190722,0.025492388244063968,0.03161011930771738,0.052900699585760366,0.701675415039059,218498708.42857143,304664556.95238096,396682244.96666664,556322197.35,0.19287130268928498,0.06041462068440495,-0.16966179437402462,7.823986905713525,1
2023-05-24,19.223663330078125,20.062013626098636,18.914325714111328,20.04434967041016,297840141.0,-0.040887670815728416,20.043182373046875,21.06839942932129,20.953710556030277,21.391069412231445,23.90080070495605,14.063138008117676,19.91462026323591,20.752188273838588,21.557744884490965,19.599292373657228,0.02411840831545898,0.026673768877342366,0.03201746911286461,0.05292374386350361,1.1476879119873082,221084048.14285713,297618974.7619048,397097085.46666664,556178709.5611111,0.15102324445590054,0.0832744304444526,-0.10789458122526474,8.154643201290321,1
2023-05-25,19.260662078857425,19.525495529174805,18.892263412475582,19.22257232666016,194537149.0,0.0019246461064166276,19.223663330078125,20.348695755004883,20.23488044738769,21.92725372314453,23.053035736083984,14.159193992614746,19.75918688092913,20.634584154401505,21.529163932800294,19.627633863025242,0.022588174163631652,0.026491867048217894,0.031831635149178854,0.0529230540853031,0.6332321166992223,206971212.0,292986139.3333333,396561638.48333335,555407961.4,-0.34684039449202386,0.06446072115897827,-0.13539511359227374,7.711897861525703,1
2023-05-26,19.36695671081543,19.54116439819336,19.12045288085937,19.26094055175781,140228468.0,0.005518742373590735,19.260662078857425,20.34987068176269,20.911794662475582,21.28301239013672,22.523399353027344,14.115766525268556,19.618770599365234,20.46986252920968,21.519918632507324,19.656807141833834,0.02298744576457936,0.023392044504934383,0.031174583784341483,0.052921395602191924,0.4207115173339879,205707620.85714287,279510770.5714286,392905328.3333333,554936811.7277777,-0.27916868978068554,0.09762186076373092,-0.12369400690160981,7.697165994853387,1
2023-05-27,20.425233840942383,20.499244689941406,19.350170135498047,19.36615753173828,179682882.0,0.05464343964459628,19.36695671081543,20.285446166992188,20.86876106262207,22.34011459350586,23.256088256835938,13.404518127441406,19.638740267072404,20.396099272228422,21.519160906473797,19.69581111801995,0.03280578411395511,0.025999397863554326,0.031770718161561594,0.052907612372248884,1.1490745544433594,214087815.85714287,271308315.0,390105767.93333334,553449141.5666667,0.2813580905697408,0.03575633094757946,-0.20343496249079607,6.9975048336843715,1
2023-05-28,20.7985782623291,21.150989532470703,20.336889266967773,20.42608070373535,291460886.0,0.018278587373543376,20.425233840942383,19.609437942504883,20.95339775085449,23.366287231445312,22.692588806152344,13.369733810424805,19.808617455618723,20.34630639212472,21.513946088155112,19.737082476086087,0.02930251465778037,0.02640370249251921,0.031600444426115065,0.052916694075522096,0.8141002655029297,225633383.42857143,270729023.61904764,388651338.25,553594074.6388888,0.6220848795156793,0.049060910481918185,-0.200923751736104,7.173450001352659,1
2023-05-29,20.586509704589844,20.970685958862305,20.29768180847168,20.800046920776367,228295637.0,-0.010196300682886683,20.7985782623291,19.54204559326172,21.00718879699707,23.18299674987793,21.9163875579834,14.115445137023926,19.957826614379883,20.34292766026088,21.514537143707276,19.773032834794787,0.02987915357106472,0.023642371870242332,0.03143562176189217,0.052782839088352275,0.673004150390625,227258050.0,255240813.19047618,384582111.0833333,553020192.6055555,-0.21671947089325738,-0.024843930378773416,-0.22343110422615597,7.1922992682470355,0
2023-05-30,21.25408363342285,21.38171768188477,20.519500732421875,20.58713722229004,367512387.0,0.03242773731013604,20.586509704589844,20.043182373046875,20.679420471191406,22.832014083862305,22.506431579589844,13.480968475341797,20.13081250871931,20.370091392880393,21.515930271148683,19.816216807895238,0.03065260744212262,0.024674482160978405,0.03147350023139697,0.05270179665206942,0.8622169494628942,242793935.7142857,259751836.04761904,384826234.8666667,553771927.7277777,0.6098090696319352,-0.04025581021569902,-0.15449391340649743,6.907782829460784,0
2023-05-31,20.82450294494629,21.318878173828125,20.468751907348636,21.255285263061523,246152341.0,-0.020211677712655196,21.25408363342285,19.223663330078125,21.06839942932129,21.98663330078125,21.984878540039062,13.7156400680542,20.359503882271902,20.36393864949544,21.513411299387613,19.855710490544638,0.025653430356109706,0.024967411339432817,0.031563274086685994,0.05272228950973752,0.8501262664794886,235409964.2857143,248106699.52380952,385442335.1,553778052.2,-0.3302202872416379,-0.10517513358857455,-0.09254392524956634,7.018272149105192,0
2023-06-01,20.50221824645996,20.97260856628418,20.46446990966797,20.824892044067383,209047110.0,-0.015476225259174359,20.82450294494629,19.260662078857425,20.348695755004883,22.26497840881348,21.39935302734375,13.302457809448242,20.536869049072266,20.376669020879838,21.512832005818684,19.895709159639146,0.027540082848831294,0.02399284423687837,0.031508905093211755,0.05268117925369797,0.5081386566162109,237482815.85714287,240131057.42857143,385100427.0833333,554043235.6222222,-0.1507409226711356,-0.07768637036126003,-0.08868872061175148,7.079014113503991,0
2023-06-02,21.25759506225586,21.35614013671875,20.38359260559082,20.502729415893555,237609887.0,0.03684366280347873,20.50221824645996,19.36695671081543,20.34987068176269,22.218002319335938,20.96683883666992,13.718218803405762,20.806960242135183,20.39313570658366,21.526407750447593,19.937594583299425,0.029314243561696308,0.024233093355109595,0.03184867354949117,0.052699146427591534,0.9725475311279297,251394447.14285713,234173133.23809522,381772816.76666665,554575498.9777777,0.1366332067446423,-0.1824239921716284,-0.08486382627992095,6.810416450203865,0
2023-06-03,21.15556526184082,21.335468292236328,21.017078399658203,21.258623123168945,144933830.0,-0.004799686893848132,21.25759506225586,20.425233840942383,20.285446166992188,21.730348587036133,20.97858428955078,13.8311128616333,20.911293302263534,20.4067930494036,21.530256843566896,19.9782859855228,0.023537165487007048,0.02425810263835348,0.03172063792547847,0.052701901473432414,0.318389892578125,246430296.85714287,230378631.47619048,379094544.43333334,553517127.2166667,-0.3900345148516484,-0.2599535378500991,-0.09052122194354306,6.716641291628654,0
2023-06-04,21.8189754486084,22.284591674804688,21.061323165893555,21.15740966796875,317802167.0,0.031358660407160066,21.15556526184082,20.7985782623291,19.609437942504883,22.82611083984375,20.635011672973636,14.288854598999023,21.057064328874862,20.44801103501093,21.54447298049927,20.02011999024285,0.02520261875874537,0.02514935401024856,0.03196691878361759,0.05269664459400382,1.2232685089111328,250193337.0,236725284.6190476,378976485.51666665,553727251.3111111,1.1927397281918237,-0.2869153760935753,-0.12263393961952818,6.558717058118383,0
2023-06-05,20.07505989074707,22.04202461242676,19.423831939697266,21.821796417236328,594214946.0,-0.07992655576192753,21.8189754486084,20.586509704589844,19.54204559326172,21.974262237548828,20.24473190307617,13.5196533203125,20.984000069754465,20.40362394423712,21.535555171966553,20.056538915634157,0.04162487292311884,0.030882997121667196,0.033565479280475874,0.052891233071851514,2.6181926727294957,302467524.0,250385330.2857143,385170780.8666667,555788807.6111112,0.8697636696731523,-0.2430056095359736,-0.05390744973474393,7.557978237383294,0
2023-06-06,20.398483276367188,20.683780670166016,19.320531845092773,20.0625057220459,441408235.0,0.016110705889808452,20.07505989074707,21.25408363342285,20.043182373046875,21.84422874450684,18.42119407653809,13.68922233581543,20.861771447317942,20.390245982578822,21.534364223480225,20.09381258752611,0.03973560182957535,0.03094444886609083,0.033615750267687206,0.05289530260329642,1.3632488250732422,313024073.71428573,258105572.6190476,389666570.51666665,557152637.1777778,-0.2571572997761655,-0.26375931771684613,-0.03280135544027518,7.504696540709961,0
2023-06-07,18.6342830657959,20.4865837097168,18.5499210357666,20.399314880371094,390444801.0,-0.08648683270560686,20.398483276367188,20.82450294494629,19.223663330078125,20.65746307373047,17.308147430419922,13.580187797546388,20.5488828931536,20.274335679553804,21.510994784037273,20.12189089457194,0.05038829466973718,0.03585357219319965,0.035342501575958786,0.05331284450992101,1.9366626739501989,333637282.28571427,263377098.23809522,392933751.75,558144924.7333333,-0.11545646401454202,-0.22258494118210626,0.15296439584672283,8.123840154861991,0
2023-06-08,18.90947532653809,19.0777645111084,18.294736862182617,18.63564682006836,258460307.0,0.014768062703057305,18.6342830657959,20.50221824645996,19.260662078857425,20.68364524841309,18.24364280700684,13.576995849609377,20.321348190307617,20.205801373436337,21.487828286488853,20.151515780554877,0.05158560219971069,0.03546540363721255,0.0353539320216655,0.053319325237236814,0.7830276489257812,340696310.4285714,261716779.42857143,394698408.45,558973628.1555556,-0.33803624395039644,-0.21946682326658717,0.15599548961565568,7.593948100319839,0
2023-06-09,17.37969970703125,19.29947662353516,17.161293029785156,18.908403396606445,463344687.0,-0.08089995058508626,18.90947532653809,21.25759506225586,19.36695671081543,20.953710556030277,18.22584342956543,13.427809715270996,19.767363139561244,20.06436466035389,21.429450670878094,20.173470724953546,0.05283100398087915,0.039321358808198745,0.03662464036355003,0.05367658588555738,2.1381835937500036,372944139.0,276682069.0,398684666.7,560895343.0722222,0.7927111995576173,-0.11918764420594985,0.22838743507439885,8.089276871911753,0
2023-06-10,15.65610122680664,17.39295768737793,13.379448890686035,17.3813533782959,1230339924.0,-0.09917308752620724,17.37969970703125,21.15556526184082,20.425233840942383,20.23488044738769,20.310531616210938,13.318544387817385,18.981725420270646,19.843919663202193,21.306738567352294,20.18645715183682,0.05797534964390527,0.04416888739421828,0.03609507869071974,0.05420645636987817,4.0135087966918945,528002152.4285714,329506755.04761904,401131433.53333336,566590016.5111111,1.6553448405031568,-0.00035640727818875284,0.36137188355307415,9.352743672080452,0
2023-06-11,15.558775901794434,16.115692138671875,15.198493003845217,15.65445041656494,446176848.0,-0.006216447096392352,15.65610122680664,21.8189754486084,20.7985782623291,20.911794662475582,20.433712005615234,13.833986282348633,18.087411199297225,19.651030994596937,21.166296402613323,20.196039316389296,0.05158940861730082,0.04388825194483505,0.03554687758967168,0.054141258062518405,0.9171991348266584,546341392.5714285,340722704.3333333,388496876.7,567313499.6777778,-0.6373548160987743,-0.0077474358945283095,0.41996605608524296,9.214686894080312,0
2023-06-12,15.196707725524902,15.606237411499023,14.817190170288086,15.557231903076172,384209938.0,-0.02327099371794239,15.558775901794434,20.07505989074707,20.586509704589844,20.86876106262207,20.92803382873535,14.140525817871094,17.39050374712263,19.444110143752326,21.01236972808838,20.20190699365404,0.04978788570522087,0.043953110432309817,0.035455154549390855,0.054152845364124964,0.7890472412109375,516340677.14285713,348688750.38095236,381694785.03333336,566995333.7166667,-0.13888418970587202,0.05766605545072978,0.4462081130961386,8.83298411041473,1
2023-06-13,15.018193244934082,15.873085975646973,14.816584587097168,15.196287155151367,363876713.0,-0.011746918070351553,15.196707725524902,20.398483276367188,21.25408363342285,20.95339775085449,19.29098129272461,14.02151107788086,16.62189088548933,19.204824947175524,20.849794244766237,20.207444116804336,0.04569830620917209,0.04314636736672003,0.03534994117615221,0.05415692069323511,1.0565013885498047,505264745.4285714,353694251.61904764,373442098.03333336,567501987.1944444,-0.05292217350192541,0.10767192476217335,0.7329445277686919,9.332638819963554,1
2023-06-14,14.486572265625,15.305150032043455,14.195953369140623,15.018190383911133,296502336.0,-0.035398464425033804,15.018193244934082,18.6342830657959,20.82450294494629,21.00718879699707,19.73054313659668,12.266606330871582,16.0293607711792,18.979249182201567,20.689914147059124,20.2197772608863,0.04124608710418241,0.04298359944372536,0.0354349425641884,0.05338946177080844,1.109196662902832,491844393.28571427,353630546.61904764,372054704.8,567156178.8388889,-0.18515715513787223,0.19124423841785054,0.8455516793905995,9.16903239125672,1
2023-06-15,14.759472846984863,15.010393142700195,14.214147567749023,14.486286163330078,329864409.0,0.018838174852958467,14.486572265625,18.90947532653809,20.50221824645996,20.679420471191406,21.62910270690918,12.504404067993164,15.436503274100167,18.764906837826683,20.513206577301027,20.232305420769585,0.04207770523935448,0.043423072789266576,0.03470051487578634,0.05338849660950732,0.7962455749511719,502044979.28571427,360074701.85714287,369771756.06666666,567750975.25,0.11251875263471778,0.12758905817356192,0.8558491755430144,8.695091290116086,1
2023-06-16,15.30825424194336,15.399171829223633,14.46956729888916,14.760416030883787,232544705.0,0.03718163925282769,14.759472846984863,17.37969970703125,21.25759506225586,21.06839942932129,21.19590187072754,12.41312026977539,15.140582493373326,18.57163529168992,20.359030055999757,20.24838949839274,0.043768446744588206,0.04458384802928947,0.03505384766985937,0.0534468816622809,0.9296045303344727,469073553.28571427,364470713.14285713,360496213.8666667,568427767.8222222,-0.2950294161623238,0.12028020664012429,0.7888442641068316,8.498941805402337,1
2023-06-17,15.650521278381348,16.06578254699707,15.185426712036133,15.308581352233888,206436912.0,0.02235833237602014,15.30825424194336,15.65610122680664,21.15556526184082,20.348695755004883,21.90340232849121,11.932655334472656,15.139785357883998,18.34426802680606,20.205660581588745,20.269044309192232,0.026482811161734766,0.04275671568962534,0.03517577137726161,0.05337753517528524,0.8803558349609375,322801694.4285714,365744714.5714286,355808598.1333333,568429858.4722222,-0.112269995569239,0.06404523227167824,0.717052487693898,8.656260060091059,1
2023-06-18,15.43823528289795,15.81269073486328,15.361244201660156,15.64947509765625,141612316.0,-0.013564148548626087,15.650521278381348,15.558775901794434,21.8189754486084,20.34987068176269,22.176464080810547,12.28051471710205,15.122565269470215,18.0890135992141,20.084417247772215,20.28658720122443,0.02692374723848206,0.04220154000972734,0.03362533914286233,0.05335491127165787,0.4514465332031232,279292475.5714286,358609068.38095236,344220904.96666664,568231102.7722223,-0.3140164972047247,0.09930830323366524,0.6546259140088964,8.284369078813945,1
2023-06-19,16.073041915893555,16.07537078857422,15.414377212524414,15.438765525817873,163949883.0,0.04111911895129783,15.43823528289795,15.196707725524902,20.07505989074707,20.285446166992188,22.61826705932617,12.128985404968262,15.247755868094307,17.874086561657133,19.982610607147215,20.30849862628513,0.02889446784913398,0.04383886408315008,0.03408303528520323,0.053419945415978526,0.6609935760498047,247826753.42857143,355544984.85714287,335972960.01666665,568208741.6666666,0.15773745978421827,0.01225562938128033,0.6407816726975497,7.554945512010759,1
2023-06-20,16.635231018066406,16.66510581970215,15.759370803833008,16.07803726196289,265787114.0,0.03497714403500307,16.073041915893555,15.018193244934082,20.398483276367188,19.609437942504883,21.48048591613769,11.794829368591309,15.478761264256068,17.65414119902111,19.90522886912028,20.33538974655999,0.028861955349035497,0.04396780982836753,0.034130706583530075,0.05342404488720321,0.9057350158691406,233813953.57142857,350700924.2380952,332243632.35,568678669.2388889,0.6211485433021016,-0.0009366344816326144,0.5253871628907001,7.15195194671835,0
2023-06-21,17.25704574584961,17.379573822021484,16.58346939086914,16.635486602783203,357788986.0,0.03737938638230465,16.635231018066406,14.486572265625,18.6342830657959,19.54204559326172,22.216777801513672,11.786166191101074,15.874543190002441,17.484262284778413,19.82924149831136,20.36578352186415,0.019111972786393386,0.04512240765037197,0.03433863778549951,0.0534836217115282,0.7961044311523438,242569189.2857143,356016954.95238096,334093298.6333333,569793155.9722222,0.3461487301449837,-0.0736048716231884,0.48022251494363966,6.73440387140899,0
2023-06-22,16.642620086669922,17.698505401611328,16.6103458404541,17.25714874267578,299233520.0,-0.03560433623625636,17.25704574584961,14.759472846984863,18.90947532653809,20.043182373046875,20.678855895996094,11.444275856018066,16.143564224243164,17.300471896216983,19.74861618677775,20.394663212034438,0.030150362800970356,0.04550342490669326,0.03455754687770633,0.05350825588840192,1.0881595611572266,238193348.0,360311545.9047619,333839726.15,570329004.55,-0.16365921895650526,0.07978533328535153,0.47423020686661177,7.0869659892137165,1
2023-06-23,17.149534225463867,17.510692596435547,16.23674774169922,16.642969131469727,386994632.0,0.030458794117397714,16.642620086669922,15.30825424194336,17.37969970703125,19.223663330078125,20.446645736694336,11.387903213500977,16.40660422188895,17.10484995160784,19.677923933664957,20.42667227321201,0.02952671281024638,0.045203085519409936,0.03483667814594596,0.05354235474290366,1.2739448547363281,260257623.2857143,367425105.1904762,334311612.51666665,571893479.95,0.29328636711555567,0.10191457404078053,0.44416838731239494,6.794394911967631,1
2023-06-24,16.652862548828125,17.517597198486328,16.46331787109375,17.149274826049805,260480952.0,-0.028961234171495875,17.149534225463867,15.650521278381348,15.65610122680664,19.260662078857425,20.97551918029785,11.306611061096191,16.549795831952775,16.890435536702473,19.59001741409302,20.456373670366077,0.03393851882115683,0.04539341806235174,0.034795373603065775,0.053591562998645155,1.0542793273925781,267978200.42857143,372927349.0952381,332523755.35,572604983.0111111,-0.32691326839903045,0.12196342735041199,0.40405234468489826,6.721820990652048,1
2023-06-25,16.97138023376465,17.34068489074707,16.60713768005371,16.651472091674805,252839095.0,0.019126902897480313,16.652862548828125,15.43823528289795,15.558775901794434,19.36695671081543,19.921674728393555,11.085430145263672,16.768816539219447,16.659597669328964,19.518156878153484,20.48907339307997,0.03246917161161535,0.04490777069740643,0.034758426401995154,0.053576090996899965,0.7335472106933594,283867740.28571427,369833869.47619045,325236269.6666667,572768905.9777777,-0.02933748875426412,0.14625881571262234,0.3716811096022641,6.792023525574768,1
2023-06-26,16.27002716064453,17.10167694091797,16.02097511291504,16.969646453857422,275948459.0,-0.04132563547923884,16.97138023376465,16.073041915893555,15.196707725524902,20.425233840942383,20.4706974029541,9.755906105041504,16.79695728846959,16.478405634562176,19.41698875427246,20.525262954499986,0.03580414462557804,0.04267573684408194,0.03439759855399244,0.05287830743247748,1.0807018280029297,299867536.85714287,354678322.47619045,321339657.46666664,571697904.2111111,0.0913994886748033,0.18257563146381428,0.5474499951935365,7.393299086302985,1
2023-06-27,16.61964988708496,16.909896850585938,16.1785888671875,16.26987075805664,259041273.0,0.021488761081243313,16.27002716064453,16.635231018066406,15.018193244934082,20.7985782623291,21.111467361450195,9.651782989501951,16.794731412615096,16.298461187453498,19.304544798533122,20.563973326153224,0.03407309242514881,0.04285014066984615,0.03392956905837236,0.05288223633095573,0.7313079833984375,298903845.28571427,345994181.4285714,317127320.81666666,568845354.7444445,-0.06126936189920884,0.15184306895417143,0.5102205398231683,7.219736700008481,1
2023-06-28,15.98684310913086,16.627328872680664,15.74758243560791,16.621904373168945,327399744.0,-0.038075818820097584,16.61964988708496,17.25704574584961,14.486572265625,20.586509704589844,20.55104637145996,9.880176544189451,16.613273893083846,16.172392618088494,19.18460890452067,20.59789925151401,0.032301431255431626,0.039644431526103245,0.03419469142691798,0.0529563796908829,0.8797464370727539,294562525.0,342992035.85714287,316417915.3,566014071.9444444,0.2638902681735973,0.18803096265559183,0.5542065998465706,8.348210806625378,1
2023-06-29,17.970457077026367,18.19975471496582,15.906376838684082,15.98551082611084,737633196.0,0.12407790295774968,15.98684310913086,16.642620086669922,14.759472846984863,21.25408363342285,21.17049598693848,9.96103858947754,16.802964891706193,16.12767746334984,19.10358295440674,20.642396020889283,0.05783732175213415,0.04871515074929241,0.03804240697159307,0.05370677331233836,2.2933778762817383,357191050.14285713,365809792.47619045,322577764.1166667,568524486.5166667,1.2530048038156072,0.09787888485033713,0.40057505576225916,6.774059338579735,1
2023-06-30,18.897321701049805,19.855125427246094,17.314870834350586,17.971071243286133,1120379648.0,0.05157713129113173,17.970457077026367,17.149534225463867,15.30825424194336,20.82450294494629,20.97564125061035,9.982172966003418,17.0526488167899,16.199945177350724,19.052094427744546,20.691924624972874,0.05946429262744776,0.04641474027734599,0.03842750181304349,0.05382019076803554,2.540254592895508,461960338.14285713,397097171.5714286,333944917.1,573669811.4277778,0.5188845269919224,0.13691586865447958,0.2838337165897953,6.408994211436246,1
2023-07-01,18.68390274047852,18.97142791748047,17.945798873901367,18.89606475830078,349552752.0,-0.011293608901171925,18.897321701049805,16.652862548828125,15.650521278381348,20.50221824645996,20.536975860595703,11.272967338562012,17.342797415597097,16.344126201811292,18.992409833272298,20.733096488316853,0.05761293963884351,0.040081291592914424,0.03839924649990065,0.05301907244097598,1.0256290435791016,474684881.0,355154925.28571427,334825415.2,572508603.8055556,-0.6880050859331568,0.1699519362792783,0.2695932499678939,6.840572428072347,1
2023-07-02,19.453594207763672,19.704559326171875,18.58200454711914,18.689668655395508,497231250.0,0.041195433201309806,18.68390274047852,16.97138023376465,15.43823528289795,21.25759506225586,20.443050384521484,13.344045639038086,17.697399411882675,16.52959374019078,18.946336364746095,20.767038424809773,0.05828859887138947,0.04050279804165567,0.038805612229054785,0.05136041171435007,1.1225547790527344,509598046.0,357586087.28571427,335682646.5833333,568886247.5222223,0.4224784303800875,0.09743240850388935,0.23364106075660596,6.5356286704775215,1
2023-07-03,19.240537643432617,19.6131591796875,18.943145751953125,19.45241355895996,324227812.0,-0.010952041152684555,19.453594207763672,16.27002716064453,16.073041915893555,21.15556526184082,20.924619674682617,13.435112953186035,18.12175805228097,16.722157069614955,18.904839515686035,20.799290784200032,0.05382754695247922,0.04006152006029587,0.03873314590039864,0.051370770932677834,0.670013427734375,516495096.4285714,354729795.5714286,336222665.23333335,564338334.9777777,-0.3479335580778561,0.10775366110990126,0.2029664588633373,6.988367481090366,1
2023-07-04,19.14322853088379,19.87669563293457,19.096738815307617,19.24203109741211,345225951.0,-0.005057504855226491,19.240537643432617,16.61964988708496,16.635231018066406,21.8189754486084,20.966007232666016,13.419329643249512,18.482269287109375,16.918587321326847,18.843458143870034,20.831090222464667,0.055072331641035505,0.039889142382948356,0.038135374909278576,0.05137345224170035,0.7799568176269531,528807193.28571427,353841664.04761904,334922910.8833333,563121502.3444444,0.06476353422759429,0.1540860842330023,0.18245724508335281,6.351498445932448,1
2023-07-05,18.99286460876465,19.35526657104492,18.498628616333008,19.145612716674805,260416081.0,-0.00785467936490225,19.14322853088379,15.98684310913086,17.25704574584961,20.07505989074707,20.61012840270996,13.52584171295166,18.9117009299142,17.133172671000164,18.7937681833903,20.861462571885852,0.05061509478483546,0.03867463392142291,0.03786434987476144,0.05137884112266205,0.8566379547119105,519238098.5714286,352123270.95238096,333397604.75,561695214.4111111,-0.24566481677966323,0.1571504592763151,0.20011486552508795,5.7157230899288205,1
2023-07-06,19.72938537597656,20.922775268554688,18.886260986328125,18.991992950439453,903770571.0,0.03877881416961326,18.99286460876465,17.970457077026367,16.642620086669922,20.398483276367188,20.469940185546875,13.092267990112305,19.1629764011928,17.36983517238072,18.758520793914794,20.898335446251764,0.028485200408089984,0.03905081083611981,0.038218360675216084,0.05137906795844901,2.0365142822265625,542972009.2857143,379452135.8095238,343400014.18333334,565547555.0833334,2.4704867976259886,0.3191336326407501,0.1471317339334952,5.81061961275653,1
2023-07-07,21.484664916992188,21.60171127319336,19.318931579589844,19.726110458374023,988591308.0,0.08896777611495899,19.72938537597656,18.897321701049805,17.149534225463867,18.6342830657959,20.036449432373047,14.31993293762207,19.532596860613143,17.663949966430664,18.77230749130249,20.93813951280382,0.03850109401509384,0.0420654993870225,0.03928997436468548,0.0513331718906759,2.2827796936035156,524145103.5714286,415454355.0,350650735.05,568067394.7666667,0.09385206790496392,0.2444093439080013,0.0791741801779664,5.66713588381975,1
2023-07-08,21.85926818847656,22.40300178527832,21.356882095336918,21.485252380371094,693929963.0,0.017435844260624167,21.484664916992188,18.68390274047852,16.652862548828125,18.90947532653809,20.29946517944336,16.30246353149414,19.986220496041433,17.9596045811971,18.791901206970216,20.969010649787055,0.03618102793496127,0.04204836545091135,0.039344356261711615,0.05033880030632364,1.0461196899414027,573341848.0,438668309.8095238,357669885.98333335,560648824.5166667,-0.29806184073793207,0.2530774259389952,0.055330668191200694,5.0282939251093675,1
2023-07-09,21.3490047454834,22.322025299072266,21.08757781982422,21.854955673217773,405174806.0,-0.02334311645721765,21.85926818847656,19.453594207763672,16.97138023376465,17.37969970703125,20.88235664367676,16.19672393798828,20.256993430001394,18.241069793701172,18.7984894434611,20.997634432050916,0.03895272825341349,0.04245424253025717,0.03944652269470347,0.05037189852149693,1.2344474792480469,560190927.4285715,451218904.5714286,356244462.6166667,558269749.3222222,-0.41611570676621723,0.28268662266248445,0.1340933064844747,5.532562103173699,1
2023-07-10,21.31377601623535,21.777145385742188,20.572586059570312,21.347787857055664,543191863.0,-0.001650134498916156,21.3490047454834,19.240537643432617,16.27002716064453,15.65610122680664,23.01882743835449,16.35941505432129,20.553170340401785,18.490628560384113,18.816471036275228,21.025158659617105,0.0381093120666951,0.04223373104314135,0.03917439644932806,0.050369961669936986,1.204559326171875,591471506.1428572,469278046.47619045,359022067.1,557784114.7722223,0.34063583163658007,0.2608167822670733,0.1437920089360143,5.631788266863733,1
2023-07-11,22.09293365478516,22.285200119018555,21.24249267578125,21.314722061157227,453810523.0,0.03655652747576488,21.31377601623535,19.14322853088379,16.61964988708496,15.558775901794434,23.98530578613281,16.619043350219727,20.97455678667341,18.750519162132626,18.836156686147053,21.055569161309137,0.03764269696870882,0.04227368767875818,0.03921916409444928,0.05042381403006884,1.0427074432373047,606983587.8571428,478231542.14285713,360540137.56666666,555390174.4333333,-0.16454837800101585,0.15622961462687712,0.11406899385827218,5.426253511593654,1
2023-07-12,21.977602005004883,22.712724685668945,21.82825469970703,22.092424392700195,541605988.0,-0.00522029584583017,22.09293365478516,18.99286460876465,15.98684310913086,15.196707725524902,24.432308197021484,18.28844451904297,21.40094784327916,18.975307555425736,18.854637368520102,21.07606448067559,0.03731472549946069,0.04213900331385784,0.03922638796781671,0.049892740416757286,0.8844699859619141,647153574.5714285,486984732.71428573,365823264.5833333,552636590.0555556,0.19346282324969355,0.1999649731618569,0.11854154702852049,5.182804859982471,1
2023-07-13,26.02569580078125,26.624345779418945,21.49482536315918,21.97846031188965,1527996472.0,0.18419178738674535,21.977602005004883,19.72938537597656,17.970457077026367,15.018193244934082,24.77272224426269,24.24945831298828,22.3004207611084,19.42212068466913,18.939175669352213,21.085932466718887,0.07241211401526457,0.05496498049683,0.04576456193734819,0.0456964091435398,5.129520416259766,736328703.2857143,545497254.2380953,388214498.26666665,542238325.8166667,1.8212326042451363,-0.024995602772012515,-0.042994629518884664,4.361163682414606,0
2023-07-14,26.7357177734375,30.057695388793945,25.434978485107425,26.02075958251953,2184090884.0,0.027281575028435423,26.02569580078125,21.484664916992188,18.897321701049805,14.486572265625,24.07937812805176,22.873306274414062,23.050571169172013,19.878605615525018,19.034651152292888,21.107390308380126,0.06949812393447904,0.05494739676014979,0.045856873529025344,0.04552782892423572,4.62271690368652,907114357.0,631073266.2380953,419493446.55,545140012.5,0.42938215108653743,-0.044563984745615626,-0.0932397702939014,4.308440706057465,0
2023-07-15,27.391355514526367,29.057395935058597,26.688867568969727,26.729034423828125,1323279744.0,0.02452291524936201,26.7357177734375,21.85926818847656,18.68390274047852,14.759472846984863,25.361927032470703,23.577564239501957,23.8408693586077,20.38996242341541,19.14651673634847,21.12857803768582,0.06927453599178432,0.05365692239223912,0.04584338815208404,0.045507989441011955,2.3685283660888707,997021468.5714285,681682732.5238096,436893389.85,543624418.7722223,-0.3941278938097523,-0.10427750681552672,-0.08208915574510034,4.389376015905344,0
2023-07-16,27.384082794189453,28.551088333129883,26.8976993560791,27.395526885986328,753056132.0,-0.00026551151632703274,27.391355514526367,21.3490047454834,19.453594207763672,15.30825424194336,24.55884552001953,22.884063720703125,24.70302336556571,20.88580540248326,19.25177812576294,21.153578143649632,0.06655194298634716,0.053933884185533805,0.04581709195994226,0.045447962797090874,1.6533889770507812,1046718800.8571428,705502591.4285715,444781946.0,542660834.7722223,-0.43091690520126336,-0.09557623778430613,-0.1273549074446969,4.840399199116593,0
2023-07-17,26.872766494750977,28.380918502807617,25.895729064941406,27.38576889038086,970813262.0,-0.018672025763337596,27.384082794189453,21.31377601623535,19.240537643432617,15.650521278381348,24.852689743041992,20.85063362121582,25.49716486249651,21.390697751726425,19.36051263809204,21.187034437391493,0.06852046396572409,0.05276889359786098,0.04563377338230926,0.044962528569405864,2.485189437866211,1107807572.142857,738591391.5714285,456073383.6666667,540122700.0166667,0.28916453999474245,-0.12991873345215355,-0.15111175905235474,4.974519962958517,0
2023-07-18,25.54450416564941,27.045597076416016,24.824853897094727,26.869007110595703,696782373.0,-0.04942782237775978,26.872766494750977,22.09293365478516,19.14322853088379,15.43823528289795,22.71283531188965,21.42676544189453,25.99024636404855,21.815690812610445,19.447089862823486,21.209910763634575,0.0756341804575138,0.05524377828273231,0.046180358850356526,0.04508758976212976,2.220743179321289,1142517836.4285715,759436205.8571428,465201863.1166667,539551261.0222223,-0.2822694123846857,-0.08867592341695374,-0.15011173643626274,5.090707630744773,0
2023-07-19,26.372352600097656,26.922088623046875,25.418062210083008,25.55088233947754,603189951.0,0.03240808391033423,25.54450416564941,21.977602005004883,18.99286460876465,16.073041915893555,22.181440353393555,25.54827117919922,26.61806787763323,22.310238883608864,19.548538303375246,21.214488993750678,0.0746077143092591,0.05352334281985666,0.046304300759594484,0.042834311440459905,1.5040264129638672,1151315545.4285715,772569072.8571428,473238003.68333334,535018108.2222222,-0.13432088070345027,-0.04532394840478282,-0.19099014747400467,5.031787175949619,0
2023-07-20,25.375167846679688,26.89643859863281,25.16942596435547,26.36872673034668,606255421.0,-0.03781174810374244,26.372352600097656,26.02569580078125,19.72938537597656,16.635231018066406,21.278135299682617,24.627838134765625,26.52513531276158,22.66284415835426,19.64463380177816,21.218640825483533,0.03303678371206743,0.050151343328070724,0.04637149655292842,0.04284315333836458,1.7270126342773402,1019638252.4285715,766312988.3333334,479831562.15,527559544.6166667,0.005082097264581309,-0.0108701240598994,-0.1377776104082593,5.66737923988582,0
2023-07-21,25.544267654418945,25.947921752929688,25.142337799072266,25.375524520874023,410907584.0,0.006663987752159262,25.375167846679688,26.7357177734375,21.484664916992188,17.25704574584961,21.81628799438477,24.232789993286133,26.354928152901785,22.97936539422898,19.744670836130776,21.225926812489828,0.030709892842903517,0.04958820370049347,0.04635743656911117,0.04282591736901865,0.8055839538574219,766326352.4285715,732528604.3333334,483064639.03333336,524121593.48888886,-0.3222203550407511,-0.027302038677763707,-0.14762577381623954,5.807468001059992,0
2023-07-22,24.535053253173828,25.95035743713379,24.306474685668945,25.54317855834961,335432006.0,-0.03950844921054264,25.544267654418945,27.391355514526367,21.85926818847656,16.642620086669922,21.480138778686523,24.357807159423828,25.946884972708567,23.257991609119234,19.819535350799562,21.22691151301066,0.029589938302313944,0.05072104430095743,0.04663992248095972,0.042932101511999034,1.6438827514648438,625205247.0,731856187.8571428,484342486.01666665,521125938.92777777,-0.18368017758465127,0.02583734638821933,-0.13559349703974843,6.521549222392714,1
2023-07-23,24.766815185546875,25.213611602783203,24.25096702575684,24.532663345336918,330741258.0,0.009446155668851652,24.535053253173828,27.384082794189453,21.3490047454834,17.149534225463867,21.391069412231445,22.795673370361328,25.57298960004534,23.511002131870814,19.911921215057372,21.237862300872802,0.030618347776944936,0.05034801421711657,0.0462623219243609,0.042658403878624795,0.9626445770263636,564874550.7142857,723928093.0,484890837.96666664,518312216.37777776,-0.01398419922993277,-0.020422344524550717,-0.17040034982053076,6.226536209936677,0
2023-07-24,23.38149070739746,24.81063842773437,23.069425582885746,24.765520095825195,492344649.0,-0.05593470406957468,24.766815185546875,26.872766494750977,21.31377601623535,16.652862548828125,21.92725372314453,24.57144546508789,25.074235916137695,23.708190373012,19.980601692199706,21.231251441107855,0.034580641271299895,0.052322318812147155,0.04693118870492062,0.04248280218736755,1.7412128448486257,496521891.71428573,731933656.6666666,489854296.3,514569537.5277778,0.4886097125505884,0.014518582207562192,-0.0717604366228376,6.388646452072355,1
2023-07-25,23.279321670532227,23.525882720947266,22.864362716674805,23.383249282836918,346742173.0,-0.004369654533314726,23.38149070739746,25.54450416564941,22.09293365478516,16.97138023376465,21.28301239013672,24.350696563720703,24.75063841683524,23.905147189185733,20.045807774861654,21.22529935836792,0.03211457747522632,0.052312275355120855,0.046944176437635994,0.04247837114792439,0.6615200042724609,446516148.85714287,732005857.7142857,493296191.3833333,511996849.5777778,-0.29573282921980126,0.030904290668082313,-0.09649294076092485,6.647658526141885,1
2023-07-26,25.17705345153809,25.518346786499023,23.20773124694824,23.27935791015625,688135176.0,0.08152006350803931,23.279321670532227,26.372352600097656,21.977602005004883,16.27002716064453,22.34011459350586,24.40785789489746,24.579881395612443,24.199632372174943,20.125004768371582,21.229572667015923,0.045987468125692765,0.054333983040781506,0.047558561703714405,0.04290394031373586,2.310615539550785,458651181.0,752373433.6666666,501770396.28333336,512025786.21666664,0.9845730620140054,-0.0806818804234265,-0.1900275658527063,5.830150877721689,0
2023-07-27,25.099336624145508,25.586376190185547,24.72016143798828,25.17807960510254,514211484.0,-0.003086811867884953,25.17705345153809,25.375167846679688,26.02569580078125,16.61964988708496,23.366287231445312,23.981801986694336,24.540476935250418,24.455344336373464,20.196684074401855,21.23578119277954,0.04376723210670327,0.05417942221221483,0.04753421610333467,0.04288262619484168,0.8662147521972656,445502047.14285713,733823000.9523809,505482906.25,512161083.71666664,-0.2527464051626973,-0.0981415322007334,-0.19199362032013756,6.296476456426457,0
2023-07-28,24.84685707092285,25.47324752807617,24.577672958374023,25.09872817993164,374045446.0,-0.0100592122016393,25.099336624145508,25.544267654418945,26.7357177734375,15.98684310913086,23.18299674987793,26.132387161254883,24.440846851893834,24.615448724655877,20.26768986384074,21.228639358944363,0.04375132930836477,0.05146395361281881,0.04753351464145781,0.042373817475212475,0.8955745697021449,440236027.4285714,704558912.2857143,507912069.73333335,507952327.15,-0.27258441781514164,-0.08263571964769234,-0.16340169413941552,6.408800353176644,0
2023-07-29,25.16897392272949,25.36704444885254,24.78037452697754,24.84393310546875,265061245.0,0.012964088411149488,24.84685707092285,24.535053253173828,27.391355514526367,17.970457077026367,22.832014083862305,23.94632148742676,24.531406947544642,24.773053759620304,20.33293803532918,21.23543187247382,0.040883169688412505,0.051432754886885125,0.0474040108713038,0.04190994544026217,0.586669921875,430183061.5714286,684136592.3809524,506204550.7,503401721.12777776,-0.29136620206305086,-0.10078956236878855,-0.18323645774626152,6.345793215427555,0
2023-07-30,24.26101875305176,25.19329261779785,23.845407485961918,25.16937255859375,365262222.0,-0.03607438159637388,25.16897392272949,24.766815185546875,27.384082794189453,18.897321701049805,21.98663330078125,23.952547073364254,24.459150314331055,24.911721093314036,20.390213298797608,21.237145604027642,0.04347630266837217,0.05189259664751919,0.0475846495779414,0.04200161079918961,1.347885131835934,435114627.85714287,682235993.1428572,508189715.3833333,502003067.4722222,0.37802952672315415,-0.04432308122770556,-0.10223210954985706,6.533920802442749,0
2023-07-31,23.720956802368164,24.75018310546875,23.6588191986084,24.261838912963867,376948332.0,-0.022260481152122424,24.26101875305176,23.38149070739746,26.872766494750977,18.68390274047852,22.26497840881348,24.993358612060547,24.507645470755442,25.02634874979655,20.443858941396076,21.230076705084908,0.03805847863278431,0.052264071475528175,0.04763886057293949,0.04191551344724449,1.0913639068603516,418629439.71428573,674319634.5238096,510988069.0833333,498628794.37777776,0.03199375488659206,-0.02749470454696945,-0.12166680751423242,6.550588894259233,0
2023-08-01,23.99875259399414,23.99875259399414,23.087238311767575,23.724891662597656,428254164.0,0.011710985941268737,23.720956802368164,23.279321670532227,25.54450416564941,19.453594207763672,22.218002319335938,24.26505851745605,24.610421316964285,25.117102032616025,20.489544900258384,21.22859722773234,0.038048625786947766,0.051824909136313574,0.04745102514815558,0.041864295110714884,0.911514282226566,430274009.85714287,673102665.0476191,514165473.7,495356371.04444444,0.13610839376257,0.008875910826180888,-0.17766175196852585,6.15979532449581,1
2023-08-02,23.145721435546875,24.219627380371094,22.984315872192383,23.99351501464844,393185796.0,-0.03554481238582141,23.99875259399414,25.17705345153809,26.372352600097656,19.240537643432617,21.730348587036133,24.680896759033203,24.32023102896554,25.172726767403738,20.52271416982015,21.220068475935193,0.020442810567587174,0.052545589663424534,0.04770314744734787,0.041933539981967916,1.235311508178711,388138384.14285713,666035036.8571428,518303006.46666664,493963996.5777778,-0.08188681149636179,0.053262770638113244,-0.1649495707631069,6.244194984698836,1
2023-08-03,22.636049270629883,23.353015899658203,22.54010009765625,23.144893646240234,365983702.0,-0.022020145984054107,23.145721435546875,25.099336624145508,25.375167846679688,19.14322853088379,22.82611083984375,24.317745208740234,23.968332835606166,25.011315027872723,20.53633206685384,21.21072572072347,0.02035567733179881,0.03261899845063882,0.04765526099449471,0.04195188845266861,0.8129158020019531,366962986.71428573,610701095.4285715,519106032.05,494209694.68333334,-0.06918381659951922,0.08733869916511128,-0.13881863113907567,5.74314795595379,1
2023-08-04,22.79361915588379,23.52178192138672,22.522666931152344,22.632715225219727,382245804.0,0.0069610152977690465,22.636049270629883,24.84685707092285,25.544267654418945,18.99286460876465,21.974262237548828,23.493438720703125,23.67501313345773,24.82359604608445,20.581641387939452,21.20683783425225,0.021926169934002007,0.031871436974891657,0.046437351470049786,0.04187537973559337,0.999114990234375,368134466.4285714,524898948.7619048,515573213.01666665,493119582.4388889,0.044433951323876064,0.07849748556975533,-0.14104264611263484,5.2702634492960545,1
2023-08-05,22.632204055786133,22.89552879333496,22.3279972076416,22.793601989746094,250613466.0,-0.007081591518826036,22.79361915588379,25.16897392272949,24.535053253173828,19.72938537597656,21.84422874450684,22.706388473510746,23.312617438180105,24.596969786144438,20.618870067596436,21.206425698598228,0.01926400761870152,0.031039478599441266,0.04642415365996903,0.04180109040560149,0.5675315856933594,366070498.0,473819602.1904762,512393300.2,492012519.51111114,-0.34436568465248607,0.10049956206045385,-0.13842201696928302,5.099939886023631,1
2023-08-06,23.18569564819336,23.416099548339844,22.596603393554688,22.63254737854004,320595154.0,0.024455929746962646,22.632204055786133,24.26101875305176,24.766815185546875,21.484664916992188,20.65746307373047,23.86135673522949,23.158999851771764,24.39704658871605,20.694726943969727,21.20267202589247,0.02161747954043965,0.03182981570176022,0.044996603767288486,0.04167067126201524,0.8194961547851562,359689488.28571427,453226222.28571427,511229139.4166667,490318944.8111111,0.2792415312591383,0.045596645338895625,-0.12565122258325157,4.601052716267596,1
2023-08-07,23.068756103515625,23.50393867492676,22.48735237121582,23.18540573120117,353804981.0,-0.005043607336700617,23.18569564819336,23.720956802368164,23.38149070739746,21.85926818847656,20.68364524841309,23.192670822143555,23.065828323364258,24.215903236752464,20.764048290252685,21.201983610788982,0.02044019623329329,0.03172759858263612,0.04499350010388382,0.041617364042960445,1.016586303710941,356383295.28571427,423844875.5714286,512818217.31666666,489317033.90555555,0.10358805049186737,0.08990801900208623,-0.14949772924805238,5.246126228144095,1
2023-08-08,24.211763381958008,24.72762489318848,23.021738052368164,23.06925201416016,495649796.0,0.04954785049152233,23.068756103515625,23.99875259399414,23.279321670532227,21.3490047454834,20.953710556030277,20.45212745666504,23.096258435930526,24.15243938991002,20.877916018168133,21.22287047704061,0.028598617430943177,0.03241728782739549,0.043947215295899664,0.040808120037685795,1.705886840820316,366011242.71428573,414267133.8095238,513356635.8,487640442.49444443,0.4009124309078056,-0.013017553183066854,-0.17847788278766474,4.973629142794706,0
2023-08-09,24.37852668762207,24.95158576965332,24.1942081451416,24.211030960083008,447009018.0,0.006887697646522195,24.211763381958008,23.145721435546875,25.17705345153809,21.31377601623535,20.23488044738769,20.130109786987305,23.27237347194127,24.05749529883975,21.02328977584839,21.246472793155245,0.023442790099643653,0.031526937820854584,0.04170222097319386,0.04078876580717974,0.7573776245117188,373700274.4285714,406829946.52380955,500301120.7,486489437.42777777,-0.09813537379121606,-0.06425947017099654,-0.19605294237260495,5.683371084897088,0
2023-08-10,24.613052368164062,24.809499740600582,24.15066719055176,24.3783016204834,339616018.0,0.009620174489915811,24.37852668762207,22.636049270629883,25.099336624145508,22.09293365478516,20.911794662475582,20.83009529113769,23.55480248587472,24.021204085577104,21.174194383621217,21.267489221360947,0.01947868124484799,0.030614295952328157,0.04165937570450117,0.04071847061438558,0.658832550048821,369933462.4285714,394132832.0952381,498525106.8666667,486891974.93333334,-0.24024794953912987,-0.11794872232013942,-0.2099284829089899,5.356676612683745,0
2023-08-11,24.582860946655277,24.865314483642575,24.35961532592773,24.610626220703125,314045619.0,-0.0012266427201786945,24.613052368164062,22.79361915588379,24.84685707092285,21.977602005004883,20.86876106262207,21.489978790283203,23.810408455984934,23.97542281377883,21.330630270640054,21.28467190000746,0.02008167574304448,0.03056378363244355,0.04147132904880228,0.04065712281547574,0.5056991577148438,360190578.85714287,389520357.5714286,497355701.55,485675874.0,-0.07529208766590034,-0.1320988580594219,-0.25766041491720637,5.262866141355947,0
2023-08-12,24.90673065185547,25.11195182800293,24.405805587768555,24.585542678833008,253389584.0,0.013174614049316302,24.582860946655277,22.632204055786133,25.16897392272949,26.02569580078125,20.95339775085449,20.79010009765625,24.13534082685198,23.993121737525577,21.49543922742208,21.307542069753012,0.018429532590574917,0.029418848835407643,0.04138621219628144,0.04058553046017214,0.706146240234375,360587167.14285713,385613575.5714286,495514249.4,483231968.04444444,-0.19314402535893993,-0.12156122925648816,-0.2877762036405964,4.682273496550087,0
2023-08-13,24.24288558959961,24.91316032409668,24.236482620239254,24.905216217041016,263449955.0,-0.026653239701951992,24.90673065185547,23.18569564819336,24.26101875305176,26.7357177734375,21.00718879699707,21.824953079223636,24.286367961338588,23.968172709147137,21.658044449488322,21.320975028143987,0.023092400927167245,0.029957949281691782,0.041241379563479785,0.04048057983737755,0.6766777038574254,352423567.28571427,382409227.8095238,494963376.3833333,479885197.6666667,0.03970317501290821,-0.10186948270270602,-0.26040872196574516,5.041122388270132,0
2023-08-14,25.142822265625,25.22711753845215,24.09539794921875,24.242403030395508,359715099.0,0.03712168143925365,24.24288558959961,23.068756103515625,23.720956802368164,27.391355514526367,20.679420471191406,23.883901596069336,24.582663127354213,24.052045640491304,21.831100273132325,21.32796903186374,0.024967574813563674,0.028193475610422767,0.041379497382941235,0.03996799213794053,1.1317195892333984,353267869.85714287,376093534.95238096,495460887.8833333,477730191.0,0.36540201344881607,-0.15648850560761274,-0.26806148953731124,4.835171991066661,0
2023-08-15,23.89658546447754,25.241121292114254,23.761661529541016,25.14717102050781,424193111.0,-0.04956630516580085,25.142822265625,24.211763381958008,23.99875259399414,27.384082794189453,21.06839942932129,22.285951614379883,24.53763771057129,24.0814391544887,21.974239126841226,21.336916997697617,0.028413955872082824,0.030483264137810013,0.0419157452369682,0.03982389058369656,1.4794597625732386,343059772.0,379781674.85714287,498655027.98333335,475169673.1,0.17924744382220115,-0.14018924400174881,-0.2116737156860654,5.0227626297491685,0
2023-08-16,22.811975479125977,23.993120193481445,22.48752784729004,23.900014877319336,441171937.0,-0.045387655360379586,23.89658546447754,24.37852668762207,23.145721435546875,26.872766494750977,20.348695755004883,23.166757583618164,24.313844680786133,23.968816393897647,22.093596696853638,21.334945986005994,0.0324226810081616,0.026133687685883172,0.042439114023055495,0.03986985697720556,1.5055923461914062,342225903.28571427,368021520.61904764,502567278.4,474393942.6666667,0.040026171004931665,-0.048586355653343904,-0.15970257636990493,5.257494850562853,0
2023-08-17,21.70997428894043,23.380619049072266,20.30415344238281,22.811418533325195,620931325.0,-0.04830801221901759,22.811975479125977,24.613052368164062,22.636049270629883,25.54450416564941,20.34987068176269,23.478591918945312,23.899119240897043,23.80741818745931,22.198125680287678,21.325120332505968,0.034224201537348536,0.02783147215816898,0.04296030852668227,0.04002487215052794,3.0764656066894567,382413804.28571427,373103417.8095238,510555928.55,475783049.62222224,0.40745879990095557,-0.03118118963697869,-0.11836056733453815,5.417813515202008,0
2023-08-18,21.335493087768555,22.17001342773437,21.089134216308597,21.712427139282227,411279768.0,-0.01724926967613427,21.70997428894043,24.582860946655277,22.79361915588379,26.372352600097656,20.285446166992188,24.84075164794922,23.43520954677037,23.640210378737677,22.285833199818928,21.305646673838297,0.033501033431777405,0.027921354515823903,0.04282526563625573,0.039811639228426454,1.0808792114257741,396304397.0,374876480.7619048,514678093.3,472546405.71666664,-0.33764049027483034,-0.044188049232863014,-0.1173567574946518,5.646132203605901,0
2023-08-19,21.879037857055664,22.147785186767575,21.315994262695312,21.33571052551269,244048976.0,0.025476081900292158,21.335493087768555,24.90673065185547,22.632204055786133,25.375167846679688,19.609437942504883,26.18138694763184,23.002682004656112,23.48354675656273,22.37322998046875,21.281744734446207,0.03575101172777475,0.02849307720810066,0.042732239405314176,0.03965190571159906,0.8317909240722621,394970024.4285714,373875896.52380955,514315791.0,465793646.2722222,-0.40661079151357626,-0.0730659981237769,-0.1015488997087155,5.517054565036082,0
2023-08-20,21.77327537536621,22.00470352172852,21.63009452819824,21.879751205444336,198853112.0,-0.004833964015257042,21.879037857055664,24.24288558959961,23.18569564819336,25.544267654418945,19.54204559326172,24.948558807373047,22.64988054547991,23.365082786196755,22.448500474294026,21.264104270935057,0.03580113651345207,0.027662041755410975,0.04254447954704526,0.03949770522391666,0.37460899353028054,385741904.0,365951653.1904762,511666859.76666665,461754789.9777778,-0.18519177888294025,-0.045304935838367366,-0.07978070454761066,5.629397115334835,0
2023-08-21,21.20825958251953,21.77742576599121,20.683576583862305,21.77326393127441,339125910.0,-0.02594996770609559,21.77327537536621,25.142822265625,23.068756103515625,24.535053253173828,20.043182373046875,24.18134880065918,22.08780016217913,23.245430537632533,22.52459446589152,21.24758710861206,0.027585811840544906,0.027790087724876903,0.04240737656852855,0.039478431236760224,1.0938491821289062,382800591.28571427,364150585.47619045,512331732.93333334,458680219.21666664,0.7054091162526035,-0.030703098666131412,-0.042592944335384186,5.750565236676333,0
2023-08-22,20.546541213989254,21.250513076782227,19.7354679107666,21.20706558227539,381594696.0,-0.03120097459933413,21.20825958251953,23.89658546447754,24.211763381958008,24.766815185546875,19.223663330078125,23.90080070495605,21.609222412109375,23.081039519537065,22.58121124903361,21.228952333662246,0.025509647849347925,0.02808004994509269,0.042524267172809015,0.03953768858908391,1.515045166015625,376715103.4285714,361928706.04761904,512241734.0,457582338.2,0.1252301423975537,0.060069595133075415,-0.05195378333606393,5.9456756005330345,1
2023-08-23,21.7036247253418,21.746028900146484,20.45146751403809,20.54734992980957,404686524.0,0.05631524543725819,20.546541213989254,22.811975479125977,24.37852668762207,23.38149070739746,19.260662078857425,23.053035736083984,21.450886590140207,23.012368247622536,22.66539061864217,21.22145560582479,0.03610837306630312,0.030463429678942326,0.0428325042846656,0.03967029101007367,1.2945613861083949,371502901.5714286,362476359.7619048,514645160.2,456428499.84444445,0.06051401720740901,-0.04002654023438035,-0.10438256605398577,5.60064557801906,0
2023-08-24,21.033031463623047,21.98844337463379,20.751087188720703,21.70798683166504,328472951.0,-0.03089775418645846,21.7036247253418,21.70997428894043,24.613052368164062,23.279321670532227,19.36695671081543,22.523399353027344,21.354180472237722,22.936034066336497,22.733084805806477,21.213175784216986,0.03323696132346924,0.03080582212520129,0.0430448674765886,0.03970079567340875,1.237356185913086,329723133.85714287,360690133.52380955,515905724.46666664,455212871.65555555,-0.1883274299492117,-0.06170956872203204,-0.07412758404862951,6.2793637211279645,0
2023-08-25,20.392719268798828,21.04962730407715,20.153100967407227,21.03511047363281,278312420.0,-0.030443172014060327,21.033031463623047,21.335493087768555,24.582860946655277,25.17705345153809,20.425233840942383,23.256088256835938,21.219498498099192,22.821705500284832,22.80179634094238,21.197268178727892,0.034461861490701046,0.031276404192585296,0.04287128473126272,0.03969347050820897,0.8965263366699219,310727798.4285714,355740924.7619048,515945123.81666666,454701431.81666666,-0.15270825450708114,-0.05221837436251697,-0.049940804316785825,6.8818203874459885,0
2023-08-26,20.280424118041992,20.40377616882324,20.217575073242188,20.392974853515625,144065112.0,-0.005506629561102705,20.392719268798828,21.879037857055664,24.90673065185547,25.099336624145508,20.7985782623291,22.692588806152344,20.991125106811523,22.70971597943987,22.862809244791666,21.183867263793946,0.03162859226457047,0.03127260075616653,0.04283303502343808,0.03965402170923213,0.18620109558105113,296444389.28571427,350667193.61904764,514028854.46666664,452857421.2,-0.48236190106068566,-0.03879012672411375,-0.043208349121768075,6.8355914909577296,0
2023-08-27,20.78683853149414,20.870126724243164,20.26211166381836,20.28070068359375,177496132.0,0.024970602710503886,20.280424118041992,21.77327537536621,24.24288558959961,24.84685707092285,20.586509704589844,21.9163875579834,20.85020555768694,22.59548468816848,22.94280916849772,21.17759199142456,0.03438264111818751,0.03129682285563353,0.04255115237519816,0.03961291955285124,0.6080150604248047,293393392.14285713,343852954.47619045,511530460.93333334,451893144.9166667,0.23205493360529927,-0.058118108437195226,-0.08483982349524555,6.564251639477386,0
2023-08-28,20.557100296020508,20.786964416503903,20.168689727783203,20.786964416503903,200600033.0,-0.011052100834167522,20.78683853149414,21.20825958251953,25.142822265625,25.16897392272949,21.25408363342285,22.506431579589844,20.757182802472794,22.475882030668714,22.98591988881429,21.166762373182507,0.033396220737308586,0.03132736425967244,0.03963020064112941,0.039572379199941415,0.6182746887206996,273603981.14285713,336557480.7619048,502579908.21666664,451082411.6666667,0.13016565904658695,-0.05145139921808084,-0.06942021133917264,6.145808144692429,0
2023-08-29,21.780763626098636,21.98325729370117,20.12834358215332,20.556865692138672,469679540.0,0.05952509412599438,20.557100296020508,20.546541213989254,23.89658546447754,24.26101875305176,20.82450294494629,21.984878540039062,20.933500289916992,22.36012013753255,23.033977254231772,21.165628401438394,0.038311661128580546,0.03225795114260248,0.03980826736253593,0.03977828227582858,1.854913711547848,286187530.28571427,335320801.9047619,491734906.4166667,451899823.3055556,1.3413731940911497,-0.06925280529359146,-0.08370444908936925,5.6063518437451085,0
2023-08-30,20.834903717041016,21.932714462280277,20.641664505004883,21.782026290893555,292322455.0,-0.043426388775655744,21.780763626098636,21.7036247253418,22.811975479125977,23.720956802368164,20.50221824645996,21.39935302734375,20.809397288731166,22.191376186552503,23.069827270507812,21.162492571936713,0.03626928642956396,0.03322142710479772,0.04021941233132466,0.039862406845241234,1.2910499572753942,270135520.4285714,327954775.0952381,490781068.1333333,450805900.70555556,-0.37761296776947106,-0.05830956956064404,-0.025641988045944974,5.722086805590521,0
2023-08-31,19.735092163085938,21.007213592529297,19.54976272583008,20.833837509155277,343649256.0,-0.05278697559113432,20.834903717041016,21.033031463623047,21.70997428894043,23.99875259399414,21.25759506225586,20.96683883666992,20.623977388654435,21.959092367263068,23.074518903096518,21.155649534861247,0.0396353646585754,0.03443613320838196,0.04051898018482484,0.04003114417129715,1.4574508666992152,272303564.0,328146834.04761904,488221368.23333335,451329702.79444444,0.1755828200060785,0.007874650425751861,0.08411691958690515,5.997686643847532,1
2023-09-01,19.327844619750977,19.907936096191406,19.092510223388672,19.73475646972656,286842939.0,-0.02063570516770674,19.735092163085938,20.392719268798828,21.335493087768555,23.145721435546875,21.15556526184082,20.97858428955078,20.471852438790457,21.70885349455334,23.07597401936849,21.146478758917915,0.03889219619093945,0.0344521584206796,0.04058667600190543,0.040061978030331236,0.8154258728027344,273522209.5714286,326851468.3333333,487598287.01666665,451374777.6666667,-0.16530318633950425,0.014031579070983069,0.2332718565032299,6.0041049575180265,1
2023-09-02,19.49374389648437,19.66608428955078,19.188915252685547,19.328523635864254,200858690.0,0.0085834339005324,19.327844619750977,20.280424118041992,21.879037857055664,22.636049270629883,21.8189754486084,20.635011672973636,20.35946954999651,21.45109222048805,23.0818159421285,21.140138382381863,0.03934360503339553,0.0343065088082704,0.040591220066847455,0.04004701683027647,0.4771690368652344,281635577.85714287,324349997.1904762,485192166.0,450723865.70555556,-0.2997607307321586,-0.002445516468342901,0.19893338144655925,5.601633449232981,0
2023-09-03,19.578746795654297,19.657276153564453,19.28093147277832,19.494253158569336,164570332.0,0.004360522002407885,19.49374389648437,20.78683853149414,21.77327537536621,22.79361915588379,20.07505989074707,20.24473190307617,20.186885016305105,21.22899037315732,23.091580645243326,21.13643846511841,0.03745500327078293,0.0342684447287894,0.040576284081288515,0.04002164848626504,0.3763446807861328,279789035.0,319641443.71428573,483594736.85,449444249.3333333,-0.1806661090939108,-0.06792651308312525,0.20297251741906552,5.89535272718629,0
2023-09-04,19.499408721923828,19.949865341186523,19.24225616455078,19.577850341796875,220024399.0,-0.004052254955770662,19.578746795654297,20.557100296020508,21.20825958251953,22.632204055786133,20.398483276367188,18.42119407653809,20.03578622000558,20.960256394885835,23.087747701009114,21.14242854648166,0.03745085127079708,0.03260094727482745,0.04028112334229409,0.03944226151388854,0.7076091766357422,282563944.4285714,312989505.61904764,472198967.31666666,447219143.1,0.3369627218106359,-0.09027158142385638,0.18694813595523807,5.542638555473151,0
2023-09-05,20.272384643554688,20.547443389892575,19.094310760498047,19.50067710876465,387328289.0,0.03964099284517153,19.499408721923828,21.780763626098636,20.546541213989254,23.18569564819336,18.6342830657959,17.308147430419922,19.820303508213588,20.787675403413317,23.067543029785156,21.158896530999076,0.03191638680258783,0.033202901360457636,0.03892697508353719,0.039275439863578177,1.4531326293945277,270799480.0,311234037.9047619,462177917.0,445181174.92777777,0.7603878967986637,-0.11555413673789361,0.11946087186909837,5.590438900141581,0
2023-09-06,19.62002944946289,20.348989486694336,19.21592712402344,20.27223777770996,313630984.0,-0.03217949962779554,20.272384643554688,20.834903717041016,21.7036247253418,23.068756103515625,18.90947532653809,18.24364280700684,19.646750041416713,20.635677973429363,23.030222384134927,21.166543123457167,0.030174660185948707,0.03256386867214851,0.0390715521031349,0.03915823541449142,1.1330623626708949,273843555.5714286,305160659.1904762,455839600.68333334,441678946.79444444,-0.19027090737490648,-0.0620299564110246,0.19390512617160294,5.591679656125584,0
2023-09-07,19.890499114990234,19.972978591918945,19.367788314819336,19.62108039855957,242438252.0,0.013785385298427766,19.62002944946289,19.735092163085938,21.033031463623047,24.211763381958008,17.37969970703125,18.22584342956543,19.6689510345459,20.549036298479354,23.005913956960043,21.175791210598415,0.023519521273274533,0.03139007043605323,0.03900694686786255,0.03916920554384882,0.6051902770996094,259384840.7142857,287137179.52380955,453127324.78333336,439154187.7722222,-0.2269952129474555,-0.05289926018977098,0.1707751465955787,5.283908384356106,0
2023-09-08,19.599044799804688,20.214828491210938,19.42186546325684,19.893768310546875,219114497.0,-0.01465294126108152,19.890499114990234,19.327844619750977,20.392719268798828,24.37852668762207,15.65610122680664,20.310531616210938,19.707693917410715,20.466348284766788,22.977335103352864,21.171838506062826,0.02268085260584859,0.03133907973374252,0.03904975883914369,0.03825705114353946,0.792963027954098,249709349.0,277986452.3333333,447726035.35,436666263.42777777,-0.09620492974021277,-0.021950078750088586,0.1860999281400575,5.5167239807449615,0
2023-09-09,19.44607162475586,19.602888107299805,19.40461540222168,19.600006103515625,101925453.0,-0.007805134209926012,19.599044799804688,19.49374389648437,20.280424118041992,24.613052368164062,15.558775901794434,20.433712005615234,19.700883592878068,20.35049274989537,22.93322073618571,21.16635161505805,0.02275929340932683,0.030630298521261475,0.03875164207401398,0.038259786755766,0.198272705078125,235576029.42857143,271218665.52380955,441861284.18333334,430781602.8111111,-0.5348301714605401,-0.01572051236731442,0.13742236405605612,5.684615778460399,0
2023-09-10,18.24883079528809,19.44618797302246,17.87034034729004,19.44618797302246,520683204.0,-0.061567233350288575,19.44607162475586,19.578746795654297,20.78683853149414,24.582860946655277,15.196707725524902,20.92803382873535,19.510895592825754,20.182662055605935,22.871074549357097,21.15146715376112,0.03225288234240779,0.03301010472990038,0.03952049250977581,0.03849562647866319,1.5758476257324219,286449296.85714287,286543908.0,441512571.1166667,427395263.6611111,4.108470835052359,0.031936183237606164,0.2113168311150404,6.3991381158347975,1
2023-09-11,17.739166259765625,18.413116455078125,17.461477279663086,18.24670791625977,380225621.0,-0.027928613139098335,18.24883079528809,19.499408721923828,20.557100296020508,24.90673065185547,15.018193244934082,19.29098129272461,19.25943238394601,20.017467135474796,22.7329657236735,21.142845959133574,0.03283222611430418,0.03306710759100088,0.03115133187249849,0.03810548860070181,0.9516391754150391,309335185.71428573,288501037.0952381,422383056.93333334,424970879.4777778,-0.2697563161649439,0.1081268052924853,0.24061183394491792,6.64608783764023,1
2023-09-12,17.929826736450195,18.65507125854492,17.606657028198242,17.73886489868164,361388393.0,0.010747995361935825,17.739166259765625,20.272384643554688,21.780763626098636,24.24288558959961,14.486572265625,19.73054313659668,18.924781254359655,19.89286168416341,22.58620087305705,21.13284197913276,0.02627985312999811,0.032858712451545466,0.030925215034002855,0.03807625954794356,1.0484142303466761,305629486.28571427,287538832.1904762,392004682.0833333,424541520.01111114,-0.04954223744959052,0.11747806714038456,0.18797958766192013,6.389775299819912,1
2023-09-13,18.402999877929688,18.508787155151367,17.739513397216797,17.930871963500977,356729875.0,0.026390279640436276,17.929826736450195,19.62002944946289,20.834903717041016,25.142822265625,14.759472846984863,21.62910270690918,18.750919886997767,19.73568907238188,22.436394945780435,21.114919185638428,0.029765932978976416,0.030594143579007027,0.030957547900999912,0.0374426618785924,0.7692737579345703,311786470.71428573,285255182.2380952,375895517.6,423059362.1722222,-0.012890613230071235,0.1033493179023579,0.18648683439201563,6.397810554873352,1
2023-09-14,18.838306427001957,19.26730728149414,18.403322219848636,18.403322219848636,349380172.0,0.023654108132355134,18.402999877929688,19.890499114990234,19.735092163085938,23.89658546447754,15.30825424194336,21.19590187072754,18.600606645856583,19.631178356352308,22.293965339660645,21.101821433173285,0.03120821085707294,0.03081241184160761,0.031187594043347627,0.03745505145900745,0.8639850616455043,327063887.85714287,286250764.1904762,369167584.93333334,420612741.79444444,-0.020602992670574638,0.0340138981671807,0.1684552873845082,6.383919605519981,1
2023-09-15,19.16884422302246,19.40658187866211,18.590330123901367,18.83917999267578,205202282.0,0.017546046259589776,18.838306427001957,19.599044799804688,19.327844619750977,22.811975479125977,15.650521278381348,21.90340232849121,18.53914942060198,19.572898592267716,22.165566635131835,21.08662944369846,0.03229920090084657,0.030592707743153213,0.03128336406034679,0.037394844982391935,0.8162517547607422,325076428.5714286,282769329.04761904,356407401.93333334,419112942.93333334,-0.4126676370174779,0.01404886271087702,0.14362803165573723,6.156392814125778,1
2023-09-16,19.140369415283203,19.41681480407715,18.917415618896484,19.16949844360352,146477836.0,-0.0014854733758573602,19.16884422302246,19.44607162475586,19.49374389648437,21.70997428894043,15.43823528289795,22.176464080810547,18.4954776763916,19.51861027308873,22.058831055959065,21.069762251112195,0.032221241574515905,0.03058549680434817,0.030740402811279436,0.03738320309092938,0.49939918518066406,331441054.71428573,282884220.6666667,347235659.65,413553094.5888889,-0.2861783281727832,0.017425695057710522,0.25300391646651854,5.870263932494315,1
2023-09-17,18.83162879943848,19.139827728271484,18.712940216064453,19.139827728271484,112594680.0,-0.0161303373590167,19.140369415283203,18.24883079528809,19.578746795654297,21.335493087768555,16.073041915893555,22.61826705932617,18.57873453412737,19.425505047752743,21.93315232594808,21.048725371890598,0.020688617740817566,0.030063546758430627,0.030393787648925627,0.0373717325533597,0.42688751220703125,273142694.14285713,279793675.3333333,339059071.8,410039278.6111111,-0.2313193376232019,0.028816501888901946,0.2722913358256702,5.981477630801855,1
2023-09-18,19.657245635986328,20.100101470947266,18.65157127380371,18.832380294799805,316245106.0,0.04384203009420329,18.83162879943848,17.739166259765625,19.499408721923828,21.879037857055664,16.635231018066406,21.48048591613769,18.852745873587473,19.382654825846355,21.837853622436523,21.03859625922309,0.019586978299811725,0.031780939213470444,0.03073244752884023,0.037327242068673376,1.4485301971435547,264002620.57142857,285300583.5714286,334225566.55,407064635.6333333,1.8087038037676382,-0.012875922103291138,0.19203569395786446,5.691531524468425,0
2023-09-19,20.03618812561035,20.358543395996094,19.614437103271484,19.657075881958008,253895801.0,0.019277496788781878,19.657245635986328,17.929826736450195,20.272384643554688,21.77327537536621,17.25704574584961,22.216777801513672,19.153654643467494,19.29957980201358,21.746052296956382,21.026481872134738,0.0195481606158453,0.028999381074375885,0.030848047324514752,0.03726741373690547,0.7441062927246094,248646536.0,275025167.4285714,331608703.5,405387773.6722222,-0.19715500356233184,-0.050553593318364176,0.24464391431938348,5.687492199944539,0
2023-09-20,20.3049373626709,20.48303985595703,19.85378074645996,20.03628921508789,233206126.0,0.01341319193929058,20.03618812561035,18.402999877929688,19.62002944946289,21.20825958251953,16.642620086669922,20.678855895996094,19.425359998430526,19.274343308948335,21.675550365447997,21.024404546949597,0.019024178300567133,0.02771690345953027,0.030558369614079237,0.0369159096939762,0.6292591094970703,231000286.14285713,272210104.14285713,329904938.8333333,403643223.2722222,-0.08148884273986079,-0.05786352810330242,0.3313842715817328,6.034558671230039,0
2023-09-21,19.47907066345215,20.3048152923584,19.37391471862793,20.3048152923584,253809695.0,-0.040673196103379494,20.3049373626709,18.838306427001957,19.890499114990234,20.546541213989254,17.149534225463867,20.446645736694336,19.516897746494838,19.262151808965776,21.587421290079753,21.01902912987603,0.02743246116457969,0.026689077866888587,0.030904031135737933,0.03703351362750598,0.9309005737304688,217347360.85714287,267932029.80952382,328622746.1166667,403536889.85,0.08834917569875511,0.024567195778800954,0.5086052650621391,6.524322156370295,1
2023-09-22,19.43814468383789,19.774112701416016,19.221296310424805,19.47825050354004,170874161.0,-0.0021010232121106975,19.47907066345215,19.16884422302246,19.599044799804688,21.7036247253418,16.652862548828125,20.97551918029785,19.555369240897043,19.267404192969913,21.52169885635376,21.010488160451253,0.02694918109085701,0.02628566203752894,0.0301284218528284,0.03698471994984865,0.5528163909912109,212443343.57142857,262409707.04761904,323264904.65,403226946.4777778,-0.32676267153624683,0.044372068177344515,0.4937990534173353,6.692454244285209,1
2023-09-23,19.47390365600586,19.55816078186035,19.31374931335449,19.43851089477539,97379053.0,0.0018396288714581654,19.43814468383789,19.140369415283203,19.44607162475586,21.033031463623047,16.97138023376465,19.921674728393555,19.603016989571707,19.266459419613792,21.45827522277832,21.008000543382433,0.02690047172444705,0.026224414789720568,0.03013300582051505,0.0367907426331324,0.24441146850586293,205429231.7142857,257482105.2857143,319108852.65,401770124.12222224,-0.4301124732369571,0.09865734685454375,0.6355726687361543,6.435779310620421,1
2023-09-24,19.374290466308597,19.657695770263672,19.30803680419922,19.47389411926269,115380619.0,-0.005115214260934309,19.47390365600586,18.83162879943848,18.24883079528809,20.392719268798828,16.27002716064453,20.4706974029541,19.680540084838867,19.256723403930664,21.361562506357828,21.0019093937344,0.02591392169845272,0.026232249694456887,0.028040471031382644,0.03673723632370411,0.3496589660644531,205827223.0,255139738.0,309562943.3666667,400479702.5277778,0.18486076261185236,0.23031534279189736,0.5562653504117265,6.474595646970752,1
2023-09-25,19.40414047241211,19.70343971252441,19.217248916625977,19.3741455078125,163848456.0,0.001540701898498975,19.374290466308597,19.657245635986328,17.739166259765625,20.280424118041992,16.61964988708496,21.111467361450195,19.644382204328263,19.252186820620583,21.266642570495605,20.992424244350858,0.019245036741726288,0.0262192437450959,0.028049302814488045,0.03666407643652867,0.48619079589843395,184056273.0,252464693.0952381,303723559.56666666,399285934.6888889,0.42006913656790146,0.20446975325158134,0.6729968610167851,6.879357042188037,1
2023-09-26,19.023286819458008,19.5053653717041,18.941389083862305,19.40274429321289,170201883.0,-0.019627442580905985,19.40414047241211,20.03618812561035,17.929826736450195,20.78683853149414,15.98684310913086,20.55104637145996,19.499682017735072,19.192705971854075,21.169583066304526,20.98393669128418,0.017739999940330393,0.024906866319767552,0.02811208651576535,0.03663951110942758,0.5639762878417969,172099999.0,242125340.42857143,300326166.85,397606782.5555556,0.03877623967356758,0.2380980502584753,0.7229143382468319,6.781169660429284,1
2023-09-27,19.130022048950195,19.44652557373047,18.774215698242188,19.02251434326172,210385139.0,0.005610766977608428,19.023286819458008,20.3049373626709,18.402999877929688,20.557100296020508,17.970457077026367,21.17049598693848,19.33183697291783,19.169372286115372,21.0689338684082,20.97260072496202,0.016421733475409643,0.024021831290593716,0.028052613056991835,0.036573183774007076,0.6723098754882812,168839858.0,237208871.6190476,299414898.4166667,396815227.99444443,0.23609172408509727,0.20986723253604,0.6591563945309709,7.132562272169064,1
2023-09-28,19.957616806030277,19.960865020751957,19.110307693481445,19.129474639892575,225954938.0,0.04326156838514983,19.130022048950195,19.47907066345215,18.838306427001957,21.780763626098636,18.897321701049805,20.97564125061035,19.400200707571848,19.17256836664109,20.99721050262451,20.966945033603245,0.01928897474641037,0.025725173090527426,0.028391234039412228,0.0367075069295888,0.8505573272705114,164860607.0,236423951.9047619,297093110.35,396908386.9444444,0.07400617303107127,0.1371168014951727,0.5860269646818344,6.904247310589657,1
2023-09-29,20.300655364990234,20.415977478027344,19.87516021728516,19.95958137512207,219571069.0,0.01718835281256159,19.957616806030277,19.43814468383789,19.16884422302246,20.834903717041016,18.68390274047852,20.536975860595703,19.52341651916504,19.205978393554688,20.94020547866821,20.96563214196099,0.019707117508149994,0.025727129745459914,0.028390937448427328,0.03669387023759727,0.540817260742184,171817308.14285713,236445693.42857143,294470155.96666664,396852884.04444444,-0.028252841281123042,0.15387672536663577,0.6168250905021802,6.7294268085638125,1
2023-09-30,21.3951473236084,21.72997093200684,20.124679565429688,20.29958915710449,328987954.0,0.05391411946757563,20.300655364990234,19.47390365600586,19.140369415283203,19.735092163085938,19.453594207763672,20.443050384521484,19.797879900251115,19.298791522071475,20.89681205749512,20.970921569400364,0.026398031600651076,0.027978527295369836,0.029251053408755952,0.03690619440780401,1.605291366577152,204904294.0,247258193.47619048,292815719.1333333,396251336.53333336,0.49832104702282076,0.08843849799134729,0.6341246435502419,6.41425909577053,1
2023-10-01,23.83648681640625,24.396018981933597,21.170072555541992,21.392059326171875,637123111.0,0.11410715971579055,21.3951473236084,19.374290466308597,18.83162879943848,19.327844619750977,19.240537643432617,20.924619674682617,20.43533652169364,19.564870380219958,20.908324813842775,20.987098609076607,0.044438012332669634,0.03292643429303845,0.03249822342684359,0.03782224355108443,3.225946426391605,279438935.71428573,252802950.95238096,296881341.05,398092963.98333335,0.9366153175322645,-0.024754536702028207,0.6159896501483855,5.402724965880314,0
2023-10-02,23.371700286865234,24.603424072265625,22.976022720336918,23.83795547485352,658084028.0,-0.01949895272406965,23.83648681640625,19.40414047241211,19.657245635986328,19.49374389648437,19.14322853088379,20.966007232666016,21.00213078090123,19.833086286272323,20.920585664113364,21.000463570488822,0.04736636895128102,0.03244658137223663,0.03246956766411181,0.03785434459610977,1.6274013519287074,350044017.4285714,266034303.66666666,301749679.81666666,399944065.79444444,0.03289931983019834,-0.05362483312933719,0.7740063208052685,5.216487662057753,0
2023-10-03,23.55269432067871,24.662073135375977,23.296710968017575,23.36992073059082,653491878.0,0.0077441534673108325,23.371700286865234,19.023286819458008,20.03618812561035,19.578746795654297,18.99286460876465,20.61012840270996,21.649188995361328,20.100841885521298,20.933236916859943,21.016811158921982,0.04378832073944714,0.03246686116526742,0.03247214347966905,0.03783249801369507,1.365362167358402,419085445.28571427,279943993.4285714,306270447.71666664,402338147.2,-0.006978060254639651,-0.06146126682860409,0.7071324653932758,4.960488306375039,0
2023-10-04,23.1447868347168,23.754377365112305,22.692842483520508,23.556915283203125,429268875.0,-0.01731893092179171,23.55269432067871,19.130022048950195,20.3049373626709,19.499408721923828,19.72938537597656,20.469940185546875,22.222726821899414,20.326641264415922,20.941779963175456,21.031671418084038,0.046823067824784015,0.03299969665184623,0.03254245635178188,0.0378534142544711,1.0615348815917969,450354550.4285714,283398231.52380955,309248037.8666667,403769302.8611111,-0.3431152100715168,-0.04914140089763663,0.7075015818489607,4.909978248855703,0
2023-10-05,22.694141387939453,23.717647552490234,22.62894821166992,23.14655113220215,361288781.0,-0.019470710618141762,23.1447868347168,19.957616806030277,19.47907066345215,20.272384643554688,21.484664916992188,20.036449432373047,22.613658905029297,20.510252453031995,20.933587392171223,21.04643637339274,0.04945309950551337,0.03354131995026546,0.03249732349233154,0.037847946765151574,1.088699340820316,469687956.5714286,283965308.14285713,309926264.98333335,404696385.3833333,-0.15836250415313713,-0.0614199581686945,0.865970385936909,5.3087767578906035,0
2023-10-06,23.42445373535156,23.70509147644043,22.69216728210449,22.69216728210449,402665506.0,0.03218065556779437,22.694141387939453,20.300655364990234,19.43814468383789,19.62002944946289,21.85926818847656,20.29946517944336,23.059915815080917,20.712900525047665,20.939515686035158,21.063797420925564,0.049659326315601424,0.033868981237574015,0.03275072636174244,0.03790754949537317,1.012924194335941,495844304.71428573,293368318.8095238,310740607.06666666,406085744.2777778,0.11452535250464924,-0.06785800364134975,0.7604936341518231,5.0924257969116935,0
2023-10-07,23.287302017211918,24.10172271728516,23.117116928100582,23.4239501953125,278403509.0,-0.005855065808115567,23.42445373535156,21.3951473236084,19.47390365600586,19.890499114990234,21.3490047454834,20.88235664367676,23.330223628452845,20.91037350609189,20.92410799662272,21.077158228556314,0.04831036214620424,0.03395714606790553,0.032127413095703876,0.03785642455996342,0.9846057891845774,488617955.4285714,299650493.71428573,307119835.6166667,406387046.0388889,-0.30859856418890774,-0.054775914628028555,0.809079883920826,5.28850724937881,0
2023-10-08,23.24642562866211,23.61370658874512,23.14427947998047,23.28933525085449,190670414.0,-0.0017553080438256208,23.287302017211918,23.83648681640625,19.374290466308597,19.599044799804688,21.31377601623535,23.01882743835449,23.245929173060826,21.120601926531112,20.905239645640055,21.078422662946913,0.018753150359447763,0.03354837522656192,0.032114707222310274,0.037092201677324216,0.469427108764652,424838998.71428573,303368385.8095238,302847525.55,401426693.26111114,-0.31512927159262205,-0.056972115280318314,0.8537277620234363,5.1941475679575895,0
2023-10-09,22.118396759033203,23.35351181030273,21.814489364624023,23.244909286499023,356967743.0,-0.04852483076959935,23.24642562866211,23.371700286865234,19.40414047241211,19.44607162475586,22.09293365478516,23.98530578613281,23.066885811941965,21.23779959905715,20.86366205215454,21.06805094612969,0.02505113527908681,0.034995335096133305,0.03268279429952724,0.03714322188305712,1.5390224456787074,381822386.5714286,305307559.0,303136720.96666664,396719568.17777777,0.8721716469341698,0.0842991063613654,0.9526681102168688,5.483038802525954,1
2023-10-10,22.10511589050293,22.45848846435547,21.73872756958008,22.11751747131348,241087146.0,-0.0006004444478937554,22.118396759033203,23.55269432067871,19.023286819458008,18.24883079528809,21.977602005004883,24.432308197021484,22.860088893345424,21.336319968813942,20.82236630121867,21.055122099982366,0.024390695893773854,0.034892520557970416,0.03268290541198347,0.0371176157135822,0.7197608947753871,322907424.85714287,304697623.04761904,301920746.4166667,393657077.6666667,-0.3246248415224453,0.08388113772814187,1.0558511549343126,5.3024114955614365,1
2023-10-11,22.00741958618164,22.39118194580078,21.679807662963867,22.105201721191406,278925381.0,-0.00441962416325814,22.10511589050293,23.1447868347168,19.130022048950195,17.739166259765625,26.02569580078125,24.77272224426269,22.697607857840403,21.41739055088588,20.774044450124105,21.03975930743747,0.02412239737843647,0.03490092837982322,0.03263017395980694,0.03710465862894065,0.7113742828369141,301429782.85714287,306874730.4285714,302346343.03333336,390434230.15555555,0.1569483716896296,0.06473811485405112,1.5738525142426574,5.310981254830682,1
2023-10-12,21.300268173217773,22.019926071166992,21.068971633911133,22.00748443603516,283320977.0,-0.032132409262914385,22.00741958618164,22.694141387939453,19.957616806030277,17.929826736450195,26.7357177734375,24.07937812805176,22.498483112880162,21.504114241827104,20.72500082651774,21.024319807688396,0.02564684399308529,0.03439551201641511,0.03270920839340664,0.03712341306708581,0.9509544372558594,290291525.14285713,308280029.5714286,302677526.73333335,389898535.9722222,0.015759039153199206,0.1707796077448125,1.6338945912124272,5.825320137273645,1
2023-10-13,21.834917068481445,22.15665435791016,21.132036209106445,21.299955368041992,269268807.0,0.02510057107806385,21.300268173217773,23.42445373535156,20.300655364990234,18.402999877929688,27.391355514526367,25.361927032470703,22.271406446184432,21.61824626014346,20.669869073232015,21.004725307888457,0.02384056197006077,0.03463368762598367,0.03250396261975933,0.03695661738842066,1.0246181488037145,271234853.85714287,312965488.9047619,301170088.53333336,388800910.8277778,-0.049598057118093286,0.23809374477246026,1.5717568944560019,5.709450256097577,1
2023-10-14,22.01171875,22.196813583374023,21.82191276550293,21.83435440063477,174004594.0,0.00809719958926558,21.834917068481445,23.287302017211918,21.3951473236084,18.838306427001957,27.384082794189453,24.55884552001953,22.08918026515416,21.739094597952707,20.638454627990722,20.99057460361057,0.02478415591791311,0.03462208747200192,0.031915923849924255,0.03688604157339728,0.37490081787109375,256320723.14285713,316614324.1904762,297000279.9166667,385383840.5888889,-0.3537885210744073,0.3350265326918811,1.3581552933673469,5.704266720275067,1
2023-10-15,21.922027587890625,22.135814666748047,21.71138381958008,22.010534286499023,178940996.0,-0.004074700532386899,22.01171875,23.24642562866211,23.83648681640625,19.16884422302246,26.872766494750977,24.852689743041992,21.899980545043945,21.860415413266136,20.6236221631368,20.974293147193062,0.02470606987684089,0.034605522569907725,0.03138047157630291,0.0368764871668535,0.4244308471679652,254645092.0,319641008.8095238,292629764.23333335,383668546.9222222,0.028369377420000674,0.32454363596119395,1.5927517362923735,6.182051421260933,1
2023-10-16,23.98295783996582,24.41446876525879,21.92258644104004,21.92258644104004,726713710.0,0.09401184465316614,21.922027587890625,22.118396759033203,23.371700286865234,19.140369415283203,25.54450416564941,22.71283531188965,22.166346413748606,22.078454335530598,20.661505222320557,20.981349383460152,0.03988875957573887,0.039488279761658474,0.03301750101318312,0.036971506351433224,2.49188232421875,307465944.4285714,346444116.14285713,294392803.98333335,383056545.8333333,3.0611918243709786,0.3280674046087406,1.7325403887727804,5.451273769627541,1
2023-10-17,23.959318161010746,24.485265731811523,23.64439010620117,23.981590270996094,520830665.0,-0.0009856865492913203,23.98295783996582,22.10511589050293,23.55269432067871,18.83162879943848,26.372352600097656,22.181440353393555,22.43123245239258,22.313503447033114,20.705235640207928,20.991226482391358,0.03990975799928381,0.03897498506624183,0.032921859582055096,0.036926705198870764,0.8408756256103551,347429304.28571427,363140724.8095238,296218652.26666665,382289901.8611111,-0.2833069504082977,0.25844720366851837,1.4154027402438052,5.437337714522125,1
2023-10-18,23.432138442993164,24.30299949645996,23.4240779876709,23.95922470092773,362606644.0,-0.02200311855599746,23.959318161010746,22.00741958618164,23.1447868347168,19.657245635986328,25.375167846679688,21.278135299682617,22.634763717651367,22.51836613246373,20.73112064997355,21.00319316652086,0.04164772167314504,0.03965212066005647,0.03292980611412948,0.03683452042530943,0.8789215087890625,359383770.4285714,370389367.9047619,298194613.4,381584678.9166667,-0.3037916767055181,0.3854077458637388,1.4929835430289269,5.414951206692872,1
2023-10-19,24.93791961669922,25.38907623291016,23.256446838378903,23.4334774017334,663249208.0,0.0642613638259859,23.432138442993164,21.300268173217773,22.694141387939453,20.03618812561035,25.544267654418945,21.81628799438477,23.154428209577286,22.75552340916225,20.783864720662436,21.02053556442261,0.041440042302415596,0.040770605850733985,0.03389273268616603,0.037090564428982634,2.132629394531257,413659232.0,391212904.5714286,305934548.3333333,383898235.5777778,0.8291148796490337,0.31428339354653567,1.3463354894646526,5.21446934113428,1
2023-10-20,27.033674240112305,27.31616973876953,24.77450561523437,24.937543869018555,910991447.0,0.0840388715508451,24.93791961669922,21.834917068481445,23.42445373535156,20.3049373626709,24.535053253173828,21.480138778686523,23.897107805524552,23.076143355596635,20.88095496495565,21.051388539208308,0.04738383637528424,0.04374433464432299,0.035257414359836294,0.03757607471764346,2.54166412353516,505333894.85714287,424137684.47619045,315465640.6166667,387212366.56666666,0.37352813393785467,0.17408007983388063,1.2710031184404116,4.905203898759588,1
2023-10-21,29.386228561401367,30.14244842529297,26.71261215209961,27.034481048583984,1160814433.0,0.08702310682572212,27.033674240112305,22.01171875,23.287302017211918,19.47907066345215,24.766815185546875,21.391069412231445,24.95060920715332,23.456671033586776,21.028283087412515,21.095806090037026,0.05008728921944736,0.0457809790466391,0.03650144054424988,0.038103961687701804,3.4298362731933594,646306729.0,463748469.1904762,328452636.23333335,391668660.9166667,0.27423197750395567,0.07714803684361904,0.9238206233890685,4.680886167039888,1
2023-10-22,29.03668212890625,29.9661922454834,28.20864486694336,29.384227752685547,665340924.0,-0.011894906206312061,29.386228561401367,21.922027587890625,23.24642562866211,19.43814468383789,23.38149070739746,21.92725372314453,25.96698842729841,23.704299381801064,21.150500710805257,21.13530291451348,0.05138733210063503,0.04022570668221788,0.03598604822044626,0.03808111139733526,1.757547378540039,715792433.0,465092174.5714286,332796876.23333335,393321930.59444445,-0.4268326572400569,0.1303842774474131,0.7908545057458218,4.724375547834202,1
2023-10-23,31.850984573364254,32.468772888183594,28.9017391204834,29.26222038269043,1581590969.0,0.09692231474533175,29.03668212890625,23.98295783996582,22.118396759033203,19.47390365600586,23.279321670532227,21.28301239013672,27.09099224635533,24.1080748240153,21.330799929300944,21.19401387108697,0.05188704161530376,0.04379413643689961,0.03754538774095066,0.03865402710673644,3.5670337677001953,837917755.7142857,509068695.5714286,353682176.53333336,398274723.5555556,1.377113614914209,0.09768467010386028,0.808062104465699,4.25133365059615,1
2023-10-24,30.15153694152832,32.36031723022461,29.70209312438965,31.84965705871582,1450364573.0,-0.05335620404202879,31.850984573364254,23.959318161010746,22.10511589050293,19.374290466308597,25.17705345153809,22.34011459350586,27.975594929286412,24.422305425008137,21.493446890513102,21.237410661909315,0.06199075412052092,0.0463087286919164,0.03805215126963034,0.038721368351754444,2.658224105834961,970708314.0,547015014.3809524,373216379.0833333,403500386.7888889,-0.08297113385957888,0.27753076288980916,0.8771636470417139,4.669113831532704,1
2023-10-25,32.46306610107422,33.69322204589844,30.059873580932617,30.151220321655277,1458706203.0,0.07666372576723224,30.15153694152832,23.432138442993164,22.00741958618164,19.40414047241211,25.099336624145508,23.366287231445312,29.26572745186942,24.866033009120397,21.69649092356364,21.287948322296142,0.0579556419118333,0.04776861514607526,0.039051432712130095,0.03898126510794784,3.6333484649658203,1127293965.2857144,596035839.5238096,395127063.93333334,408761079.73888886,0.005751402202789357,0.2771912519838431,0.7517273212050108,4.45718436126542,1
2023-10-26,32.77549362182617,33.22134017944336,30.797067642211918,32.461856842041016,1015617285.0,0.009624091568529058,32.46306610107422,24.93791961669922,21.300268173217773,19.023286819458008,24.84685707092285,23.18299674987793,30.38538088117327,25.34609740121024,21.89630184173584,21.341239971584745,0.05923752460833919,0.04706566670709021,0.03899262082569122,0.03897694398242575,2.4242725372314418,1177632262.0,627194339.7142857,409095749.81666666,412348042.01666665,-0.3037547362784472,0.2267570882758283,0.7954417294709819,4.026831902935545,1
2023-10-27,31.73969841003418,33.30240249633789,31.52513885498047,32.77643585205078,870812666.0,-0.03160273415690762,32.77549362182617,27.033674240112305,21.834917068481445,19.130022048950195,25.16897392272949,22.832014083862305,31.057670048304967,25.742061433337984,22.082678476969402,21.390727106730143,0.06141344504554774,0.048195511988195834,0.03925527893605376,0.03903822319321215,1.7772636413574219,1171892436.142857,649487061.6190476,420265960.3666667,415141210.9,-0.1425779386966617,0.24512084586607696,0.8161073697250176,4.378310812203518,1
2023-10-28,31.653318405151367,32.47766876220703,31.50631332397461,31.73992156982422,380462073.0,-0.0027215130958996303,31.73969841003418,29.386228561401367,22.01171875,19.957616806030277,24.26101875305176,21.98663330078125,31.381540025983536,26.140443166097004,22.24722105662028,21.44443091286553,0.0553159774691484,0.04813042591903001,0.03868903970366307,0.03892740278651687,0.9713554382324219,1060413527.5714285,654346993.2380953,418779002.5833333,414819608.7,-0.5630953845129303,0.3378248442118643,0.7396160575290043,4.57758880368149,1
2023-10-29,32.822608947753906,33.13132858276367,31.434202194213867,31.652101516723636,507672244.0,0.036940535827429954,31.653318405151367,29.03668212890625,21.922027587890625,20.300655364990234,23.720956802368164,22.26497840881348,31.922386714390345,26.596451895577566,22.447016143798827,21.503084415859647,0.05488564458982699,0.04816568348025921,0.0383040955462293,0.039003881649676914,1.6971263885498047,1037889430.4285715,669442318.4761904,422368165.73333335,415991549.6888889,0.334357035898293,0.25640840282418575,0.7729964842955517,4.426287241770056,1
2023-10-30,34.962337493896484,35.17289352416992,32.39456558227539,32.819034576416016,1099930941.0,0.06519069064706384,32.822608947753906,31.850984573364254,23.98295783996582,21.3951473236084,23.99875259399414,22.218002319335938,32.36686570303781,27.208068121047248,22.700803565979005,21.573886277940538,0.04828328086692898,0.0467263084146827,0.038142590089459055,0.03927721831100124,2.7783279418945312,969080855.0,704821518.3809524,434972860.48333335,419625625.1,1.1666162647253175,0.2049706241031941,0.6946844503760816,4.130113177424918,1
2023-10-31,38.51951599121094,38.54643249511719,34.9084358215332,34.95983123779297,1577034191.0,0.10174315427094771,34.962337493896484,30.15153694152832,23.959318161010746,23.83648681640625,23.145721435546875,21.730348587036133,33.562291281563894,27.98970622108096,23.020664755503336,21.667159430185954,0.047595082861784425,0.0493969298388424,0.03970198170822713,0.03991042284168481,3.6379966735839844,987176514.7142857,768438044.3333334,456476048.01666665,426765666.75555557,0.4337574589603257,0.11871978260309812,0.5379638450888622,3.54120380365352,1
2023-11-01,41.461544036865234,46.25090026855469,37.96105194091797,38.51305770874024,3630725002.0,0.07637759639361996,38.51951599121094,32.46306610107422,23.432138442993164,23.371700286865234,22.636049270629883,22.82611083984375,34.84778812953404,28.916093099684943,23.386794757843017,21.77068961461385,0.04755499489106161,0.049895758634337636,0.04054972009587328,0.040125518674692474,8.289848327636719,1297464914.5714285,928047550.0952381,513640486.55,444585187.8111111,1.302248754478653,0.04168547032610026,0.4423967661846029,3.0623183865517145,1
2023-11-02,40.20756912231445,44.4891242980957,38.975345611572266,41.38594818115234,2583692673.0,-0.030244288862851243,41.461544036865234,32.77549362182617,24.93791961669922,23.55269432067871,22.79361915588379,21.974262237548828,35.90951320103237,29.81644076392764,23.730608463287354,21.87198576397366,0.05334615183403499,0.04977640468750717,0.04092542892896077,0.04008816474956382,5.5137786865234375,1521475684.2857144,1037589059.4285715,553959192.2333333,456983844.6111111,-0.28838106119941276,0.13025554703893394,0.5875831449825348,3.1350953157979475,1
2023-11-03,39.51976013183594,40.22572326660156,38.21837615966797,40.208927154541016,1755955299.0,-0.01710645546330214,40.20756912231445,31.73969841003418,27.033674240112305,23.1447868347168,22.632204055786133,21.84422874450684,37.02095058986119,30.658576147896902,24.06428098678589,21.97018316056993,0.050736957015002276,0.05090246147732968,0.0410513957530748,0.04011251908717387,2.0073471069335938,1647924631.857143,1108383654.2857144,579558040.5666667,465052340.6888889,-0.32036990414919986,0.43330455561789005,0.5951505366670695,3.200692132370799,1
2023-11-04,42.34659576416016,42.69524002075195,39.168792724609375,39.52021026611328,1454107898.0,0.07152967586073511,39.51976013183594,31.653318405151367,29.386228561401367,22.694141387939453,23.18569564819336,20.65746307373047,38.54856164114816,31.626903624761674,24.432184505462647,22.09067834218343,0.04980585411651811,0.051426300367189245,0.04160942787215927,0.04018554938679796,3.526447296142578,1801302606.857143,1169340954.4761906,597337700.7166667,470055450.9222222,-0.1718992511779196,0.32484465682350594,0.45292942756203836,2.8385919131285315,1
2023-11-05,41.23860168457031,42.80353927612305,40.380126953125,42.37336730957031,884855278.0,-0.026164891406161073,42.34659576416016,32.822608947753906,29.03668212890625,23.42445373535156,23.068756103515625,20.68364524841309,39.75084631783621,32.54674048650833,24.792494042714438,22.204872544606527,0.056456124773964375,0.05243586541696634,0.04150541538773415,0.04025090991874207,2.423412322998047,1855185897.4285715,1202955920.2857144,606858105.6166667,473455864.09444445,-0.39147894099396463,0.3616877444162372,0.47907127287554685,2.825229139355135,1
2023-11-06,42.12858963012695,42.155067443847656,39.825077056884766,41.238563537597656,1010459088.0,0.02158142878762148,41.23860168457031,34.962337493896484,31.850984573364254,23.287302017211918,24.211763381958008,20.953710556030277,40.774596623011995,33.41081819080171,25.163128884633384,22.322510761684843,0.0548860631512199,0.05048651923981182,0.04151922751475368,0.04026589510984338,2.3299903869628906,1842404204.142857,1216467604.952381,619658452.8833333,476343413.42777777,0.14194842153611464,0.23210986985678872,0.4693812078625055,2.9574644751781483,1
2023-11-07,43.09254455566406,44.42584991455078,40.31990814208984,42.13777160644531,1780187159.0,0.02288125318222778,42.12858963012695,38.51951599121094,30.15153694152832,23.24642562866211,24.37852668762207,20.23488044738769,41.42788641793387,34.32192420959473,25.554687213897704,22.449497784508598,0.044371990197177934,0.05005942016685494,0.04137175219706572,0.04018213317185116,4.105941772460945,1871426056.7142856,1276436961.8095238,645676330.5833334,484141477.67777777,0.7617607482985991,0.3189839606276377,0.5742358751225607,3.3384485677449875,1
2023-11-08,43.18988800048828,43.805057525634766,42.394229888916016,43.08591842651367,1009177437.0,0.002258939355471945,43.09254455566406,41.461544036865234,32.46306610107422,22.118396759033203,24.613052368164062,20.911794662475582,41.67479269845145,35.262769426618306,25.950417486826577,22.57326496971978,0.0358630716827537,0.049081544299824656,0.04130204846871582,0.04012593112323093,1.41082763671875,1496919261.7142856,1307226047.1904762,660797196.9833333,487732872.9111111,-0.4331059900651716,0.517355195253123,0.7365739354546956,3.5458463500609874,1
2023-11-09,45.44482803344727,48.703067779541016,42.608184814453125,43.18186950683594,2830770419.0,0.052209906933157635,43.18988800048828,40.20756912231445,32.77549362182617,22.10511589050293,24.582860946655277,20.86876106262207,42.422972542899,36.23928887503488,26.403684107462563,22.709798675113255,0.03536235470520924,0.048738326296947444,0.040365589383425306,0.04027755488783436,6.094882965087891,1532216082.5714285,1410441342.952381,699298650.5666667,502211495.4222222,1.8050274562371138,0.27344310111340553,0.5900072600817468,3.399598794233804,1
2023-11-10,56.64385223388672,57.34910202026367,45.21684646606445,45.4423713684082,3795204638.0,0.24643121527926115,45.44482803344727,39.51976013183594,31.73969841003418,22.00741958618164,24.90673065185547,20.95339775085449,44.869271414620535,37.6492973509289,27.052095540364583,22.908078977796766,0.08985174130426664,0.0671363121910442,0.04974401786441608,0.04411080212578734,12.132255554199219,1823537416.7142856,1547784828.2380953,756214967.5166667,522270840.90555555,0.34069672783308813,0.03128465336632891,0.31887016674561774,2.5342743806488404,1
2023-11-11,56.1026611328125,63.41544723510742,54.04486846923828,56.640995025634766,4182963132.0,-0.009554277820646773,56.64385223388672,42.34659576416016,31.653318405151367,21.300268173217773,24.24288558959961,21.00718879699707,46.8344236101423,38.921508425758,27.68830944697062,23.10305382410685,0.09267100966239873,0.06690497954999057,0.04988152374477255,0.04412603958170642,9.37057876586914,2213373878.714286,1691696671.047619,819907879.8333334,543802002.8222222,0.10217064189833547,0.0429581172907334,0.25425729939315866,2.7540772487831626,1
2023-11-12,56.15409851074219,61.71490478515625,54.94210433959961,56.13203048706055,2987356952.0,0.0009168438161590853,56.1026611328125,41.23860168457031,32.822608947753906,21.834917068481445,25.142822265625,20.679420471191406,48.965208871024,40.212813967750186,28.317494424184165,23.300135368771024,0.08976176879881055,0.06653034637097871,0.04993746934187275,0.04409719128825594,6.772800445556641,2513731260.714286,1802268862.857143,863751664.45,558846857.3,-0.28582756822634126,0.09330503258729705,0.22058196550923004,2.9648339793729273,1
2023-11-13,51.90705108642578,59.71365737915039,51.90705108642578,56.180625915527344,2942685126.0,-0.0756320114996406,56.15409851074219,42.12858963012695,34.962337493896484,22.01171875,23.89658546447754,21.06839942932129,50.36213193620954,41.16786475408645,28.868640168507895,23.471461211310494,0.10132461460299969,0.06896037638134353,0.05143383979021395,0.04450972452452342,7.806606292724609,2789763551.857143,1867082870.3333333,906973413.6833333,573640981.5388889,-0.014953628480885994,0.08913589515843245,0.3633558955376457,3.088689437781185,1
2023-11-14,56.838375091552734,57.730106353759766,51.71446228027344,51.90221786499024,3195616616.0,0.09500296976833167,51.90705108642578,43.09254455566406,38.51951599121094,21.922027587890625,22.811975479125977,20.348695755004883,52.325822012765066,42.43866657075428,29.4964656829834,23.67418165206909,0.10362075855426593,0.06805882119997804,0.052379144733678676,0.04489865444170254,6.015644073486328,2991967760.0,1950190110.4761906,956813652.5833334,589764812.7277777,0.08595261782010999,-0.08511682575898971,0.3304449799759581,2.7859026530420894,0
2023-11-15,65.5344009399414,66.86766815185547,56.30898666381836,56.83993911743164,3793937162.0,0.15299568002043507,56.838375091552734,43.18988800048828,41.461544036865234,23.98295783996582,21.70997428894043,20.34987068176269,55.5178952898298,44.01349203927176,30.2696995417277,23.925206820170086,0.10890277308770613,0.07242360411236973,0.05505622590308832,0.04620075157355965,10.55868148803711,3389790577.857143,2061391584.7142856,1017604641.35,610014054.7055556,0.1872316419323563,-0.12124689672835853,0.10429006749342973,2.1925075599044206,0
2023-11-16,57.87140274047852,67.99214935302734,56.81013107299805,65.53944396972656,3922608772.0,-0.11693092619379541,65.5344009399414,45.44482803344727,40.20756912231445,23.959318161010746,21.335493087768555,20.285446166992188,57.29312024797712,45.20853533063616,30.920362440745034,24.134017690022787,0.1293338003452213,0.07965968837761686,0.05771682465842072,0.04711701879595022,11.182018280029297,3545767485.428571,2199819750.7619047,1081104876.2166667,631133983.9,0.03391506092635699,-0.021980350072221877,0.2695994849525474,2.768612809438968,0
2023-11-17,58.41593551635742,60.416290283203125,54.5516471862793,57.92103958129883,3185454735.0,0.009409358510296117,57.87140274047852,56.64385223388672,39.51976013183594,23.432138442993164,21.879037857055664,19.609437942504883,57.54627500261579,46.478832335699174,31.56634060541789,24.349609343210854,0.09269629401434097,0.078561588861203,0.05765133227696991,0.047020756417446005,5.864643096923828,3458660356.428571,2310040801.6666665,1128925036.7,647660721.8,-0.18792443494795708,-0.026525222669550486,0.21543065554341445,2.6950333717811743,0
2023-11-18,58.512725830078125,59.28344345092773,55.062313079833984,58.39267349243164,1942321169.0,0.0016569162654871405,58.41593551635742,56.1026611328125,42.34659576416016,24.93791961669922,21.77327537536621,19.54204559326172,57.89056995936802,47.75785173688616,32.20761623382568,24.56611312230428,0.09243833858779485,0.07846991091706546,0.05769923771365028,0.047015888179026494,4.221130371093743,3138568647.428571,2384415044.3333335,1157065459.5,657246267.3444444,-0.3902530939589697,0.005704111675259194,0.27061522574184615,3.06023694223001,1
2023-11-19,61.39355850219727,62.02115249633789,56.88264846801758,58.52428436279297,1998656461.0,0.049234292732919904,58.512725830078125,56.15409851074219,41.23860168457031,27.033674240112305,21.20825958251953,20.043182373046875,58.639064243861604,49.11837314424061,32.892426586151124,24.795837434132896,0.0934772938662704,0.07855088741377159,0.0578196308601757,0.04710048059231165,5.1385040283203125,2997325720.142857,2455414292.7619047,1186489631.75,666912352.2,0.029004107507618837,-0.061095307038612656,0.18888317866965298,2.9058535836410107,0
2023-11-20,56.53383255004883,61.37046051025391,56.35343170166016,61.37046051025391,1937313546.0,-0.07915693552727543,61.39355850219727,51.90705108642578,42.12858963012695,29.386228561401367,20.546541213989254,19.223663330078125,59.30003302437918,50.145587194533576,33.510005950927734,25.00311615202162,0.09406419043422871,0.08184326309791676,0.05871254885093051,0.04740459641319835,5.01702880859375,2853701208.714286,2495289654.904762,1214548029.2666667,676020537.7833333,-0.03069207550021269,-0.0259881828649855,0.4538414798105668,3.211593990690287,0
2023-11-21,52.00047302246094,57.36568832397461,51.55591583251953,56.54036712646485,2440890238.0,-0.08018843448433388,56.53383255004883,56.838375091552734,43.09254455566406,29.03668212890625,21.7036247253418,19.260662078857425,58.60890415736607,50.787537529355006,34.052711423238115,25.185003990597195,0.0928486053741348,0.08306286756290159,0.06005032728847517,0.04784757319112806,5.809772491455078,2745883154.714286,2536425657.142857,1252381630.55,688500277.1666666,0.25993556543273155,0.11911232508671765,0.8048838244515766,3.527336898966901,1
2023-11-22,57.58855819702149,58.79156494140625,51.73749542236328,52.00212860107422,1985653842.0,0.10746219889474573,52.00047302246094,65.5344009399414,43.18988800048828,31.850984573364254,21.033031463623047,19.36695671081543,57.473783765520366,51.55549058460054,34.687955665588376,25.397346221076116,0.08036385867720205,0.08443026410824428,0.0611007969798792,0.0484340793709087,7.054069519042969,2487556966.142857,2458088935.2380953,1283852877.0333333,698752640.3555555,-0.1865042470623376,0.028852458799211167,0.7017910448749858,3.4638361420978834,1
2023-11-23,56.599369049072266,59.47392272949219,56.28756332397461,57.57801818847656,1379316733.0,-0.017176834755352255,57.58855819702149,57.87140274047852,45.44482803344727,30.15153694152832,20.392719268798828,20.425233840942383,57.29206466674805,52.336052485874724,35.308373641967776,25.59831363889906,0.06713606728377106,0.0840968278767087,0.06120453672659726,0.048336759041389156,3.186359405517578,2124229532.0,2400737700.0,1304918478.9333334,705417272.8611112,-0.3053589181431957,0.04668345107242389,0.9009793299739812,3.532182620894732,1
2023-11-24,56.86643981933594,58.686012268066406,56.34909057617188,56.57889175415039,1146346831.0,0.0047186174466382624,56.599369049072266,58.41593551635742,56.64385223388672,32.46306610107422,20.280424118041992,20.7985782623291,57.07070813860212,53.16208485194615,35.93274529774984,25.7986906475491,0.06703525901823387,0.08375464576903546,0.061189853919543,0.04832933211357605,2.336921691894524,1832928402.857143,2371708725.3333335,1321293451.85,710166639.2222222,-0.16890239669121743,0.05165713256872717,0.9780597236395094,3.4873305482801733,1
2023-11-25,58.84648895263672,59.654144287109375,56.32527923583984,56.86628723144531,1183793273.0,0.03481929130065775,56.86643981933594,58.512725830078125,56.1026611328125,32.77549362182617,20.78683853149414,20.586509704589844,57.11838858468192,53.947794051397416,36.59646533330282,26.011246087816026,0.06848640643119507,0.08301930206529536,0.060998080147478255,0.04835775638275296,3.3288650512695384,1724567274.857143,2358836600.3333335,1338186641.6833334,715474959.4222223,0.03266589219541349,0.08473521828436126,1.058686314901855,3.2979543834815637,1
2023-11-26,57.6427001953125,58.95796203613281,56.51145553588867,58.84542083740234,871154750.0,-0.020456424482573676,58.84648895263672,61.39355850219727,56.15409851074219,31.73969841003418,20.557100296020508,21.25408363342285,56.582551683698384,54.72894159952799,37.23834330240886,26.213405068715414,0.06561942156818094,0.08287360570508956,0.061200199882732384,0.048362887437278866,2.4465065002441406,1563495601.857143,2358184194.2380953,1349199468.5333333,718272972.55,-0.2640989183928232,0.09363312908055543,0.9547442181322254,3.067238500325068,1
2023-11-27,55.06462097167969,58.02122497558594,53.71446990966797,57.628868103027344,1237763215.0,-0.04472516406929983,57.6427001953125,56.53383255004883,51.90705108642578,31.653318405151367,21.780763626098636,20.82450294494629,56.372664315359934,55.344943091982884,37.82346003850301,26.40362794664171,0.06040457776844762,0.08403200529565462,0.06169311529702541,0.048473419175108855,4.306755065917969,1463559840.2857144,2369008200.285714,1366062939.8166666,723781921.85,0.4208304724275451,0.11735292202349035,0.943603609595105,3.1946751128864426,1
2023-11-28,58.19437026977539,58.6068229675293,54.08532333374024,55.06262969970703,1412314015.0,0.05683775249638723,55.06462097167969,52.00047302246094,56.838375091552734,32.822608947753906,20.834903717041016,20.50221824645996,57.257506779261995,56.06407764979771,38.455021953582765,26.613028791215683,0.05262916313135336,0.08449628722710421,0.06188711834879836,0.04858943810154161,4.521499633789055,1316620379.857143,2351490431.5238094,1385941988.9166667,730466737.9888889,0.1410211564576187,0.04812253835632907,0.7545437472407142,3.1636710639348085,1
2023-11-29,59.25012969970703,61.653358459472656,57.8550910949707,58.19305038452149,1941361674.0,0.018141951275310486,58.19437026977539,57.58855819702149,65.5344009399414,34.962337493896484,19.735092163085938,21.25759506225586,57.4948741367885,56.828851064046226,39.08593832651774,26.824098428090412,0.035024784984764835,0.08442291679391267,0.061722107561488465,0.04854512181456981,3.798267364501953,1310292927.2857144,2395880157.095238,1412814884.25,739932025.6944444,0.3745963386194959,0.04477337399931214,0.7942832589045143,3.01288585819813,1
2023-11-30,59.24162292480469,61.43787384033203,58.946922302246094,59.253517150878906,1263841021.0,-0.00014357394566821835,59.25012969970703,56.599369049072266,57.87140274047852,38.51951599121094,19.327844619750977,21.15556526184082,57.87233897617885,57.485841296968005,39.67602392832438,27.0356876373291,0.03383153245129248,0.08414656819774634,0.06048537320498952,0.048540125036194794,2.4909515380859375,1293796397.0,2321264471.4761906,1423260182.75,746148176.7555555,-0.34899249432694834,0.14510417238147277,0.7191474526839818,3.1111213280037218,1
2023-12-01,59.80399703979492,61.75801849365234,58.7782096862793,59.23817825317383,1376669760.0,0.009492888398821453,59.24162292480469,56.86643981933594,58.41593551635742,41.461544036865234,19.49374389648437,21.8189754486084,58.29199000767299,57.636324382963636,40.28322887420654,27.246715535057916,0.03382535183338651,0.06550978057810704,0.06030434310322765,0.04850583624322864,2.9798088073730398,1326699672.5714285,2206096143.952381,1435236611.6166666,752030774.4944445,0.08927447133400168,0.2541374739040798,0.697308311357234,2.975382176182712,1
2023-12-02,63.83285903930664,63.83285903930664,59.77376174926758,59.80374526977539,1346327049.0,0.06736777136870664,59.80399703979492,58.84648895263672,58.512725830078125,40.20756912231445,19.578746795654297,20.07505989074707,59.00432859148298,58.004429045177645,40.95456495285034,27.48981441921658,0.03987010094947841,0.06681594303328209,0.060631418337543146,0.04827741125502805,4.0590972900390625,1349918783.4285715,2071018235.2380953,1446783864.4666667,756209175.0666667,-0.022040660644714105,0.1319813587208003,0.7155534610089127,2.7139168540812473,1
2023-12-03,63.03996658325195,65.39625549316406,62.416622161865234,63.82087707519531,1368876645.0,-0.0124213840330486,63.83285903930664,57.6427001953125,61.39355850219727,39.51976013183594,19.499408721923828,20.398483276367188,59.7753666469029,58.33232752482096,41.61948461532593,27.726711548699274,0.038871019344304036,0.06695258296452061,0.06058568324780898,0.048296026183313065,2.979633331298828,1421021911.2857144,1993947744.4285715,1462443993.9666667,761361777.3444444,0.016748973450952276,0.18505593974517875,0.6911687472531169,2.5811598150233914,1
2023-12-04,61.526615142822266,65.13323974609375,60.280521392822266,63.03776931762695,2211865569.0,-0.02400622212308956,63.03996658325195,55.06462097167969,56.53383255004883,42.34659576416016,20.272384643554688,18.6342830657959,60.69850867135184,58.79040200369699,42.26669251124064,27.96500228246053,0.03420687427335771,0.06465058254218045,0.06063675054310486,0.0478398144534661,4.852718353271484,1560179390.4285715,1959146813.142857,1493286940.4333334,771480781.6111112,0.6158253390319184,0.14368671310565362,0.6024680768906217,2.8064879213517804,1
2023-12-05,60.99483108520508,62.54000473022461,59.25082778930664,61.5291748046875,1693517649.0,-0.008643154777534079,61.526615142822266,58.19437026977539,52.00047302246094,41.23860168457031,19.62002944946289,18.90947532653809,61.09857450212751,58.98832847958519,42.89286546707153,28.198809814453124,0.03002457751731241,0.06173473852954691,0.060709500532849674,0.047852454625920526,3.2891769409179688,1600351338.142857,1887618290.9047618,1514801142.8166666,779453322.4,-0.23434874490783308,0.12371292308186854,0.7227285602256341,2.756372288216171,1
2023-12-06,61.902957916259766,66.38362121582031,60.97986602783203,60.97986602783203,3030993886.0,0.014888586703127427,60.99483108520508,59.25012969970703,57.58855819702149,42.12858963012695,19.890499114990234,17.37969970703125,61.47754996163504,58.81540262131464,43.53645973205566,28.44616124894884,0.029850066796613922,0.051746303878581465,0.06063147694840318,0.0473929406812322,5.403755187988281,1756013082.7142856,1851287658.7142856,1560677649.1,793718040.1722223,0.789762207550516,0.1432052118476248,0.6150890627625754,2.7800892054217385,1
2023-12-07,67.83782958984375,69.30046844482422,61.873008728027344,61.934043884277344,3002455075.0,0.09587379785005545,61.902957916259766,59.24162292480469,56.599369049072266,43.09254455566406,19.599044799804688,15.65610122680664,62.705579485212056,59.289994376046316,44.27964979807536,28.7360597398546,0.04461737022649415,0.0487444497785463,0.06139337043009617,0.047154487746328855,7.427459716796875,2004386519.0,1807470816.0,1607540726.7833333,803563124.3444444,-0.009415661025190203,0.11472214349658771,0.38356017562564393,2.494378764772303,1
2023-12-08,75.00243377685547,75.12979125976562,67.84123229980469,67.84671783447266,3612712432.0,0.1056137000598314,67.83782958984375,59.80399703979492,56.86643981933594,43.18988800048828,19.44607162475586,15.558775901794434,64.87678473336356,60.079827626546226,45.161050415039064,29.06630228360494,0.05442668433845105,0.05313607456015713,0.061710821566685004,0.04768347681265801,7.2885589599609375,2323821186.428571,1827816420.6190476,1661803138.2666667,821154988.7,0.20325278538930336,-0.035111470483491614,0.19031263125311582,2.180536235447275,0
2023-12-09,72.25760650634766,77.50202178955078,72.03968811035156,74.98954772949219,2893248364.0,-0.036596509370270924,75.00243377685547,63.83285903930664,58.84648895263672,45.44482803344727,18.24883079528809,15.196707725524902,66.080320085798,60.73434575398763,45.99692525863647,29.383307276831733,0.05790790789381582,0.054200029725589814,0.06211138853215168,0.04774550310571326,5.462333679199219,2544809945.714286,1873098668.0,1706005825.2333333,835094091.0666667,-0.19914789276535472,0.016827247195608352,0.3533584649225754,2.27539679497799,1
2023-12-10,74.70588684082031,74.72459411621094,70.91922760009766,72.27294921875,1849363354.0,0.033882665823667724,72.25760650634766,63.03996658325195,57.6427001953125,56.64385223388672,17.739166259765625,15.018193244934082,67.74688012259347,61.368266151064915,46.875233046213786,29.714905574586655,0.056310512625896106,0.05376705521767812,0.06203465066994687,0.04775167772458074,3.8053665161132812,2613450904.142857,1865989472.4285715,1732179791.45,843346794.6277778,-0.36080034572517605,-0.04959941175569482,0.3306740809959301,1.9092949749025978,0
2023-12-11,70.36717224121094,74.8381118774414,67.21549224853516,74.71422576904297,3729540309.0,-0.05807727855308242,74.70588684082031,61.526615142822266,55.06462097167969,56.1026611328125,17.929826736450195,14.486572265625,69.00981685093471,62.02699661254883,47.693014780680336,30.0253533522288,0.06247421642821821,0.05217807692098356,0.06250973425155347,0.047901915096147475,7.62261962890625,2830261581.285714,1951333604.0,1789616780.3166666,862419227.8111111,1.016661734392732,0.05656029610656477,0.4500088147605712,2.0386984252479023,1
2023-12-12,68.54067993164062,72.34092712402344,65.968994140625,70.34428405761719,2366453484.0,-0.025956596682744304,70.36717224121094,60.99483108520508,58.19437026977539,56.15409851074219,18.402999877929688,14.759472846984863,70.08779525756836,62.814625512985955,48.47144416173299,30.324137836032442,0.06416289376231718,0.04862125916206538,0.06281298466988529,0.04797159117210265,6.3719329833984375,2926395272.0,1947788996.6666667,1824569858.2666667,873733611.5611111,-0.3654838698781845,0.0649116561833103,0.4576662966658518,2.3184210983280504,1
2023-12-13,70.76778411865234,72.3547592163086,64.3697738647461,68.5322494506836,2414610075.0,0.03249317324008061,68.54067993164062,61.902957916259766,59.25012969970703,51.90705108642578,18.838306427001957,15.30825424194336,71.3541990007673,63.44220769973028,49.28404525121053,30.632246335347492,0.06434167654895684,0.04397098651611876,0.0628063170784745,0.04795783693399622,7.9849853515625,2838340441.857143,1968215483.952381,1861913282.95,885856196.95,0.02034968839472029,0.16142156770262006,0.2960828187706015,2.208051812940837,1
2023-12-14,75.62033081054688,76.17998504638672,69.8573226928711,70.74867248535156,2464938440.0,0.06856999625364191,70.76778411865234,67.83782958984375,59.24162292480469,56.838375091552734,19.16884422302246,15.650521278381348,72.46598488943917,64.34796778361003,50.17901697158813,30.965411943859525,0.05970935802261956,0.04521096721859835,0.06300461347623053,0.0481496257935694,6.322662353515625,2761552351.142857,2019911755.7142856,1900013240.35,898403427.6611111,0.02084326803780101,0.24113200267804524,0.26593004959387434,1.9732387193004475,1
2023-12-15,72.36898803710938,79.15106964111328,72.36663818359375,75.63668823242188,2821390652.0,-0.04299561690074005,75.62033081054688,75.00243377685547,59.80399703979492,65.5344009399414,19.140369415283203,15.43823528289795,72.08977835518974,65.08618436540876,50.9854508082072,31.28169390360514,0.048343943233267954,0.04691209305399382,0.06285967994141585,0.04827952733344511,6.784431457519531,2648506382.571429,2099675747.1904762,1934924522.7166667,913291085.0833334,0.14460897124879102,0.35422223365481886,0.30073866053916976,2.0377757826959493,1
2023-12-16,73.47350311279297,77.0792007446289,71.56934356689453,72.43347930908203,1781972898.0,0.015262270561489988,72.36898803710938,72.25760650634766,63.83285903930664,57.87140274047852,18.83162879943848,16.073041915893555,72.2634778703962,65.78270884922573,51.81068722407023,31.600585354699028,0.04647079938705128,0.04664165218998816,0.06280079040032442,0.048224047501070545,5.509857177734375,2489752744.571429,2128160491.2380953,1955943559.9333334,922280101.8333334,-0.36840618057027574,0.4643950008301907,0.28604493786758267,2.044058872816155,1
2023-12-17,71.00051879882812,74.72001647949219,70.82445526123047,73.47478485107422,1552380672.0,-0.03365817892429113,73.47350311279297,74.70588684082031,63.03996658325195,58.41593551635742,19.657245635986328,16.635231018066406,71.73413957868304,66.41879544939313,52.60349356333415,31.902614731258815,0.04607540004985919,0.047181708634876446,0.06295298585741639,0.04829346353585384,3.8955612182617188,2447326647.142857,2160599820.857143,1975773127.0666666,929427843.8222222,-0.12884159251674543,0.5842872155922194,0.37501692423744215,2.0469490166749407,1
2023-12-18,74.34716033935547,75.38053894042969,67.33440399169922,70.93263244628906,2281865174.0,0.04713545192549473,71.00051879882812,70.36717224121094,61.526615142822266,58.512725830078125,20.03618812561035,17.25704574584961,72.3027093069894,67.33701160975865,53.42698090871175,32.21978203455607,0.043471466457897005,0.04599954614809257,0.06278989011190696,0.04833072050552797,8.046134948730469,2240515913.571429,2210318961.7619047,2002750059.8333333,940117155.9777777,0.4699134143819075,0.6294699210278762,0.3727975374842314,1.9969769614270376,1
2023-12-19,72.9897689819336,76.27140808105469,72.01061248779297,74.34918975830078,1900875405.0,-0.01825747414193224,74.34716033935547,68.54067993164062,60.99483108520508,61.39355850219727,20.3049373626709,16.642620086669922,72.93829345703125,68.04155440557571,54.19291582107544,32.53282175064087,0.04253601790156351,0.04553237550982863,0.062415623239263335,0.04825800215250748,4.260795593261719,2174004759.428571,2233583789.857143,2019248125.8,949015166.45,-0.1669641893574909,0.5437332724289909,0.2912899299303904,1.8275434662061905,1
2023-12-20,82.19123077392578,83.95745086669922,72.989990234375,72.989990234375,3745738278.0,0.12606508994801358,72.9897689819336,70.76778411865234,61.902957916259766,56.53383255004883,19.47907066345215,17.149534225463867,74.5702144077846,69.13398779006232,55.07299919128418,32.89416450924344,0.06138539455770374,0.05192489172839431,0.06333852893239823,0.04901181771783164,10.967460632324219,2364165931.285714,2319506485.285714,2062330189.8833334,967674853.3722222,0.9705332964734741,0.302131566516157,0.13620599855063187,1.3638107563476694,1
2023-12-21,93.85481262207033,95.3234405517578,81.23770904541016,82.1856460571289,4711493441.0,0.14190786216872997,82.19123077392578,75.62033081054688,67.83782958984375,52.00047302246094,19.43814468383789,16.652862548828125,77.17514038085938,70.78223491850353,56.15330136617025,33.32306423187256,0.07514386847737897,0.058432053813261144,0.06514625066726185,0.049901826006516,14.085731506347642,2685102360.0,2483680410.047619,2129766065.1666667,992402700.5333333,0.2578277208186728,0.087899124497693,-0.013691073570255008,1.0692404601691239,1
2023-12-22,98.00369262695312,99.12442779541016,90.79840087890624,93.85801696777344,5284203995.0,0.044205298470833876,93.85481262207033,72.36898803710938,75.00243377685547,57.58855819702149,19.47390365600586,16.97138023376465,80.83724103655133,72.60126804170154,57.25584650039673,33.77324374516805,0.0671223274248263,0.058500661818396166,0.06446702924240084,0.049960077238779904,8.32602691650392,3036932837.571429,2669753468.857143,2191476282.266667,1020354727.7555555,0.12155605460812091,0.08477051178852757,-0.07301008754789584,0.8499451171379326,1
2023-12-23,107.59423065185548,109.50884246826172,93.10676574707033,98.0016860961914,3957434568.0,0.09785894559512509,98.00369262695312,73.47350311279297,72.25760650634766,56.599369049072266,19.374290466308597,16.27002716064453,85.71163068498883,74.68514288039435,58.54655806223551,34.28060043123033,0.06805242930207604,0.05995558779108269,0.06447223784412652,0.05022248304485749,16.402076721191392,3347713076.142857,2794091922.142857,2233260782.1833334,1040807428.3611112,-0.2510821740143664,-0.0534335853603074,-0.22279466234254408,0.6745220789569801,0
2023-12-24,112.48521423339844,117.38066864013672,107.72513580322266,107.72513580322266,6365529251.0,0.04545767511799759,107.59423065185548,71.00051879882812,74.70588684082031,56.86643981933594,19.40414047241211,16.61964988708496,91.63801574707031,77.03967848278228,59.88026053110759,34.81318689982096,0.05577558290986336,0.059389317365963076,0.06416022919042015,0.050280194154196975,9.655532836914062,4035305730.285714,3032027760.5238094,2315041166.3166666,1074732361.5722222,0.6084989256605695,-0.09760743294305041,-0.25079481610471,0.6869212004453167,0
2023-12-25,121.1464614868164,125.1938934326172,108.90338134765624,112.56411743164062,5951791518.0,0.07699898437715125,112.48521423339844,74.34716033935547,70.36717224121094,58.84648895263672,19.023286819458008,15.98684310913086,98.32363019670758,79.87871878487724,61.353109995524086,35.39740700191922,0.05494285071096002,0.05892138443025815,0.06451326217478577,0.05037293151228682,16.290512084960966,4559580922.285714,3210119472.3809524,2397310736.866667,1105978982.538889,-0.06499659599160645,-0.09606371571245853,-0.26756416325580046,0.6260403028948653,0
2023-12-26,112.6767349243164,121.1439971923828,104.72821807861328,121.08433532714844,6117657160.0,-0.06991311556732271,121.1464614868164,72.9897689819336,68.54067993164062,57.6427001953125,19.130022048950195,17.970457077026367,103.99319675990513,82.33976182483491,62.70206060409546,35.92355298995972,0.07056334219562756,0.06256283832726965,0.06525802326805148,0.05004701188062864,16.415779113769517,5161978315.857142,3420792782.428571,2484758145.1,1135868004.5611112,0.027868187502598563,-0.05383110910086253,-0.2288628737744829,0.7526162817270097,0
2023-12-27,107.02379608154295,115.03387451171876,105.42523193359376,112.6548309326172,4267938569.0,-0.05016953008596192,112.6767349243164,82.19123077392578,70.76778411865234,55.06462097167969,19.957616806030277,18.897321701049805,107.54070608956474,84.48837316603888,63.95823523203532,36.41314451429579,0.0767625661424876,0.06498846226314382,0.06586392588843967,0.05016564148818686,9.608642578125,5236578357.428572,3479694910.1904764,2549549420.0333333,1153354443.011111,-0.30235734736727227,-0.07876154411129943,-0.13624473305658324,0.7586566354594009,0
2023-12-28,102.10456848144533,109.420654296875,97.66864776611328,107.022705078125,4492625126.0,-0.045963867664996605,107.02379608154295,93.85481262207033,75.62033081054688,58.19437026977539,20.300655364990234,18.68390274047852,108.71924264090401,86.12012263706752,65.11293455759684,36.87659265730116,0.06789441926009136,0.06499224262379476,0.06642422959463833,0.050317576065923304,11.752006530761719,5205311455.285714,3550655388.8095236,2615965301.4,1176371511.7555556,0.05264521814629708,0.02911690533921618,-0.07777666525941396,0.8003942300148319,1
2023-12-29,106.31151580810548,109.6711196899414,100.05551147460938,102.06928253173828,4445797973.0,0.04120234176813198,102.10456848144533,98.00369262695312,72.36898803710938,59.25012969970703,21.3951473236084,19.453594207763672,109.9060745239258,87.61103130522228,66.30208752950033,37.35913666619195,0.06768140945274058,0.0622935919836677,0.06622669195747906,0.050317599470485745,9.615608215332031,5085539166.428572,3590326128.857143,2671729751.9333334,1198307993.55,-0.010423116037213687,-0.059567634576230266,-0.09757677780622043,0.8343594582726293,0
2023-12-30,101.84508514404295,107.3282241821289,101.06812286376952,106.29850006103516,1863177830.0,-0.04201267031244793,106.31151580810548,107.59423065185548,73.47350311279297,59.24162292480469,23.83648681640625,19.240537643432617,109.08476802280971,89.01995885939826,67.35751368204753,37.81805081897312,0.058727930171964815,0.06254401806940016,0.06584699695370007,0.05044531656350725,6.260101318359389,4786359632.428572,3541275151.047619,2676498812.5833335,1206857715.8722222,-0.580912618765999,-0.07842661932443218,-0.002733754841827807,0.8630674462783428,0
2023-12-31,101.50582122802734,105.133544921875,99.8864288330078,101.84417724609376,1748630533.0,-0.0033311761243636218,101.84508514404295,112.48521423339844,71.00051879882812,59.80399703979492,23.371700286865234,19.14322853088379,107.5162833077567,90.29614621117001,68.35825163523356,38.275620778401695,0.05428250323554075,0.06260722336298091,0.06545991133445093,0.05044250371282461,5.247116088867202,4126802672.714286,3536478350.047619,2645130571.4333334,1214654407.9944444,-0.06147952984176497,-0.12048054762532368,-0.00032357300359386887,0.8819417777544274,0
2024-01-01,109.50868225097656,109.50868225097656,101.51280975341795,101.51280975341795,2157671990.0,0.07884139969639015,101.50582122802734,121.1464614868164,74.34716033935547,63.83285903930664,23.55269432067871,18.99286460876465,105.85374341692243,92.16002764020648,69.51327018737793,38.77848643196954,0.05479542840344392,0.061571532950997945,0.06563878149359398,0.050679394898527616,7.995872497558608,3584785597.285714,3461627477.714286,2638030226.7166667,1225194718.6,0.23392103093283922,-0.10700739511877289,-0.11396331854996977,0.7283057078255777,0
