Date,Close,High,Low,Open,Volume,Daily_Return,Close_Lag_1,Close_Lag_7,Close_Lag_14,Close_Lag_30,Close_Lag_90,Close_Lag_180,MA_7,MA_21,MA_60,MA_180,Volatility_7,Volatility_21,Volatility_60,Volatility_180,HL_Spread,Volume_MA_7,Volume_MA_21,Volume_MA_60,Volume_MA_180,Volume_Change,Target_Return_7,Target_Return_30,Target_Return_365,Target_Up
2021-06-30,0.7063739895820618,0.7136729955673218,0.6494560241699219,0.7056810259819031,3097076849.0,0.006625078824482378,0.7017250061035156,0.6265349984169006,0.8319079875946045,1.0465840101242063,0.5792919993400574,0.2374439984560012,0.6570751411574227,0.74317771480197,1.035251964131991,0.769549525446362,0.059475410130923625,0.07698718063899035,0.0927376150219654,0.10250966857442717,0.0642169713973999,2776724797.428571,3044723517.7619047,6634027339.166667,8459380907.566667,-0.06877708745263156,-0.0775778291583934,0.06476033350465515,-0.5307754905518856,0
2021-07-01,0.6611800193786621,0.7047849893569946,0.6467959880828857,0.7047849893569946,2553971177.0,-0.06398022983567031,0.7063739895820618,0.671999990940094,0.8414379954338074,1.0110009908676147,0.6165689826011658,0.2216549962759018,0.655529430934361,0.7332728590284076,1.0202276140451432,0.7719913311302662,0.061269336674330294,0.07726867145883844,0.09283126175628845,0.10249922244755252,0.05798900127410889,2744161251.0,3015994870.0,6561032836.1,8447049310.077778,-0.17536073480881198,-0.05765751715533374,0.13098696807647503,-0.525580017957659,0
2021-07-02,0.6567630171775818,0.6672869920730591,0.6347259879112244,0.6598899960517883,2061607208.0,-0.00668048348652639,0.6611800193786621,0.6133229732513428,0.797648012638092,1.024399995803833,0.5909150242805481,0.2258480042219162,0.6617351514952523,0.724144907224746,1.005240414539973,0.7743853034244643,0.04852526118682804,0.07720526577920718,0.09282934377353452,0.10250588552709995,0.03256100416183472,2592827551.428571,2994981837.428571,6468517743.15,8430114356.394444,-0.19278368269541357,-0.030390006765798505,0.10530277969498103,-0.5194933501411925,0
2021-07-03,0.6728879809379578,0.6836770176887512,0.6446530222892761,0.6556389927864075,1872819597.0,0.024552179916695893,0.6567630171775818,0.615435004234314,0.7616729736328125,1.045320987701416,0.6467289924621582,0.2366770058870315,0.6699427195957729,0.7165356193270002,0.9932489484548569,0.7768086977303028,0.04864634148111768,0.07751503962931125,0.09207872636653293,0.10247337577487921,0.0390239953994751,2509141665.571429,2954089990.142857,6285468856.616667,8406397140.933333,-0.09157302626194541,-0.0704797431382791,0.09857813498881707,-0.5219070691272986,0
2021-07-04,0.6949449777603149,0.7077829837799072,0.665802001953125,0.6732180118560791,1885241527.0,0.03277959697186339,0.6728879809379578,0.6469230055809021,0.7763770222663879,0.970196008682251,0.9204729795455932,0.2267500013113021,0.676803001335689,0.70757299945468,0.9779228319724401,0.7794097809327973,0.04675453364728002,0.07653076794928075,0.08959848695792248,0.10241028513454778,0.04198098182678223,2445704566.285714,2898156868.285714,6094915326.733334,8386990194.255555,0.0066327424274597035,-0.08491315301629387,0.025590514374776774,-0.5268833943064224,0
2021-07-05,0.6542999744415283,0.6956530213356018,0.6484919786453247,0.6956530213356018,2076373188.0,-0.058486649475154584,0.6949449777603149,0.643746018409729,0.6103879809379578,0.9232860207557678,1.0962660312652588,0.2508949935436249,0.6783107093402317,0.6962112358638218,0.9621514807144801,0.7816509197155634,0.05370180544112985,0.0771481979334932,0.08981869457959821,0.10229009147612009,0.0471610426902771,2410415198.714286,2853926018.1904764,5861196075.216666,8356566007.466666,0.10138311630772812,-0.036866881679446295,0.1164420462094069,-0.5026394391642706,0
2021-07-06,0.6654019951820374,0.6799229979515076,0.652675986289978,0.6530550122261047,1938959239.0,0.016967784157388976,0.6542999744415283,0.7017250061035156,0.5450670123100281,0.945285975933075,0.917576014995575,0.3260020017623901,0.6731217077800206,0.6855256160100301,0.9468789299329122,0.7835364752345615,0.039233683002644945,0.07738621759697577,0.08988892822224122,0.0999695703517869,0.02724701166152954,2212292683.571429,2775504042.857143,5720169197.083333,8278698840.794444,-0.06617979359113169,-0.06894930691221013,0.10181668213808948,-0.5006447297030625,0
2021-07-07,0.6515750288963318,0.6733070015907288,0.6510170102119446,0.6652560234069824,2077976604.0,-0.020779868990207673,0.6654019951820374,0.7063739895820618,0.6265349984169006,0.8611549735069275,1.0527559518814087,0.3232299983501434,0.6652932848249163,0.6769383322624933,0.9316952139139175,0.7853606142931514,0.03902718968793773,0.07643005546703198,0.08989915279888264,0.09998550658699334,0.02228999137878418,2066706934.2857144,2735590382.047619,5648975340.15,8235655213.505555,0.0716968991424991,-0.047962263581364684,0.1457053692432453,-0.4748862816701832,0
2021-07-08,0.623058021068573,0.6543089747428894,0.612982988357544,0.6526910066604614,2348704558.0,-0.04376626875351908,0.6515750288963318,0.6611800193786621,0.671999990940094,0.8757879734039307,1.0208369493484497,0.3269160091876983,0.6598472850663322,0.6665392858641488,0.9164912978808085,0.7870058476924896,0.034974169082490465,0.0766532365214161,0.08999892653084433,0.10006125594677767,0.04132598638534546,2037383131.5714285,2719591890.047619,5550735756.0,8208790076.911111,0.13028440911166284,-0.041917487493517536,0.31012039495353516,-0.4516915380478992,0
2021-07-09,0.6368039846420288,0.6445469856262207,0.5936599969863892,0.6216880083084106,2380083031.0,0.022062092307038927,0.623058021068573,0.6567630171775818,0.6133229732513428,0.9200339913368224,1.3744159936904907,0.318336009979248,0.6569959947041103,0.6588800464357648,0.9039545973141988,0.788775114218394,0.03678384879925495,0.07638832504456292,0.08940275226803567,0.10003300268250383,0.05088698863983154,2082879677.7142856,2713422533.5238094,5404040892.45,8168414204.794444,0.013359906376100295,-0.07228281553058191,0.22288646790214495,-0.45830742962380977,0
2021-07-10,0.6254630088806152,0.648173987865448,0.614700973033905,0.6372209787368774,1788373889.0,-0.017809209795991987,0.6368039846420288,0.6728879809379578,0.615435004234314,0.8691819906234741,1.3605300188064575,0.288904994726181,0.6502209986959185,0.6523938576380411,0.8897509475549062,0.7906448809636963,0.034769490367947985,0.07595207671594387,0.08889916461016306,0.09976645886656048,0.03347301483154297,2070816005.142857,2693419419.7619047,5300960758.8,8123975790.2722225,-0.2486086133521953,-0.06880507680543668,0.30871523857371885,-0.4793249229429797,0
2021-07-11,0.6359350085258484,0.6431490182876587,0.6176480054855347,0.6247199773788452,1495491616.0,0.01674279613110108,0.6254630088806152,0.6949449777603149,0.6469230055809021,0.8484500050544739,1.4677350521087646,0.2921229898929596,0.6417910030909947,0.6457061426980155,0.8795521308978399,0.7925549477338791,0.03190162236723097,0.07591067473429257,0.08688192594619029,0.09976802600361191,0.025501012802124023,2015137446.4285715,2618510513.095238,5171340621.633333,8095853975.283334,-0.16377015723695798,-0.07549990303882603,0.3385754852346736,-0.5057718376574707,0
2021-07-12,0.6301779747009277,0.6572099924087524,0.6184509992599487,0.6363419890403748,1908473825.0,-0.009052865069130167,0.6359350085258484,0.6542999744415283,0.643746018409729,0.8326830267906189,1.7940009832382202,0.3055799901485443,0.6383450031280518,0.646648523353395,0.8674065977334976,0.7943582698702812,0.02456271324628819,0.059294710575572944,0.0859585932680652,0.09973809122713807,0.03875899314880371,1991151823.142857,2516594005.952381,4997165286.283334,8079613207.361111,0.2761514705810293,-0.11524046235601504,0.6067270666377114,-0.5054428736382766,0
2021-07-13,0.6195229887962341,0.6402410268783569,0.6107050180435181,0.6294460296630859,1860938764.0,-0.016907899565595352,0.6301779747009277,0.6654019951820374,0.7017250061035156,0.8831599950790405,1.83923602104187,0.2954379916191101,0.6317908593586513,0.6501940460432143,0.8543500304222107,0.7961587420768208,0.022763593589794497,0.05394087376989289,0.08579303951733308,0.09970730756315363,0.029536008834838867,1980006041.0,2377392359.5238094,4902008725.4,8060634036.916667,-0.024907368588091616,-0.14557492583850618,0.5569220553150984,-0.4774528181079022,0
2021-07-14,0.6203240156173706,0.6247239708900452,0.5874320268630981,0.6194689869880676,1945120121.0,0.0012929735225692962,0.6195229887962341,0.6515750288963318,0.7063739895820618,0.8928970098495483,1.7660670280456543,0.2804059982299804,0.6273264288902283,0.6498982849575224,0.8399240970611572,0.7980471755067507,0.022537852868254115,0.043023760950468594,0.0853302809111352,0.0996087877745573,0.03729194402694702,1961026543.4285715,2268152758.3809524,4712403739.733334,8043910209.65,0.04523596296046639,-0.08112855291136711,0.7570817050707628,-0.46282752219353507,0
2021-07-15,0.5969409942626953,0.6265000104904175,0.5890719890594482,0.6200050115585327,2027622754.0,-0.03769485102298287,0.6203240156173706,0.623058021068573,0.6611800193786621,0.8898000121116638,1.55752694606781,0.2801879942417145,0.6235954250608172,0.6463240470205035,0.8256630142529805,0.7998069143957562,0.020937085481906943,0.04042712801713375,0.08538880653026396,0.09966709762871317,0.03742802143096924,1915157714.2857144,2232234032.285714,4539441391.733334,8032306691.577778,0.04241518665571409,-0.007932095511057002,1.1449556505596399,-0.43958447162498526,0
2021-07-16,0.5907739996910095,0.6167960166931152,0.5888209939002991,0.5975490212440491,1902793058.0,-0.010330995242340268,0.5969409942626953,0.6368039846420288,0.6567630171775818,0.8319079875946045,1.5600550174713137,0.2773840129375458,0.6170197129249573,0.6452502863747733,0.8105709145466486,0.8015479698777199,0.016918446114486223,0.035800067155628834,0.08521922881468799,0.09966744214583961,0.027975022792816162,1846973432.4285715,2174226887.1904764,4344929849.266666,8023496890.744445,-0.061564556697611406,0.031230253452968926,1.18046150836454,-0.4060994337612216,1
2021-07-17,0.582427978515625,0.5977190136909485,0.5732390284538269,0.589493989944458,1796242080.0,-0.014127265552901336,0.5907739996910095,0.6254630088806152,0.6728879809379578,0.8414379954338074,1.4059979915618896,0.2847689986228943,0.6108718514442444,0.6436785232453119,0.7937658141056697,0.8032016308771239,0.016710636918500575,0.03589190269429649,0.08465328541673381,0.09967307984206102,0.024479985237121582,1848097459.7142856,2142685043.4761906,4127414895.633333,8015480941.961111,-0.0559971445933245,0.047042732348703264,1.0448759251375428,-0.4103785797910664,1
2021-07-18,0.5879219770431519,0.6012030243873596,0.5734220147132874,0.5825930237770081,1567538722.0,0.009432923434634422,0.582427978515625,0.6359350085258484,0.6949449777603149,0.797648012638092,1.3150440454483032,0.2943139970302582,0.6040128469467163,0.6408689504578,0.7857259641091029,0.80483278632164,0.014889241609065781,0.03390049383616159,0.07394875765825076,0.09965561059686885,0.027781009674072266,1858389903.4285715,2106410638.7142856,3811482600.0333333,7993172063.672222,-0.1273232380793573,0.031356203872504596,0.867933250970681,-0.37716736751971425,1
2021-07-19,0.5575559735298157,0.5893530249595642,0.5551779866218567,0.5872250199317932,1706406670.0,-0.051649716627462317,0.5879219770431519,0.6301779747009277,0.6542999744415283,0.7616729736328125,1.3832989931106567,0.2965179979801178,0.5936382753508431,0.6367646626063755,0.7752596139907837,0.8062829972969161,0.021271303818945347,0.035461584378364164,0.07260047428026324,0.09975629545009196,0.03417503833770752,1829523167.0,2077030062.952381,3612811737.0,7977494647.405556,0.08858980390788718,0.12207206210404964,1.0555728917281013,-0.3306053182103469,1
2021-07-20,0.5293359756469727,0.5683730244636536,0.5179100036621094,0.5576220154762268,2026435206.0,-0.050613748614665166,0.5575559735298157,0.6195229887962341,0.6654019951820374,0.7763770222663879,1.2964979410171509,0.2689459919929504,0.5807544163295201,0.628555661156064,0.7672989467779795,0.8077296083172162,0.024741678388854875,0.029074379182161415,0.07043109304510951,0.09956614000815449,0.05046302080154419,1853165515.857143,2015154746.8095238,3463270470.5833335,7964011157.2,0.18754529129917197,0.21775971580887443,1.329034914034617,-0.31898827851234757,1
2021-07-21,0.569998025894165,0.5832970142364502,0.5203379988670349,0.5290539860725403,2610318312.0,0.07681709182432539,0.5293359756469727,0.6203240156173706,0.6515750288963318,0.6103879809379578,1.159682035446167,0.2727989852428436,0.573564989226205,0.6220615676471165,0.7616936306158701,0.8093807140986125,0.044858374425553155,0.03488782759703553,0.07022671358043366,0.09969586584658811,0.06295901536941528,1948193828.857143,1991975768.857143,3360941165.55,7953503116.077778,0.2881331237590037,0.27271488594559434,1.2161865861896604,-0.3560749368920567,1
2021-07-22,0.5922060012817383,0.6025369763374329,0.561722993850708,0.5715590119361877,2520533539.0,0.03896149526611992,0.569998025894165,0.5969409942626953,0.623058021068573,0.5450670123100281,1.169659972190857,0.271820992231369,0.5728885616574969,0.6187770905948821,0.7582801471153895,0.811160630815559,0.04662487140985142,0.034085186577452166,0.06879309499641574,0.09971695525988845,0.040813982486724854,2018609655.2857144,1990383500.3809524,3222682484.3166666,7950734508.844444,-0.03439610126751469,0.263102723467848,1.0541382234010173,-0.394460689112087,1
2021-07-23,0.6092240214347839,0.6095150113105774,0.5766900181770325,0.5925459861755371,2206128472.0,0.02873665602208142,0.5922060012817383,0.5907739996910095,0.6368039846420288,0.6265349984169006,1.0487060546875,0.2735089957714081,0.5755242790494647,0.616513328892844,0.7518866310516993,0.8130257142914666,0.04754148162505657,0.034848941511694514,0.06075055715008675,0.09972762014892542,0.03282499313354492,2061943285.857143,1997265465.3333333,3122126926.75,7949255045.494445,-0.12473750582376197,0.23455244419793875,1.0152226530202326,-0.40983778333470156,1
2021-07-24,0.6098269820213318,0.6206960082054138,0.600970983505249,0.6089969873428345,1967190260.0,0.0009897189955310193,0.6092240214347839,0.582427978515625,0.6254630088806152,0.671999990940094,1.032256007194519,0.269089013338089,0.5794384224074227,0.6135104241825285,0.7457806309064229,0.8149187030063735,0.0468467231568689,0.03429257605031292,0.060741743901083146,0.0997115576943828,0.019725024700164795,2086364454.4285715,2001759306.4285715,3010960441.6,7943931135.844444,-0.10830657191210036,0.22622646671225932,1.045285014982115,-0.41088209700544387,1
2021-07-25,0.6063569784164429,0.6117680072784424,0.591376006603241,0.6091949939727783,1707767305.0,-0.005690144429797539,0.6098269820213318,0.5879219770431519,0.6359350085258484,0.6133229732513428,1.3685059547424316,0.2688269913196563,0.5820719940321786,0.6092919480232966,0.7386578301588694,0.8167938696013557,0.04709213970922201,0.03323427079062286,0.06014134776520734,0.09971486050455075,0.020392000675201416,2106397109.142857,1993308153.0,2933140273.383333,7937914168.077778,-0.13187486755856548,0.1971858399041697,0.8757135321776839,-0.4437022988932843,1
2021-07-26,0.6256179809570312,0.6778680086135864,0.6052989959716797,0.6068909764289856,3879282541.0,0.03176512059099279,0.6063569784164429,0.5575559735298157,0.6301779747009277,0.615435004234314,1.4009549617767334,0.2519429922103882,0.5917951379503522,0.6079261388097491,0.7329142133394877,0.8188698417610593,0.04032862529979002,0.031909569046383514,0.059916033698113234,0.099582644680948,0.07256901264190674,2416807947.857143,2079160979.3333333,2911060234.65,7943127198.422222,1.2715521778887786,0.1815837230643529,0.8741932263021184,-0.46002830758161484,1
2021-07-27,0.6446040272712708,0.6520829796791077,0.6128929853439331,0.6241739988327026,2800102572.0,0.03034766725405791,0.6256179809570312,0.5293359756469727,0.6195229887962341,0.6469230055809021,1.3586009740829468,0.2641220092773437,0.6082620024681091,0.6069357593854269,0.7286551475524903,0.8209836307499144,0.02702793240321228,0.03242924703342317,0.05944075521848074,0.09955264653251539,0.03918999433517456,2527331857.285714,2120167804.7142856,2856348127.866667,7943164548.205556,-0.27819060808131013,0.10568495859463378,0.6681031425765449,-0.4428858657705498,1
2021-07-28,0.7254449725151062,0.7518410086631775,0.6322259902954102,0.6455720067024231,6452960527.0,0.12541179053139073,0.6446040272712708,0.569998025894165,0.6203240156173706,0.643746018409729,1.399359941482544,0.2821879982948303,0.6304687091282436,0.6104533757482257,0.7268827637036641,0.8234461694955826,0.0429522097859294,0.042194741107471345,0.0609619246749011,0.09983113571088076,0.11961501836776733,3076280745.142857,2328500372.4761906,2877959501.3,7934392665.866667,1.3045443375993586,0.0069516365489061815,0.6382675892023852,-0.48531449524839765,1
2021-07-29,0.7480170130729675,0.7647420167922974,0.6986690163612366,0.7326359748840332,3717954855.0,0.031114752204573826,0.7254449725151062,0.5922060012817383,0.5969409942626953,0.7017250061035156,1.5916739702224731,0.4402439892292022,0.6527274250984192,0.616403803938911,0.7242395639419555,0.825156019628048,0.04295800342270071,0.04092841660449866,0.059948361011239897,0.09093313324212285,0.06607300043106079,3247340933.142857,2393702767.571429,2871974336.8,7819395381.744445,-0.42383734730072986,-0.019873872109349988,0.5313889008635544,-0.5071302028272837,0
2021-07-30,0.7521190047264099,0.7681490182876587,0.7157809734344482,0.7498459815979004,3328523561.0,0.005483821332606942,0.7480170130729675,0.6092240214347839,0.5907739996910095,0.7063739895820618,1.6510250568389893,0.4923140108585357,0.67314099414008,0.6218949953715006,0.7193318138519923,0.8265993807050916,0.044368965937494856,0.04083406223902168,0.05636445052028625,0.09054956995975434,0.05236804485321045,3407683088.714286,2438866602.3333335,2822819371.5833335,7702360225.105556,-0.1047434165254274,-0.007453601916493358,0.5168237209238558,-0.48443796205607614,0
2021-07-31,0.7477859854698181,0.7577009797096252,0.7377690076828003,0.752161979675293,2612372196.0,-0.005761081995485529,0.7521190047264099,0.6098269820213318,0.582427978515625,0.6611800193786621,1.5626410245895386,0.3715089857578277,0.6928494232041496,0.6277198990186056,0.7149448970953624,0.8286898084812694,0.04520426509334229,0.04052609555221913,0.056226448953064584,0.08856803404128546,0.01993197202682495,3499851936.714286,2478104616.952381,2772918666.866667,7522572104.233334,-0.21515586471764203,0.09159711000531101,0.4729280401907674,-0.491220744016687,1
2021-08-01,0.7259219884872437,0.7762830257415771,0.7072889804840088,0.7459409832954407,2529023488.0,-0.02923830802851668,0.7477859854698181,0.6063569784164429,0.5879219770431519,0.6567630171775818,1.555994987487793,0.369269996881485,0.7099301389285496,0.6320049933024815,0.7099702636400859,0.8306712084346347,0.049048792868799866,0.04133780119896274,0.05628054906610186,0.08860496590532031,0.06899404525756836,3617174248.571429,2527320420.3809524,2755102255.3,7465754801.044444,-0.03190537249156977,0.07275848903230564,0.6359787994859984,-0.4765608283144278,1
2021-08-02,0.7392200231552124,0.7733250260353088,0.7168179750442505,0.7241449952125549,2648561558.0,0.01831882058798162,0.7259219884872437,0.6256179809570312,0.5575559735298157,0.6728879809379578,1.392375946044922,0.3934899866580963,0.7261590020997184,0.6371974718003046,0.7048685808976491,0.8325919308596187,0.04909515838960365,0.04123412336230899,0.05626565195152556,0.08850192679998085,0.05650705099105835,3441356965.285714,2562562693.3809524,2738222317.7833333,7432289577.355556,0.04726649260760052,0.10731980363897797,0.6705297364452694,-0.49673848380276375,1
2021-08-03,0.7127289772033691,0.7444139719009399,0.701878011226654,0.7384660243988037,2857095374.0,-0.03583648321479649,0.7392200231552124,0.6446040272712708,0.5293359756469727,0.6949449777603149,1.6145119667053225,0.4464490115642547,0.7358911378043038,0.6416358522006443,0.7005774637063344,0.8340712640020582,0.05403939170959247,0.04201478331964238,0.055720354006367434,0.08804267859812258,0.04253596067428589,3449498794.142857,2609998722.428571,2708531845.733333,7374865661.755555,0.07873474391037738,0.19434881959669537,0.7626953484342354,-0.4810762319688018,1
2021-08-04,0.7304880023002625,0.7392380237579346,0.6978359818458557,0.7136330008506775,2796312041.0,0.024916939909721103,0.7127289772033691,0.7254449725151062,0.569998025894165,0.6542999744415283,1.6005810499191284,0.4500469863414764,0.7366115706307548,0.6468817563284011,0.6973641633987426,0.8356292696462737,0.02618965433059285,0.04215600144487994,0.055524507092041354,0.08805350057376714,0.04140204191207886,2927120439.0,2650531671.0,2700851228.9333334,7333572613.983334,-0.02127452011337727,0.3860925922979417,0.7679072061607981,-0.49163983189663785,1
2021-08-05,0.7331510186195374,0.7386209964752197,0.7024009823799133,0.7309200167655945,2387435275.0,0.0036455305369686997,0.7304880023002625,0.7480170130729675,0.5922060012817383,0.6654019951820374,1.5817550420761108,0.4390960037708282,0.7344878571374076,0.6533679479644412,0.6938285807768504,0.8372629086176554,0.022815853747049097,0.04082863640538756,0.05542437040429012,0.088023605005073,0.036220014095306396,2737046213.285714,2667665600.571429,2702171103.4,7304471856.255555,-0.14622000692518566,0.31562117563138825,0.7128517809378083,-0.4863336735165912,1
2021-08-06,0.7465130090713501,0.7521460056304932,0.7239869832992554,0.7329819798469543,2444020492.0,0.01822542711182784,0.7331510186195374,0.7521190047264099,0.6092240214347839,0.6515750288963318,1.5625979900360107,0.417957991361618,0.7336870006152562,0.660784091268267,0.6919178813695908,0.8390882142715984,0.02404690689979358,0.04057123518175735,0.05431108971394403,0.08793209700460654,0.028159022331237793,2610688632.0,2693438335.5238094,2685136221.0666666,7276410471.405556,0.02370125699009784,0.4600682986264424,0.7487947136831197,-0.5022578309078033,1
2021-08-07,0.8162810206413269,0.818041980266571,0.7414399981498718,0.7471349835395813,4067148040.0,0.09345853417446404,0.7465130090713501,0.7477859854698181,0.6098269820213318,0.623058021068573,1.5352929830551147,0.4477019906044006,0.7434720056397575,0.67191995041711,0.6909260988235474,0.8411358755495814,0.04267489683540232,0.04377776790405938,0.05561907650664814,0.0880386972807814,0.07660198211669922,2818513752.571429,2801576714.571429,2678066363.383333,7253557323.955556,0.664121906224999,0.5685920979621426,0.7021258169907199,-0.5436547178834084,1
2021-08-08,0.7787389755249023,0.8383809924125671,0.7732459902763367,0.8167340159416199,3954749759.0,-0.045991569284471345,0.8162810206413269,0.7259219884872437,0.6063569784164429,0.6368039846420288,1.3890060186386108,0.4719910025596618,0.7510172895022801,0.6810064741543361,0.6885711818933486,0.8428400309549438,0.04581600246391766,0.04588243253190969,0.0555402467515652,0.08805559229898408,0.06513500213623047,3022188934.142857,2915253430.6190476,2677464114.5666666,7222001656.311111,-0.02763565031185833,0.6541614160258742,0.4447703005387189,-0.5136316508626972,1
2021-08-09,0.8185529708862305,0.8273990154266357,0.7609090209007263,0.7790120244026184,3739417343.0,0.05112623948800277,0.7787389755249023,0.7392200231552124,0.6256179809570312,0.6254630088806152,1.4776819944381714,0.503445029258728,0.7623505677495684,0.6934349025998797,0.687727364897728,0.8445906306306521,0.04830439741769403,0.043918845658305145,0.055483665463162614,0.08800398023778991,0.06648999452590942,3178025474.857143,3012063462.6666665,2687166523.95,7166146490.594444,-0.05444906229779989,0.45499801937517104,0.344714498756284,-0.5503027734572972,1
2021-08-10,0.8512470126152039,0.8615880012512207,0.8006410002708435,0.8173369765281677,4002349584.0,0.039941265735772946,0.8185529708862305,0.7127289772033691,0.6446040272712708,0.6359350085258484,1.247864007949829,0.5247870087623596,0.7821388585226876,0.7087639995983669,0.6877739816904068,0.8464042973187235,0.0430482076951325,0.04105927591119761,0.05561908211294793,0.08799857390454778,0.0609470009803772,3341633219.142857,3106154623.5238094,2712157668.8166666,7138495877.616667,0.07031369245056207,0.2901061544068555,0.27977072524665547,-0.5523449652366286,1
2021-08-11,1.0125240087509155,1.0870529413223269,0.8487489819526672,0.8512799739837646,8213874830.0,0.18945969118908979,0.8512470126152039,0.7304880023002625,0.7254449725151062,0.6301779747009277,1.3589099645614624,0.6085919737815857,0.8224297165870667,0.7298366654486883,0.6907713313897451,0.8486483641796642,0.07506978454041598,0.05374857610729566,0.06060013102111808,0.08831563698555017,0.23830395936965965,4115570760.428571,3372990648.1904764,2803529776.15,7106628035.5222225,1.0522632162958008,0.13192075931396885,0.04418951202113286,-0.6241442300481053,1
2021-08-12,0.9645490050315856,1.042734980583191,0.9247490167617798,1.0125629901885986,7613283957.0,-0.047381596193964426,1.0125240087509155,0.7331510186195374,0.7480170130729675,0.6195229887962341,1.4029170274734497,0.6289960145950317,0.8554865717887878,0.7475672846748715,0.6921278148889541,0.8505125474598673,0.08243516692920896,0.05619665138552682,0.060526596947326775,0.08838356085724679,0.11798596382141113,4862120572.142858,3615502572.857143,2879420557.3333335,7070251196.366667,-0.07311906809273838,0.2781537921922439,0.11959680757798896,-0.6060386911818713,1
2021-08-13,1.089959979057312,1.0944960117340088,0.9525910019874572,0.9671459794044496,6425779147.0,0.130020323873145,0.9645490050315856,0.7465130090713501,0.7521190047264099,0.6203240156173706,1.4858800172805786,0.5941929817199707,0.9045504246439252,0.7704594731330872,0.6954121977090836,0.8532668085561859,0.08757445654258392,0.060707068519188105,0.06269516384209402,0.0887425691592082,0.14190500974655162,5430943237.142858,3816438319.285714,2936429859.116667,7047833584.738889,-0.15597800065084322,0.15896179989450143,0.027226760908898084,-0.653231313777261,1
2021-08-14,1.280411958694458,1.309211015701294,1.0710289478302002,1.0898339748382568,12107814480.0,0.17473300240056955,1.089959979057312,0.8162810206413269,0.7477859854698181,0.5969409942626953,1.452605962753296,0.5489150285720825,0.9708548443658012,0.8023920910699027,0.7019223968187968,0.857330680390199,0.09775289320891821,0.06799611225054558,0.06638646902297425,0.0893944065991739,0.23818206787109375,6579609871.428572,4299325186.904762,3078463088.4333334,7056413052.044444,0.884256243953353,-0.04993625285986991,-0.16848796475966477,-0.7059922916887397,0
2021-08-15,1.288159966468811,1.3491740226745603,1.2302429676055908,1.281643986701965,10899164864.0,0.006051183544281358,1.280411958694458,0.7787389755249023,0.7259219884872437,0.5907739996910095,1.4962999820709229,0.5208460092544556,1.0436292716435023,0.8348589000247774,0.7095265964667002,0.8615935357080565,0.08902611361088057,0.06766634358507372,0.0656867325341811,0.08928265818362946,0.1189310550689695,7571669172.142858,4737010784.952381,3211513111.483333,7059683797.222222,-0.09982392924804706,-0.04691802204894391,-0.14872843637101285,-0.7082862331571853,0
2021-08-16,1.1909929513931274,1.3268990516662598,1.1510319709777832,1.2849290370941162,8364848221.0,-0.07543086076649641,1.288159966468811,0.8185529708862305,0.7392200231552124,0.582427978515625,1.5907340049743652,0.5355370044708252,1.0968349831444877,0.8617815176645914,0.7153525123993556,0.8652349576354027,0.10646634929270514,0.07210262095989245,0.06659268703493755,0.08949116212153009,0.17586708068847656,8232445011.857142,4950609150.666667,3306182700.3333335,7054305386.911111,-0.2325239295508651,0.04725219960457516,-0.05847215225488556,-0.6832584175418659,1
2021-08-17,1.0981990098953247,1.2226779460906982,1.088273048400879,1.186277985572815,7620119367.0,-0.0779130904085199,1.1909929513931274,0.8512470126152039,0.7127289772033691,0.5879219770431519,1.0703129768371582,0.5324329733848572,1.1321138398987907,0.8833812787419274,0.7203616956869762,0.8683781022826831,0.11871264250110317,0.07609581483464244,0.06706994052374834,0.08971572952065646,0.13440489768981934,8749269266.571428,5180133759.952381,3391357364.483333,7065407677.866667,-0.08903076712502134,0.03565198975593775,-0.006101801698826126,-0.6542457194198099,1
2021-08-18,1.14609694480896,1.194200038909912,1.056771993637085,1.0976619720458984,7559385803.0,0.04361498642964601,1.0981990098953247,1.0125240087509155,0.7304880023002625,0.5575559735298157,1.1855369806289673,0.567018985748291,1.1511956879070826,0.9034123250416347,0.7267687618732452,0.8715952020552423,0.10000543614449654,0.07290306143718223,0.06686723536638724,0.08965396500330765,0.13742804527282715,8655770834.142857,5232820677.857142,3480539806.5666666,7069090448.083333,-0.00797015913727217,0.023062654056652754,-0.07023745605179366,-0.6763231891965995,1
2021-08-19,1.232841968536377,1.232841968536377,1.0921709537506104,1.1446579694747925,6781867994.0,0.07568733528198734,1.14609694480896,0.9645490050315856,0.7331510186195374,0.5293359756469727,1.0069760084152222,0.5175120234489441,1.1895232541220528,0.9264992276827494,0.734376510977745,0.8755692573057281,0.09654196007116682,0.0737520020091828,0.06740815833232248,0.08951129464002633,0.1406710147857666,8536997125.142858,5378721303.523809,3542427962.2,7062921937.35,-0.10285462724913919,-0.12781521796726847,-0.12748916342449323,-0.7282303718452869,0
2021-08-20,1.2632219791412354,1.2869709730148315,1.201058030128479,1.2334539890289309,6600353564.0,0.0246422586026378,1.232841968536377,1.089959979057312,0.7465130090713501,0.569998025894165,0.9063169956207277,0.5485600233078003,1.2142749684197562,0.9508374645596459,0.7452570776144664,0.8795396015048027,0.08791139118555917,0.07359697662505015,0.060686141045130204,0.0894368183650575,0.08591294288635254,8561936327.571428,5534522732.238095,3584955180.35,7063092145.188889,-0.026764665747046057,-0.05917328399458155,-0.17003656052833183,-0.7327935869311446,0
2021-08-21,1.2164729833602903,1.2812349796295166,1.2064050436019895,1.2639180421829224,4955470066.0,-0.03700774412801622,1.2632219791412354,1.280411958694458,0.8162810206413269,0.5922060012817383,0.7970150113105774,0.571740984916687,1.2051408290863037,0.9731558930306208,0.7564471771319707,0.8831214459406005,0.05940240976932738,0.07461070656328468,0.05896993450889522,0.08946471347892473,0.07482993602752708,7540172839.857142,5646098821.285714,3587810125.8,6986348997.6,-0.2492114220928423,-0.05833917633518082,-0.2460564269835459,-0.7161449613234925,0
2021-08-22,1.2277220487594604,1.2546629905700684,1.1847549676895142,1.21739399433136,4452016856.0,0.00924727926804958,1.2164729833602903,1.288159966468811,0.7787389755249023,0.6092240214347839,0.9928349852561952,0.4735629856586456,1.1965068408421107,0.9970511339959645,0.7664669613043468,0.8873112185133828,0.059520536532302735,0.07365375581914137,0.0562717134674156,0.0884443830098137,0.0699080228805542,6619151695.857142,5737669934.047619,3591357877.65,6931310081.322222,-0.10159544973427348,-0.07077343077824294,-0.28621547063520214,-0.7192190285952481,0
2021-08-23,1.2472699880599976,1.3042199611663818,1.2220940589904783,1.2268120050430298,6299948689.0,0.015922121232806008,1.2277220487594604,1.1909929513931274,0.8185529708862305,0.6098269820213318,0.976186990737915,0.4718320071697235,1.2045464175088065,1.0212439894676208,0.7760547945896784,0.8916192072961066,0.05098622827811415,0.07367101547709295,0.05572396945409847,0.08844071518540869,0.08212590217590354,6324166048.428572,5911545511.714286,3649991755.766667,6921779413.711111,0.4150774565261439,-0.11692339541228625,-0.19498102765219338,-0.7217186287227995,0
2021-08-24,1.1373519897460938,1.2632869482040403,1.1281579732894895,1.248147964477539,6109699877.0,-0.08812686857387642,1.2472699880599976,1.0981990098953247,0.8512470126152039,0.6063569784164429,1.033725023269653,0.4345239996910095,1.2101397003446306,1.0414641329220362,0.7847886115312577,0.895523807240857,0.05390842971154785,0.07674448202681378,0.05574848384554777,0.08849374559968576,0.13512897491455078,6108391835.571428,6066431440.428572,3699804368.633333,6922653557.894444,-0.03019847008153942,0.04417365420090569,-0.11897105064564839,-0.6956570989854101,1
2021-08-25,1.1725289821624756,1.17753005027771,1.1094310283660889,1.1370110511779783,4735020572.0,0.03092885292637937,1.1373519897460938,1.14609694480896,1.0125240087509155,0.6256179809570312,0.970234990119934,0.4278999865055084,1.2139157056808472,1.0625137033916654,0.7940735111633936,0.8996606349945069,0.05264259454734402,0.076754652909113,0.05579147895300578,0.08848969529743783,0.0680990219116211,5704911088.285714,6158750894.285714,3737744364.866667,6912980039.55,-0.22499948159073868,0.053184227633382486,-0.19326174581527267,-0.7019289111321543,1
2021-08-26,1.0752660036087036,1.1863110065460205,1.0699050426483154,1.174587965011597,4914724770.0,-0.08295144941696153,1.1725289821624756,1.232841968536377,0.9645490050315856,0.6446040272712708,0.9001479744911194,0.4378089904785156,1.1914048535483224,1.0788048931530543,0.8012125611305236,0.9032020628452301,0.05099513632767686,0.08023315871123765,0.056882684982808976,0.0887503175729168,0.11640596389770508,5438176342.0,6279098013.095238,3780834757.3333335,6913858383.644444,0.03795214725415552,0.1683844263599108,-0.12454965279875752,-0.6853150809009105,1
2021-08-27,1.1884729862213137,1.1884729862213137,1.052641987800598,1.0732979774475098,5062671613.0,0.10528276931724401,1.0752660036087036,1.2632219791412354,1.089959979057312,0.7254449725151062,0.8317880034446716,0.4149529933929443,1.1807264259883337,1.0998506063506717,0.8102913439273834,0.907499396138721,0.06841700528103814,0.08228670095584131,0.058156657952211775,0.0889219585608845,0.13583099842071578,5218507491.857142,6403795685.523809,3826489304.866667,6917951780.75,0.03010277277439477,0.08663387241698128,-0.20509679693356864,-0.7178337238859521,1
2021-08-28,1.1455049514770508,1.1977039575576782,1.1366980075836182,1.19235098361969,3655937721.0,-0.036153985191432536,1.1884729862213137,1.2164729833602903,1.280411958694458,0.7480170130729675,0.9066089987754822,0.4472439885139465,1.1705881357192993,1.115527936390468,0.8176876763502757,0.9113786237107383,0.06835464611510558,0.08179321196021959,0.057559958195553186,0.08883955165718868,0.06100594997406006,5032860014.0,6384214241.761905,3831991319.4666667,6918554024.883333,-0.277863942110677,0.09626678288871737,-0.19364380480689725,-0.717945353782087,1
2021-08-29,1.1408319473266602,1.1676830053329468,1.1166620254516602,1.1459239721298218,3456541619.0,-0.004079427281711068,1.1455049514770508,1.2277220487594604,1.288159966468811,0.7521190047264099,1.0465840101242063,0.4368369877338409,1.158175264086042,1.1327704588572185,0.8249286423126857,0.9152897068195873,0.0680261213409931,0.08062287296018425,0.05758644100125866,0.08881210651819194,0.05102097988128662,4890649265.857142,6360490044.619047,3837982398.9666667,6918931527.138889,-0.05454034428832111,0.14433857415972762,-0.21663398464700911,-0.707409133675347,1
2021-08-30,1.1014349460601809,1.1486849784851074,1.098711013793945,1.1423360109329224,3635181352.0,-0.034533571187938095,1.1408319473266602,1.2472699880599976,1.1909929513931274,0.7477859854698181,1.0110009908676147,0.4502789974212646,1.1373416866574968,1.146241029103597,0.8322662244240443,0.9189072398675813,0.06768503727908003,0.08120402514232138,0.05707201973426186,0.08885653738718557,0.04997396469116233,4509968217.714286,6355526426.0,3856002568.55,6920769746.55,0.05168163809110493,0.2614571601555318,-0.15714584740785942,-0.7032334845607547,1
2021-08-31,1.1875929832458496,1.2401039600372314,1.0922499895095823,1.1013360023498535,5897781233.0,0.07822344614528065,1.1014349460601809,1.1373519897460938,1.0981990098953247,0.7259219884872437,1.024399995803833,0.4866049885749817,1.1445189714431763,1.1622575038955325,0.8411133905251821,0.9228016176157527,0.0672032815732237,0.08216326411679702,0.05769858955920367,0.08884564212071745,0.14785397052764915,4479694125.714286,6445785075.952381,3919938802.3,6920049522.083333,0.6224173327020301,-0.05262243918342957,-0.19784301782368074,-0.7239205553121925,0
2021-09-01,1.234889030456543,1.234889030456543,1.1591269969940186,1.1869150400161743,4937053998.0,0.03982513190792614,1.1875929832458496,1.1725289821624756,1.14609694480896,0.7392200231552124,1.045320987701416,0.4581190049648285,1.1534275497709001,1.1728463144529433,0.8504800746838251,0.9271170066462623,0.06778847647415497,0.07257568457937659,0.05779079485592243,0.08873192713008375,0.07576203346252441,4508556043.714286,6289745988.714286,3971009375.65,6923653919.205556,-0.16289638374926818,-0.10864861473115162,-0.15569417897480453,-0.7301830533835313,0
2021-09-02,1.256324052810669,1.2942960262298584,1.2229050397872925,1.2375420331954956,5456908792.0,0.01735785307462101,1.234889030456543,1.0752660036087036,1.232841968536377,0.7127289772033691,0.970196008682251,0.4651060104370117,1.1792929853711809,1.1867403643471854,0.859836392601331,0.9315126624372271,0.054274214260984346,0.07129382266866578,0.057729931060516014,0.08873285674962753,0.07139098644256592,4586010904.0,6187061457.047619,4030537163.4,6938643136.427778,0.1052965582735359,-0.13286623442305157,-0.17324280445325424,-0.7363267769321205,0
2021-09-03,1.2914350032806396,1.3215210437774658,1.226127028465271,1.2541370391845703,5896982947.0,0.027947367871704598,1.256324052810669,1.1884729862213137,1.2632219791412354,0.7304880023002625,0.9232860207557678,0.4668669998645782,1.1940018449510847,1.1963344131197249,0.8704553097486496,0.9360935957895384,0.041195731741120456,0.06637066585514612,0.05702830627393897,0.08874274238207203,0.09539401531219482,4705198237.428572,6161880685.619047,4094213992.7166667,6958267561.333333,0.08064531986408907,-0.18132391647932833,-0.18294760748806782,-0.7444943120968581,0
2021-09-04,1.2557790279388428,1.29591703414917,1.2409570217132568,1.2907010316848757,4284360888.0,-0.027609577912337646,1.2914350032806396,1.1455049514770508,1.2164729833602903,0.7331510186195374,0.945285975933075,0.47359699010849,1.2097552844456263,1.1951614164170765,0.880294926961263,0.9404390515552626,0.03960432445434839,0.05499642250153404,0.057264710958065394,0.08878483753718652,0.054960012435913086,4794972975.571428,5789335276.476191,4133304020.2,6962139616.405556,-0.2734656134321021,-0.14005094625733705,-0.16943665028263077,-0.7357823366056473,0
2021-09-05,1.3054980039596558,1.3084019422531128,1.237483024597168,1.2551300525665283,4077886190.0,0.03959213756134994,1.2557790279388428,1.1408319473266602,1.2277220487594604,0.7465130090713501,0.8611549735069275,0.4859879910945892,1.2332790068217687,1.195987037249974,0.8911936432123184,0.9449918849600686,0.03974394967700703,0.05564826307751371,0.057205977280682406,0.08880480947434849,0.07091891765594482,4883736485.714286,5464512482.476191,4166635846.633333,6968012717.322222,-0.04819264842471882,-0.14236861687153257,-0.16851425368159123,-0.7449555582888661,0
2021-09-06,1.3894129991531372,1.4137669801712036,1.3073170185089111,1.3073170185089111,7403887685.0,0.06427814898143236,1.3054980039596558,1.1014349460601809,1.2472699880599976,0.8162810206413269,0.8757879734039307,0.4631659984588623,1.274418728692191,1.2054356109528315,0.9039662261803945,0.9501377016305923,0.03427012008306526,0.05424728469365237,0.05708295490393842,0.08879832976504552,0.10644996166229248,5422123104.714286,5418752456.952381,4250888898.75,6990971662.066667,0.8156190094652935,-0.23372103588420012,-0.22438034528844153,-0.7680977596259057,0
2021-09-07,1.1250989437103271,1.3914949893951416,0.9754549860954284,1.3894380331039429,11310427430.0,-0.19023433320683802,1.3894129991531372,1.1875929832458496,1.1373519897460938,0.7787389755249023,0.9200339913368224,0.4529600143432617,1.265491008758545,1.2067165601821173,0.9121044754981995,0.9538718067937427,0.08679492297131995,0.06720989587998026,0.06291875672339788,0.0900128905187592,0.41604000329971325,6195358275.714286,5594481412.333333,4399727972.066667,7036103643.261111,0.5276335772778542,-0.0253533211542174,-0.05072709152582311,-0.7001445960982893,0
2021-09-08,1.1007200479507446,1.1486419439315796,1.0201749801635742,1.1266850233078003,7367876460.0,-0.02166822384455036,1.1250989437103271,1.234889030456543,1.1725289821624756,0.8185529708862305,0.8691819906234741,0.4411309957504272,1.2463240112577165,1.2045557555698214,0.9200254261493683,0.9575361904170778,0.08469224216213601,0.06676617411951348,0.06295114432239372,0.09000382033462573,0.12846696376800537,6542618627.428572,5585361919.809524,4492719681.583333,7058557325.166667,-0.3485766558691408,0.018744986331848512,-0.034367541094073806,-0.6908886968107142,1
2021-09-09,1.0894010066986084,1.136104941368103,0.838254988193512,1.090281963348389,5171653352.0,-0.010283306162370165,1.1007200479507446,1.256324052810669,1.0752660036087036,0.8512470126152039,0.8484500050544739,0.4599240124225616,1.2224778618131364,1.1977252335775466,0.927583192785581,0.9610332848297225,0.08368445472426474,0.06451102730468206,0.06300887698337335,0.08997978201307633,0.29784995317459106,6501867850.285714,5508685032.095238,4553989043.85,7069442785.15,-0.2980808812312795,0.001924920758832993,0.06473745639082229,-0.6718224034907914,1
2021-09-10,1.0572669506072998,1.2417190074920654,1.0343170166015625,1.0875740051269531,7726257543.0,-0.029496995040136476,1.0894010066986084,1.2914350032806396,1.1884729862213137,1.0125240087509155,0.8326830267906189,0.442111998796463,1.1890252828598022,1.1879178512664068,0.9347013423840205,0.9644508123397827,0.08134269707347273,0.06440004223707607,0.06317389985674299,0.08995523194177894,0.20740199089050293,6763192792.571428,5562299507.285714,4650952105.816667,7098425128.166667,0.4939627653141281,0.00787980784300557,0.07678860678511823,-0.661692814678727,1
2021-09-11,1.079905986785889,1.1113009452819824,1.053305983543396,1.0565969944000244,3986494412.0,0.021412790937600956,1.0572669506072998,1.2557790279388428,1.1455049514770508,0.9645490050315856,0.8831599950790405,0.4375549852848053,1.1639005626950945,1.18141466095334,0.9423743923505147,0.9680194290147888,0.08317626166381671,0.06427158059657577,0.06308471587330713,0.08994877589234491,0.057994961738586426,6720640438.857142,5516157809.476191,4686378033.283334,7103261156.7277775,-0.4840329370573766,-0.003924424444977426,0.05369168116068712,-0.6711574949210215,0
2021-09-12,1.119636058807373,1.1272449493408203,1.0598679780960083,1.0802780389785769,3403286576.0,0.03679030629298796,1.079905986785889,1.3054980039596558,1.1408319473266602,1.089959979057312,0.8928970098495483,0.4625999927520752,1.1373488562447684,1.1762677090508598,0.9506962597370148,0.9716696293817626,0.08285874011604984,0.06482501889299627,0.06315625836494715,0.0899003077765404,0.06737697124481201,6624269065.428572,5466218272.333333,4710680807.533334,7081157138.894444,-0.14629591207865467,-0.06359923800503142,-0.01587755696542703,-0.6789626389505832,0
2021-09-13,1.0646779537200928,1.1259139776229858,1.0296469926834106,1.1194230318069458,4391908806.0,-0.04908568695601068,1.119636058807373,1.3894129991531372,1.1014349460601809,1.280411958694458,0.8898000121116638,0.4724169969558716,1.0909581354686193,1.167572850272769,0.9584918757279713,0.9749599680304527,0.07466641747913302,0.06546210922905048,0.06332455449129488,0.08999873709974067,0.0962669849395752,6193986368.428572,5375359230.285714,4750085575.066667,7081435713.666667,0.29049044443443894,-0.13856393442916637,0.05984347396521361,-0.68657938952204,0
2021-09-14,1.0965739488601685,1.097653031349182,1.0588419437408447,1.065369963645935,3378813327.0,0.02995835034305716,1.0646779537200928,1.1250989437103271,1.1875929832458496,1.288159966468811,0.8319079875946045,0.4729189872741699,1.0868831362043108,1.1656310388020106,0.9669218748807907,0.9784247178170417,0.032895711220912324,0.06302343113778207,0.0633012145773041,0.09001132146029421,0.03881108760833718,5060898639.428572,5245317013.619047,4774685912.883333,7082062585.344444,-0.2306731591548442,-0.20084823675096852,0.0325942855801058,-0.6880447559657427,0
2021-09-15,1.121353030204773,1.1293209791183472,1.0805649757385254,1.096938967704773,2997048680.0,0.022596817451628448,1.0965739488601685,1.1007200479507446,1.234889030456543,1.1909929513931274,0.8414379954338074,0.4711709916591644,1.0898307050977434,1.1631940887087868,0.9759039590756099,0.9820368402534061,0.03300734649286501,0.06284669390263053,0.06321871429267523,0.0900126318266573,0.04875600337982178,4436494670.857142,5162556447.333333,4794699356.216666,7084123681.872222,-0.11298778892261663,-0.1045852849347867,0.0171194856882797,-0.708981021923883,0
2021-09-16,1.0914980173110962,1.1292020082473757,1.0680979490280151,1.121243953704834,3168621354.0,-0.02662409793303444,1.121353030204773,1.0894010066986084,1.256324052810669,1.0981990098953247,0.797648012638092,0.5269910097122192,1.0901302780423845,1.163967041742234,0.9842968930800756,0.9851729902956221,0.0346508066904214,0.060285215134786074,0.06342352211783082,0.08967334063804162,0.061104059219360574,4150347242.571429,5079408665.619047,4821384066.75,7064183359.883333,0.057247209611556826,-0.08195891089146778,0.03994321193331385,-0.6732124226025592,0
2021-09-17,1.0655980110168457,1.102313995361328,1.0531710386276243,1.0908780097961426,2989925804.0,-0.023728862428953446,1.0914980173110962,1.0572669506072998,1.2914350032806396,1.14609694480896,0.7616729736328125,0.5198349952697754,1.0913204295294625,1.1581158524467832,0.9927642603715261,0.9882050070497724,0.03387022909388189,0.05569087177582837,0.06304749311274419,0.08969012111256995,0.04914295673370361,3473728422.714286,4980706484.238095,4842776052.316667,7050017672.7722225,-0.05639536253658661,-0.11230691661285674,0.026154271607059743,-0.6462042968674837,0
2021-09-18,1.0756679773330688,1.0946160554885864,1.0573879480361938,1.0659129619598389,2308814476.0,0.009450061103824625,1.0655980110168457,1.079905986785889,1.2557790279388428,1.232841968536377,0.7763770222663879,0.5499420166015625,1.090714999607631,1.1547902822494507,1.001869793732961,0.9911257068316142,0.03299544485818413,0.05524518320475713,0.06249816336764726,0.08961171713156173,0.03722810745239258,3234059860.428571,4916557758.285714,4847482373.483334,7008777331.994445,-0.2278020836131759,-0.12487680582736571,0.007599056537384019,-0.6668832619611527,0
2021-09-19,1.0484280586242676,1.082036018371582,1.0418070554733276,1.0751680135726929,2148537763.0,-0.02532372375380909,1.0756679773330688,1.119636058807373,1.3054980039596558,1.2632219791412354,0.6103879809379578,0.5565950274467468,1.0805424281529017,1.1503900970731462,1.0098436276117961,0.9938581125603781,0.029601190110887108,0.05549019908690805,0.062142398675657066,0.0896446001279624,0.040228962898254395,3054810030.0,4854271860.380953,4839786031.0,6978434791.761111,-0.06941948548316357,-0.09891672992336886,0.04163560682999545,-0.6308063228352223,0
2021-09-20,0.9171519875526428,1.050405979156494,0.8878499865531921,1.0489840507507324,5775337511.0,-0.12521228327662592,1.0484280586242676,1.0646779537200928,1.3894129991531372,1.2164729833602903,0.5450670123100281,0.4888370037078857,1.0594672901289803,1.1416147180965968,1.0152593940496444,0.9962376402484046,0.052174711937673916,0.06133329115848877,0.06450845990216238,0.08967293654799731,0.16255599260330178,3252442702.142857,4956184058.428572,4894032763.866667,6980262038.294444,1.688031651319875,0.007123166916624735,0.24551659857244212,-0.5473127536636322,1
2021-09-21,0.8763290047645569,0.9593080282211304,0.8607339859008789,0.9223440289497375,4787985414.0,-0.0445105973078892,0.9171519875526428,1.0965739488601685,1.1250989437103271,1.2277220487594604,0.6265349984169006,0.5174980163574219,1.02800372668675,1.126792623883202,1.0197111437718074,0.9982311457395554,0.04773128691348739,0.058618479163947045,0.06482769725293282,0.08967303113249704,0.09857404232025146,3453753000.285714,4903336638.476191,4937063712.9,6973184615.85,-0.1709600685881023,0.01980987951526969,0.24304348124767206,-0.5471700769692704,1
2021-09-22,1.0040760040283203,1.00935697555542,0.8696200251579285,0.8738240003585815,4813963292.0,0.1457751581531701,0.8763290047645569,1.121353030204773,1.1007200479507446,1.2472699880599976,0.671999990940094,0.5670549869537354,1.0112498658043998,1.11580152738662,1.0262819608052571,1.0006590402788587,0.08139468826358714,0.06727628088945654,0.06720832292458423,0.09002703525261214,0.13973695039749146,3713312230.571429,4897475176.285714,4984509930.1,6967662939.538889,0.0054256385000759355,-0.07541957543809663,0.08395581041933808,-0.5168682326542243,0
2021-09-23,1.0020400285720823,1.016471028327942,0.9704790115356444,1.0045249462127686,3734263358.0,-0.0020277105000714446,1.0040760040283203,1.0914980173110962,1.0894010066986084,1.1373519897460938,0.6133229732513428,0.5504429936408997,0.9984701531273978,1.1036927643276395,1.0328766783078511,1.003167912695143,0.08123332485139383,0.06704999324068601,0.06719498993132596,0.08998844181644426,0.045992016792297474,3794118231.142857,4815444441.333333,5018284864.316667,6967940805.555555,-0.22428503677921274,-0.04930344464204761,0.09226870603961301,-0.4938615616673453,0
2021-09-24,0.9459239840507508,1.0031969547271729,0.8923929929733276,1.0024549961090088,4425027059.0,-0.056001799250771866,1.0020400285720823,1.0655980110168457,1.0572669506072998,1.1725289821624756,0.615435004234314,0.5507559776306152,0.9813738635608128,1.0872398586500258,1.0382151116927465,1.005363290508588,0.0830790641779491,0.0672719898032536,0.06768011590000529,0.09011049522991592,0.11080396175384521,3999132696.142857,4745351303.809524,5027380606.283334,6976995913.0222225,0.18497991030015615,0.10222810110995151,0.14626863527349854,-0.48334536969223196,1
2021-09-25,0.941341996192932,0.956857979297638,0.9196249842643738,0.9454569816589355,3067009121.0,-0.004843928196214375,0.9459239840507508,1.0756679773330688,1.079905986785889,1.0752660036087036,0.6469230055809021,0.5678709745407104,0.9621844376836505,1.0722666666621254,1.0431607445081075,1.0074381295177672,0.08258140867648306,0.06719927958064648,0.06764571675199837,0.0900964378058463,0.03723299503326427,4107446216.857143,4687382172.047619,5031829048.766666,6974314573.5222225,-0.30689483248197236,0.10339807933820211,0.16340074632602208,-0.4766758554907973,1
2021-09-26,0.944720983505249,0.9566919803619384,0.8948339819908142,0.9415709972381592,3142032669.0,0.003589542723030137,0.941341996192932,1.0484280586242676,1.119636058807373,1.1884729862213137,0.643746018409729,0.5668590068817139,0.9473691412380764,1.055086808545249,1.0468153446912765,1.0095373627212312,0.08276142852494794,0.06628663376298204,0.0658841789391945,0.09009450092414582,0.06185799837112416,4249374060.571429,4642817718.666667,4976646917.8,6970483626.916667,0.024461468825217825,0.11691184765373519,0.1729315243837961,-0.5049564700802307,1
2021-09-27,0.9236850142478944,0.981486976146698,0.9210829734802246,0.9459580183029176,3014579575.0,-0.022266859342219503,0.944720983505249,0.9171519875526428,1.0646779537200928,1.1455049514770508,0.7017250061035156,0.573868989944458,0.9483024307659694,1.032909285454523,1.0497431447108587,1.0114807850784726,0.0668936288114067,0.06388176434051303,0.06590693331854021,0.09011938280449595,0.06040400266647339,3854980069.714286,4433803046.761905,4964923996.466666,6960288152.388889,-0.04056389841438657,0.12917717605169488,0.07769636990402495,-0.5141460565276986,1
2021-09-28,0.893688976764679,0.942592978477478,0.8924990296363831,0.9230589866638184,2818990506.0,-0.03247431431767844,0.9236850142478944,0.8763290047645569,1.0965739488601685,1.1408319473266602,0.7063739895820618,0.5792919993400574,0.9507824267659869,1.021889763219016,1.0521026442448298,1.013227434953054,0.06561687117668409,0.05036512234311246,0.06609034540379027,0.09016598796212587,0.05009394884109497,3573695082.857143,4029448907.5238094,4956431778.883333,6949699163.361111,-0.06488104365266256,0.21463172352120874,0.1847746103624257,-0.49571717637369994,1
2021-09-29,0.9283490180969238,0.9903500080108644,0.8879479765892029,0.8945909738540649,3558174320.0,0.038783113849877315,0.893688976764679,1.0040760040283203,1.121353030204773,1.1014349460601809,0.6611800193786621,0.6165689826011658,0.9399642859186444,1.0136816189402627,1.0551120281219482,1.0149595462613636,0.03006221626147538,0.05136528638318473,0.06621743728993708,0.09009415641458153,0.10240203142166149,3394296658.285714,3848034519.904762,4972195147.616667,6939439829.938889,0.26221578697292713,0.16083068937160783,0.1649746082082748,-0.47711798155929797,1
2021-09-30,0.9526360034942628,0.9640809893608092,0.922918975353241,0.9275130033493042,3051316850.0,0.026161481214388882,0.9283490180969238,1.0020400285720823,1.0914980173110962,1.1875929832458496,0.6567630171775818,0.5909150242805481,0.9329065680503845,1.0071689997400557,1.058890595038732,1.0169691072569953,0.03315422735479332,0.05185626436199015,0.06610750343831846,0.09003497884118088,0.04116201400756825,3296732871.428571,3747066115.047619,4980900036.983334,6918847184.766666,-0.1424487460187167,0.12112700202345295,0.13784170015103925,-0.4963721752057554,1
2021-10-01,1.0426239967346191,1.0639970302581787,0.9453549981117249,0.953764021396637,5125674349.0,0.09446209560659158,0.9526360034942628,0.9459239840507508,1.0655980110168457,1.234889030456543,0.6728879809379578,0.6467289924621582,0.9467208555766514,1.006471716222309,1.063947327931722,1.0191685239473978,0.04314836518512705,0.05584213822061455,0.06705893356843688,0.0900350259526914,0.11864203214645386,3396825341.428571,3623228820.095238,5022185250.166667,6921690382.433333,0.6798236961199229,0.019438464680058498,0.06773586683259092,-0.5443131983347214,1
2021-10-02,1.0386749505996704,1.0717600584030151,1.0095380544662476,1.0420600175857544,3884936924.0,-0.003787603342448209,1.0426239967346191,0.941341996192932,1.0756679773330688,1.256324052810669,0.6949449777603149,0.9204729795455932,0.9606255633490426,1.0045083335467748,1.0693797608216604,1.019825201564365,0.04307010020614607,0.055647550567165464,0.06683159568221828,0.08444551124338424,0.06222200393676758,3513672170.428571,3618392749.2380953,5039315942.666667,6796522258.327778,-0.24206325656292682,0.11673633429996921,0.05217423040898361,-0.5678628760557313,1
2021-10-03,1.0551700592041016,1.0884380340576172,1.0224920511245728,1.0376880168914795,3496121109.0,0.015880915001279083,1.0386749505996704,0.944720983505249,1.0484280586242676,1.2914350032806396,0.6542999744415283,1.0962660312652588,0.9764040027345929,1.001438524041857,1.0747911284367244,1.0195968906084696,0.042780576427312804,0.05513360411521128,0.06680408684556711,0.08328202940409067,0.06594598293304443,3564256233.285714,3622813441.285714,5050979427.133333,6610638625.016666,-0.10008291578635675,0.07892845974335372,0.07678947801298963,-0.5613228426483109,1
2021-10-04,1.043004035949707,1.0598599910736084,1.0107049942016602,1.055770993232727,3164260800.0,-0.01152991704822559,1.0551700592041016,0.9236850142478944,0.9171519875526428,1.2557790279388428,0.6654019951820374,0.917576014995575,0.9934495772634234,1.0004064327194577,1.0799553453922273,1.0202937129471037,0.041318967860078826,0.054108781463595976,0.06685080363848044,0.08235343036996864,0.04915499687194824,3585639265.428571,3564354012.428571,5063926519.216666,6506316897.916667,-0.09492242935912554,0.0909717656804756,0.15895622898701522,-0.539624020156007,1
2021-10-05,1.0855029821395874,1.0874929428100586,1.038789987564087,1.0416879653930664,3251465579.0,0.04074667472516813,1.043004035949707,0.893688976764679,0.8763290047645569,1.3054980039596558,0.6515750288963318,1.0527559518814087,1.0208515780312675,0.9998792438280015,1.0856051782766978,1.0204756408929825,0.03515703721207477,0.05445360255784735,0.06697191244563225,0.08169803255987788,0.04870295524597168,3647421418.714286,3558289833.952381,5077383937.333333,6452778653.861111,0.02755928936072527,0.015067661381534592,0.1073235375157906,-0.5488883860380444,1
2021-10-06,1.0776560306549072,1.105905055999756,1.021597981452942,1.0849330425262451,3806090854.0,-0.007228862208386921,1.0855029821395874,0.9283490180969238,1.0040760040283203,1.3894129991531372,0.623058021068573,1.0208369493484497,1.0421811512538366,0.9977984343256269,1.0899614284435908,1.0207913024557962,0.037194232280053,0.054248258474904186,0.06606087068940497,0.08166283737670738,0.08430707454681419,3682838066.428571,3596815651.7619047,5073032984.233334,6417060994.544444,0.17057700951291532,0.04707991142511192,0.0778327824873224,-0.5423549015412996,1
2021-10-07,1.0680259466171265,1.0932090282440186,1.0462199449539185,1.0771859884262085,3192050513.0,-0.008936138956999518,1.0776560306549072,0.9526360034942628,1.0020400285720823,1.1250989437103271,0.6368039846420288,1.3744159936904907,1.058665428842817,0.9966807166735331,1.0947828779617945,1.0190891355276108,0.03888290582191256,0.05395907195836293,0.06573167927771364,0.07751990755403691,0.0469890832901001,3702942875.428571,3597931326.0,5060321330.133333,6292862414.422222,-0.16133097305196387,0.060195210514807584,0.07905058134882026,-0.5147327605845622,1
2021-10-08,1.0628910064697266,1.0913699865341189,1.056926965713501,1.0677640438079834,2577289115.0,-0.004807879587255703,1.0680259466171265,1.0426239967346191,0.9459239840507508,1.1007200479507446,0.6254630088806152,1.3605300188064575,1.0615607159478324,0.9965518116950989,1.0988551785548528,1.0174355854590733,0.018955741134349814,0.05369453715143617,0.06549701401466432,0.07751644560294647,0.0344430208206179,3338887842.0,3578281959.857143,5040952526.333333,6189264718.327778,-0.19259137519795255,0.07306394579918574,0.14549275384424898,-0.5134844803422454,1
2021-10-09,1.1599260568618774,1.2082140445709229,1.0592540502548218,1.0618540048599243,4844564004.0,0.09129350968397221,1.0628910064697266,1.0386749505996704,0.941341996192932,1.0894010066986084,0.6359350085258484,1.4677350521087646,1.0788823025567191,1.0005641011964708,1.1039998292922975,1.0157255354854795,0.03793000282927229,0.057177984471674055,0.06627297222983909,0.07759150539398559,0.14895999431610107,3475977424.857143,3699031937.3809524,5054989433.333333,6142753633.283334,0.8797130581137771,-0.021406625684148195,0.10556789119197885,-0.5395732240922944,0
2021-10-10,1.1384530067443848,1.2276630401611328,1.1313070058822632,1.1602760553359983,5165905723.0,-0.018512430159200788,1.1599260568618774,1.0551700592041016,0.944720983505249,1.0572669506072998,0.6301779747009277,1.7940009832382202,1.0907798664910453,1.0048510034879048,1.1060986459255218,1.012083602282736,0.04018251866324069,0.05701568078152561,0.06187750369573912,0.07582266525341173,0.09635603427886963,3714518084.0,3842716125.952381,5004189948.216666,5998544360.961111,0.06633036920034052,-0.03951419659569866,0.10582515081618538,-0.563430389162931,0
2021-10-11,1.137887954711914,1.1811039447784424,1.109963059425354,1.1373000144958496,4022773988.0,-0.0004963332075397231,1.1384530067443848,1.043004035949707,0.9236850142478944,1.079905986785889,0.6195229887962341,1.83923602104187,1.1043347120285034,1.0153622400192988,1.108987628420194,1.0081872241364584,0.03933255107202391,0.04859866267571159,0.06151465169895627,0.07579980030665313,0.07114088535308838,3837162825.142857,3759260720.095238,4944348115.4,5859638499.744445,-0.22128389411182448,-0.04749669365936893,0.04876140037983112,-0.5734228409469964,0
2021-10-12,1.1018589735031128,1.1383399963378906,1.0676109790802002,1.1383399963378906,3959747373.0,-0.0316630306697665,1.137887954711914,1.0855029821395874,0.893688976764679,1.119636058807373,0.6203240156173706,1.7660670280456543,1.1066712822232927,1.0261017623401822,1.1091859449942907,1.0044971793889999,0.040373427228340884,0.04793606750999055,0.059434554947041536,0.07577827575100372,0.07072901725769043,3938345938.571429,3719820813.3809524,4903247585.833333,5796059414.755555,-0.015667451163801305,-0.00887498007965537,0.10573497118866326,-0.5567763088924094,0
2021-10-13,1.128391981124878,1.1376899480819702,1.0769790410995483,1.1019660234451294,3675636699.0,0.024080221026298254,1.1018589735031128,1.0776560306549072,0.9283490180969238,1.0646779537200928,0.5969409942626953,1.55752694606781,1.1139192751475744,1.0320215707733518,1.1066522787014643,1.002113096250428,0.04080824606281387,0.037083412161053236,0.0550294851761232,0.07527711056374224,0.060710906982421875,3919709630.714286,3665614785.142857,4762711289.483334,5702068091.588889,-0.07174969694714406,0.012350356098553616,0.05402646921422516,-0.5738962867584837,1
2021-10-14,1.132315993309021,1.1564229726791382,1.1193039417266846,1.1274909973144531,3184675623.0,0.003477525762130451,1.128391981124878,1.0680259466171265,0.9526360034942628,1.0965739488601685,0.5907739996910095,1.5600550174713137,1.1231035675321306,1.0382251881417774,1.1040548791488012,0.9997367683384154,0.040252052864388786,0.03704169733978531,0.05502522935411919,0.07527731571002683,0.03711903095245361,3918656075.0,3639443940.6190476,4634136468.8,5639165537.911111,-0.13357170912282268,-0.03797609215296416,0.05265495646443075,-0.5681717903407413,0
2021-10-15,1.1405500173568726,1.164330005645752,1.1039719581604004,1.1335350275039673,5364938375.0,0.007271842927687455,1.132315993309021,1.0628910064697266,1.0426239967346191,1.121353030204773,0.582427978515625,1.4059979915618896,1.13419771194458,1.0474930944896879,1.1032141635815302,0.9982620573706097,0.03981533920047301,0.03416773427451988,0.054148468680449216,0.07490580931681479,0.06035804748535156,4316891683.571428,3684201622.3333335,4584137971.366667,5541559975.094444,0.6846106197610695,-0.045746348598247,0.04212611967418889,-0.5778291210558272,0
2021-10-16,1.1350959539413452,1.185520052909851,1.132119059562683,1.1414730548858645,3776545069.0,-0.004781958995684121,1.1405500173568726,1.1599260568618774,1.0386749505996704,1.0914980173110962,0.5879219770431519,1.3150440454483032,1.130650554384504,1.0567194734300887,1.1038291126489639,0.9972623457511266,0.01803901249524977,0.03416643746107675,0.05316181549492412,0.07474229656300582,0.05340099334716797,4164317550.0,3717989048.428571,4520078399.733334,5464554621.672222,-0.2960692546631535,-0.03576701017394157,0.031957676403019386,-0.5797623892353134,0
2021-10-17,1.0934679508209229,1.1399040222167969,1.02736496925354,1.1346919536590576,3227519874.0,-0.03667355431572039,1.1350959539413452,1.1384530067443848,1.0551700592041016,1.0655980110168457,0.5575559735298157,1.3832989931106567,1.1242241178240096,1.0638026623498826,1.1029519627491633,0.9956521732939614,0.02160455475244393,0.03561310317658935,0.05310628347644944,0.07470339551390809,0.11253905296325684,3887405285.857143,3722059867.714286,4447880634.25,5396029084.222222,-0.1453776361645216,-0.008399840657151936,-0.002317317720001877,-0.5611046462569148,0
2021-10-18,1.0838420391082764,1.1062190532684326,1.0671030282974243,1.0948339700698853,3186066188.0,-0.008803103653307609,1.0934679508209229,1.137887954711914,1.043004035949707,1.0756679773330688,0.5293359756469727,1.2964979410171509,1.1165032727377755,1.071429187343234,1.1004686305920284,0.9944707516166899,0.021509222623512094,0.03516748080936855,0.05219476807035663,0.07455227688685129,0.0391160249710083,3767875600.142857,3730225896.904762,4387950604.15,5344034713.172222,-0.012843820524217175,0.010440582116484576,0.011485905186645828,-0.570069257052906,1
2021-10-19,1.092079997062683,1.0999850034713743,1.0723559856414795,1.083891987800598,2586014628.0,0.007600699785721865,1.0838420391082764,1.1018589735031128,1.0855029821395874,1.0484280586242676,0.569998025894165,1.159682035446167,1.1151062761034285,1.0808763787859963,1.0976162642240523,0.9940951847367816,0.018881901589589096,0.033914241845427906,0.05210039472286845,0.07411806283706557,0.027629017829894797,3571628065.142857,3719131807.4761906,4321044955.216666,5275626252.483334,-0.18833618782310113,0.01466286927748639,-0.04589952812079778,-0.5868187216045879,1
2021-10-20,1.1423280239105225,1.1529840230941772,1.0885709524154663,1.091912031173706,3394782025.0,0.04601130593270564,1.092079997062683,1.128391981124878,1.0776560306549072,0.9171519875526428,0.5922060012817383,1.169659972190857,1.1170971393585205,1.0910658552533103,1.0963805148998895,0.9939433405796687,0.024686982431895165,0.034254655097596586,0.052231723098519055,0.07418790108076359,0.06441307067871094,3531505968.857143,3711351222.0,4295033487.866667,5182064402.122222,0.3127466442931506,-0.12857606050670067,-0.044502074710447204,-0.607744896917749,0
2021-10-21,1.0893150568008425,1.1636699438095093,1.088085055351257,1.1454060077667236,4035726860.0,-0.04640783207629018,1.1423280239105225,1.132315993309021,1.0680259466171265,0.8763290047645569,0.6092240214347839,1.0487060546875,1.1109541484287808,1.0975743816012429,1.0940737317005793,0.994168946146965,0.030669679222455105,0.036197371561547974,0.05256371862649016,0.07385363823596389,0.07558488845825218,3653084717.0,3758227889.142857,4288095321.266667,5156783510.722222,0.18880294236269846,-0.027994699402057788,0.007647871153753094,-0.5767083337117964,0
2021-10-22,1.0883740186691284,1.1258790493011477,1.0791150331497192,1.0899009704589844,3296407032.0,-0.0008638805879336298,1.0893150568008425,1.1405500173568726,1.0628910064697266,1.0040760040283203,0.6098269820213318,1.032256007194519,1.1035004343305315,1.0997529540743147,1.091425465544065,0.9944807128773795,0.030273778076161714,0.03015483467198135,0.05251892742409176,0.07384100854676033,0.046764016151428445,3357580239.428571,3671119921.6666665,4238036293.65,5127465744.572222,-0.1831937228774695,-0.006313073367489763,-0.025911114669609603,-0.5723253420092547,0
2021-10-23,1.0944969654083252,1.1023859977722168,1.078505039215088,1.0898360013961792,2236173913.0,0.0056257744434986545,1.0883740186691284,1.1350959539413452,1.1599260568618774,1.0020400285720823,0.6063569784164429,1.3685059547424316,1.0977005788258143,1.102411145255679,1.0907112151384353,0.9929584407144123,0.030612946134468074,0.03012711622303443,0.05125878477009357,0.06976777742356079,0.023880958557128906,3137527217.142857,3592607397.3333335,4173477527.5833335,5054236381.366667,-0.32163295027214345,-0.009637299965821855,-0.0528780981703475,-0.5714624912839198,0
2021-10-24,1.0842829942703247,1.0965529680252075,1.0580439567565918,1.094876050949097,2240272602.0,-0.009332114625087096,1.0944969654083252,1.0934679508209229,1.1384530067443848,0.9459239840507508,0.6256179809570312,1.4009549617767334,1.0963884421757288,1.103797475496928,1.0892404486735663,0.9911991520060434,0.027447038384909472,0.03008706767349703,0.05111942686596693,0.0697518201930085,0.03850901126861572,2996491892.571429,3532805087.4761906,4131898394.75,4991211820.7277775,0.0018329026093060197,0.02671262282690856,-0.015886978629836013,-0.581455205112348,1
2021-10-25,1.0951579809188845,1.1038670539855957,1.0792059898376465,1.0833070278167725,2595663483.0,0.010029657115371515,1.0842829942703247,1.0838420391082764,1.137887954711914,0.941341996192932,0.6446040272712708,1.3586009740829468,1.09800500529153,1.1062809966859364,1.089571981628736,0.9897355798217985,0.027464116673348936,0.029980068766645045,0.04995802295074914,0.06971543409397024,0.02466106414794922,2912148649.0,3505729024.7619047,4093247373.3,4954117028.905556,0.15863733756451137,-0.0020919028729214917,-0.048470580398006,-0.5785594269461866,0
2021-10-26,1.108093023300171,1.158342957496643,1.0932279825210571,1.0951110124588013,3933349796.0,0.011811120045377654,1.0951579809188845,1.092079997062683,1.1018589735031128,0.944720983505249,0.7254449725151062,1.399359941482544,1.1002925804683141,1.1073567129316784,1.0882323155800502,0.9881174302763409,0.027657523368435178,0.02878736424965565,0.048091235555870325,0.06968676411999156,0.06511497497558594,3104625101.571429,3538199701.7619047,4074425343.016667,4933562504.761111,0.5153542906316719,0.025361583706620117,-0.0687713157470643,-0.5764110161222409,1
2021-10-27,0.9954519867897034,1.1251920461654663,0.970205008983612,1.1079410314559937,6433932056.0,-0.10165305090992727,1.108093023300171,1.1423280239105225,1.128391981124878,0.9236850142478944,0.7480170130729675,1.5916739702224731,1.0793102894510542,1.103442234652383,1.085731432835261,0.9848050859239367,0.04163908475230052,0.036529993709501205,0.0496441722639791,0.06935318778234184,0.15498703718185436,3538789391.714286,3663334997.095238,4120725248.6,4890635160.6,0.6357385917069858,0.21431876209402434,-0.05937202355344284,-0.5354803656542609,1
2021-10-28,1.0588200092315674,1.0819389820098877,0.9841139912605286,0.9952390193939208,5528214768.0,0.06365753776455207,0.9954519867897034,1.0893150568008425,1.132315993309021,0.893688976764679,0.7521190047264099,1.6510250568389893,1.074953854084015,1.103003856681642,1.0843645672003428,0.9815150578816731,0.04947026867348417,0.039284046058345956,0.05034037276329206,0.06946045221662944,0.09782499074935913,3752001950.0,3774580914.0,4155253134.4166665,4875754290.85,-0.14077196963175387,0.1352288318003123,-0.10545893470701395,-0.5523497960938192,1
2021-10-29,1.0815030336380005,1.0901659727096558,1.0561790466308594,1.059046983718872,3549325709.0,0.021422927606832065,1.0588200092315674,1.0883740186691284,1.1405500173568726,0.9283490180969238,0.7477859854698181,1.5626410245895386,1.0739722847938538,1.103890143689655,1.084032368659973,0.9788420690430535,0.05033728323020293,0.039528875244743536,0.05020719066256207,0.06936228818101906,0.03398692607879639,3788133189.571429,3820868370.857143,4153822207.0333333,4856952537.2277775,-0.3579616823960555,0.07399883491571324,-0.104254927496375,-0.5650349607955201,1
2021-10-30,1.0839489698410034,1.1142849922180176,1.064389944076538,1.0813779830932615,3261273038.0,0.0022616082682405114,1.0815030336380005,1.0944969654083252,1.1350959539413452,0.9526360034942628,0.7259219884872437,1.555994987487793,1.0724654282842363,1.1002721871648515,1.082304968436559,0.976219591167238,0.05029314477202418,0.033781953210111966,0.049173244613798614,0.06936153326665533,0.04989504814147949,3934575921.714286,3745473562.952381,4109880403.7833333,4832778983.077778,-0.08115701251919116,0.06319951460618989,-0.0848637436360522,-0.5770511259264588,1
2021-10-31,1.113247036933899,1.1524499654769895,1.0727640390396118,1.0859260559082031,4607785327.0,0.027029009582612673,1.0839489698410034,1.0842829942703247,1.0934679508209229,1.0426239967346191,0.7392200231552124,1.392375946044922,1.076603148664747,1.0990719028881617,1.0802776018778484,0.9746688750055101,0.05107140362375175,0.03417317389582333,0.04902381138101604,0.06893553130069856,0.07968592643737771,4272792025.285714,3718896401.2380953,4104392592.6,4786956941.622222,0.41287934904884827,0.09367813759524579,-0.10284600688776135,-0.5814810378822591,1
2021-11-01,1.0928670167922974,1.13121497631073,1.0726569890975952,1.1131529808044434,3655823943.0,-0.018306826306703772,1.113247036933899,1.0951579809188845,1.0838420391082764,1.0386749505996704,0.7127289772033691,1.6145119667053225,1.0762758680752345,1.0969280487015134,1.0775533179442087,0.9717708475059933,0.05171937149839105,0.03439351025828393,0.04901972621656778,0.06792041385959456,0.058557987213134766,4424243519.571428,3701422589.571429,4074374511.7833333,4733275667.305555,-0.20659846682132554,0.1734062652813435,-0.09327483986324492,-0.5749007131939073,1
2021-11-02,1.1361960172653198,1.1450940370559692,1.0861170291900637,1.0925769805908203,3609677729.0,0.039647093202792805,1.0928670167922974,1.108093023300171,1.092079997062683,1.0551700592041016,0.7304880023002625,1.6005810499191284,1.0802905814988273,1.0985631460235232,1.0749660015106202,0.9691909306579166,0.05373014539152575,0.0347685392371917,0.04916031271479249,0.06798061485279742,0.05897700786590554,4378004652.857142,3684752606.5238094,4036252758.15,4663887608.694445,-0.012622657633269974,0.10802181027736246,-0.14423923443068454,-0.6031723453203686,1
2021-11-03,1.2087960243225098,1.2330249547958374,1.1269609928131104,1.135938048362732,6526803610.0,0.06389743138858117,1.1361960172653198,0.9954519867897034,1.1423280239105225,1.043004035949707,0.7331510186195374,1.5817550420761108,1.110768301146371,1.1023919099853152,1.0741829514503478,0.967118936114841,0.030399746608045123,0.037041260802727745,0.04973397933996347,0.06813824764790008,0.10606396198272705,4391272017.714286,3820522459.428571,4073626803.516667,4642366673.6,0.8081402551712393,-0.012759025636393084,-0.23705572007263032,-0.6234807373012301,0
2021-11-04,1.202003002166748,1.2537280321121216,1.1669329404830933,1.2105189561843872,5210115532.0,-0.0056196595778589264,1.2087960243225098,1.0588200092315674,1.0893150568008425,1.0855029821395874,0.7465130090713501,1.5625979900360107,1.1312230144228255,1.1057103389785403,1.0724580347537995,0.9651156306266785,0.028253320909536795,0.0371001949817861,0.0494752858992567,0.06813304243645996,0.08679509162902832,4345829269.714286,3916971978.904762,4092497292.55,4636036159.777778,-0.2017355135341662,0.013611445332660566,-0.29531875611665104,-0.5803637699080009,1
2021-11-05,1.161532998085022,1.2024040222167969,1.141374945640564,1.201917052268982,3572443866.0,-0.03366880449447651,1.202003002166748,1.0815030336380005,1.0883740186691284,1.0776560306549072,0.8162810206413269,1.5352929830551147,1.1426558664866857,1.1067095285370236,1.0686600347359976,0.9630391862657335,0.03435608993486975,0.03795868146408611,0.04892673959546574,0.06816816732008792,0.06102907657623291,4349131863.571428,3831615097.5238094,4028639895.5666666,4610088183.438889,-0.3143254033315743,0.023952843109534383,-0.3064381450678878,-0.5752768086275721,1
2021-11-06,1.1524540185928345,1.1733030080795288,1.108773946762085,1.1606340408325195,2630197378.0,-0.007816376725547802,1.161532998085022,1.0839489698410034,1.0944969654083252,1.0680259466171265,0.7787389755249023,1.3890060186386108,1.1524423020226615,1.1075361030442374,1.069115952650706,0.9617250084877014,0.034976574128556565,0.03798981650435881,0.04222587664135917,0.06778982536575222,0.06452906131744385,4258978197.857143,3777027112.2380953,3883969394.7,4562579419.738889,-0.2637540359885392,0.034260823781986804,-0.28128323964298885,-0.5915932375379946,1
2021-11-07,1.2175339460372925,1.2375819683074951,1.148102045059204,1.1532000303268433,3384556620.0,0.05647073670142744,1.1524540185928345,1.113247036933899,1.0842829942703247,1.0628910064697266,0.8185529708862305,1.4776819944381714,1.1673404318945748,1.1134440075783503,1.0710628509521485,0.960279741552141,0.03900122619717474,0.038749577309871185,0.04270859602268009,0.06775407055496427,0.08947992324829102,4084231239.714286,3784505052.5238094,3817580730.7,4537087057.027778,0.2868070846354558,-0.023766879148649056,-0.32766719065072747,-0.6173765826611374,0
2021-11-08,1.282377004623413,1.2963780164718628,1.2210299968719482,1.2210299968719482,5547697296.0,0.05325770077882863,1.2175339460372925,1.0928670167922974,1.0951579809188845,1.1599260568618774,0.8512470126152039,1.247864007949829,1.1944132872990199,1.1228980535552615,1.0742791175842286,0.9604714804225498,0.03864758731166605,0.03992437723109836,0.04316968737864726,0.06683542606672846,0.07534801959991455,4354498861.571428,3896963676.714286,3823848129.766667,4516392598.416667,0.6391208417721788,-0.08656270433688273,-0.3267915783782598,-0.6832117142517707,0
2021-11-09,1.258929967880249,1.287577986717224,1.2320599555969238,1.282531976699829,5211033825.0,-0.01828404334967748,1.282377004623413,1.1361960172653198,1.108093023300171,1.1384530067443848,1.0125240087509155,1.3589099645614624,1.2119467088154383,1.1308432902608598,1.077640167872111,0.9599160359965431,0.04081497495058414,0.04036083845989599,0.043047935882911365,0.06653703629322964,0.05551803112030007,4583264018.142858,4021964590.857143,3781927734.4666667,4476681708.855556,-0.060685263279007806,-0.13344342735830206,-0.3158698264409361,-0.7353458871454179,0
2021-11-10,1.1933729648590088,1.3476619720458984,1.1258280277252195,1.257184982299805,7430166330.0,-0.05207359002790546,1.258929967880249,1.2087960243225098,0.9954519867897034,1.137887954711914,0.9645490050315856,1.4029170274734497,1.2097434146063668,1.1332740017345972,1.0795312841733298,0.9587519023153517,0.04141056927122432,0.04135414446682393,0.04358099718157261,0.06661826026231729,0.22183394432067893,4712315835.285714,4214125748.2380953,3839322266.4333334,4475903008.372222,0.4258526387515822,-0.08135094535487797,-0.3287119790768672,-0.6684146313688362,0
2021-11-11,1.2183640003204346,1.2532930374145508,1.1783130168914795,1.1927989721298218,4904300953.0,0.02094151300333702,1.1933729648590088,1.202003002166748,1.0588200092315674,1.1018589735031128,1.089959979057312,1.4858800172805786,1.2120807000568934,1.1394191895212447,1.081176749865214,0.9572657022211287,0.0421384338248936,0.03992515460759804,0.043417949358295856,0.06649398656710262,0.07498002052307129,4668628038.285714,4255486419.3333335,3864339172.7166667,4429141239.994445,-0.33994735310319757,-0.14479249201937539,-0.3111147650311955,-0.684692753046903,0
2021-11-12,1.1893550157546997,1.2338809967041016,1.1570489406585691,1.2162480354309082,4230289448.0,-0.023809784726161798,1.2183640003204346,1.161532998085022,1.0815030336380005,1.128391981124878,1.280411958694458,1.452605962753296,1.2160552740097046,1.1442278084300814,1.0832547008991242,0.9558031969600254,0.04086621235283268,0.04043644164581028,0.04303152398587672,0.06649687409743063,0.07683205604553245,4762605978.571428,4299957010.571428,3861645516.75,4383724161.183333,-0.13743273739913975,-0.08228237793740867,-0.29262166417611324,-0.6942233477628068,0
2021-11-13,1.191938042640686,1.2041239738464355,1.1687649488449097,1.1894689798355105,2889142419.0,0.002171787945374204,1.1893550157546997,1.1524540185928345,1.0839489698410034,1.132315993309021,1.288159966468811,1.4962999820709229,1.2216958488736833,1.1488678597268605,1.0848441024621327,0.954112297296524,0.04055405739925267,0.04044089256851043,0.04288302866553736,0.06646159780010749,0.03535902500152588,4799598127.285714,4331050748.952381,3853484334.95,4324366699.033334,-0.31703434138154984,-0.07910817615208221,-0.3431755785076481,-0.7145019388018503,0
2021-11-14,1.1885969638824463,1.199936032295227,1.16941499710083,1.191195011138916,2210065757.0,-0.0028030641180288862,1.191938042640686,1.2175339460372925,1.113247036933899,1.1405500173568726,1.1909929513931274,1.5907340049743652,1.217561994280134,1.153835191613152,1.085964834690094,0.9518782026237912,0.03376328024950555,0.04035133739212347,0.042804454593501705,0.06629888784013044,0.030521035194396973,4631813718.285714,4329612327.761905,3840367952.9,4254160734.9166665,-0.2350443707911929,-0.10804665762816035,-0.3300933818516181,-0.6833190514502832,0
2021-11-15,1.1713709831237793,1.2198829650878906,1.1703200340270996,1.1888240575790403,2850390389.0,-0.014492701295820143,1.1885969638824463,1.282377004623413,1.0928670167922974,1.1350959539413452,1.0981990098953247,1.0703129768371582,1.2017039912087577,1.1574643821943373,1.087296050786972,0.9524396359920502,0.02294533288554435,0.04055795981505091,0.04269611535801489,0.06159138757997601,0.049562931060791016,4246484160.142857,4341742180.428572,3835064103.483333,4155976923.422222,0.2897310317450432,-0.11503523447381137,-0.29362171759256805,-0.6683194381291107,0
2021-11-16,1.0909340381622314,1.1746540069580078,1.0537179708480835,1.1746540069580078,4829173281.0,-0.06866906054565303,1.1713709831237793,1.258929967880249,1.1361960172653198,1.0934679508209229,1.14609694480896,1.1855369806289673,1.1777045726776123,1.1566472876639593,1.0877183179060619,0.9519140640894572,0.031372862641610225,0.04348023710150782,0.043542130225125805,0.06130917913519203,0.12093603610992432,4191932653.857143,4384400441.619047,3865718228.1,4107102005.8055553,0.6942146941122036,-0.021886772082752803,-0.2609727257568172,-0.6550653133754791,0
2021-11-17,1.096290946006775,1.113286018371582,1.0699479579925537,1.0901039838790894,3701959225.0,0.004910386565229574,1.0909340381622314,1.1933729648590088,1.2087960243225098,1.0838420391082764,1.232841968536377,1.0069760084152222,1.1638357128415788,1.1614491428647722,1.0880620340506235,0.952410258187188,0.02890464793401293,0.03669094217558879,0.04353170427692892,0.060241490714814355,0.04333806037902832,3659331638.857143,4254306497.285714,3888937307.25,4066563383.772222,-0.23341760388572808,-0.049453941262598056,-0.2709134216763055,-0.651056124953854,0
2021-11-18,1.0419540405273438,1.158331036567688,1.02292001247406,1.0962810516357422,5394362498.0,-0.0495643110775954,1.096290946006775,1.2183640003204346,1.202003002166748,1.092079997062683,1.2632219791412354,0.9063169956207277,1.1386342900139945,1.1606460014979045,1.0879541337490082,0.9531637973255581,0.027910451339746862,0.035990189581032325,0.04389342842179973,0.05987976036449123,0.13541102409362793,3729340431.0,4247932579.6666665,3943034386.1666665,4047920527.572222,0.45716421228275417,-0.009660725922780111,-0.20593523698296123,-0.632360954878781,0
2021-11-19,1.0914920568466189,1.0991929769515991,1.0205849409103394,1.040922999382019,3716379231.0,0.04754337945098186,1.0419540405273438,1.1893550157546997,1.161532998085022,1.1423280239105225,1.2164729833602903,0.7970150113105774,1.1246538673128401,1.1611216692697435,1.0908598015705744,0.9547997809118695,0.038175258518291365,0.037203846198983634,0.041059338262714185,0.059256281113431335,0.07860803604125977,3655924685.714286,4255887509.285714,3908718414.8333335,4008477887.672222,-0.31106238552231613,-0.1421376068563699,-0.23496190899639702,-0.647547607338016,0
2021-11-20,1.0976459980010986,1.1013959646224976,1.0643019676208496,1.0910619497299194,2575832703.0,0.005638099806478447,1.0914920568466189,1.191938042640686,1.1524540185928345,1.0893150568008425,1.2277220487594604,0.9928349852561952,1.1111835752214705,1.1617739087059384,1.0945484181245169,0.9553820643160078,0.03840482192275295,0.03721642816804848,0.04056842432770343,0.05640733939541032,0.03709399700164795,3611166154.857143,4223247493.3333335,3871849202.983333,3977013280.8777776,-0.30689723978817485,-0.1371006857070619,-0.1984410476337144,-0.670253429675657,0
2021-11-21,1.0601730346679688,1.098078966140747,1.059154033660889,1.0967479944229126,2213864918.0,-0.03413938865660804,1.0976459980010986,1.1885969638824463,1.2175339460372925,1.0883740186691284,1.2472699880599976,0.976186990737915,1.0928372996194022,1.1592465752647036,1.0954833686351777,0.9558486534489525,0.03910163656191721,0.03749119855808138,0.03638689404474754,0.056454714392444934,0.038924932479858176,3611708892.142857,4109251283.3809524,3828514230.0833335,3941328200.5944443,-0.1405245707838193,-0.08623311327441907,-0.10614023291042696,-0.6559061766870085,0
2021-11-22,1.0366220474243164,1.0699189901351929,1.0279279947280884,1.0601259469985962,2844568485.0,-0.022214286228311897,1.0601730346679688,1.1713709831237793,1.282377004623413,1.0944969654083252,1.1373519897460938,1.033725023269653,1.073587451662336,1.156568243390038,1.0960597356160482,0.9558647480275896,0.03917604227167516,0.03758754306200847,0.03651369196643159,0.05632170032459048,0.04199099540710449,3610877191.571429,4070620071.095238,3813685982.2,3921703706.633333,0.2848880082393537,-0.04308324831160171,-0.0790288685961158,-0.637224585938801,0
2021-11-23,1.0670570135116575,1.0717509984970093,1.023345947265625,1.037093997001648,3098367613.0,0.029359751862274797,1.0366220474243164,1.0909340381622314,1.258929967880249,1.0842829942703247,1.1725289821624756,0.970234990119934,1.0701764481408256,1.1532759098779588,1.0980786194403966,0.9564026481575436,0.034749451018942154,0.037083444954574905,0.03590428609201518,0.056160501135246926,0.04840505123138428,3363619239.0,4046271970.3333335,3791574991.4333334,3910005277.4555554,0.08922236512790449,-0.0640106274933322,-0.06913596204632644,-0.642398668859762,0
2021-11-24,1.0420750379562378,1.0745489597320557,1.0116809606552124,1.067152976989746,3151964356.0,-0.023412034445286722,1.0670570135116575,1.096290946006775,1.1933729648590088,1.0951579809188845,1.0752660036087036,0.9001479744911194,1.0624313184193201,1.1453368152890886,1.099757503469785,0.9571911318434609,0.035367431452100855,0.03405784414230172,0.036049628887484,0.055916837983782205,0.06286799907684326,3285048543.428571,3885565339.1904764,3792990912.016667,3893722696.2166667,0.0172983808554934,-0.04907997532247965,-0.12477797152658932,-0.6142389189388301,0
2021-11-25,1.0318880081176758,1.0646770000457764,1.0241570472717283,1.034106969833374,3107133471.0,-0.009775716208058505,1.0420750379562378,1.0419540405273438,1.2183640003204346,1.108093023300171,1.1884729862213137,0.8317880034446716,1.0609933137893677,1.1372361012867518,1.1012102872133256,0.9583027985360887,0.030138060362127905,0.03406461309680272,0.036083006161645566,0.055615810328102,0.040519952774048074,2958301539.571429,3785423336.285714,3792409258.7166667,3882338559.272222,-0.01422315735095836,-0.05773498100300101,-0.10376030602220132,-0.6042089778496192,0
2021-11-26,0.9363499879837036,1.0481369495391846,0.9254459738731384,1.044916033744812,4293461689.0,-0.09258564823158322,1.0318880081176758,1.0914920568466189,1.1893550157546997,0.9954519867897034,1.1455049514770508,0.9066089987754822,1.0388301610946655,1.1265131008057367,1.1014213701089224,0.9584680262539121,0.03802656110822995,0.038531290261466504,0.03798027669788517,0.05568082796339962,0.12269097566604614,3040741890.714286,3819757518.3333335,3813723960.616667,3883540764.6277776,0.381807936180544,-0.015064853750117901,-0.0162011836775382,-0.5764094507817193,0
2021-11-27,0.9471579790115356,0.9672769904136658,0.9365609884262084,0.9400129914283752,2410404614.0,0.011542682935368642,0.9363499879837036,1.0976459980010986,1.191938042640686,1.0588200092315674,1.1408319473266602,1.0465840101242063,1.017331872667585,1.1167370989209129,1.10231252014637,0.9579156594143974,0.038774543548579225,0.038804018750827625,0.03774836431109318,0.05449813751086558,0.030716001987457386,3017109306.571429,3809291196.2380953,3806914195.75,3862055115.4055557,-0.4385871381650984,-0.10571521384177918,-0.022144120507412213,-0.5810403322099491,0
2021-11-28,0.9687510132789612,0.9697719812393188,0.896573007106781,0.9477490186691284,2605488239.0,0.02279771141236675,0.9471579790115356,1.0601730346679688,1.1885969638824463,1.0815030336380005,1.1014349460601809,1.0110009908676147,1.004271583897727,1.1048902925990878,1.1029858867327371,0.9576809373166826,0.04124988124192328,0.036615995799734694,0.037537818064091656,0.0544591784895992,0.07319897413253784,3073055495.285714,3772192701.904762,3791036094.4,3845383302.961111,0.08093397426594873,-0.16841895422644937,-0.1195260920405502,-0.5970915117229525,0
2021-11-29,0.9919610023498536,1.002905011177063,0.9663280248641968,0.9698219895362854,2917313727.0,0.023958673335817027,0.9687510132789612,1.0366220474243164,1.1713709831237793,1.0839489698410034,1.1875929832458496,1.024399995803833,0.9978914346013751,1.0910609591574896,1.1036413033803305,0.9575007206863827,0.043006280318686516,0.03457975236488328,0.03751426451150368,0.0544782071424002,0.03657698631286621,3083447672.714286,3646936341.4761906,3788802709.016667,3841601667.1,0.11968025160600226,-0.16499941354414993,-0.176667241104979,-0.5982211099590299,0
2021-11-30,0.9987540245056152,1.0301209688186646,0.9736729860305786,0.991487979888916,2949826821.0,0.006848073804987864,0.9919610023498536,1.0670570135116575,1.0909340381622314,1.113247036933899,1.234889030456543,1.045320987701416,0.988133864743369,1.0786716285206022,1.1029101371765138,0.957242015335295,0.04075249680868226,0.034770123989927994,0.035479161883072464,0.05446098829730743,0.05644798278808594,3062227559.571429,3539259817.4761906,3752538583.55,3837648717.1666665,0.01114487403226061,-0.18039076856530245,-0.15930349112620967,-0.5907470868291305,0
2021-12-01,0.9909300208091736,1.0182689428329468,0.9820230007171632,0.9981899857521056,2570587577.0,-0.007833764374881591,0.9987540245056152,1.0420750379562378,1.096290946006775,1.0928670167922974,1.256324052810669,0.970196008682251,0.9808274337223598,1.069031488327753,1.102114388346672,0.9573572042915556,0.04023475911199701,0.03343165991210322,0.03549014861937572,0.0541892981702349,0.03624594211578358,2979173734.0,3307851305.428571,3730632761.1,3826160183.1666665,-0.12856322320353597,-0.12879115469568292,-0.16122937878010213,-0.5996609212593504,0
2021-12-02,0.9723119735717772,0.9909150004386902,0.9598770141601562,0.9909150004386902,2250871711.0,-0.01878845816195296,0.9909300208091736,1.0318880081176758,1.0419540405273438,1.1361960172653198,1.2914350032806396,0.9232860207557678,0.9723165716443744,1.0573147251492454,1.1007334202528,0.957629570696089,0.040502779079997164,0.03281462273191187,0.03550678959129307,0.05408179663775967,0.031037986278533936,2856850625.428571,3181497532.0,3709878604.4666667,3820569753.5111113,-0.12437462503149721,-0.11420202482877118,-0.1263380382190843,-0.5924425514666865,0
2021-12-03,0.9222440123558044,0.985319972038269,0.9059680104255676,0.9734529852867126,2714612022.0,-0.05149372071604619,0.9723119735717772,0.9363499879837036,1.0914920568466189,1.2087960243225098,1.2557790279388428,0.945285975933075,0.9703014322689602,1.0445951535588218,1.0987207531929015,0.9575015597873264,0.026819872912874795,0.03392769185803201,0.036082838464303324,0.05420128253009858,0.07935196161270142,2631300673.0,3109322416.4761906,3702384458.1666665,3822827360.2611113,0.20602698444949263,-0.13136115272027415,-0.06844829214214698,-0.5791276589515447,0
2021-12-04,0.8470289707183838,0.9266639947891236,0.6145049929618835,0.9240919947624208,6970805726.0,-0.08155655187751165,0.9222440123558044,0.9471579790115356,1.0976459980010986,1.202003002166748,1.3054980039596558,0.8611549735069275,0.9559972882270813,1.0281709120387124,1.0947461863358816,0.9574230819940567,0.03926596105501658,0.03702223128650566,0.037101530002972914,0.05413477285431403,0.3121590018272401,3282786546.142857,3303687335.857143,3764373460.616667,3842297873.0055556,1.5678828758977623,-0.009109487806024497,-0.01669829991130678,-0.5386993669879532,0
2021-12-05,0.8055949807167053,0.8637750148773193,0.7803999781608582,0.8467090129852295,3553480780.0,-0.04891685105709831,0.8470289707183838,0.9687510132789612,1.0601730346679688,1.161532998085022,1.3894129991531372,0.8757879734039307,0.9326892835753304,1.0099327223641532,1.0902118355035781,0.9570331209235721,0.03700447008376429,0.03759687941668368,0.03756114986034037,0.05425131115998742,0.08337503671646118,3418214052.0,3367659479.8095236,3760163292.7166667,3837087546.7777777,-0.49023385248765716,0.04435105963527741,0.023681895664438013,-0.5164021447447442,1
2021-12-06,0.8282880187034607,0.8318639993667603,0.7523319721221924,0.8060470223426819,3447952788.0,0.028169289196124714,0.8055949807167053,0.9919610023498536,1.0366220474243164,1.1524540185928345,1.1250989437103271,0.9200339913368224,0.909307428768703,0.993595438344138,1.0862162033716838,0.956523421075609,0.03796230863091413,0.0389063387404536,0.03778557914310036,0.05416285113583439,0.07953202724456787,3494019632.142857,3396114832.142857,3764428330.633333,3834071258.4444447,-0.029697076903846376,-0.0548046118816522,-0.06511025507602097,-0.526621202505662,0
2021-12-07,0.8185880184173584,0.8457670211791992,0.8071730136871338,0.8290920257568359,2720124735.0,-0.011710902568995207,0.8282880187034607,0.9987540245056152,1.0670570135116575,1.2175339460372925,1.1007200479507446,0.8691819906234741,0.883569427898952,0.9806265802610488,1.0821444869041443,0.9562423434522417,0.035980292360769016,0.03696047366109532,0.03780007896397935,0.05400764017741286,0.03859400749206543,3461205048.428571,3295683949.0,3766808924.3,3831642658.1944447,-0.2110899126963336,-0.027289729997055368,-0.04549540733155144,-0.5312403976574871,0
2021-12-08,0.863306999206543,0.8856220245361328,0.8058980107307434,0.8175389766693115,3038966909.0,0.05462941037867042,0.8185880184173584,0.9909300208091736,1.0420750379562378,1.282377004623413,1.0894010066986084,0.8484500050544739,0.8653375676700047,0.9695321066038949,1.0772008359432221,0.9563248823086421,0.04754296901464374,0.03965372774908175,0.036513975702713385,0.054121547557721875,0.0797240138053894,3528116381.571429,3264112886.3333335,3736715639.383333,3834620913.8444443,0.11721601215467792,-0.04155645224541915,-0.11610356280026468,-0.5429841421032806,0
2021-12-09,0.8612719774246216,0.9305409789085388,0.8351290225982666,0.8621429800987244,4555815213.0,-0.002357239989704385,0.863306999206543,0.9723119735717772,1.0318880081176758,1.258929967880249,1.0572669506072998,0.8326830267906189,0.8494747110775539,0.9609281988370986,1.072581152121226,0.9564837098121644,0.04793176977297811,0.038656851682598664,0.036466512966915304,0.05410131767906665,0.09541195631027222,3857394024.714286,3224182063.2380953,3726547464.2166667,3844755729.5277777,0.4991328795018479,-0.06390776696005596,-0.13187934237736776,-0.5481647912703795,0
2021-12-10,0.8010969758033752,0.8834109902381897,0.7963280081748962,0.8610249757766724,3267095314.0,-0.06986759490443639,0.8612719774246216,0.9222440123558044,0.9363499879837036,1.1933729648590088,1.079905986785889,0.8831599950790405,0.832167991570064,0.9470998616445632,1.066967969139417,0.9560278041495217,0.05061607262881274,0.03866698385112767,0.03744105048013286,0.05418092355764664,0.08708298206329346,3936320209.285714,3202787591.0,3713952819.65,3845907164.1277776,-0.2828736107036658,-0.002254360191833782,-0.05816024595509417,-0.5172893928405855,0
2021-12-11,0.8393129706382751,0.8443099856376648,0.7893850207328796,0.8020619750022888,2056974461.0,0.04770458008105094,0.8010969758033752,0.8470289707183838,0.9471579790115356,1.2183640003204346,1.119636058807373,0.8928970098495483,0.8310657058443341,0.9347982889130002,1.062592202425003,0.9557301150427924,0.04738118610917929,0.04076215540196675,0.037887167121940145,0.05428798901500877,0.054924964904785156,3234344314.285714,3178080055.6666665,3682239937.7833333,3840639127.577778,-0.3703965561746694,-0.014218751276068642,-0.11911881934489876,-0.5451648938115597,0
2021-12-12,0.841323971748352,0.8568210005760193,0.8112059831619263,0.8387449979782104,1628060313.0,0.0023960086170806694,0.8393129706382751,0.8055949807167053,0.9687510132789612,1.1893550157546997,1.0646779537200928,0.8898000121116638,0.8361698474202838,0.924376904964447,1.057807735602061,0.9554608037074407,0.04231044371879788,0.04054404416815307,0.03771968153533186,0.05428697381581611,0.04561501741409302,2959284247.571429,3150184598.285714,3648113664.6833334,3829762680.866667,-0.20851700209806345,-0.007477466997339199,-0.08411737692625632,-0.5395424069331836,0
2021-12-13,0.7828940153121948,0.8459349870681763,0.7644910216331482,0.8413529992103577,2509034504.0,-0.0694500078426794,0.841323971748352,0.8282880187034607,0.9919610023498536,1.191938042640686,1.0965739488601685,0.8319079875946045,0.82968498979296,0.9122946177210126,1.0519840359687804,0.9551885038614273,0.04962379997785231,0.04250957616819292,0.03863301051479042,0.05431785580306318,0.08144396543502808,2825153064.142857,3134206789.6666665,3636852979.366667,3827500853.2166667,0.5411188909682612,0.12381492132872851,0.021272298238371956,-0.49533144135928564,1
2021-12-14,0.7962489724159241,0.8175889849662781,0.7755900025367737,0.7827990055084229,3477802545.0,0.017058448324456466,0.7828940153121948,0.8185880184173584,0.9987540245056152,1.1885969638824463,1.121353030204773,0.8414379954338074,0.8264936975070408,0.899398996716454,1.0462456852197648,0.9549374537335502,0.0503499030314532,0.04198694225447516,0.03870794241272397,0.054325406264876704,0.041998982429504395,2933392751.285714,3152275119.7619047,3605400715.5333333,3831907129.077778,0.38611188465346036,0.19013782707646554,-0.03506561684505416,-0.5147070767591291,1
2021-12-15,0.8274310231208801,0.8400840163230896,0.7798140048980713,0.811722993850708,3088068968.0,0.03916118172227656,0.7962489724159241,0.863306999206543,0.9909300208091736,1.1713709831237793,1.0914980173110962,0.797648012638092,0.8213685580662319,0.8891778531528655,1.041117936372757,0.955102914902899,0.04767569858463899,0.04340614760834802,0.039129834547367,0.05425161284249208,0.06027001142501831,2940407331.142857,3149232482.2380953,3593926113.85,3835120626.022222,-0.11206316976227293,0.1538109560524792,-0.06421565382309413,-0.5428778973964034,1
2021-12-16,0.8062300086021423,0.8370389938354492,0.8046320080757141,0.8277360200881958,2178245900.0,-0.025622697150962992,0.8274310231208801,0.8612719774246216,0.9723119735717772,1.0909340381622314,1.0655980110168457,0.7616729736328125,0.8135054196630206,0.8784322341283163,1.0363306373357772,0.955350453986062,0.04826396457627823,0.04353953760855408,0.03900157840270173,0.05417716184040509,0.03240698575973511,2600754572.142857,3104999740.7619047,3576438214.2833333,3834952885.0333333,-0.294625242320689,0.23201194414287118,-0.03076917958687131,-0.5634149262602952,1
2021-12-17,0.7992910146713257,0.8285940289497375,0.7804219722747803,0.8059899806976318,2364224847.0,-0.008606717508379047,0.8062300086021423,0.8010969758033752,0.9222440123558044,1.096290946006775,1.0756679773330688,0.7763770222663879,0.8132474252155849,0.8719056163515363,1.031588120261828,0.9554777539438671,0.040122649792448506,0.0392981260720201,0.039001202808257085,0.054166676353794775,0.048172056674957275,2471773076.857143,3013131319.714286,3562740858.6,3831039808.3166666,0.08538014326114429,0.14107003807193452,-0.025443781069447446,-0.5560940972020775,1
2021-12-18,0.8273789882659912,0.8346779942512512,0.7928079962730408,0.799006998538971,1806931648.0,0.03514111015775079,0.7992910146713257,0.8393129706382751,0.8470289707183838,1.0419540405273438,1.0484280586242676,0.6103879809379578,0.8115425705909729,0.8662018548874628,1.0271764367818832,0.956683259540134,0.03787053261289091,0.04017524254700525,0.03930454755559285,0.05176011355817631,0.04186999797821045,2436052675.0,2984394511.8095236,3549756142.266667,3818585425.9444447,-0.2357192039949828,0.11776949346147658,-0.07812260916197233,-0.5766510776222893,1
2021-12-19,0.8350329995155334,0.848334014415741,0.8213099837303162,0.8271790146827698,1576121375.0,0.0092509132551013,0.8273789882659912,0.841323971748352,0.8055949807167053,1.0914920568466189,0.9171519875526428,0.5450670123100281,0.8106438602719989,0.8598343304225377,1.0220548530419669,0.9582941816912757,0.03807366359894691,0.03980290711059284,0.038797485697213654,0.05110064513191239,0.027024030685424805,2428632826.714286,2935377042.095238,3519445131.4333334,3800762915.0333333,-0.12773602878419454,0.10316599508805746,-0.09868111911542499,-0.5941837159550476,1
2021-12-20,0.8798279762268066,0.9142709970474244,0.8263760209083557,0.8359389901161194,4587029518.0,0.053644558642906626,0.8350329995155334,0.7828940153121948,0.8282880187034607,1.0976459980010986,0.8763290047645569,0.6265349984169006,0.8244915689740863,0.8544946625119164,1.0185634016990661,0.9597013649013307,0.027974217208704057,0.04142466569312288,0.039112687377269834,0.05006178049383435,0.08789497613906871,2725489257.285714,3014887317.857143,3528633509.0666666,3802695569.327778,1.9103275869220413,0.05268759758781605,-0.15921176142857996,-0.6029075885044601,1
2021-12-21,0.9476460218429564,0.9608590006828308,0.8543699979782104,0.8794329762458801,3748952692.0,0.07708102884724277,0.8798279762268066,0.7962489724159241,0.8185880184173584,1.0601730346679688,1.0040760040283203,0.671999990940094,0.8461197188922337,0.8520609480994088,1.0162179350852967,0.9612327317396799,0.035992559031061716,0.04509066726837491,0.040449281692474935,0.050097888042367617,0.10648900270462036,2764224992.571429,3052940930.7619047,3536175936.733333,3808067995.383333,-0.1827057843668317,-0.09991708840544677,-0.24083358922166875,-0.6348636462156851,0
2021-12-22,0.9546989798545836,0.9728090167045592,0.9271780252456664,0.9481009840965272,3317199427.0,0.0074426081564831215,0.9476460218429564,0.8274310231208801,0.863306999206543,1.0366220474243164,1.0020400285720823,0.6133229732513428,0.8643008555684771,0.8503356604349046,1.013887968659401,0.963129265109698,0.03601514616674853,0.045106976887710426,0.04045537804064565,0.049637686200542167,0.04563099145889282,2796957915.285714,3088493876.0,3554193028.633333,3809158308.2833333,-0.11516636790891788,-0.14453245890618394,-0.3340958473929666,-0.6338112906314222,0
2021-12-23,0.9932850003242492,1.0165590047836304,0.9408230185508728,0.9548239707946776,4257231145.0,0.0404169495138067,0.9546989798545836,0.8062300086021423,0.8612719774246216,1.0670570135116575,0.9459239840507508,0.615435004234314,0.8910229972430638,0.8513343759945461,1.0123713354269663,0.965228431754642,0.02982656185928269,0.04577144867117908,0.04079963311866061,0.04971315819652013,0.07573598623275757,3093955807.428571,3184034801.428571,3587809004.35,3819150587.9888887,0.28338112877649424,-0.15467461871323662,-0.39992854295496716,-0.6433319829624033,0
2021-12-24,0.9120470285415648,0.9967250227928162,0.8990510106086731,0.994790017604828,3864725087.0,-0.08178717262031032,0.9932850003242492,0.7992910146713257,0.8010969758033752,1.0420750379562378,0.941341996192932,0.6469230055809021,0.9071309992245266,0.8508488053367251,1.0093194862206778,0.9667013429933125,0.051104406841888925,0.04796717893535364,0.042094394917516695,0.049993619169169494,0.09767401218414307,3308312984.571429,3238802090.2380953,3608960031.0833335,3827680720.572222,-0.09219749753568995,-0.08868406657861483,-0.31061012533975174,-0.6138587377406691,0
2021-12-25,0.924818992614746,0.9339140057563782,0.9023150205612184,0.9123939871788024,1747049348.0,0.014003624455204422,0.9120470285415648,0.8273789882659912,0.8393129706382751,1.0318880081176758,0.944720983505249,0.643746018409729,0.9210509998457771,0.8545530920936948,1.0062649190425872,0.9682628595166736,0.050695208190689636,0.04416762009286451,0.04210767847135803,0.049996472646862224,0.0315989851951598,3299758370.285714,2990051786.5238094,3572521690.2833333,3824478779.388889,-0.5479499036356683,-0.0814721658212536,-0.3380985993196135,-0.6254488624821215,0
2021-12-26,0.921180009841919,0.9340419769287108,0.90728098154068,0.9256860017776488,1324703098.0,-0.003934805407205699,0.924818992614746,0.8350329995155334,0.841323971748352,0.9363499879837036,0.9236850142478944,0.7017250061035156,0.9333577156066893,0.8600571410996574,1.0050270527601242,0.9694820539818869,0.05127925199169226,0.04247358813472195,0.04003142549492811,0.049573731991135725,0.026760995388030784,3263841473.571429,2883919515.952381,3487367874.3166666,3813361480.7944446,-0.2417483229557864,-0.0673723098711626,-0.3295957330119841,-0.6029842050734153,0
2021-12-27,0.9261839985847472,0.9558849930763244,0.9145079851150512,0.9208040237426758,1788981449.0,0.005432150816740977,0.921180009841919,0.8798279762268066,0.7828940153121948,0.9471579790115356,0.893688976764679,0.7063739895820618,0.9399800045149665,0.8647188544273376,1.0028164525826773,0.9707032206985685,0.04842376244359189,0.04220325441794748,0.039145849571512056,0.04957328763935911,0.04137700796127319,2864120320.857143,2804920880.7619047,3425047319.0,3806094284.1277776,0.3504772893646544,-0.10073481273218898,-0.32834946146704214,-0.6025346955930735,0
2021-12-28,0.8529599905014038,0.9267560243606568,0.8486639857292175,0.9267560243606568,2281985956.0,-0.07905989327739749,0.9261839985847472,0.9476460218429564,0.7962489724159241,0.9687510132789612,0.9283490180969238,0.6611800193786621,0.9264534286090305,0.8663556150027684,0.9990074018637339,0.9717686649825837,0.047455175817082536,0.04601827264761549,0.0402829357937729,0.04969921863828415,0.07809203863143932,2654553644.285714,2784057129.3809524,3403924989.7833333,3804583255.1222224,0.27557832266823024,-0.03316332983794745,-0.2862853830955534,-0.5820073647683269,0
2021-12-29,0.8167139887809753,0.8650490045547485,0.8137099742889404,0.8530769944190979,2050248751.0,-0.04249437502821396,0.8529599905014038,0.9546989798545836,0.8274310231208801,0.9919610023498536,0.9526360034942628,0.6567630171775818,0.9067412870270865,0.8641369002205985,0.9945534855127335,0.9726572814914916,0.04746084170471743,0.04544534395809095,0.04059438956951091,0.049808294471346465,0.051339030265808105,2473560690.571429,2736975312.3333335,3383741251.6666665,3804520152.5833335,-0.10155067098055359,-0.05186150210911589,-0.25002877277911917,-0.5802128886432509,0
2021-12-30,0.8396490216255188,0.8563140034675598,0.8044999837875366,0.8179190158843994,1880399926.0,0.02808208645816901,0.8167139887809753,0.9932850003242492,0.8062300086021423,0.9987540245056152,1.0426239967346191,0.6728879809379578,0.8847932900701249,0.8631072356587365,0.9899935185909271,0.9735837317175335,0.04496103934064227,0.045904451564813015,0.04060820782331236,0.04981774424926364,0.05181401968002319,2134013373.5714285,2609574584.3809524,3338284828.3166666,3804562265.522222,-0.08284303303058083,-0.06943734470137763,-0.26524655083813964,-0.5890938031896562,0
2021-12-31,0.8311629891395569,0.852940022945404,0.8057649731636047,0.8396810293197632,1736939791.0,-0.010106642498711405,0.8396490216255188,0.9120470285415648,0.7992910146713257,0.9909300208091736,1.0386749505996704,0.6949449777603149,0.8732384272984096,0.864538950579507,0.9856317847967148,0.9743404984474182,0.03669658209831584,0.043138024561146765,0.040572574937744764,0.04977444774823724,0.047175049781799316,1830044045.5714285,2536710035.6666665,3306303425.7833333,3803738366.9888887,-0.07629235303426618,-0.08192016394015145,-0.27429275315944857,-0.5910200299026125,0
2022-01-01,0.8494719862937927,0.8531979918479919,0.8307409882545471,0.8312810063362122,1156464024.0,0.022028167030379686,0.8311629891395569,0.924818992614746,0.8273789882659912,0.9723119735717772,1.0551700592041016,0.6542999744415283,0.8624745692525592,0.8650227132297698,0.9808530509471893,0.975424787402153,0.03777502009078197,0.04214987482402833,0.04031624245047852,0.049587291214090036,0.022457003593444824,1745674713.5714285,2493828586.285714,3265416530.7,3798627760.522222,-0.33419452419004425,-0.11982030308505431,-0.27113661280787826,-0.6012075688817708,0
2022-01-02,0.8591179847717285,0.8635579943656921,0.839156985282898,0.8494420051574707,1134033205.0,0.011355287323859597,0.8494719862937927,0.921180009841919,0.8350329995155334,0.9222440123558044,1.043004035949707,0.6654019951820374,0.8536085656711033,0.8658700471832639,0.975025083621343,0.976500987344318,0.0387115299625094,0.042205423285244445,0.03937554679728545,0.04958001196153415,0.02440100908279419,1718436157.4285715,2470303485.904762,3175537023.95,3794155949.2222223,-0.01939603700114756,-0.12176791543102883,-0.2675825511558244,-0.5942862120296319,0
2022-01-03,0.8328850269317627,0.8591070175170898,0.8240519762039185,0.8591070175170898,1428968710.0,-0.030534755766911337,0.8591179847717285,0.9261839985847472,0.8798279762268066,0.8470289707183838,1.0855029821395874,0.6515750288963318,0.8402801411492484,0.8682505715461004,0.9688731173674265,0.9775082651111815,0.038824459901463146,0.03969775410452853,0.039514382590665476,0.049611070019852044,0.03505504131317139,1667005766.142857,2418871781.428571,3112517910.25,3790550349.811111,0.260076604194319,-0.11232045647573274,-0.2778319120231364,-0.5871891220891672,0
2022-01-04,0.8246729969978333,0.8440759778022766,0.8196150064468384,0.832850992679596,1514079366.0,-0.009859740142263651,0.8328850269317627,0.8529599905014038,0.9476460218429564,0.8055949807167053,1.0776560306549072,0.623058021068573,0.8362391420773098,0.8696040965261913,0.9632587840159734,0.9786283483107885,0.026452058230796136,0.03967983833955896,0.03934401552285275,0.049498353852748186,0.024460971355438232,1557304824.7142856,2325361153.857143,3078211835.25,3785913543.188889,0.05956089549364596,-0.0656247883647808,-0.2631212390366181,-0.5782643573874777,0
2022-01-05,0.7743579745292664,0.8355330228805542,0.7327039837837219,0.8247140049934387,2252733064.0,-0.06101208921807233,0.8246729969978333,0.8167139887809753,0.9546989798545836,0.8282880187034607,1.0680259466171265,0.6368039846420288,0.8301882828984942,0.8670768084980193,0.9569571832815806,0.9793925371434954,0.03135593215894995,0.04104125706731421,0.04000422449713912,0.04970432251761042,0.10282903909683228,1586231155.142857,2285583253.6666665,3071920763.35,3785206043.3722224,0.48785665704660297,0.03253016898418215,-0.153005437140743,-0.563458991987959,1
2022-01-06,0.7813460230827332,0.7892169952392578,0.7442920207977295,0.7742999792098999,2165022786.0,0.009024312764022158,0.7743579745292664,0.8396490216255188,0.9932850003242492,0.8185880184173584,1.0628910064697266,0.6254630088806152,0.8218592831066677,0.8658918568066188,0.9496873845656713,0.9802585538890627,0.028482750417250548,0.040753894262446126,0.039213439491045284,0.0496838869429067,0.04492497444152832,1626891563.7142856,2284953581.571429,3051595199.45,3787298537.2444444,-0.03893505156099575,-0.01666100762304068,-0.14618236543344776,-0.5589086226050555,0
2022-01-07,0.7630739808082581,0.7812700271606445,0.7346169948577881,0.7812700271606445,2329624598.0,-0.023385339829828933,0.7813460230827332,0.8311629891395569,0.9120470285415648,0.863306999206543,1.1599260568618774,0.6359350085258484,0.8121322819164821,0.8641672361464727,0.941032334168752,0.9809648815128539,0.0289394859103017,0.04102413731103484,0.03847193149268703,0.0497094470860556,0.046653032302856445,1711560821.857143,2283305950.6666665,2997960654.483333,3791932609.366667,0.07602775040724219,0.014707641004238603,-0.10408820882130398,-0.5488406067773832,1
2022-01-08,0.7476879954338074,0.7750840187072754,0.7278029918670654,0.7631059885025024,1792091501.0,-0.02016316341720059,0.7630739808082581,0.8494719862937927,0.924818992614746,0.8612719774246216,1.1384530067443848,0.6301779747009277,0.7975917117936271,0.8603724269639879,0.932511634627978,0.9816177149613698,0.02482895284528253,0.04033077526509842,0.03848131290045029,0.04973043293593628,0.04728102684020996,1802364747.142857,2282599277.0,2940978282.4166665,3791286040.9,-0.23073807576614536,0.04511905694802265,0.10717170104279106,-0.5380987574818901,1
2022-01-09,0.7545049786567688,0.7663210034370422,0.7415339946746826,0.7477329969406128,1182503166.0,0.009117416976858417,0.7476879954338074,0.8591179847717285,0.921180009841919,0.8010969758033752,1.137887954711914,0.6195229887962341,0.7826469966343471,0.8565377593040466,0.925197168191274,0.9823676149050394,0.024401769707136842,0.04032858813558075,0.038099883511633084,0.049712480704586386,0.02478700876235962,1809289027.2857144,2263855552.7619047,2836850563.016667,3787516954.2444444,-0.3401546933623899,0.032404094231438085,0.1639339690751498,-0.5369944510772333,1
2022-01-10,0.7393350005149841,0.7585129737854004,0.7054790258407593,0.7544280290603638,2014043704.0,-0.020105868842365315,0.7545049786567688,0.8328850269317627,0.9261839985847472,0.8393129706382751,1.1018589735031128,0.6203240156173706,0.7692827071462359,0.8498476176034837,0.9172133515278499,0.9830287870433595,0.023828830357838175,0.038210216486779615,0.037960010849674146,0.04974052039246805,0.05303394794464111,1892871169.2857144,2141332418.7619047,2788679608.866667,3787899863.038889,0.703203646221781,0.03165950807897744,0.1775811850112985,-0.5249230831741708,1
2022-01-11,0.7705540060997009,0.7734609842300415,0.7341510057449341,0.7393559813499451,1897366203.0,0.04222579150584127,0.7393350005149841,0.8246729969978333,0.8529599905014038,0.841323971748352,1.128391981124878,0.5969409942626953,0.761551422732217,0.8414146644728524,0.9102333347002666,0.9839933037757873,0.032754412669540774,0.03497004254811468,0.03843550733648817,0.04973913797029825,0.03930997848510742,1947626431.7142856,2053161633.5714285,2749797554.7833333,3787176215.5333333,-0.057931960844877506,-0.023259884878661374,0.07716005668735426,-0.5144298880756599,0
2022-01-12,0.7995479702949524,0.8060479760169983,0.7596459984779358,0.7706080079078674,1976047994.0,0.03762742645646555,0.7705540060997009,0.7743579745292664,0.8167139887809753,0.7828940153121948,1.132315993309021,0.5907739996910095,0.7651499935558864,0.834026521160489,0.903693500161171,0.9851531591680315,0.02754575456358448,0.03628419356220683,0.03884103184135677,0.0497976746715264,0.0464019775390625,1908099993.142857,1989297279.6190476,2734579314.366667,3787583187.4,0.041468953581861534,-0.07479095456311224,-0.049180237433660734,-0.5307386082006151,0
2022-01-13,0.7683280110359192,0.8009510040283203,0.7630820274353027,0.7994549870491028,1578656460.0,-0.03904701208548644,0.7995479702949524,0.7813460230827332,0.8396490216255188,0.7962489724159241,1.1405500173568726,0.582427978515625,0.7632902775491986,0.8233142835753304,0.8966890176137289,0.9861859371264775,0.03198274800968593,0.0351331253068849,0.03907353204946381,0.049879870919466884,0.03786897659301758,1824333375.142857,1861746104.142857,2724055826.0833335,3786374378.4,-0.2011041913995132,-0.06365377969117336,0.07038661702250626,-0.49786550538947383,0
2022-01-14,0.7742969989776611,0.789355993270874,0.7556279897689819,0.7683579921722412,1576111969.0,0.007768801678457837,0.7683280110359192,0.7630739808082581,0.8311629891395569,0.8274310231208801,1.1350959539413452,0.5879219770431519,0.7648935658591134,0.8167547583580017,0.8900711178779602,0.9872213539150027,0.03064425649238042,0.03142065257834112,0.03910186516291261,0.049878783172693834,0.03372800350189209,1716688713.857143,1752764527.0952382,2702817852.4166665,3786422007.55,-0.0016118079293832022,-0.17894810904051162,0.04646278201658616,-0.48928771134212357,0
2022-01-15,0.7814229726791382,0.788864016532898,0.7709490060806274,0.774308979511261,1029135167.0,0.00920315293858276,0.7742969989776611,0.7476879954338074,0.8494719862937927,0.8062300086021423,1.0934679508209229,0.5575559735298157,0.7697128483227321,0.809926376456306,0.8849126001199087,0.9884650594658322,0.028991899924061995,0.03127513385443762,0.03827386442645557,0.04971389348402576,0.017915010452270508,1607694951.857143,1718578137.5238094,2639483883.85,3782659388.088889,-0.3470418426852261,-0.237235148895104,0.026611768543067127,-0.5074613835956425,0
2022-01-16,0.778954029083252,0.7839620113372803,0.7709529995918274,0.7813079953193665,1005077258.0,-0.0031595482628586913,0.7814229726791382,0.7545049786567688,0.8591179847717285,0.7992910146713257,1.0838420391082764,0.5293359756469727,0.7732055698122297,0.8031537107058934,0.8796236515045166,0.9898518264293671,0.029190836183667145,0.03128002979328477,0.03825328737346773,0.049553030784430734,0.01300901174545288,1582348393.5714285,1703357859.4285715,2594535851.0666666,3776985177.266667,-0.023376821404452075,-0.19282016240354805,0.09420193929302734,-0.5037242475904223,0
2022-01-17,0.7627419829368591,0.7801799774169922,0.7523519992828369,0.7789989709854126,1406443014.0,-0.020812583979407218,0.778954029083252,0.7393350005149841,0.8328850269317627,0.8273789882659912,1.092079997062683,0.569998025894165,0.7765494244439262,0.7953707575798035,0.8749701172113419,0.9909226261907154,0.029292901894278096,0.03126266183625671,0.037863007048909485,0.049278073447682424,0.027827978134155273,1495548295.0,1685141743.4761906,2528070526.3333335,3770296981.1666665,0.3993382128640304,-0.19744946484976933,0.10002596765866034,-0.4916878876540467,0
2022-01-18,0.7526310086250305,0.7680490016937256,0.7394639849662781,0.7627689838409424,1510069237.0,-0.013256087298220254,0.7627419829368591,0.7705540060997009,0.8246729969978333,0.8350329995155334,1.1423280239105225,0.5922060012817383,0.7739889962332589,0.7905931870142618,0.8693224330743153,0.9918138762315114,0.024621449215792263,0.02684673219165652,0.03725613195581303,0.049217783197826936,0.02858501672744751,1440220157.0,1648383804.4761906,2491298693.1,3764683290.6,0.07367964572221197,-0.1794611141649599,0.01932153131851111,-0.4958326380668553,0
2022-01-19,0.739749014377594,0.753154993057251,0.726485013961792,0.7526140213012695,1446126322.0,-0.017115949382646933,0.7526310086250305,0.7995479702949524,0.7743579745292664,0.8798279762268066,1.0893150568008425,0.6092240214347839,0.7654462882450649,0.7869281882331485,0.8633574833472569,0.9925390150811937,0.01706495561643581,0.025647088377391034,0.03725682500914312,0.0492000412302609,0.026669979095458984,1364517061.0,1619616069.7619047,2472470253.4166665,3760461056.4333334,-0.0423443597374602,-0.1590769715949547,0.06237381585214119,-0.4676775606403034,0
2022-01-20,0.7194210290908813,0.7615829706192017,0.719402015209198,0.7397260069847107,1251475248.0,-0.027479570626824157,0.739749014377594,0.7683280110359192,0.7813460230827332,0.9476460218429564,1.0883740186691284,0.6098269820213318,0.7584595765386309,0.7812030457314991,0.8576782832543055,0.9931478708982467,0.014207879708888567,0.024987483805379112,0.03718099422174238,0.049249929783391565,0.04218095541000366,1317776887.857143,1589667275.5714285,2456430425.5833335,3756484861.922222,-0.13460170874339428,-0.15380564615296155,0.1433193795929406,-0.4254491054676426,0
2022-01-21,0.6357380151748657,0.7282450199127197,0.623196005821228,0.7196090221405029,3150758603.0,-0.116319944138642,0.7194210290908813,0.7742969989776611,0.7630739808082581,0.9546989798545836,1.0944969654083252,0.6063569784164429,0.7386654359953744,0.7718970945903233,0.8509968827168147,0.993311098880238,0.04119504629480422,0.03455757755877014,0.039781198995515715,0.05003198493584612,0.1050490140914917,1542726407.0,1656991980.9047618,2461533594.2166667,3764501480.2444444,1.5176355729250508,-0.036533952927053415,0.22424013544455734,-0.365252663766087,0
2022-01-22,0.5960419774055481,0.6517930030822754,0.5594210028648376,0.6360059976577759,3613862355.0,-0.06244087473422344,0.6357380151748657,0.7814229726791382,0.7476879954338074,0.9932850003242492,1.0842829942703247,0.6256179809570312,0.7121824366705758,0.7598289989289784,0.8431466321150461,0.9931467877493965,0.03957172602176039,0.03529577234892113,0.040110591677160835,0.050206068777952986,0.09237200021743774,1911973148.142857,1774010949.047619,2470125173.25,3763026923.6555557,0.14698166706870364,0.03505296289722182,0.18022895171713782,-0.32728395462965976,1
2022-01-23,0.6287559866905212,0.633994996547699,0.5938259959220886,0.5961930155754089,1851934913.0,0.054885411640587245,0.5960419774055481,0.778954029083252,0.7545049786567688,0.9120470285415648,1.0951579809188845,0.6446040272712708,0.6907255734716143,0.7488593799727303,0.8362579812606176,0.9930587430795034,0.05202282141029668,0.03815223161147905,0.040894767314856265,0.05031944274114835,0.04016900062561035,2032952813.142857,1808196744.6666667,2448458015.866667,3757759325.55,-0.4875469148851963,-0.04067552867513058,0.14962400847491764,-0.3241527570736886,0
2022-01-24,0.6121389865875244,0.6287699937820435,0.5586680173873901,0.6287699937820435,2759980202.0,-0.02642837675464682,0.6287559866905212,0.7627419829368591,0.7393350005149841,0.924818992614746,1.108093023300171,0.7254449725151062,0.6692108597074237,0.7383476637658619,0.829262164235115,0.9924292653799057,0.05191990075375617,0.03807390678938985,0.04096661568671579,0.04948997515907649,0.07010197639465332,2226315268.571429,1871578244.2857144,2442672128.05,3737242768.188889,0.49032246361673293,0.011451717372990222,0.14148263853862342,-0.3339633405608654,1
2022-01-25,0.617563009262085,0.6212289929389954,0.5898879766464233,0.6121439933776855,1731121388.0,0.008860769847053307,0.6121389865875244,0.7526310086250305,0.7705540060997009,0.921180009841919,0.9954519867897034,0.7480170130729675,0.6499154312270028,0.7284852833974929,0.8239490479230881,0.9917045209142897,0.05373130958298429,0.03838971795524441,0.03947524235798273,0.04944026520866496,0.03134101629257202,2257894147.285714,1881913578.6666667,2399966456.366667,3726204804.483333,-0.3727776066127013,0.01889684651695389,0.12745097282228302,-0.32364312167912956,1
2022-01-26,0.6220719814300537,0.6525490283966064,0.6085879802703857,0.6175439953804016,2302112575.0,0.007301234206622098,0.617563009262085,0.739749014377594,0.7995479702949524,0.9261839985847472,1.0588200092315674,0.7521190047264099,0.6331044265202114,0.7212335694403875,0.8185309479633968,0.9909820374515321,0.05521981911164843,0.036982255650649214,0.03944684433014943,0.04944154660426755,0.0439610481262207,2380177897.714286,1884264983.952381,2398161589.05,3720502521.227778,0.3298389072875345,-0.03309744634190559,0.23603544283809463,-0.3407467214531579,0
2022-01-27,0.6087700128555298,0.6235079765319824,0.5914649963378906,0.6219450235366821,1586137620.0,-0.021383326964742322,0.6220719814300537,0.7194210290908813,0.7683280110359192,0.8529599905014038,1.0815030336380005,0.7477859854698181,0.6172971384865897,0.7130156641914731,0.8125312646230062,0.9902097264925639,0.05518709194474153,0.03680734651950924,0.039308461994581524,0.04946570055261502,0.0320429801940918,2427986808.0,1856699023.6666667,2381172412.0666666,3714801218.0277777,-0.31100779465574135,-0.0017839193864257474,0.23359063416865533,-0.32192617080235064,0
2022-01-28,0.6125119924545288,0.6128609776496887,0.5933970212936401,0.608618974685669,1318006848.0,0.006146786996696241,0.6087700128555298,0.6357380151748657,0.7742969989776611,0.8167139887809753,1.0839489698410034,0.7259219884872437,0.6139791352408273,0.7058460456984383,0.8062071144580841,0.9895796709590488,0.03669799939294013,0.0368805101180428,0.039138060596152005,0.049418860928643525,0.019463956356048584,2166165128.714286,1808526749.857143,2354517297.4166665,3708073347.8055553,-0.16904634794552065,0.07079861653759556,0.17873939568982689,-0.33367179999388896,1
2022-01-29,0.6169350147247314,0.6234059929847717,0.6102579832077026,0.6124910116195679,958847124.0,0.00722111946327475,0.6125119924545288,0.5960419774055481,0.7814229726791382,0.8396490216255188,1.113247036933899,0.7392200231552124,0.6169638548578534,0.6996197132837205,0.7998434642950694,0.9889003098011017,0.026452660377187364,0.03697760194868364,0.03914036525886475,0.04940313492071895,0.013148009777069092,1786877238.5714285,1768848446.1904762,2321334302.4666667,3698686045.3944445,-0.27250216836506147,0.08135702672694878,0.2676278292001162,-0.32932320250362024,1
2022-01-30,0.603181004524231,0.6225460171699524,0.5997710227966309,0.6170060038566589,870878596.0,-0.02229409884708422,0.6169350147247314,0.6287559866905212,0.778954029083252,0.8311629891395569,1.0928670167922974,0.7127289772033691,0.6133102859769549,0.6924138097535997,0.7933809806903204,0.9882917099528843,0.016529171195382657,0.03686712292552353,0.0391886448665579,0.04935823105264065,0.022774994373321533,1646726336.142857,1754009180.952381,2293005819.45,3687651507.7388887,-0.0917440599216941,0.13340269640457647,0.30120473950902493,-0.3458165945268328,1
2022-01-31,0.6191490292549133,0.6223139762878418,0.5828480124473572,0.6030629873275757,1266538239.0,0.026473023206819102,0.603181004524231,0.6121389865875244,0.7627419829368591,0.8494719862937927,1.1361960172653198,0.7304880023002625,0.6143117206437247,0.6866906682650248,0.7874949316183726,0.9876731601026323,0.017583802683762455,0.037618037960219994,0.0394021163349806,0.049362706087246765,0.03946596384048462,1433377484.2857144,1718413682.6190476,2276600261.5833335,3679152764.3944445,0.4543223875489528,0.33702703329749895,0.2412132469136028,-0.34363298845729195,1
2022-02-01,0.6292330026626587,0.630316972732544,0.6130499839782715,0.6190059781074524,1183031072.0,0.01628682745393384,0.6191490292549133,0.617563009262085,0.7526310086250305,0.8591179847717285,1.2087960243225098,0.7331510186195374,0.6159788625580924,0.6799610966727847,0.7826114147901535,0.9870958377917608,0.018293253541113295,0.03629895265152156,0.0390667582131059,0.04937649760633499,0.01726698875427246,1355078867.7142856,1684397724.0,2251073912.4166665,3672461629.9333334,-0.06593339579382407,0.3956578418149932,0.19539977064971903,-0.3422277611597023,1
2022-02-02,0.6014829874038696,0.6306949853897095,0.5991380214691162,0.6292399764060974,1182736030.0,-0.04410133470647959,0.6292330026626587,0.6220719814300537,0.739749014377594,0.8328850269317627,1.202003002166748,0.7465130090713501,0.6130375776972089,0.6705294308208284,0.7785189817349116,0.9862901154491637,0.025206144136154036,0.035426165072093126,0.03812000939581898,0.04946896526879604,0.03155696392059326,1195167932.7142856,1646620963.8095238,2154606084.15,3665454494.0333333,-0.0002493949710900001,0.4474673502979325,0.18485810918611345,-0.31877207985960065,1
2022-02-03,0.6076840162277222,0.6076840162277222,0.5923489928245544,0.6014149785041809,1042290345.0,0.010309566444460128,0.6014829874038696,0.6087700128555298,0.7194210290908813,0.8246729969978333,1.161532998085022,0.8162810206413269,0.6128824353218079,0.6628797167823428,0.7752204656600952,0.9851312432024214,0.02450935446856898,0.035237478213705764,0.037727302570810535,0.04897728516893788,0.015335023403167725,1117475464.857143,1621079720.2380953,2112752910.2333333,3648649729.061111,-0.11874643321722433,0.36585787140398573,0.24225742076257895,-0.3216787020146449,1
2022-02-04,0.6558769941329956,0.656495988368988,0.6051689982414246,0.6076200008392334,1543180484.0,0.07930598241572584,0.6076840162277222,0.6125119924545288,0.6357380151748657,0.7743579745292664,1.1524540185928345,0.7787389755249023,0.6190774355615888,0.6572406689325968,0.7723469485839208,0.984448676639133,0.03892390286978859,0.04019959260470009,0.03902116086394714,0.04921619890897523,0.05132699012756348,1149643127.142857,1619511554.2857144,2081006705.1666667,3635252121.977778,0.48056680310129907,0.15909845607740603,0.10690571157755646,-0.3728930668433331,1
2022-02-05,0.6671270132064819,0.6836820244789124,0.6522679924964905,0.655830979347229,1760389771.0,0.017152635591918708,0.6558769941329956,0.6169350147247314,0.5960419774055481,0.7813460230827332,1.2175339460372925,0.8185529708862305,0.6262477210589817,0.6517980041958037,0.7698225984970729,0.98360742131869,0.038967262471585364,0.04039758929701595,0.0390913331961606,0.04908496132742279,0.031414031982421875,1264149219.5714285,1654333202.0952382,2065011122.4333334,3624257524.3555555,0.14075429883417323,0.23276078500185937,0.0841818304952211,-0.40200744532024646,1
2022-02-06,0.6836469769477844,0.6851930022239685,0.6623470187187195,0.6671270132064819,1095140341.0,0.024762846375985914,0.6671270132064819,0.603181004524231,0.6287559866905212,0.7630739808082581,1.282377004623413,0.8512470126152039,0.6377428599766323,0.6472595731417338,0.7668282647927602,0.9826763100094266,0.03603890432293924,0.04097557084658219,0.03853592272447135,0.04902906987015844,0.022845983505249023,1296186611.7142856,1658621920.3333333,2032614012.9666667,3608106361.8944445,-0.3778989408817691,0.18522134812152347,0.05460425139539482,-0.4253993546296313,1
2022-02-07,0.8278189897537231,0.8341550230979919,0.6744019985198975,0.6835920214653015,4197403037.0,0.21088663837820243,0.6836469769477844,0.6191490292549133,0.6121389865875244,0.7476879954338074,1.258929967880249,1.0125240087509155,0.6675528543336051,0.6503584782282511,0.7662707149982453,0.9816501710149977,0.08149355099271093,0.06227176059075179,0.04741885586302509,0.04951529420143325,0.15975302457809448,1714881582.857143,1791524778.5714285,2026640476.7,3585792629.711111,2.8327535566512383,-0.030925806375894593,-0.07318386768677221,-0.5120865841648248,0
2022-02-08,0.8781939744949341,0.9111369848251344,0.8061609864234924,0.8283770084381104,6159382645.0,0.06085265663716832,0.8278189897537231,0.6292330026626587,0.617563009262085,0.7545049786567688,1.1933729648590088,0.9645490050315856,0.7031187074525016,0.6563376670791989,0.7675556649764379,0.9811704208453497,0.08061779796682216,0.06323880831953087,0.047137100893123764,0.049592666976529656,0.10497599840164196,2425788950.428571,2012920655.142857,2074845265.55,3577715400.2,0.467427023496481,-0.029447896481862967,-0.16024813946306582,-0.5467379434152434,0
2022-02-09,0.8706269860267639,0.9090669751167296,0.8474010229110718,0.8775150179862976,3760269362.0,-0.0086165342600103,0.8781939744949341,0.6014829874038696,0.6220719814300537,0.7393350005149841,1.2183640003204346,1.089959979057312,0.741567850112915,0.6625699514434451,0.7680775652329127,0.9799519042174022,0.07450209332634364,0.06308908568228073,0.046783006391953236,0.048640362248482436,0.06166595220565785,2794007997.857143,2123117942.7619047,2103233513.9,3562907012.5055556,-0.3895054782718407,-0.036285342264579024,-0.07864673307045389,-0.5607005129222575,0
2022-02-10,0.8300099968910217,0.8946149945259094,0.8299070000648499,0.8708760142326355,3535002566.0,-0.04665257313135196,0.8706269860267639,0.6076840162277222,0.6087700128555298,0.7705540060997009,1.1893550157546997,1.280411958694458,0.7733287044933864,0.6678360927672613,0.7678889989852905,0.9774496710962719,0.0829989660768036,0.06378722757027107,0.0471965514773814,0.04696562034290396,0.06470799446105957,3150109743.714286,2231857338.857143,2135015884.7833333,3515280279.65,-0.059907090241052785,-0.0757063226912078,-0.052316233732706,-0.5389874671612884,0
2022-02-11,0.7602260112762451,0.8299409747123718,0.7543309926986694,0.8299409747123718,3346204748.0,-0.08407607845226839,0.8300099968910217,0.6558769941329956,0.6125119924545288,0.7995479702949524,1.191938042640686,1.288159966468811,0.7882357069424221,0.6737640925816127,0.7675111989180247,0.9745167046785355,0.09492328314055846,0.06095310652272543,0.04760177051976113,0.04736548536082528,0.07560998201370239,3407684638.571429,2241164298.142857,2148968722.1833334,3473319390.116667,-0.05340811342426621,0.03375834491358165,0.001479794230668574,-0.49487654373256884,1
2022-02-12,0.8224080204963684,0.8488379716873169,0.7530239820480347,0.7602499723434448,3457258389.0,0.08179410898573969,0.7602260112762451,0.6671270132064819,0.6169350147247314,0.7683280110359192,1.1885969638824463,1.1909929513931274,0.8104187079838344,0.6845434279668898,0.7679471830526988,0.972469010617998,0.0971617101332101,0.060481618715242776,0.048702189167572865,0.04744979537711566,0.09581398963928223,3650094441.142857,2233706966.428571,2148626319.5833335,3446055002.161111,0.03318793958031874,0.00014589370111006694,-0.05806366372059957,-0.5436790738641762,1
2022-02-13,0.8102729916572571,0.8442999720573425,0.7962769865989685,0.8222330212593079,2504198747.0,-0.014755484548639508,0.8224080204963684,0.6836469769477844,0.603181004524231,0.7742969989776611,1.1713709831237793,1.0981990098953247,0.8285081386566162,0.6931870948700678,0.7676612158616384,0.9708694216277864,0.09892909784582984,0.06021373424774778,0.0484957429528494,0.04710966221701685,0.04802298545837402,3851388499.142857,2264767149.0,2138895149.2333333,3417633220.938889,-0.27566919644547283,-0.03946447454323099,-0.05367325958824121,-0.541296552738775,0
2022-02-14,0.8022180199623108,0.8104739785194397,0.7825509905815125,0.8098729848861694,2401300497.0,-0.009941059097220317,0.8102729916572571,0.8278189897537231,0.6191490292549133,0.7814229726791382,1.0909340381622314,1.14609694480896,0.824850857257843,0.7022384774117243,0.7675943493843078,0.9689589831564162,0.05768300328338505,0.059769319221732294,0.048393216253733724,0.0469979609476167,0.027922987937927246,3594802422.0,2247687163.047619,2142612725.85,3388977191.461111,-0.041090288909085504,-0.12309873292822604,-0.01082005812473974,-0.5233128649745876,0
2022-02-15,0.8523330092430115,0.8558570146560669,0.7982959747314453,0.8022459745407104,2249706300.0,0.06247053548243042,0.8022180199623108,0.8781939744949341,0.6292330026626587,0.778954029083252,1.096290946006775,1.232841968536377,0.8211564336504255,0.7134180012203398,0.7684783826271693,0.9668450444936753,0.057984209205067964,0.060652562395627746,0.049019078638658176,0.04688786614488573,0.05756103992462158,3036277229.857143,2272381682.6666665,2140704083.4,3363798515.383333,-0.06313004023835844,-0.15193595703428897,-0.06902234475717273,-0.5291136398999285,0
2022-02-16,0.8390359878540039,0.8523769974708557,0.813139021396637,0.8523769974708557,2165008058.0,-0.015600734976599306,0.8523330092430115,0.8706269860267639,0.6014829874038696,0.7627419829368591,1.0419540405273438,1.2632219791412354,0.8166434339114598,0.7237496205738613,0.7686726659536361,0.9644884556531906,0.05816029006147074,0.061042242495715826,0.04887900208915619,0.04686108024430153,0.03923797607421875,2808382757.857143,2265852896.142857,2146672023.5666666,3339157707.016667,-0.03764857750542816,-0.16720374849538466,-0.048591472653226386,-0.540952957116049,0
2022-02-17,0.7671729922294617,0.8441330194473267,0.7582229971885681,0.8387140035629272,2798023719.0,-0.08564947947983215,0.8390359878540039,0.8300099968910217,0.6076840162277222,0.7526310086250305,1.0914920568466189,1.2164729833602903,0.8076667189598083,0.7312926195916676,0.7675416658322016,0.9619923445913526,0.06447177938503516,0.06452248282691057,0.05013901842564378,0.047207832464423144,0.08591002225875854,2703100065.428571,2323561758.0,2167037062.633333,3327171893.977778,0.29238489836604575,-0.09241849931633273,0.06804204512973211,-0.4847289963730167,0
2022-02-18,0.7858899831771851,0.8039050102233887,0.7603300213813782,0.7672860026359558,2913093056.0,0.024397353839751945,0.7671729922294617,0.7602260112762451,0.6558769941329956,0.739749014377594,1.0976459980010986,1.2277220487594604,0.8113330006599426,0.7395487143879845,0.7659760326147079,0.9595377220047845,0.05601068979242723,0.06454915523827066,0.049747239927726006,0.04724049839415062,0.0435749888420105,2641226966.571429,2399518244.095238,2139138121.6,3318622317.311111,0.041125218567169775,-0.021614941654355957,0.025742799835510644,-0.4978559043328328,0
2022-02-19,0.8225280046463013,0.8498160243034363,0.7736499905586243,0.7858650088310242,3325442943.0,0.04661978426165514,0.7858899831771851,0.8224080204963684,0.6671270132064819,0.7194210290908813,1.0601730346679688,1.2472699880599976,0.8113501412527901,0.7493388567652021,0.763890732328097,0.9571780443191529,0.04925925391942634,0.06491926153571599,0.04909117093253919,0.04735850706102079,0.07616603374481201,2622396188.571429,2512213283.095238,2132079625.7833333,3302097285.388889,0.14155053720329902,-0.0869940208975103,0.018995081787832158,-0.5303296513772371,0
2022-02-20,0.7782959938049316,0.8226720094680786,0.769985020160675,0.8225380182266235,3041836889.0,-0.053775689814220984,0.8225280046463013,0.8102729916572571,0.6836469769477844,0.6357380151748657,1.0366220474243164,1.1373519897460938,0.8067819987024579,0.7576776657785688,0.7609506825606028,0.9551832887861463,0.05338461861975956,0.06619143048111446,0.049542559031326906,0.04707458819536275,0.052686989307403564,2699201637.428571,2615592249.428571,2127490250.15,3285053602.1222224,-0.08528369268731129,-0.07234262853011719,0.07555094182409694,-0.48795188104435416,0
2022-02-21,0.70346599817276,0.7997499704360962,0.7019889950752258,0.7781599760055542,3580522306.0,-0.09614593448739583,0.7782959938049316,0.8022180199623108,0.8278189897537231,0.5960419774055481,1.0670570135116575,1.1725289821624756,0.7926745670182365,0.7616927595365615,0.756120365858078,0.9525773833195369,0.06378058194708283,0.07033316072080538,0.05067446205775326,0.04754359842168867,0.09776097536087036,2867661895.857143,2725781966.904762,2116211769.5,3278639722.866667,0.1770921442066844,0.11170119878487061,0.19108384952942248,-0.4428941686385446,1
2022-02-22,0.722832977771759,0.7251909971237183,0.6787869930267334,0.7033330202102661,3539593096.0,0.02753079700981198,0.70346599817276,0.8523330092430115,0.8781939744949341,0.6287559866905212,1.0420750379562378,1.0752660036087036,0.7741745625223432,0.7661499012084234,0.7529667983452479,0.9506194220648871,0.05761067531684648,0.07043925503344413,0.049806284799239306,0.04720079152368863,0.04640400409698486,3051931438.142857,2837999206.142857,2110792902.9833333,3271000102.4555554,-0.011431072481077331,0.08581374398301334,0.16620023294886455,-0.4527283259634909,1
2022-02-23,0.6987460255622864,0.7389230132102966,0.6962800025939941,0.7228519916534424,2690184820.0,-0.03332298463155947,0.722832977771759,0.8390359878540039,0.8706269860267639,0.6121389865875244,1.0318880081176758,1.1884729862213137,0.7541331393378121,0.7707814744540623,0.7491989155610402,0.9478987167278926,0.057682028411461146,0.07007211121446401,0.04991228853335163,0.046582243379440634,0.04264301061630249,3126956689.857143,2909782481.857143,2126511827.5166667,3257819620.272222,-0.2399734243351005,0.09982160729498468,0.18086826313337712,-0.4431023833207385,1
2022-02-24,0.6962720155715942,0.7128909826278687,0.6270939707756042,0.6985800266265869,5146799150.0,-0.00354064266584031,0.6987460255622864,0.7671729922294617,0.8300099968910217,0.617563009262085,0.9363499879837036,1.1455049514770508,0.7440044283866882,0.7749999506132943,0.7454504489898681,0.9454029781950845,0.0511095919850159,0.07012834900766983,0.049912251610427345,0.04651149193514635,0.0857970118522644,3462496037.142857,3105235282.095238,2190213428.383333,3266102183.766667,0.9131767868647775,0.08030334444890919,0.19604407171472582,-0.4564236409243808,1
2022-02-25,0.7689030170440674,0.7689030170440674,0.6857939958572388,0.696258008480072,3460713330.0,0.10431411840219917,0.6962720155715942,0.7858899831771851,0.7602260112762451,0.6220719814300537,0.9471579790115356,1.1408319473266602,0.7415777189391,0.7803821421804882,0.7428290992975235,0.9433367063601812,0.06715866428216109,0.07158366006097805,0.05180728442920661,0.04717719652257908,0.08310902118682861,3540727504.857143,3196546370.0,2218075626.4,3266125359.938889,-0.327598915531802,-0.07313148815214077,0.11502100921763736,-0.5082800053829241,0
2022-02-26,0.7509729862213135,0.7881870269775391,0.7436460256576538,0.7686449885368347,3051695701.0,-0.023318975768469752,0.7689030170440674,0.8225280046463013,0.8224080204963684,0.6087700128555298,0.9687510132789612,1.1014349460601809,0.731355573449816,0.7843748075621468,0.7411293158928554,0.9413896954721874,0.0639883404564377,0.07192371296954167,0.050890220148293766,0.04714015982802098,0.044541001319885254,3501620756.0,3258037128.571429,2230904122.15,3262883772.9888887,-0.11818882120467344,0.005229205961377437,0.14958065711285995,-0.49659840485565954,1
2022-02-27,0.721992015838623,0.7648730278015137,0.710873007774353,0.7509660124778748,2733141782.0,-0.038591228864988336,0.7509729862213135,0.7782959938049316,0.8102729916572571,0.6125119924545288,0.9919610023498536,1.1875929832458496,0.7233121480260577,0.786200761795044,0.7395506163438161,0.9388030234310362,0.06254476758480855,0.07251221716644571,0.05083859380091611,0.046846343803627684,0.054000020027160645,3457521455.0,3336037197.1904764,2242285672.6666665,3245302442.7055554,-0.10438587271188737,0.005542963040748861,0.18837876545362442,-0.474904185712295,1
2022-02-28,0.782043993473053,0.7883219718933105,0.7131879925727844,0.721930980682373,3053923291.0,0.08317540404470702,0.721992015838623,0.70346599817276,0.8022180199623108,0.6169350147247314,0.9987540245056152,1.234889030456543,0.7345375759260995,0.784021000067393,0.738590532541275,0.9362872176700168,0.05742107519149007,0.058354249105923926,0.05185673167807878,0.04717114420952045,0.07513397932052612,3382293024.285714,3281585780.714286,2261844395.4166665,3234840605.4444447,0.11736731373125675,-0.07513261096872603,0.10072321061031042,-0.5177381294538532,0
2022-03-01,0.7848619818687439,0.8006349802017212,0.7612339854240417,0.782069981098175,2877778057.0,0.003603363006697613,0.782043993473053,0.722832977771759,0.8523330092430115,0.603181004524231,0.9909300208091736,1.256324052810669,0.7433988622256688,0.7795766194661459,0.7378188490867614,0.9336679839425617,0.05737455656093106,0.05662761910164943,0.051841190713533915,0.047151683744256385,0.03940099477767944,3287748018.714286,3125318895.571429,2280858366.516667,3220512101.361111,-0.0576783426483255,-0.08139644294388149,0.03784360620935967,-0.510896164195702,0
2022-03-02,0.7684959769248962,0.7848910093307495,0.7595980167388916,0.7848759889602661,2401047273.0,-0.020852080138829554,0.7848619818687439,0.6987460255622864,0.8390359878540039,0.6191490292549133,0.9723119735717772,1.2914350032806396,0.7533631409917559,0.7747132380803426,0.7364692489306132,0.9307627671294743,0.05586332322553895,0.05674233949214785,0.05183256606749495,0.04712169683413776,0.02529299259185791,3246442654.857143,3060594034.1904764,2301601420.6666665,3201090236.5055556,-0.1656593297180735,-0.001639543502815366,0.07709088720485169,-0.5086766900719859,0
2022-03-03,0.7521849870681763,0.7839249968528748,0.7389199733734131,0.7685319781303406,2213014779.0,-0.021224561151234278,0.7684959769248962,0.6962720155715942,0.7671729922294617,0.6292330026626587,0.9222440123558044,1.2557790279388428,0.7613507083484105,0.7710072852316356,0.7346870323022207,0.9279650224579705,0.05722323685792832,0.056062758673042924,0.05187812943763878,0.04710453878383573,0.04500502347946167,2827330601.857143,2997642234.8095236,2319584446.9,3189582758.1222224,-0.0783126996766964,-0.0195696049865407,0.09669695560149827,-0.49790143404252285,0
2022-03-04,0.7126719951629639,0.7530519962310791,0.705610990524292,0.752295970916748,2359803521.0,-0.05253094994520413,0.7521849870681763,0.7689030170440674,0.7858899831771851,0.6014829874038696,0.8470289707183838,1.3054980039596558,0.7533177052225385,0.7687428082738604,0.7326834817727407,0.9246715446313222,0.044561177568435036,0.05417792093985303,0.052167810087302875,0.0471534206017197,0.04744100570678711,2670057772.0,2950670747.8095236,2335098360.4166665,3180037854.4055557,0.06632976127991785,0.1255598975365344,0.18280217572611468,-0.47547678898741885,1
2022-03-05,0.7548999786376953,0.7660850286483765,0.7074790000915527,0.7127900123596191,2297850919.0,0.059253041737770795,0.7126719951629639,0.7509729862213135,0.8225280046463013,0.6076840162277222,0.8055949807167053,1.3894129991531372,0.7538787041391645,0.7655281396139235,0.7315205981334051,0.9211464722951254,0.05091267588343726,0.05264290916311234,0.052735398265813596,0.04711528519161315,0.05860602855682373,2562365660.285714,2895460868.285714,2348161219.633333,3151670983.483333,-0.026253288228736404,0.04197512538373105,0.09584188700936114,-0.5135858957514812,1
2022-03-06,0.7259939908981323,0.7583839893341064,0.7257639765739441,0.7549229860305786,1862292224.0,-0.03829114923506449,0.7548999786376953,0.721992015838623,0.7782959938049316,0.6558769941329956,0.8282880187034607,1.1250989437103271,0.7544504148619515,0.761514853863489,0.7307145317395528,0.9189292225572798,0.050873076428347465,0.053159137651387404,0.05237121482622048,0.045044604927111695,0.032620012760162354,2437958580.571429,2864893891.0,2341653872.3,3099181343.45,-0.18955045838637363,0.04870150288690844,0.12623793550132922,-0.4897051417559608,1
2022-03-07,0.7232869863510132,0.7516679763793945,0.709958016872406,0.7260109782218933,2920222453.0,-0.003728687263334307,0.7259939908981323,0.782043993473053,0.70346599817276,0.6671270132064819,0.8185880184173584,1.1007200479507446,0.7460565567016602,0.757756233215332,0.7297468811273575,0.9168323722150591,0.03622007354765451,0.05314098800429841,0.052360823031562156,0.04501942173978858,0.041709959506988525,2418858460.857143,2889604460.3333335,2354240533.4166665,3074472154.522222,0.5680796039236429,0.07102161710566235,0.05257524222599863,-0.4738630619423141,1
2022-03-08,0.7209770083427429,0.7292870283126831,0.7159389853477478,0.7232310175895691,1907305640.0,-0.0031937226189069357,0.7232869863510132,0.7848619818687439,0.722832977771759,0.6836469769477844,0.863306999206543,1.0894010066986084,0.7369301319122314,0.7515011855534145,0.7290452649195989,0.9147855722241931,0.035867145647268825,0.050946670669604496,0.05227263177554354,0.045014648672687306,0.013348042964935303,2280219544.142857,2873299667.0,2347201884.116667,3056336889.4555554,-0.34686289462619924,0.06353321973643,0.09296132676068525,-0.4601936162795148,1
2022-03-09,0.7672359943389893,0.7698889970779419,0.7210059762001038,0.7210059762001038,2408572082.0,0.06416152729000113,0.7209770083427429,0.7684959769248962,0.6987460255622864,0.8278189897537231,0.8612719774246216,1.0572669506072998,0.7367501343999591,0.7480821382431757,0.729371064901352,0.9131742891338136,0.045323097701683766,0.05317506869616543,0.05284196016781641,0.04522762188684321,0.048883020877838135,2281294516.857143,2884897953.857143,2357476560.4666667,3026794192.45,0.2628139043305089,0.03428147299225204,-0.017178570307651797,-0.5149732164581897,1
2022-03-10,0.7374650239944458,0.7754999995231628,0.7265679836273193,0.7670270204544067,2418938595.0,-0.03880288537582566,0.7672359943389893,0.7521849870681763,0.6962720155715942,0.8781939744949341,0.8010969758033752,1.079905986785889,0.7346472825322833,0.7466674730891273,0.7290870656569799,0.9112718393405278,0.04718485899201283,0.05044290562477418,0.05309052120274708,0.045285261732583196,0.048932015895843506,2310712204.857143,2866846281.285714,2378083817.616667,3018085549.022222,0.004304007788461961,0.07598728158407964,0.035418557604256495,-0.4974378486026797,1
2022-03-11,0.8021550178527832,0.8083329796791077,0.7276229858398438,0.7375059723854065,3478317257.0,0.08771940601053463,0.7374650239944458,0.7126719951629639,0.7689030170440674,0.8706269860267639,0.8393129706382751,1.119636058807373,0.7474305714879718,0.74744199854987,0.7301340659459432,0.909508055779669,0.05165573252479365,0.053797900860281696,0.05417887712951233,0.045680744387542105,0.08070999383926392,2470499881.428571,2893761719.428571,2402488376.8333335,3018502386.138889,0.4379518621058671,-0.004848220320394003,-0.05677330120951751,-0.5426918987826358,0
2022-03-12,0.7865869998931885,0.8459619879722595,0.7820590138435364,0.8022289872169495,3730330472.0,-0.019407742410272988,0.8021550178527832,0.7548999786376953,0.7509729862213135,0.8300099968910217,0.841323971748352,1.0646779537200928,0.751957288810185,0.7457305221330552,0.730401282509168,0.9079631060361862,0.0497470244108398,0.05300397633839991,0.05400200491370903,0.04555897854861685,0.06390297412872314,2675139817.571429,2913042077.952381,2433037781.3166666,3014826950.95,0.07245262475492464,0.04168135463758471,-0.11640670347373672,-0.5253951733534192,1
2022-03-13,0.7613509893417358,0.8036320209503174,0.7584080100059509,0.7865380048751831,2141326402.0,-0.032082923509897165,0.7865869998931885,0.7259939908981323,0.721992015838623,0.7602260112762451,0.7828940153121948,1.0965739488601685,0.7570082885878426,0.7449236171586173,0.7297646661599477,0.9061007562610838,0.04885393696116657,0.052124164118725835,0.05396663482681074,0.045560726967137144,0.045224010944366455,2715001843.0,2870160626.1904764,2435792421.45,3007952023.588889,-0.42596871294034777,0.058803367949676444,-0.05875999639875207,-0.509049035687584,1
2022-03-14,0.7746559977531433,0.7759349942207336,0.7525740265846252,0.7613760232925415,2212291022.0,0.017475525214607046,0.7613509893417358,0.7232869863510132,0.782043993473053,0.8224080204963684,0.7962489724159241,1.121353030204773,0.764346718788147,0.7483136171386355,0.7298701326052348,0.9041746616363525,0.04867635161925912,0.0472937938844963,0.053756183686018526,0.04554750310954385,0.0233609676361084,2613868781.428571,2805006755.5238094,2446352997.483333,3003592258.822222,0.03314049643889838,0.08196669721575023,-0.06558522244059606,-0.5168449047060182,1
2022-03-15,0.7667829990386963,0.7758110165596008,0.7456349730491638,0.77463698387146,1830181545.0,-0.010163219206050567,0.7746559977531433,0.7209770083427429,0.7848619818687439,0.8102729916572571,0.8274310231208801,1.0914980173110962,0.7708904317447117,0.750406475294204,0.7297448992729187,0.902370689312617,0.049080804845353605,0.04713628763988967,0.053770684490173595,0.045512346629275696,0.03017604351043701,2602851053.571429,2723606205.4761906,2450587490.4166665,2996156482.1055555,-0.1727211624511127,0.09169998579033556,-0.05211907449999553,-0.5297783028063933,1
2022-03-16,0.793537974357605,0.7936149835586548,0.7592189908027649,0.766746997833252,2480411473.0,0.0348924993804649,0.7667829990386963,0.7672359943389893,0.7684959769248962,0.8022180199623108,0.8062300086021423,1.0655980110168457,0.7746478574616569,0.7549203776177906,0.7299468159675598,0.9008592446645101,0.044736514134246334,0.04679642361260819,0.05393736033318664,0.04555809396953167,0.03439599275588989,2613113823.714286,2713616998.4761906,2474775428.85,2993325846.9333334,0.3552816548589992,0.05588770316249292,-0.009908769823511077,-0.5387429302209106,1
2022-03-17,0.7935029864311218,0.8005679845809937,0.7844390273094177,0.7934359908103943,1862028805.0,-4.409105501401722e-05,0.793537974357605,0.7374650239944458,0.7521849870681763,0.8523330092430115,0.7992910146713257,1.0756679773330688,0.7826532806668963,0.7595504238491967,0.7301892985900243,0.8992916613817215,0.04051542567435834,0.04676292105880901,0.05393415463821277,0.04555187018989935,0.016128957271575928,2533555282.285714,2557199363.0,2489057954.633333,2990843704.3166666,-0.2493064859323847,0.062337510350024106,-0.014696865137994175,-0.5206294016474857,1
2022-03-18,0.7982659935951233,0.7991120219230652,0.779350996017456,0.7934510111808777,1850743124.0,0.006002506916103378,0.7935029864311218,0.8021550178527832,0.7126719951629639,0.8390359878540039,0.8273789882659912,1.0484280586242676,0.7820977057729449,0.7609486608278184,0.7307813654343287,0.8979018721315596,0.02260750723611586,0.041143855836882924,0.053855500218444395,0.045516976927043616,0.01976102590560913,2301044691.857143,2480534115.095238,2496462956.4666667,2989189289.6555557,-0.00606095940604956,0.03364919988761028,-0.05651250858584622,-0.5309420496165032,1
2022-03-19,0.8193730115890503,0.825232982635498,0.7936090230941772,0.7981269955635071,2046393370.0,0.026441083753133476,0.7982659935951233,0.7865869998931885,0.7548999786376953,0.7671729922294617,0.8350329995155334,0.9171519875526428,0.7867814217294965,0.7642058048929486,0.7318937321503957,0.8973586555984285,0.02284860692849988,0.04101075170926447,0.05390690123372721,0.044589666738490734,0.0316239595413208,2060482248.7142856,2432662575.5238094,2505401692.016667,2968472933.3166666,0.10571442544502996,0.01635275356486643,-0.06267721399557924,-0.5258997040619933,1
2022-03-20,0.8061209917068481,0.8208140134811401,0.7982490062713623,0.8193789720535278,1529598149.0,-0.016173366335927808,0.8193730115890503,0.7613509893417358,0.7259939908981323,0.7858899831771851,0.8798279762268066,0.8763290047645569,0.7931771363530841,0.7682119466009594,0.73299993177255,0.8969686110814412,0.018864309394101657,0.04010259229470687,0.05390113383732432,0.044480294340709305,0.022565007209777832,1973092498.2857144,2375350973.952381,2506792889.133333,2950370781.8444443,-0.252539530559562,0.06354136274215927,-0.03852773188974712,-0.5352707456250029,1
2022-03-21,0.8381519913673401,0.8511260151863098,0.7921599745750427,0.8059629797935486,2485293314.0,0.03973472963738467,0.8061209917068481,0.7746559977531433,0.7232869863510132,0.8225280046463013,0.9476460218429564,1.0040760040283203,0.8022479925836835,0.7708837560244969,0.7349787811438243,0.8960468110111025,0.022234502254347307,0.03691709155008369,0.05395911293881409,0.04323018778952499,0.05896604061126709,2012092825.7142856,2348273356.0,2527356523.5666666,2937433726.411111,0.6248014654207064,0.030008909918512128,-0.10257564132532426,-0.43958852660783,1
2022-03-22,0.8370969891548157,0.8629260063171387,0.8299880027770996,0.838034987449646,2370573276.0,-0.001258724221132379,0.8381519913673401,0.7667829990386963,0.7209770083427429,0.7782959938049316,0.9546989798545836,1.0020400285720823,0.8122928483145577,0.7733711373238337,0.7383347640434901,0.8951304607921177,0.021007608233622917,0.03693456581444581,0.05160587191824857,0.04323003262943081,0.03293800354003906,2089291644.4285715,2324120747.3809524,2514353434.7833333,2929857670.4,-0.04615955684335782,0.02497081170482507,-0.12414208983850006,-0.49530342049010134,1
2022-03-23,0.8378869891166687,0.8441460132598877,0.8205729722976685,0.8371340036392212,2076377569.0,0.0009437376696941335,0.8370969891548157,0.793537974357605,0.7672359943389893,0.70346599817276,0.9932850003242492,0.9459239840507508,0.8186284218515668,0.7766754712377276,0.7423655142386755,0.8945302552647061,0.018866692662664324,0.03651365772314859,0.0508268757670507,0.043026388430096825,0.02357304096221924,2031572515.2857144,2308660285.285714,2488728688.35,2916809617.677778,-0.12410319055667951,0.02736286219418349,-0.14165752143122234,-0.4690811487264619,1
2022-03-24,0.8429679870605469,0.8493279814720154,0.8296269774436951,0.8378570079803467,2278978187.0,0.006064061156069167,0.8378869891166687,0.7935029864311218,0.7374650239944458,0.722832977771759,0.9120470285415648,0.941341996192932,0.8256948505129132,0.7809984712373643,0.7459357142448425,0.8939837329917484,0.018574359972309037,0.03602541130229414,0.050435216154413605,0.04302687440652314,0.019701004028320312,2091136712.7142856,2311801399.952381,2495846076.25,2912431668.0444446,0.09757407372570204,-0.033695226695749425,-0.16046038311332755,-0.4947589759660421,0
2022-03-25,0.8251270055770874,0.8440849781036377,0.8228740096092224,0.8429679870605469,1600059784.0,-0.021164482824159725,0.8429679870605469,0.7982659935951233,0.8021550178527832,0.6987460255622864,0.924818992614746,0.944720983505249,0.8295321379389081,0.786353471733275,0.7494855145613353,0.8933193220032586,0.021816835531444614,0.03407254968837245,0.05038221868678204,0.04305584237375287,0.021210968494415283,2055324807.0,2275623126.7619047,2476514069.2833333,2903865152.016667,-0.2979047394454065,0.003166794935381967,-0.15317401140505604,-0.4610332669861177,1
2022-03-26,0.8327720165252686,0.8343070149421692,0.8223249912261963,0.8251529932022095,1056420320.0,0.009265253587033229,0.8251270055770874,0.8193730115890503,0.7865869998931885,0.6962720155715942,0.921180009841919,0.9236850142478944,0.831446281501225,0.7900616640136355,0.7530723313490549,0.8928142497936885,0.019875225243086034,0.03195989512355319,0.0503826090094463,0.043028224575237056,0.0119820237159729,1913900085.5714285,2216507383.952381,2465269051.483333,2892986489.4888887,-0.33976196979399864,-0.009429989243891712,-0.16612711962183846,-0.46105656075368917,0
2022-03-27,0.8573430180549622,0.857375979423523,0.8303390145301819,0.8328149914741516,1505124770.0,0.029505075869642905,0.8327720165252686,0.8061209917068481,0.7613509893417358,0.7689030170440674,0.9261839985847472,0.893688976764679,0.8387637138366699,0.7963163795925322,0.7569935152928035,0.8926123278008566,0.0202229716737743,0.03075249265272275,0.05047231508975156,0.0430121943283473,0.027036964893341064,1910403888.5714285,2199499409.952381,2451985921.4,2885687235.4,0.4247404574724576,-0.016787949856745366,-0.25152593235083653,-0.4401412516792296,0
2022-03-28,0.8633040189743042,0.9080860018730164,0.8552110195159912,0.8574079871177673,3205464277.0,0.006952877429229787,0.8573430180549622,0.8381519913673401,0.7746559977531433,0.7509729862213135,0.8529599905014038,0.9283490180969238,0.8423568606376648,0.8029838573364985,0.7612357487281164,0.8922509666946199,0.01505930992155537,0.030630124230898625,0.05033873606153802,0.04291999634995989,0.052874982357025146,2013285454.7142856,2213082353.952381,2478974699.016667,2883727735.161111,1.1297000360973395,-0.041761651849461456,-0.24439364759534044,-0.4033874861069283,0
2022-03-29,0.8579999804496765,0.8844410181045532,0.8488609790802002,0.8630890250205994,2120020042.0,-0.006143882581398641,0.8633040189743042,0.8370969891548157,0.7667829990386963,0.721992015838623,0.8167139887809753,0.9526360034942628,0.8453430022512164,0.809508760770162,0.7653272151947021,0.8917252110110389,0.015469070991741753,0.030695053997518377,0.05036743252909497,0.04287962592977554,0.03558003902435303,1977492135.5714285,2223211611.1904764,2492341585.5833335,2878553864.0055556,-0.3386230951904007,-0.04703730521420468,-0.2489941715964965,-0.36646034057594623,0
2022-03-30,0.8608139753341675,0.8712790012359619,0.8494250178337097,0.8579419851303101,1832671641.0,0.003279714392319777,0.8579999804496765,0.8378869891166687,0.793537974357605,0.782043993473053,0.8396490216255188,1.0426239967346191,0.8486182859965733,0.8139648551032657,0.7693918645381927,0.890715155336592,0.015426555358278034,0.027953244043899487,0.05036949109627849,0.042295906392752027,0.021853983402252197,1942677003.0,2195787780.6666665,2506905327.5333333,2860259404.516667,-0.13554041721648968,-0.11558827264416949,-0.2897339036489388,-0.3793676415459233,0
2022-03-31,0.8145639896392822,0.8708660006523132,0.8038809895515442,0.8608800172805786,2611691934.0,-0.05372820030823855,0.8608139753341675,0.8429679870605469,0.7935029864311218,0.7848619818687439,0.8311629891395569,1.0386749505996704,0.8445605720792498,0.8176362344196865,0.7729149142901103,0.8894700944423676,0.026587284271608586,0.029302742329676727,0.05083820711781792,0.04248306239246075,0.06698501110076904,1990207538.2857144,2204966511.095238,2535918883.1666665,2853185821.2388887,0.4250735786880657,-0.032611313997334745,-0.27925732519759083,-0.3389199242857298,0
2022-04-01,0.8277400135993958,0.8336780071258545,0.8102560043334961,0.8147090077400208,2091887103.0,0.016175554195500652,0.8145639896392822,0.8251270055770874,0.7982659935951233,0.7684959769248962,0.8494719862937927,1.0551700592041016,0.8449338589395795,0.8188545675504775,0.7763914306958516,0.888206594189008,0.026449909480105185,0.022619524057163325,0.05078611961519592,0.042483701244234603,0.0234220027923584,2060468583.857143,2138946027.5714285,2549674697.5666666,2845384521.2055554,-0.19902991782184676,-0.0890183336810163,-0.26565831649105254,-0.3781368605402986,0
2022-04-02,0.8249189853668213,0.8485999703407288,0.824828028678894,0.8277350068092346,1624227101.0,-0.003408109051424635,0.8277400135993958,0.8327720165252686,0.8193730115890503,0.7521849870681763,0.8591179847717285,1.043004035949707,0.8438119973455157,0.820679900192079,0.779652863740921,0.8869950105746587,0.026203135681421304,0.022135835057381467,0.05078264032325812,0.0424761901859907,0.023771941661834717,2141583838.2857144,2038655390.857143,2557027964.7166667,2836828778.4333334,-0.2235589106741579,-0.0743515606100762,-0.25535836964636305,-0.37090425296701324,0
2022-04-03,0.8429499864578247,0.8501539826393127,0.817264974117279,0.8248909711837769,1348476817.0,0.021857905334771166,0.8249189853668213,0.8573430180549622,0.8061209917068481,0.7126719951629639,0.8328850269317627,1.0855029821395874,0.841755849974496,0.8245655667214167,0.7836773137251536,0.8856474939319823,0.024840806920621194,0.02102351501102816,0.050397749237931354,0.042397192548332144,0.03288900852203369,2119205559.2857144,2000900648.7142856,2559790311.1666665,2826256618.6444445,-0.16977323172986514,-0.10242120936868082,-0.282461604341116,-0.4104513647445115,0
2022-04-04,0.8272510170936584,0.8429520130157471,0.8108900189399719,0.8429229855537415,1876069127.0,-0.01862384437555442,0.8429499864578247,0.8633040189743042,0.8381519913673401,0.7548999786376953,0.8246729969978333,1.0776560306549072,0.8366054211344037,0.8270700914519173,0.7873367637395858,0.8842563549677531,0.02515859256171786,0.021430509484081126,0.050502353464231646,0.04241577008797563,0.032061994075775146,1929291966.4285715,1984890082.2857144,2573686624.2,2815534275.7166667,0.39125056014960036,-0.159840259027886,-0.21852739926142928,-0.3913830342873451,0
2022-04-05,0.8176419734954834,0.8332870006561279,0.817110002040863,0.827226996421814,1548706718.0,-0.011615632256257613,0.8272510170936584,0.8579999804496765,0.8370969891548157,0.7259939908981323,0.7743579745292664,1.0680259466171265,0.830839991569519,0.829491947378431,0.7900328467289607,0.882865332894855,0.025255920551939245,0.0214786000863822,0.049633154290088674,0.04241918825007683,0.016176998615264893,1847675777.2857144,1971486519.0952382,2573778728.1,2806404587.9666667,-0.17449378825580986,-0.12356015080017457,-0.26754492498627325,-0.3808598140978743,0
2022-04-06,0.7613139748573303,0.8184049725532532,0.7612850069999695,0.8176270127296448,2527126540.0,-0.06889078651056335,0.8176419734954834,0.8608139753341675,0.8378869891166687,0.7232869863510132,0.7813460230827332,1.0628910064697266,0.8166257057871137,0.8279574712117513,0.7916026294231415,0.8811899049414529,0.03383403709120588,0.025420181154976792,0.05050693922908856,0.04272255579119787,0.05711996555328369,1946883620.0,1973711046.0952382,2586557674.25,2806125906.9944444,0.6317657246709252,-0.049209609003682764,-0.2085131532971537,-0.3389087797916953,0
2022-04-07,0.7879999876022339,0.7894840240478516,0.7581139802932739,0.7613610029220581,1628783831.0,0.035052571772250074,0.7613139748573303,0.8145639896392822,0.8429679870605469,0.7209770083427429,0.7630739808082581,1.1599260568618774,0.8128308483532497,0.8276954236484709,0.7933418462673824,0.8791236490011215,0.034359631055300106,0.026655349449466473,0.05059804601892793,0.042247155024809566,0.03137004375457764,1806468176.7142856,1962604142.5714285,2595451732.4166665,2788260461.588889,-0.35547990762662796,-0.07764087535322184,-0.26098098354624344,-0.3480507389841462,0
2022-04-08,0.7540559768676758,0.7929850220680237,0.7508929967880249,0.7879970073699951,1684019539.0,-0.043076156432241386,0.7879999876022339,0.8277400135993958,0.8251270055770874,0.7672359943389893,0.7476879954338074,1.1384530067443848,0.8023045573915754,0.8255901847566877,0.7921124627192815,0.8769881099462509,0.03577073719801493,0.02821013151524095,0.043017135251669635,0.04234273947111248,0.04209202527999878,1748201381.857143,1954664924.2380953,2553562007.45,2768916649.4555554,0.033912239886423556,0.041931916629251775,-0.2486936959724796,-0.3293388802114622,1
2022-04-09,0.7635849714279175,0.7660620212554932,0.7540410161018372,0.7540410161018372,1008306245.0,0.012636985651681698,0.7540559768676758,0.8249189853668213,0.8327720165252686,0.7374650239944458,0.7545049786567688,1.137887954711914,0.7935425554003034,0.8229336114156813,0.7902023126681645,0.8749086489280065,0.03695768140101977,0.027661840854232633,0.042293047898994726,0.042355622871758106,0.012021005153656006,1660212688.142857,1905232204.0,2467710734.116667,2752169606.438889,-0.40125026957896837,0.023908286972819104,-0.35443987626094486,-0.3375537728624921,1
2022-04-10,0.7566140294075012,0.7724660038948059,0.7551810145378113,0.7636039853096008,1046936968.0,-0.009129228941450296,0.7635849714279175,0.8429499864578247,0.8573430180549622,0.8021550178527832,0.7393350005149841,1.1018589735031128,0.7812088472502572,0.8205761370204744,0.7883020967245102,0.8729906214608086,0.03420609260185433,0.02753630088680738,0.04229457188569915,0.04229872961945654,0.01728498935699463,1617135566.857143,1882248338.2380953,2422488527.55,2735987326.411111,0.038312490070910865,-0.004573070938059365,-0.3211519223008069,-0.31495058601875536,0
2022-04-11,0.6950230002403259,0.7564219832420349,0.6857380270957947,0.7564219832420349,2367700413.0,-0.08140349871044128,0.7566140294075012,0.8272510170936584,0.8633040189743042,0.7865869998931885,0.7705540060997009,1.128391981124878,0.762319130556924,0.8137604707763308,0.7860523134469986,0.87058301601145,0.04257909782427047,0.030718673097361652,0.04315315679452691,0.0426754983475913,0.07068395614624023,1687368607.7142856,1876648676.2857144,2403033491.6666665,2728721013.711111,1.261550107952631,0.10502385350400689,-0.40523406655483096,-0.25539444919884147,1
2022-04-12,0.7166140079498291,0.7215920090675354,0.6942750215530396,0.6951689720153809,1990027592.0,0.03106517007643972,0.6950230002403259,0.8176419734954834,0.8579999804496765,0.7613509893417358,0.7995479702949524,1.132315993309021,0.747886564050402,0.8080231859570458,0.7853254467248917,0.8682735605372323,0.04739417106964042,0.03188293902575215,0.041987555508731615,0.042744006926232536,0.02731698751449585,1750414446.857143,1858527453.2380953,2380430539.0666666,2722084080.2055554,-0.1595103919931613,0.0815626957740585,-0.4624637396916589,-0.2937411023133736,1
2022-04-13,0.7238500118255615,0.7247589826583862,0.7039980292320251,0.7165120244026184,1678860044.0,0.010097491530250746,0.7166140079498291,0.7613139748573303,0.8608139753341675,0.7746559977531433,0.7683280110359192,1.1405500173568726,0.7425345693315778,0.8025928537050883,0.7836828132470449,0.8659585605065028,0.04229783764503252,0.03205728264717808,0.04061458942730656,0.04274781574686586,0.020760953426361084,1629233518.857143,1839598047.2857144,2350790566.65,2701605867.2555556,-0.15636343397996466,0.03913518137235683,-0.4150487047796033,-0.2908862247521201,1
2022-04-14,0.7268189787864685,0.7401549816131592,0.7105860114097595,0.7237380146980286,1716488200.0,0.004101632813984679,0.7238500118255615,0.7879999876022339,0.8145639896392822,0.7667829990386963,0.7742969989776611,1.1350959539413452,0.7337944252150399,0.7970619485491798,0.7822919130325318,0.8636903550889757,0.03870861812047512,0.03202185203614737,0.040581767086074784,0.04274927445308274,0.029568970203399658,1641762714.4285715,1812812809.8095238,2337662057.5333333,2690161106.8722224,0.022412920084957433,0.008749139638276171,-0.4114435305431795,-0.27905980638509154,1
2022-04-15,0.7856749892234802,0.7936800122261047,0.7266169786453247,0.7267959713935852,2897060464.0,0.0809775365735228,0.7268189787864685,0.7540559768676758,0.8277400135993958,0.793537974357605,0.7814229726791382,1.0934679508209229,0.7383114269801548,0.7951832811037699,0.7820161958535512,0.8619803941912121,0.04860872426237199,0.037050769534746536,0.04191771992815011,0.043107503807239995,0.06706303358078003,1815054275.142857,1874574746.952381,2345924723.65,2688325221.2611113,0.6877835012206901,-0.08461640644849167,-0.4305902413234246,-0.3375836280090512,0
2022-04-16,0.781840980052948,0.7971289753913879,0.7692189812660217,0.7856529951095581,1526957904.0,-0.004879892096758209,0.7856749892234802,0.7635849714279175,0.8249189853668213,0.7935029864311218,0.778954029083252,1.0838420391082764,0.7409194282123021,0.792757993652707,0.7808413287003835,0.8603026105297936,0.04871532533970564,0.036970536284087925,0.041124778673341474,0.04310448661920697,0.02790999412536621,1889147369.2857144,1896981298.5714285,2333878917.05,2679107953.016667,-0.472928534638965,-0.09482229895826944,-0.4596100590716785,-0.33312271791472436,0
2022-04-17,0.7531539797782898,0.7844079732894897,0.7505530118942261,0.7817919850349426,1350930297.0,-0.03669160482316425,0.781840980052948,0.7566140294075012,0.8429499864578247,0.7982659935951233,0.7627419829368591,1.092079997062683,0.740425135408129,0.7877966108776274,0.7794099618991216,0.858419688211547,0.05104945504135378,0.03694137971620239,0.041344652641013016,0.04318206261572249,0.03385496139526367,1932574987.7142856,1889638704.6190476,2320310954.366667,2672246373.4,-0.11527993439693407,-0.07224948553030996,-0.4189461837361338,-0.3213512657303713,0
2022-04-18,0.7680169939994812,0.7681940197944641,0.7323600053787231,0.7531870007514954,2134418883.0,0.01973436325141198,0.7531539797782898,0.6950230002403259,0.8272510170936584,0.8193730115890503,0.7526310086250305,1.1423280239105225,0.7508528488022941,0.7832591334978739,0.7794240285952886,0.856340182489819,0.03615598084783473,0.03726063641482379,0.039899055227975114,0.04306602214116543,0.03583401441574097,1899249054.857143,1838636543.0,2309250873.766667,2665244355.9444447,0.5799622584080666,-0.09581948636057824,-0.47114973961961126,-0.3069632594389201,0
2022-04-19,0.7750629782676697,0.7801910042762756,0.7599610090255737,0.7680420279502869,1834225828.0,0.009174255678245036,0.7680169939994812,0.7166140079498291,0.8176419734954834,0.8061209917068481,0.739749014377594,1.0893150568008425,0.7592027017048427,0.779309752441588,0.7792435785134634,0.8545943376090791,0.0354664091994646,0.03738451823682497,0.03979470289953817,0.04293978427040888,0.020229995250701904,1876991660.0,1825027294.7142856,2291269753.3,2653013794.6555557,-0.1406439276708742,-0.17206854915395586,-0.4581395218281006,-0.3657302602188859,0
2022-04-20,0.7521780133247375,0.7750549912452698,0.744376003742218,0.7750549912452698,1798898557.0,-0.02952658762528171,0.7750629782676697,0.7238500118255615,0.7613139748573303,0.8381519913673401,0.7194210290908813,1.0883740186691284,0.7632495590618679,0.7741366113935199,0.778071078658104,0.8527265820238326,0.03878769981691267,0.037741962887340455,0.039513570978106004,0.04299246582079261,0.030678987503051758,1894140019.0,1823419052.6190476,2265827346.866667,2644694303.1277776,-0.01926004446165719,-0.13276114265808514,-0.4534046364767158,-0.36868935602834774,0
2022-04-21,0.7331780195236206,0.7647619843482971,0.72502601146698,0.7521770000457764,1990297103.0,-0.02525996966746502,0.7521780133247375,0.7268189787864685,0.7879999876022339,0.8370969891548157,0.6357380151748657,1.0944969654083252,0.7641579934528896,0.7702610890070597,0.7773191124200821,0.8507192545466953,0.040589000824699906,0.036419426105653976,0.03903325243386045,0.043026936183755006,0.03973597288131714,1933255576.5714285,1793828822.5714285,2248301683.766667,2643328320.85,0.10639763162587279,-0.12113706503848642,-0.4344170317005085,-0.3870574372843921,0
2022-04-22,0.7191939949989319,0.7381619811058044,0.7164610028266907,0.7331600189208984,1881203798.0,-0.019073163886957234,0.7331780195236206,0.7856749892234802,0.7540559768676758,0.8378869891166687,0.5960419774055481,1.0842829942703247,0.7546607085636684,0.7650922309784662,0.7775812457005183,0.8486909823285209,0.02100761308101641,0.03623731063620572,0.03704130572208359,0.043043204333585314,0.02170097827911377,1788133195.7142856,1783796284.2380953,2219979708.633333,2641333494.161111,-0.05481257287445296,-0.14987195917014595,-0.4127634566772471,-0.3427906908900684,0
2022-04-23,0.707705020904541,0.7246689796447754,0.707360029220581,0.7191439867019653,1332520641.0,-0.015974791466950355,0.7191939949989319,0.781840980052948,0.7635849714279175,0.8429679870605469,0.6287559866905212,1.0951579809188845,0.7440698572567531,0.7595106136231196,0.7773291130860647,0.8465384658839967,0.02076631909277021,0.03629535662955918,0.036939511284049674,0.04304838680127585,0.017308950424194336,1760356443.857143,1769905500.4285715,2183195167.7166667,2634316033.927778,-0.2916659840806892,-0.17042975343038003,-0.4281925358703379,-0.34292396734864383,0
2022-04-24,0.6987389922142029,0.7118300199508667,0.6980249881744385,0.7074869871139526,1108217932.0,-0.012669160773903121,0.707705020904541,0.7531539797782898,0.7566140294075012,0.8251270055770874,0.6121389865875244,1.108093023300171,0.7362962876047406,0.7526434234210423,0.7773289958635966,0.844264276822408,0.018208227294710812,0.03571728368027302,0.0367163509020934,0.043044738901667275,0.013805031776428223,1725683248.857143,1758464601.142857,2156829052.9166665,2618620856.9055557,-0.16832963190098904,-0.1300843349701588,-0.41507055211191435,-0.3398493290266611,0
2022-04-25,0.6944260001182556,0.6989399790763855,0.6482419967651367,0.698756992816925,2377291271.0,-0.006172536732607425,0.6987389922142029,0.7680169939994812,0.6950230002403259,0.8327720165252686,0.617563009262085,0.9954519867897034,0.7257832884788513,0.7463184226126898,0.7772982289393743,0.8425919102297889,0.012892263876054355,0.035640330083781556,0.03672301777495276,0.042388753670277814,0.05069798231124878,1760379304.2857144,1782332322.2857144,2110670588.2666667,2596083963.6555557,1.1451478110534672,-0.11542911977861958,-0.415654087988234,-0.32318923551579404,0
2022-04-26,0.6416990160942078,0.7040960192680359,0.6344169974327087,0.6943339705467224,2160649427.0,-0.07592887365258338,0.6944260001182556,0.7750629782676697,0.7166140079498291,0.8573430180549622,0.6220719814300537,1.0588200092315674,0.7067312938826424,0.7379401865459624,0.7751781622568766,0.8402745713790257,0.023181288552148578,0.038632002370406225,0.035445873545154105,0.04247390278070549,0.06967902183532715,1807011247.0,1811472451.2857144,2089002856.55,2577375267.3166666,-0.09112970154005162,-0.057425731170471894,-0.38729842299633765,-0.27997864186842136,0
2022-04-27,0.652318000793457,0.6613770127296448,0.6403800249099731,0.6417940258979797,1722422062.0,0.0165482327897013,0.6416990160942078,0.7521780133247375,0.7238500118255615,0.8633040189743042,0.6087700128555298,1.0815030336380005,0.6924655778067452,0.7327499020667303,0.7735339124997457,0.837890210085445,0.02814596534940179,0.03665144308821717,0.0354206455794391,0.0424605070566612,0.02099698781967163,1796086033.4285715,1773153190.4285715,2066848295.9,2567225802.611111,-0.2028220587402123,-0.008958816090525623,-0.41472257147243075,-0.2842938373988495,0
2022-04-28,0.6443629860877991,0.6553440093994141,0.6362680196762085,0.6523129940032959,1546067106.0,-0.012194994919627833,0.652318000793457,0.7331780195236206,0.7268189787864685,0.8579999804496765,0.6125119924545288,1.0839489698410034,0.6797777158873421,0.7259100448517573,0.7722400953372319,0.8354480657312605,0.02815597010369607,0.03538964834309547,0.03511768872455709,0.04246623039928022,0.019075989723205566,1732624605.2857144,1769214298.7619047,2047063717.9666667,2557696880.766667,-0.10238777120354836,-0.07057663776267353,-0.40045748545157045,-0.2546576666253185,0
2022-04-29,0.6114069819450378,0.645609974861145,0.6039040088653564,0.6442840099334717,1962197662.0,-0.05114509190363514,0.6443629860877991,0.7191939949989319,0.7856749892234802,0.8608139753341675,0.6169350147247314,1.113247036933899,0.6643795711653573,0.7191172355697268,0.7693961451450984,0.8326600654257669,0.03085437043279552,0.03582004299339246,0.03390220652749554,0.042567338863617646,0.041705965995788574,1744195157.2857144,1782460876.047619,2028868290.8166666,2542999171.516667,0.26915426528711106,-0.01445352260500321,-0.36373640814657704,-0.21752775742180974,0
2022-04-30,0.5870910286903381,0.6271420121192932,0.5815759897232056,0.6114050149917603,1649221930.0,-0.039770486717938036,0.6114069819450378,0.707705020904541,0.781840980052948,0.8145639896392822,0.603181004524231,1.0928670167922974,0.6471490008490426,0.7107127621060326,0.766099962592125,0.8298501988252004,0.03132225155815538,0.03603878193310006,0.034208592173941024,0.04264205425854172,0.045566022396087646,1789438198.5714285,1812980670.5714285,2008392355.3666666,2531851382.5555553,-0.159502652592601,-0.008080608721863336,-0.2877169102616076,-0.19547058692740826,0
2022-05-01,0.6078439950942993,0.6102319955825806,0.5810499787330627,0.587086021900177,1657999135.0,0.03534880519338901,0.5870910286903381,0.6987389922142029,0.7531539797782898,0.8277400135993958,0.6191490292549133,1.1361960172653198,0.634164001260485,0.7036284747577849,0.763422429561615,0.8269149098131392,0.03901692779134319,0.037482601917309566,0.03451441442113515,0.042619488913628066,0.029182016849517822,1867978370.4285715,1842078869.0,1996008219.7333333,2521008723.7,0.0053220278243570895,-0.06797301020893454,-0.3059617000705045,-0.23505701647295085,0
2022-05-02,0.6142690181732178,0.6293100118637085,0.6017900109291077,0.6078190207481384,1687184077.0,0.010570184341331945,0.6078439950942993,0.6944260001182556,0.7680169939994812,0.8249189853668213,0.6292330026626587,1.2087960243225098,0.6227130038397652,0.6997830470403036,0.7611238300800324,0.8236119820011987,0.04042531585160293,0.03388589874159951,0.034478844665593804,0.04233926123634584,0.02752000093460083,1769391628.4285715,1809673329.1904762,1987244374.7,2494121948.516667,0.01760250737404645,-0.19751770957576587,-0.35193704003716775,-0.24308243651780315,0
2022-05-03,0.6048489809036255,0.6250830292701721,0.5981860160827637,0.61421799659729,1460418466.0,-0.015335361203152709,0.6142690181732178,0.6416990160942078,0.7750629782676697,0.8429499864578247,0.6014829874038696,1.202003002166748,0.6174487130982536,0.6944609028952462,0.7593267798423767,0.820294459660848,0.031007672745492817,0.03289316685913145,0.03389876935286516,0.042348976410986824,0.026897013187408447,1669358634.0,1784453847.0,1972254623.7833333,2473290298.15,-0.13440478374073705,-0.15081946793366208,-0.3299120922393902,-0.23370292841261675,0
2022-05-04,0.6464740037918091,0.6478449702262878,0.604744017124176,0.6048039793968201,1959359438.0,0.06881886917623148,0.6048489809036255,0.652318000793457,0.7521780133247375,0.8272510170936584,0.6076840162277222,1.161532998085022,0.6166138563837323,0.6907763310841152,0.757519680261612,0.8174330208036634,0.04218361167387675,0.036737647176813715,0.03421355731308642,0.04262141513247584,0.043100953102111816,1703206830.5714285,1797810961.0,1966613099.1,2464328717.9944444,0.34164247002886095,-0.3605682501087495,-0.39554260110193273,-0.2860145929839424,0
2022-05-05,0.5988860130310059,0.655036985874176,0.5848119854927063,0.6464629769325256,2183469244.0,-0.07361160770840292,0.6464740037918091,0.6443629860877991,0.7331780195236206,0.8176419734954834,0.6558769941329956,1.1524540185928345,0.6101171459470477,0.6846842850957598,0.7554012139638265,0.8143576429949866,0.050568053837370994,0.03960558459898962,0.0351397806910078,0.04294938063935753,0.07022500038146973,1794264278.857143,1820048153.5714285,1971966049.4333334,2461846895.0277777,0.11437911883526497,-0.3567957749282419,-0.34493542762280494,-0.21888309095469194,0
2022-05-06,0.6025699973106384,0.6134819984436035,0.5916119813919067,0.5988320112228394,2003273389.0,0.006151394755385287,0.5988860130310059,0.6114069819450378,0.7191939949989319,0.7613139748573303,0.6671270132064819,1.2175339460372925,0.6088547195707049,0.6759649997665769,0.7533892641464869,0.8109411766131719,0.04719096409172795,0.0341497527137436,0.03515752114442049,0.042725129536351845,0.021870017051696777,1800132239.857143,1777486864.2857144,1956683565.0333333,2454173099.3,-0.08252731541566882,-0.29731482839763645,-0.3438438818661397,-0.2373516573161717,0
2022-05-07,0.5823469758033752,0.6038399934768677,0.5739279985427856,0.6025609970092773,1250412025.0,-0.03356128183866036,0.6025699973106384,0.5870910286903381,0.707705020904541,0.7879999876022339,0.6836469769477844,1.282377004623413,0.6081769977297101,0.666465285278502,0.7510787636041641,0.807052120897505,0.046394989885272866,0.034423421205668804,0.03538654208867148,0.04257626607048363,0.02991199493408203,1743159396.2857144,1764318012.9047618,1945735338.1166666,2430299292.2388887,-0.37581558669624004,-0.26543104049155397,-0.30795383003412125,-0.2266397657111281,0
2022-05-08,0.5665270090103149,0.5826339721679688,0.5627570152282715,0.5823990106582642,1505054300.0,-0.027165877819208872,0.5823469758033752,0.6078439950942993,0.6987389922142029,0.7540559768676758,0.8278189897537231,1.258929967880249,0.6022745711462838,0.6575782866705031,0.7477336138486862,0.8032054377926721,0.04437755064662618,0.034162380359266754,0.034401966267558114,0.04259865597368162,0.019876956939697266,1721310134.142857,1771657251.142857,1930676708.4166667,2409710517.1,0.2036466939767314,-0.21032713551735105,-0.2803485227274879,-0.2429045973453684,0
2022-05-09,0.4929400086402893,0.5759940147399902,0.4807220101356506,0.566519021987915,3297478002.0,-0.1298914247682158,0.5665270090103149,0.6142690181732178,0.6944260001182556,0.7635849714279175,0.8781939744949341,1.1933729648590088,0.5849418554987226,0.6444793826057797,0.7436581969261169,0.7993141435914569,0.06216102066387355,0.0417703361401316,0.03778661698071538,0.04347979763643799,0.09527200460433966,1951352123.4285715,1827041018.7142856,1945319031.8666666,2386751137.5,1.1909362353238682,-0.14289975733241478,-0.1872276730767395,-0.12791008542639015,0
2022-05-10,0.513625979423523,0.5352990031242371,0.4781099855899811,0.4924399852752685,3455777036.0,0.04196447928885538,0.4929400086402893,0.6048489809036255,0.6416990160942078,0.7566140294075012,0.8706269860267639,1.2183640003204346,0.5719099981444222,0.6320300017084394,0.7388493796189626,0.7953989323642519,0.06781134146020368,0.043494005249409676,0.036295962390562764,0.04357520561058969,0.05718901753425598,2236403347.714286,1904257742.9047618,1944943361.5166667,2378703782.4055557,0.048006092505844755,-0.1479734053256656,-0.2205924095653189,-0.16111523979792086,0
2022-05-11,0.4133760035037994,0.5216230154037476,0.382425993680954,0.5135430097579956,5290247987.0,-0.1951808902506078,0.513625979423523,0.6464740037918091,0.652318000793457,0.6950230002403259,0.8300099968910217,1.1893550157546997,0.5386102838175637,0.6158965726693472,0.7326291963458061,0.7910879378517469,0.08153014054169866,0.058151605198385706,0.04367859560923381,0.04582767769457219,0.13919702172279358,2712244569.0,2070512477.6666667,1970941986.7666667,2384592440.9555554,0.5308418141244919,-0.01744178711269584,-0.0765404690223499,0.020569626527250362,0
2022-05-12,0.385206013917923,0.426483005285263,0.3449540138244629,0.4133990108966827,4641055357.0,-0.06814616559042108,0.4133760035037994,0.5988860130310059,0.6443629860877991,0.7166140079498291,0.7602260112762451,1.191938042640686,0.5080845696585519,0.5993264771643139,0.726360113422076,0.7866060932477316,0.08139021925881688,0.0588598263552937,0.04423682825955959,0.04606699841982727,0.08152899146080012,3063328299.428571,2196739061.1904764,2012604136.0166667,2394325290.611111,-0.12271497131992581,0.09026334180478712,-0.0679662607698086,0.11814974102480158,1
2022-05-13,0.4234170019626617,0.462336003780365,0.3827329874038696,0.3851779997348785,2949331810.0,0.09919623958124513,0.385206013917923,0.6025699973106384,0.6114069819450378,0.7238500118255615,0.8224080204963684,1.1885969638824463,0.48249128460884094,0.585241858448301,0.7205061301589012,0.7823550934592883,0.09924731246792706,0.06512201524290138,0.04631479976462895,0.046719256258010926,0.07960301637649542,3198479502.428571,2247602299.857143,2024888149.15,2398432324.2388887,-0.3645126844799236,-0.0290021120509657,-0.18404313716464304,0.003509550613242318,0
2022-05-14,0.4277740120887756,0.4395039975643158,0.3986580073833465,0.4234189987182617,2021953522.0,0.010290116140631689,0.4234170019626617,0.5823469758033752,0.5870910286903381,0.7268189787864685,0.8102729916572571,1.1713709831237793,0.4604094326496124,0.571911810409455,0.7148559803764025,0.7782239991757605,0.10142638361846822,0.06551008886011123,0.04638062481262625,0.046726528470411706,0.040845990180969294,3308699716.285714,2280432437.047619,2028084348.7666667,2393829897.2,-0.3144367428770247,-0.03062601080110694,-0.27344344467222914,-0.004474382031019908,0
2022-05-15,0.4473710060119629,0.447613000869751,0.4166190028190613,0.4276869893074035,1427697924.0,0.04581155790062441,0.4277740120887756,0.5665270090103149,0.6078439950942993,0.7856749892234802,0.8022180199623108,1.0909340381622314,0.4433871465069907,0.5599419063045865,0.7090865309039752,0.7746486489971479,0.10640427438310958,0.06712808159718515,0.04657505022837763,0.04662705105706805,0.030993998050689697,3297648805.428571,2295645770.0,2010539122.95,2374932811.883333,-0.2939017101699729,-0.0559580528775695,-0.2799198336184524,-0.044278702415783466,0
2022-05-16,0.4224990010261535,0.4475690126419067,0.412086009979248,0.4474070072174072,1839092427.0,-0.05559592519758483,0.4473710060119629,0.4929400086402893,0.6142690181732178,0.781840980052948,0.8523330092430115,1.096290946006775,0.433324145419257,0.546993001585915,0.7029031311472257,0.7709053604139222,0.09791272666294348,0.06753085368013749,0.046957029051958574,0.04678138537348549,0.03548300266265869,3089308009.0,2270017253.6190476,2010156849.9833333,2364583551.8944445,0.2881523437726874,-0.042196520293771744,-0.1864998475669325,0.04478823512980523,0
2022-05-17,0.437622994184494,0.4390920102596283,0.4211519956588745,0.4224570095539093,1598581919.0,0.03579651814941043,0.4224990010261535,0.513625979423523,0.6048489809036255,0.7531539797782898,0.8390359878540039,1.0419540405273438,0.42246657609939575,0.5372750957806905,0.6968924144903819,0.7675479657120174,0.09731559592271724,0.0673951153521766,0.0472781440659685,0.04675146459196656,0.017940014600753784,2823994420.857143,2243252134.1904764,2005954163.2333333,2343495882.0111113,-0.13077673773706422,-0.06606138533610739,-0.28692959659813744,0.025058105005580478,0
2022-05-18,0.4061659872531891,0.4412670135498047,0.4061659872531891,0.437635987997055,1599734223.0,-0.07188152210768706,0.437622994184494,0.4133760035037994,0.6464740037918091,0.7680169939994812,0.7671729922294617,1.0914920568466189,0.42143657377787996,0.525553571326392,0.6900056307514508,0.7637405986587207,0.06611189944901767,0.06803464575412235,0.04773721079247606,0.04686726857428693,0.0351010262966156,2296778168.857143,2237409856.142857,1998509844.1166666,2331736743.077778,0.0007208288710789379,-0.0009380226344920528,-0.2087446690502207,0.133278018565129,0
2022-05-19,0.419975996017456,0.4223630130290985,0.3974870145320892,0.4060620069503784,1557252121.0,0.03400089913402393,0.4061659872531891,0.385206013917923,0.5988860130310059,0.7750629782676697,0.7858899831771851,1.0976459980010986,0.4264037140778133,0.5148684765611377,0.6835698808232943,0.7599757653143671,0.059691525986183894,0.06903830840813495,0.04807357852664966,0.04694873277864596,0.024875998497009333,1856234849.4285715,2237942475.904762,1998970743.65,2326077962.0666666,-0.026555724938066794,-0.06382745001864887,-0.26641045139190467,0.11430652844411071,0
2022-05-20,0.4111370146274566,0.4375059902667999,0.4031780064105987,0.4199270009994507,1721877559.0,-0.021046396636516307,0.419975996017456,0.4234170019626617,0.6025699973106384,0.7521780133247375,0.8225280046463013,1.0601730346679688,0.424649430172784,0.5053318114507765,0.6764529645442963,0.7563700096474754,0.047027868472658337,0.06862213070992758,0.047654584768491104,0.04691224494091983,0.03432798385620123,1680884242.142857,2226498661.4761906,1986247147.7333333,2323344698.961111,0.10571534036138264,-0.07138742437825041,-0.20694809288469995,0.14093598412638242,0
2022-05-21,0.4146730005741119,0.4172559976577759,0.405364990234375,0.4111280143260956,875738315.0,0.008600504991892688,0.4111370146274566,0.4277740120887756,0.5823469758033752,0.7331780195236206,0.7782959938049316,1.0366220474243164,0.4227778570992606,0.49712142915952773,0.6694125647346179,0.7529147371649743,0.04695117115699691,0.06860831277444797,0.04770441605296796,0.046902164089926465,0.011891007423400879,1517139212.5714285,2189666108.3809524,1961333231.7166667,2312406753.572222,-0.49140500123098474,-0.0683671123363414,-0.2202386252753229,0.1033995186327672,0
2022-05-22,0.422336995601654,0.4243369996547699,0.41109099984169,0.4146910011768341,896133087.0,0.018482020813825217,0.4146730005741119,0.4473710060119629,0.5665270090103149,0.7191939949989319,0.70346599817276,1.0670570135116575,0.4192015698977879,0.48828776251702083,0.6624867315093677,0.7493329592876964,0.043152449428132206,0.06809803563281915,0.04782907681030041,0.04686596796103354,0.01324599981307989,1441201378.7142856,2153386772.7619047,1941662490.35,2300172117.3166666,0.023288660151862928,-0.07889669513222441,-0.22188676278879016,0.09296839706341231,0
2022-05-23,0.4046710133552551,0.4278349876403808,0.4043579995632171,0.4222599864006042,1399019792.0,-0.041829113789172645,0.422336995601654,0.4224990010261535,0.4929400086402893,0.707705020904541,0.722832977771759,1.0420750379562378,0.416654714516231,0.4783069051447369,0.6551817819476128,0.745791825817691,0.04084040281049638,0.06808023557406295,0.047952991341967836,0.046928570309084365,0.023476988077163696,1378333859.4285715,2139664663.952381,1926996517.1,2290433536.4055557,0.5611741294850772,0.03337031334669649,-0.20284632197386088,0.15014413220423495,1
2022-05-24,0.4087130129337311,0.4132890105247497,0.3936460018157959,0.404680997133255,1394251522.0,0.009988359544120584,0.4046710133552551,0.437622994184494,0.513625979423523,0.6987389922142029,0.6987460255622864,1.0318880081176758,0.4125247171946934,0.46896709714617046,0.6482415487368901,0.7423297425111135,0.037531230316630894,0.06834128896730425,0.048009371675650864,0.04693842433779665,0.019643008708953802,1349143802.7142856,2136513857.0952382,1923566379.4,2280917525.577778,-0.003408293454650435,0.032183952131716875,-0.17905477509952705,0.10984719194425185,1
2022-05-25,0.4057849943637848,0.4129660129547119,0.3967599868774414,0.4086999893188476,1587278448.0,-0.007163996440752052,0.4087130129337311,0.4061659872531891,0.4133760035037994,0.6944260001182556,0.6962720155715942,0.9363499879837036,0.41247028963906424,0.457505715744836,0.6411250983675321,0.739382159213225,0.025544661661492347,0.06557408685013452,0.047941814205751804,0.04646752616723523,0.016206026077270508,1347364406.2857144,2118795714.7142856,1932414014.8666666,2265883174.2388887,0.13844483793219053,-0.018975556858772058,-0.09413358000600047,0.11816360082359667,0
2022-05-26,0.3931699991226196,0.4101189970970154,0.3807229995727539,0.405799001455307,2091610974.0,-0.031087880075368002,0.4057849943637848,0.419975996017456,0.385206013917923,0.6416990160942078,0.7689030170440674,0.9471579790115356,0.4086408615112304,0.4477097150825319,0.6333888813853263,0.7363044482138422,0.02287483815987031,0.0644750938890889,0.04771766494362119,0.04649878671392676,0.029395997524261475,1423701385.2857144,2114421511.3809524,1942188784.9333334,2264112098.461111,0.3177341232317923,0.030856853344103152,-0.06514737508826918,0.1932242903519521,1
2022-05-27,0.3817870020866394,0.4012799859046936,0.378165990114212,0.3930760025978088,1927217638.0,-0.02895184541389717,0.3931699991226196,0.4111370146274566,0.4234170019626617,0.652318000793457,0.7509729862213135,0.9687510132789612,0.40444800257682795,0.4371962391194843,0.625363597770532,0.7330435370405515,0.023738841068189746,0.06427981466065802,0.04770446075077286,0.04649346195165794,0.023113995790481623,1453035682.2857144,2110799808.952381,1920884674.2833333,2260343928.4555554,-0.07859651629462139,0.023518329988979403,-0.06004131251460698,0.23693317261284097,1
2022-05-28,0.3863230049610138,0.3881149888038635,0.3817160129547119,0.386586993932724,865258883.0,0.011880977743042864,0.3817870020866394,0.4146730005741119,0.4277740120887756,0.6443629860877991,0.721992015838623,0.9919610023498536,0.4003980032035282,0.4278617643174671,0.6175023148457209,0.7296788814995024,0.024201568089790283,0.06454354848969757,0.047800760271530164,0.04646147932090361,0.006398975849151611,1451538620.5714285,2092459183.142857,1899971988.3,2248943623.766667,-0.5510320858738426,0.015494819078738065,-0.08564853297296005,0.24996179466412038,1
2022-05-29,0.3890160024166107,0.3894959986209869,0.3807620108127594,0.3863309919834137,752879867.0,0.006970844140821164,0.3863230049610138,0.422336995601654,0.4473710060119629,0.6114069819450378,0.782043993473053,0.9987540245056152,0.39563786131995066,0.41940885924157645,0.609639015297095,0.7262914480434524,0.022272877112490895,0.06471058029431898,0.04782317211947807,0.04646164249181231,0.008733987808227484,1431073874.857143,2056641353.0,1881975458.7333333,2236738362.911111,-0.12987906649436853,0.01635919315178458,-0.13286600515382763,0.2702587891975392,1
2022-05-30,0.4181750118732452,0.4187020063400268,0.3876360058784485,0.3890190124511719,1404448305.0,0.07495580972375282,0.3890160024166107,0.4046710133552551,0.4224990010261535,0.5870910286903381,0.7848619818687439,0.9909300208091736,0.3975670039653778,0.4158486213002886,0.6030325323343277,0.7231094757715861,0.035526034215241815,0.06200506359817915,0.04879447660744552,0.046833205630559566,0.031066000461578314,1431849376.7142856,1966497081.7142856,1861854731.5833333,2230259811.4,0.865434801167289,-0.03626237160699475,-0.21330066902443579,0.24813298530996963,0
2022-05-31,0.4218670129776001,0.4296759963035583,0.4088990092277527,0.4181259870529175,1738462198.0,0.008828841990859981,0.4181750118732452,0.4087130129337311,0.437622994184494,0.6078439950942993,0.7684959769248962,0.9723119735717772,0.39944614682878765,0.41147914670762564,0.5962679823239644,0.7200514482127296,0.035502831759707865,0.06114295413780383,0.04873730350288499,0.04682868268635166,0.02077698707580561,1481022330.4285715,1884720184.6666667,1855964316.5,2227413091.883333,0.23782569412549504,-0.03357696523501663,-0.21433063370103,0.22641970885114127,0
2022-06-01,0.3980849981307983,0.4251179993152618,0.3926169872283935,0.4218890070915222,1569696040.0,-0.056373250610292636,0.4218670129776001,0.4057849943637848,0.4061659872531891,0.6142690181732178,0.7521849870681763,0.9222440123558044,0.39834614736693247,0.4107510035946256,0.5891540825366974,0.7171394536892574,0.04250797580327376,0.045275508677449436,0.04909516191434541,0.04685800638883391,0.032501012086868286,1478510557.857143,1707551044.3333333,1855055465.4833333,2221052447.538889,-0.09707784166613209,0.006438322813912434,-0.21203508197182774,0.2743936821786328,1
2022-06-02,0.4053019881248474,0.4066640138626098,0.3925530016422272,0.3980790078639984,1298797541.0,0.018129268944914845,0.3980849981307983,0.3931699991226196,0.419975996017456,0.6048489809036255,0.7126719951629639,0.8470289707183838,0.400079288652965,0.41170795474733624,0.5818599492311478,0.7146854148970709,0.040929738757322254,0.04270227437342822,0.04905542536226655,0.0465188524302673,0.014111012220382635,1365251496.0,1548395910.2380953,1854227477.55,2189541290.9555554,-0.17258022706103027,-0.012282202563913658,-0.22137318251211546,0.2962852502831317,0
2022-06-03,0.3907659947872162,0.4094400107860565,0.3855000138282776,0.4053150117397308,1284592602.0,-0.03586459914712692,0.4053019881248474,0.3817870020866394,0.4111370146274566,0.6464740037918091,0.7548999786376953,0.8055949807167053,0.40136200189590454,0.41015314488183885,0.5745851988593738,0.712380809419685,0.041957701833393944,0.03737311164071612,0.04915186719837553,0.04645701566224148,0.02393999695777893,1273447919.4285715,1469122614.6190476,1844369535.4666667,2176936356.633333,-0.010936992526997757,-0.0231084193472344,-0.17673750723672965,0.32905885487042297,0
2022-06-04,0.3923090100288391,0.393462985754013,0.3862859904766083,0.3907809853553772,696569397.0,0.003948693750752685,0.3907659947872162,0.3863230049610138,0.4146730005741119,0.5988860130310059,0.7259939908981323,0.8282880187034607,0.4022171454770224,0.4084643352599371,0.5674963161349297,0.7099587038159371,0.041818642068930316,0.037284637817581824,0.0491905955997925,0.046401476244595494,0.00717699527740473,1249349421.4285715,1406009084.857143,1830167246.7833333,2161650893.35,-0.45775073286620094,-0.08484130532845391,-0.16191063519650184,0.3660431188602966,0
2022-06-05,0.3953799903392792,0.3993369936943054,0.390267014503479,0.3923240005970001,726398938.0,0.007827962733291116,0.3923090100288391,0.3890160024166107,0.422336995601654,0.6025699973106384,0.7232869863510132,0.8185880184173584,0.4031262866088322,0.4059885726088569,0.5613974163929621,0.7076075481043922,0.041833656006758604,0.03566150107997842,0.048652404605096664,0.0464039928743617,0.009069979190826416,1245566431.5714285,1372613895.047619,1800155120.0833333,2150574638.922222,0.042823502049430306,-0.12618236371512515,-0.17693608631080815,0.2908948091360122,0
2022-06-06,0.4030109941959381,0.408486008644104,0.3948760032653808,0.3954020142555237,1221803580.0,0.019300430075155584,0.3953799903392792,0.4181750118732452,0.4046710133552551,0.5823469758033752,0.7209770083427429,0.863306999206543,0.4009599983692169,0.4050605722836086,0.5549809331695239,0.7050503480765554,0.029306114657010073,0.03408570218952505,0.048449204022385915,0.04623346339570176,0.0136100053787232,1219474328.0,1343219188.047619,1793372115.9,2140479287.0944445,0.682000779577131,-0.22880016387132718,-0.17552623142905632,0.31625191666965535,0
2022-06-07,0.4077019989490509,0.4164769947528839,0.3857820034027099,0.4030089974403381,1666703798.0,0.011639892758935844,0.4030109941959381,0.4218670129776001,0.4087130129337311,0.5665270090103149,0.7672359943389893,0.8612719774246216,0.39893642493656706,0.4036357629866827,0.5492083668708801,0.7025305148628023,0.029543668369025652,0.033152199736555636,0.048329082156262276,0.04624657910188389,0.030694991350174006,1209223128.0,1346463087.047619,1793083520.2166667,2124428668.1222222,0.3641339944346864,-0.20985673537589977,-0.16078168104010693,0.2745289198432568,0
2022-06-08,0.4006479978561401,0.4098930060863495,0.3961479961872101,0.4076910018920898,1183206226.0,-0.01730185554913688,0.4077019989490509,0.3980849981307983,0.4057849943637848,0.4929400086402893,0.7374650239944458,0.8010969758033752,0.399302567754473,0.4033730015868232,0.5431594173113505,0.700305798318651,0.020374540293976073,0.029395533209700026,0.04825645897563329,0.045987696111552505,0.013745009899139404,1154010297.4285715,1326628420.5238094,1795998519.9,2112851506.5222223,-0.2900920802965615,-0.14213223683447085,-0.1473113878839435,0.30924409953467547,0
2022-06-09,0.4003239870071411,0.4036070108413696,0.3976199924945831,0.4006580114364624,911815336.0,-0.0008087170052832882,0.4006479978561401,0.4053019881248474,0.3931699991226196,0.513625979423523,0.8021550178527832,0.8393129706382751,0.3985914247376578,0.4024371916339511,0.5372212499380111,0.6978669706318114,0.018943045727682822,0.028330240272518816,0.0482694770323511,0.045832046080978885,0.005987018346786499,1098727125.2857144,1295893335.5238094,1793746492.7,2106489511.3833334,-0.22936905168042954,-0.22049136417223592,-0.1383179662916697,0.34370418809580605,0
2022-06-10,0.381736010313034,0.4099160134792328,0.3808810114860534,0.4003159999847412,1424539679.0,-0.04643233305371619,0.4003239870071411,0.3907659947872162,0.3817870020866394,0.4133760035037994,0.7865869998931885,0.841323971748352,0.3973014269556318,0.40103714380945477,0.5319998001058897,0.6953137041793929,0.02225900439717262,0.029696775340929113,0.047591116291649437,0.04594397917695099,0.029035001993179377,1118719564.857143,1281734388.857143,1778027147.1333334,2105358841.1944444,0.5623116027519852,-0.15810666538631046,-0.14688949549669805,0.33128382648518406,0
2022-06-11,0.3590250015258789,0.3880560100078583,0.3586260080337524,0.3817639946937561,1111401064.0,-0.05949401726216885,0.381736010313034,0.3923090100288391,0.3863230049610138,0.385206013917923,0.7613509893417358,0.7828940153121948,0.3925465685980661,0.39838723909287227,0.5260399833321572,0.6929588763250245,0.030348260140032612,0.03198398982842776,0.04774206817215819,0.045869860114060586,0.02943000197410589,1177981231.5714285,1292956424.5238094,1763383371.6666667,2097594210.9722223,-0.21981740460877675,-0.14187034319259428,-0.12458188344202004,0.4517679266332859,0
2022-06-12,0.3454900085926056,0.3646950125694275,0.3416090011596679,0.3590910136699676,1370072145.0,-0.03769930471624183,0.3590250015258789,0.3953799903392792,0.3890160024166107,0.4234170019626617,0.7746559977531433,0.7962489724159241,0.38541942834854126,0.39472785875910804,0.5197339832782746,0.6904546598593394,0.03022361319216418,0.03215224383803196,0.0477950036982591,0.045915849225736376,0.023086011409759577,1269934546.857143,1315524951.0952382,1758236906.6833334,2085884597.6388888,0.23274323678351272,-0.056259268208041946,-0.0979217907512826,0.5216677775649048,0
2022-06-13,0.310802012681961,0.3488770127296448,0.3038530051708221,0.3454090058803558,2558939154.0,-0.10040231279610734,0.3454900085926056,0.4030109941959381,0.4181750118732452,0.4277740120887756,0.7667829990386963,0.8274310231208801,0.3722467167036874,0.39025790634609403,0.5128003671765328,0.6875844986902343,0.03801015725751184,0.0372730507884265,0.049118294167062176,0.04636634019962034,0.04502400755882269,1460953914.5714285,1370759206.4285715,1772277755.9166667,2082944987.5611112,0.8677404422378063,0.04036002276391737,0.0415955454062964,0.6733675111722031,1
2022-06-14,0.3221429884433746,0.323523998260498,0.2951659858226776,0.310820996761322,1977069964.0,0.0364893897035945,0.310802012681961,0.4077019989490509,0.4218670129776001,0.4473710060119629,0.793537974357605,0.8062300086021423,0.3600240009171622,0.38613552422750563,0.5050748338301977,0.6848951263560189,0.04388414909648674,0.038477315223739345,0.04800146358563095,0.04643819872402769,0.02835801243782038,1505291938.2857144,1398512465.5714285,1756944580.9166667,2081827343.4722223,-0.22738687986795325,0.02012466088308007,0.03438845626345799,0.4907044611943856,1
2022-06-15,0.3437030017375946,0.3448309898376465,0.3007110059261322,0.3220990002155304,2242860490.0,0.06692684325802056,0.3221429884433746,0.4006479978561401,0.3980849981307983,0.4224990010261535,0.7935029864311218,0.7992910146713257,0.3518890014716557,0.38317923886435373,0.49777253419160844,0.6823640818397204,0.057953411246934206,0.04203586487965684,0.04910405653976194,0.046736683789007805,0.04411998391151428,1656671118.857143,1429730658.047619,1768876290.6833334,2081153097.0444446,0.1344365808189476,-0.06144262617470819,-0.026674189584643404,0.3968979148874956,0
2022-06-16,0.3120560050010681,0.3453730046749115,0.3084169924259186,0.3436839878559112,1477710114.0,-0.09207657942041447,0.3437030017375946,0.4003239870071411,0.4053019881248474,0.437622994184494,0.7982659935951233,0.8273789882659912,0.3392792897565024,0.37931666771570843,0.49042090127865473,0.6795011763771375,0.06291700893135417,0.04572633179618683,0.05008000380093401,0.04710823627074053,0.03695601224899292,1737513230.0,1400497283.7619047,1770989287.6333334,2079324088.5222223,-0.34114934005547537,0.07522685333834,0.12435270372200491,0.5245436335614009,1
2022-06-17,0.321381002664566,0.3385379910469055,0.3112199902534485,0.3121449947357178,1381554091.0,0.02988244902855164,0.3120560050010681,0.381736010313034,0.3907659947872162,0.4061659872531891,0.8193730115890503,0.8350329995155334,0.3306571458067213,0.37644019155275255,0.4829769680897395,0.67664755417241,0.06674565529322704,0.04630128589927074,0.05021038485026224,0.04716643187572477,0.02731800079345703,1731372431.7142856,1374513305.3333333,1758441541.1,2078243159.1666667,-0.06507096492675157,0.1437732693717042,0.06855106249148601,0.49290094352089,1
2022-06-18,0.3080900013446808,0.3257139921188354,0.2905789911746979,0.3213309943675995,1403189628.0,-0.04135590221478458,0.321381002664566,0.3590250015258789,0.3923090100288391,0.419975996017456,0.8061209917068481,0.8798279762268066,0.32338071720940725,0.37271481042816523,0.475194085141023,0.6734712320897315,0.06540138413154295,0.04666450076983246,0.050253887254391456,0.04704718485554063,0.03513500094413752,1773056512.2857144,1400129055.0952382,1751257604.4333334,2060555159.7777777,0.01566028948192666,0.1930150414232834,0.18853903423218799,0.5825667684131561,1
2022-06-19,0.3260529935359955,0.3304769992828369,0.2989470064640045,0.3080329895019531,1159418572.0,0.05830436597394906,0.3080900013446808,0.3454900085926056,0.3953799903392792,0.4111370146274566,0.8381519913673401,0.9476460218429564,0.3206040007727487,0.3697165719100407,0.4680920014778773,0.6700179374880261,0.07084875989459252,0.048871687688615655,0.05106543782531275,0.04688537335182032,0.0315299928188324,1742963144.7142856,1419488041.047619,1740599604.6833334,2046168859.1111112,-0.17372638105047333,0.10063092961826414,0.14467589894925492,0.513235610399978,1
2022-06-20,0.3233459889888763,0.3280470073223114,0.3142409920692444,0.3260200023651123,1187888833.0,-0.008302345326635874,0.3260529935359955,0.310802012681961,0.4030109941959381,0.4146730005741119,0.8370969891548157,0.9546989798545836,0.3223959973880222,0.3652009041536422,0.4612614676356316,0.6665104208721055,0.05774240360403887,0.0451039969937022,0.05104052086203749,0.046877076681334943,0.013806015253067017,1547098813.142857,1409175685.2380953,1727226133.5166667,2034339355.8111112,0.024555636495358746,0.0924366417439908,0.11485534472825099,0.5242805532434061,1
2022-06-21,0.3286260068416595,0.3360629975795746,0.3201520144939422,0.3232840001583099,1247582002.0,0.016329312973060617,0.3233459889888763,0.3221429884433746,0.4077019989490509,0.422336995601654,0.8378869891166687,0.9932850003242492,0.32332214287349154,0.36076085624240695,0.4547520011663437,0.6628178709083133,0.05652353897467204,0.04529965697806492,0.05116436292164114,0.04678128387260709,0.01591098308563238,1442886247.142857,1385800437.8095238,1716665770.25,2017619082.7944446,0.05025147753030512,0.02648297216823048,0.11688060942830591,0.5236012358551063,1
2022-06-22,0.3225849866867065,0.3290599882602691,0.319597989320755,0.3287290036678314,1064144662.0,-0.01838266001224831,0.3286260068416595,0.3437030017375946,0.4006479978561401,0.4046710133552551,0.8429679870605469,0.9120470285415648,0.3203052835805075,0.3571656176022121,0.4483333339293798,0.6595430817868975,0.04951871720282895,0.04413329423940966,0.051168777551919675,0.04643753915398622,0.009461998939514105,1274498271.7142856,1361726562.6666667,1712192837.2666667,2002060302.6555555,-0.14703429490480902,0.01981808096631288,0.11165748165492095,0.5344018508232884,1
2022-06-23,0.3355309963226318,0.3360759913921356,0.3221830129623413,0.3225910067558288,927324605.0,0.04013208974445681,0.3225849866867065,0.3120560050010681,0.4003239870071411,0.4087130129337311,0.8251270055770874,0.924818992614746,0.32365885376930237,0.3538431894211542,0.4422798673311869,0.6562692595852746,0.03523343550061422,0.04506139222633429,0.05160340025883008,0.04653698989277969,0.013892978429794312,1195871770.4285715,1344037375.2380953,1709177948.4833333,1997506276.3055556,-0.12857279831001023,-0.012168793997664906,0.07155822524957034,0.47994075969982664,0
2022-06-24,0.367587000131607,0.3846589922904968,0.3354910016059875,0.3355090022087097,2253100828.0,0.09553812959250885,0.3355309963226318,0.321381002664566,0.381736010313034,0.4057849943637848,0.8327720165252686,0.921180009841919,0.33025971055030817,0.35273942777088707,0.4368325506647428,0.6531937428646617,0.047662135466471266,0.04986170745467256,0.05339689184628466,0.04713095173987303,0.04916799068450933,1320378447.142857,1390156814.5714285,1707108107.7666667,2002664041.4722223,1.4296786862460098,-0.14665912339643694,-0.022653160451049148,0.3257079335598747,0
2022-06-25,0.3675560057163238,0.3722819983959198,0.3556790053844452,0.3676230013370514,912142249.0,-8.431858382396129e-05,0.367587000131607,0.3080900013446808,0.3590250015258789,0.3931699991226196,0.8573430180549622,0.9261839985847472,0.3387548540319715,0.3515607132798149,0.43226350049177803,0.6500902540153928,0.040822559816949,0.04984658199518319,0.05268069312999329,0.047126591042589795,0.01660299301147461,1250228821.5714285,1400422188.4761906,1686299654.8,1997792712.5833333,-0.5951613715353887,-0.14141248618659996,-0.08227593102255526,0.33388377470671915,0
2022-06-26,0.3588640093803406,0.3737320005893707,0.358817994594574,0.3675329983234405,789514304.0,-0.023648086824329062,0.3675560057163238,0.3260529935359955,0.3454900085926056,0.3817870020866394,0.8633040189743042,0.8529599905014038,0.34344214200973505,0.34982185704367497,0.4273726006348928,0.6473452763424979,0.041826472984301505,0.050012295636086834,0.05262104326942709,0.046813549028148584,0.014914005994796753,1197385354.7142856,1403427682.0952382,1670751192.1666667,1989501203.4055555,-0.13443949683773504,-0.10355182312337408,-0.058651770156454175,0.33569259521131856,0
2022-06-27,0.3532350063323974,0.36599200963974,0.3509730100631714,0.3588629961013794,989571906.0,-0.01568561600162388,0.3588640093803406,0.3233459889888763,0.310802012681961,0.3863230049610138,0.8579999804496765,0.8167139887809753,0.3477120016302381,0.3474515719073159,0.42252046763896944,0.6447703931066725,0.042583903892222275,0.04980049326875469,0.05262713285443981,0.04673201698768941,0.015018999576568604,1169054365.142857,1392369030.952381,1661476272.1666667,1983608554.2666667,0.2533932583443099,-0.06920321279719222,0.01665465804971067,0.3697396351855291,0
2022-06-28,0.3373290002346039,0.3552669882774353,0.336914986371994,0.3532350063323974,1038924972.0,-0.04502952938595739,0.3532350063323974,0.3286260068416595,0.3221429884433746,0.3890160024166107,0.8608139753341675,0.8396490216255188,0.3489552864006587,0.3441004767304375,0.41795250127712885,0.6419797263211674,0.04787990290691152,0.05038184619681597,0.052549108182335616,0.04677322976180677,0.018352001905441284,1139246218.0,1362474801.142857,1646088394.0,1978933693.411111,0.049873147874107016,-0.03529491381790939,0.1068601027150824,0.37913431917266016,0
2022-06-29,0.3289780020713806,0.3411029875278473,0.3234249949455261,0.3373720049858093,1094664825.0,-0.02475624140650623,0.3373290002346039,0.3225849866867065,0.3437030017375946,0.4181750118732452,0.8145639896392822,0.8311629891395569,0.349868574312755,0.3406876197883061,0.41365061750014626,0.6391898097263442,0.04844904387253207,0.050478553638845805,0.05243305804353724,0.04679672534473488,0.017677992582321167,1143606241.2857144,1358258543.952381,1636845775.5833333,1975365499.1555555,0.05365147099380718,0.010012800455127202,0.1206676166603402,0.4430204906931723,1
2022-06-30,0.3314479887485504,0.3314580023288727,0.307668000459671,0.3290019929409027,1456445785.0,0.007508060300742692,0.3289780020713806,0.3355309963226318,0.3120560050010681,0.4218670129776001,0.8277400135993958,0.8494719862937927,0.3492852875164577,0.3374078103474208,0.40904401739438373,0.6363118986288706,0.04586991800979564,0.05057133735329452,0.0521636272622675,0.046764040496049285,0.02379000186920166,1219194981.2857144,1384193327.2380953,1633486553.0833333,1977032064.4944444,0.3304947338560915,0.03229163491524423,0.16990906572456743,0.4302002355966781,1
2022-07-01,0.3136770129203796,0.333077996969223,0.3114500045776367,0.3316450119018554,1249145615.0,-0.053616182422071,0.3314479887485504,0.367587000131607,0.321381002664566,0.3980849981307983,0.8249189853668213,0.8591179847717285,0.34158386077199665,0.33416690570967533,0.4040341506401698,0.6332816710074742,0.022101672475598317,0.050869676334557946,0.052420009399589615,0.04689447680209291,0.021627992391586304,1075772808.0,1375841228.952381,1626185912.05,1977671577.8833334,-0.14233291217221655,0.0891074932728464,0.21289728494913307,0.5095846618048363,1
2022-07-02,0.3155789971351623,0.3170140087604522,0.3105219900608063,0.313724011182785,608601610.0,0.006063511626417828,0.3136770129203796,0.3675560057163238,0.3080900013446808,0.4053019881248474,0.8429499864578247,0.8328850269317627,0.33415857383183073,0.33209804835773643,0.39921298424402873,0.6304077486197154,0.023220221630544158,0.04955040489949796,0.05245404131424289,0.046860217032603534,0.006492018699645941,1032409859.5714285,1351898397.8095238,1611988964.45,1973113982.8833334,-0.5127856971262714,0.0930765050843918,0.2040598639692197,0.5352510521694345,1
2022-07-03,0.3217029869556427,0.3252469897270202,0.3102140128612518,0.3155730068683624,728566418.0,0.019405568418919605,0.3155789971351623,0.3588640093803406,0.3260529935359955,0.3907659947872162,0.8272510170936584,0.8246729969978333,0.3288498563425882,0.3309653330416906,0.39380013396342595,0.6276134707861476,0.02775634397191078,0.04922894599313087,0.05158623289151656,0.04689150496613938,0.015032976865768433,1023703018.7142857,1321350506.047619,1591475747.45,1968750022.0611112,0.19711549563597108,0.012309532550698554,0.15641136309295,0.5217359927837733,1
2022-07-04,0.328790009021759,0.3291000127792358,0.3155730068683624,0.3216879963874817,1018446189.0,0.022029705515583142,0.3217029869556427,0.3532350063323974,0.3233459889888763,0.3923090100288391,0.8176419734954834,0.7743579745292664,0.3253577138696398,0.3318219042959667,0.3892985338966052,0.6251380931999948,0.031096559495923264,0.04399199175060885,0.05106870728883046,0.046736858325379514,0.013527005910873358,1027827916.2857143,1247993698.1904762,1572058696.5333333,1961892872.7555556,0.3978769317912756,-0.04407986249907314,0.12488821523441684,0.4837494454949902,0
2022-07-05,0.325423002243042,0.330155998468399,0.3143459856510162,0.3287029862403869,1130550266.0,-0.01024059942920641,0.328790009021759,0.3373290002346039,0.3286260068416595,0.3953799903392792,0.7613139748573303,0.7813460230827332,0.3236568570137024,0.3319780954292842,0.3846794173121452,0.6226051875286632,0.027037376067821892,0.043423548881774465,0.051032247555056,0.04672971794309012,0.015810012817382812,1040917244.0,1207683236.3809524,1557513311.15,1956145803.2,0.11007363787189739,-0.042295700929649516,0.14113323608731032,0.4696932537586369,0
2022-07-06,0.3322719931602478,0.3330250084400177,0.3206450045108795,0.3254599869251251,1099742037.0,0.021046425329487528,0.325423002243042,0.3289780020713806,0.3225849866867065,0.4030109941959381,0.7879999876022339,0.7630739808082581,0.32412742716925486,0.33143376168750577,0.38051150093475977,0.620211843152841,0.02694527616323591,0.04105001018311083,0.05107155401307914,0.04674283266376067,0.012380003929138184,1041642560.0,1153249024.3333333,1555002144.6833334,1949313122.3055556,-0.02725064946382494,-0.025707858089882296,0.13339372033755237,0.3956608358735758,0
2022-07-07,0.3421509861946106,0.3435209989547729,0.3273380100727081,0.3322629928588867,1037133139.0,0.029731645271704688,0.3322719931602478,0.3314479887485504,0.3355309963226318,0.4077019989490509,0.7540559768676758,0.7476879954338074,0.3256564268044063,0.3328668560300554,0.37677190055449805,0.6179588597681788,0.02897093094801793,0.035775623520105375,0.05123705966777562,0.046791473756984885,0.01618298888206482,981740753.4285715,1132269168.3809524,1547203458.6666667,1945118909.1833334,-0.05693053088230726,-0.02609958188895045,0.08598548413761464,0.3700530160142055,0
2022-07-08,0.3416279852390289,0.3565090000629425,0.3370630145072937,0.3421669900417328,1469173608.0,-0.0015285677279452958,0.3421509861946106,0.3136770129203796,0.367587000131607,0.4006479978561401,0.7635849714279175,0.7545049786567688,0.32964942284992765,0.3338309980574108,0.3742500334978104,0.6156650986936357,0.014512617704573207,0.03533696203318574,0.048633468830428586,0.04678249650167189,0.019445985555648804,1013173323.8571428,1136441526.3333333,1516731718.7666667,1946711522.75,0.41657184864092933,-0.020762299451642097,0.09038488866874372,0.3776505951732396,0
2022-07-09,0.3449519872665405,0.3470470011234283,0.3402990102767944,0.3415989875793457,602546961.0,0.009729887980886476,0.3416279852390289,0.3155789971351623,0.3675560057163238,0.4003239870071411,0.7566140294075012,0.7393350005149841,0.33384556429726736,0.3355863307203565,0.371438800295194,0.6134740819533666,0.014312353199507062,0.03382063252370798,0.04828397472819028,0.04677546432509423,0.006747990846633911,1012308374.0,1098315685.047619,1469177884.1833334,1938869874.1777778,-0.5898735467891689,0.017129994570902696,0.09799045640013149,0.35830496390911604,1
2022-07-10,0.3256630003452301,0.3449299931526184,0.3221310079097748,0.3449299931526184,913229467.0,-0.055917888962344287,0.3449519872665405,0.3217029869556427,0.3588640093803406,0.381736010313034,0.6950230002403259,0.7705540060997009,0.33441128049577984,0.33556775961603436,0.36997691690921786,0.6110024652547307,0.029181650350309337,0.03415968137710509,0.04193756409472975,0.0468157919397395,0.022798985242843628,1038688809.5714285,1086592394.3333333,1396227575.5166667,1933402447.8666666,0.5156154227122556,0.05450116070218458,0.1303126250007205,0.4667432079452849,1
2022-07-11,0.3142969906330108,0.3285630047321319,0.3123059868812561,0.3256590068340301,1042057085.0,-0.034901139214987165,0.3256630003452301,0.328790009021759,0.3532350063323974,0.3590250015258789,0.7166140079498291,0.7995479702949524,0.3323408492973873,0.3351368549324217,0.3687950998544693,0.6083066264788309,0.030607014254839818,0.03498520800355148,0.041278019057166514,0.04677040615112632,0.0162570178508758,1042061794.7142857,1079648025.3809524,1336244270.9833333,1928213609.4833333,0.1410681790888817,0.16506681122622435,0.21243607919054508,0.5135970723465653,1
2022-07-12,0.3116590082645416,0.3176009953022003,0.3090839982032776,0.314296007156372,968873598.0,-0.008393279118441899,0.3142969906330108,0.325423002243042,0.3373290002346039,0.3454900085926056,0.7238500118255615,0.7683280110359192,0.33037456444331575,0.3343289026192256,0.3669324666261673,0.6057695764634344,0.030572416400052108,0.034796312768294924,0.03906071789878196,0.04669812502226443,0.00851699709892273,1018965127.8571428,1066376196.6190476,1303236634.1166666,1924825926.9166667,-0.07022982526912136,0.19754280666936874,0.2210877298974967,0.5116040185737736,1
2022-07-13,0.3237299919128418,0.325076013803482,0.3043299913406372,0.3116590082645416,1295979555.0,0.03873138054156322,0.3116590082645416,0.3322719931602478,0.3289780020713806,0.310802012681961,0.7268189787864685,0.7742969989776611,0.3291542785508292,0.334383426677613,0.3651983996232351,0.6032664264241855,0.03372391507553979,0.035668994285644,0.0394122391524879,0.04679830093847228,0.020746022462844793,1046999059.0,1077415953.4285715,1291137068.0,1923269635.7277777,0.3376146874837227,0.1135329225774806,0.1738022362283127,1.5186576370098583,1
2022-07-14,0.3332209885120392,0.3332209885120392,0.3133609890937805,0.3237499892711639,3386821229.0,0.029317631471577288,0.3237299919128418,0.3421509861946106,0.3314479887485504,0.3221429884433746,0.7856749892234802,0.7814229726791382,0.32787856459617615,0.33427342630568,0.3632958993315697,0.6007764154010349,0.03365678682250897,0.0351464865671376,0.03911629254340045,0.04685335632969261,0.019859999418258667,1382668786.142857,1194534840.2857144,1323789123.0833333,1936367891.6277778,1.6133292118176974,0.10147928086481373,0.13427425943612925,1.1581983287602649,1
2022-07-15,0.334535002708435,0.3462100028991699,0.3282319903373718,0.3332140147686004,1512184333.0,0.003943371641334403,0.3332209885120392,0.3416279852390289,0.3136770129203796,0.3437030017375946,0.781840980052948,0.778954029083252,0.32686528137751986,0.33269952166648137,0.36182983269294106,0.5983074208100637,0.03376761520590304,0.027604582470139576,0.03853974239751723,0.04685674205224158,0.017978012561798096,1388813175.4285715,1159253102.4285715,1318340654.85,1939185153.1555555,-0.5535092552120058,0.07194766172905598,0.12529625486809448,1.1321506063358546,1
2022-07-16,0.3508610129356384,0.3553000092506408,0.3321959972381592,0.3344930112361908,1292123515.0,0.04880209871919572,0.334535002708435,0.3449519872665405,0.3155789971351623,0.3120560050010681,0.7531539797782898,0.7627419829368591,0.32770942790167673,0.3319045220102583,0.36038379967212675,0.5960191931989458,0.03895647969893163,0.02992479437976866,0.03879819023238257,0.04700083651324058,0.023104012012481634,1487324111.7142856,1177347448.4285715,1313233014.7833333,1938550044.8277779,-0.14552512759038083,0.024739100897634536,0.07100527633619524,1.1286492365289833,1
2022-07-17,0.3434120118618011,0.359919011592865,0.3433870077133178,0.3508520126342773,1093079294.0,-0.021230632071405964,0.3508610129356384,0.3256630003452301,0.3217029869556427,0.321381002664566,0.7680169939994812,0.7526310086250305,0.3302450009754726,0.33116871260461356,0.3593379000822703,0.593745754328039,0.03173797274049896,0.029841002296106204,0.03781097033081675,0.047014125406354586,0.016532003879547175,1513016944.142857,1191802924.142857,1304788765.9666667,1936233434.0333333,-0.15404426797387094,0.04614859244493319,0.09849678837836873,1.15253100430921,1
2022-07-18,0.3661769926548004,0.368833988904953,0.343423992395401,0.343423992395401,1627385386.0,0.06629057810057204,0.3434120118618011,0.3142969906330108,0.328790009021759,0.3080900013446808,0.7750629782676697,0.739749014377594,0.33765642983572824,0.3317849976675851,0.35844125002622607,0.5916703542073568,0.03196473071228793,0.03309930883721561,0.038555746884631495,0.04728687232832205,0.025409996509552002,1596635272.857143,1222174994.6190476,1305957653.7166667,1937240428.8333333,0.48880817241059193,-0.07881980596997085,0.03694938845649842,1.12886122826652,0
2022-07-19,0.3732250034809112,0.3759889900684356,0.3529160022735595,0.3660250008106231,1604201237.0,0.01924755232438935,0.3661769926548004,0.3116590082645416,0.325423002243042,0.3260529935359955,0.7521780133247375,0.7194210290908813,0.34645157200949533,0.3334943311555045,0.35780938317378364,0.5897470429539681,0.02909126305473938,0.03144020113185683,0.03856127799745029,0.047278781743446206,0.0230729877948761,1687396364.142857,1249092912.0,1303996381.6833334,1939200017.661111,-0.014246256110843514,-0.09487307432761805,-0.006055327195520266,1.198925639163889,0
2022-07-20,0.3604840040206909,0.3810600042343139,0.3587360084056854,0.3732570111751556,1534818247.0,-0.03413758280230528,0.3732250034809112,0.3237299919128418,0.3322719931602478,0.3233459889888763,0.7331780195236206,0.6357380151748657,0.3517021451677595,0.3349946169626145,0.3569062332312266,0.5882178540031116,0.03614387346547694,0.03195109242512854,0.038777385223512,0.04656511887386157,0.022323995828628485,1721516177.2857144,1270052598.7619047,1314981047.2166667,1930222571.238889,-0.0432508019565877,-0.0037893205562641308,-0.07055791761726948,1.2027552291548926,0
2022-07-21,0.3670360147953033,0.3679560124874115,0.349725991487503,0.3606620132923126,1202692151.0,0.018175593650575195,0.3604840040206909,0.3332209885120392,0.3421509861946106,0.3286260068416595,0.7191939949989319,0.5960419774055481,0.3565328632082258,0.33668928486960276,0.3559845502177874,0.5869455986552768,0.03570401058236044,0.03207997925969295,0.0387747171862461,0.04636843853765797,0.018230020999908503,1409497737.5714285,1257969092.3809524,1320090364.95,1916827181.2166667,-0.2163944145498552,0.01727350123034177,-0.08035996373729926,1.1047035548570787,1
2022-07-22,0.3586040139198303,0.3708379864692688,0.3554860055446625,0.3670330047607422,1150022760.0,-0.022973224794235803,0.3670360147953033,0.334535002708435,0.3416279852390289,0.3225849866867065,0.707705020904541,0.6287559866905212,0.35997129338128225,0.3388286658695766,0.35521676689386367,0.5854447543621063,0.03837276030051537,0.02988511413911035,0.038518650266123,0.04620126822120402,0.015351980924606323,1357760370.0,1253248956.4285715,1315940414.4166667,1912927669.2555556,-0.0437929115577973,0.028083845144677433,-0.03709391881526036,1.0448376157278707,1
2022-07-23,0.3595409989356994,0.362619012594223,0.350847989320755,0.3585219979286194,863843426.0,0.002612868176312677,0.3586040139198303,0.3508610129356384,0.3449519872665405,0.3355309963226318,0.6987389922142029,0.6121389865875244,0.36121129138129093,0.34092209452674505,0.35439723332722983,0.584041432208485,0.03448209777808429,0.029898956870426156,0.038493843742606046,0.04616635107440755,0.011771023273468018,1296577500.142857,1265403328.6190476,1307100279.4833333,1902393576.0555556,-0.24884666978243108,0.07849732854097002,-0.04121924763477758,1.054516696266655,1
2022-07-24,0.3592599928379059,0.366562008857727,0.3570869863033294,0.3595330119132995,912894827.0,-0.000781568996652271,0.3595409989356994,0.3434120118618011,0.3256630003452301,0.367587000131607,0.6944260001182556,0.617563009262085,0.3634752886635916,0.34271052337828134,0.3536218166351318,0.582606415450573,0.03281442268697608,0.029792823047468463,0.03848646903317548,0.04615940338974712,0.009475022554397583,1270836862.0,1274180871.9047618,1295860552.4666667,1897847872.9388888,0.05678274502490677,0.05900463426703051,-0.033869594305654394,0.9561459721529204,1
2022-07-25,0.3373149931430816,0.3601840138435364,0.3373129963874817,0.3592270016670227,1207904872.0,-0.06108389504067491,0.3592599928379059,0.3661769926548004,0.3142969906330108,0.3675560057163238,0.6416990160942078,0.6220719814300537,0.3593521458762032,0.34311647500310627,0.3526908998688062,0.581024432182312,0.02955903920156137,0.03287520006543615,0.03907041730555468,0.046363879602807516,0.022871017456054688,1210911074.2857144,1283202713.952381,1281132117.4333334,1891768941.2555556,0.3231588527776814,0.12647232434441147,0.026177344827406523,1.1036716013101842,1
2022-07-26,0.3378159999847412,0.3378159999847412,0.3264259994029999,0.3373050093650818,1110467650.0,0.001485278899082676,0.3373149931430816,0.3732250034809112,0.3116590082645416,0.3588640093803406,0.652318000793457,0.6087700128555298,0.3542937168053218,0.343706617752711,0.35195804983377454,0.5795191321108076,0.02716759921817631,0.03276100518248814,0.03890911009150558,0.046342680461798826,0.011390000581741333,1140377704.7142856,1282246398.9047618,1267519617.6333334,1889126330.3111112,-0.08066630432466704,0.10125331444707197,0.03457796687564363,1.1189019290664217,1
2022-07-27,0.3591180145740509,0.3591299951076507,0.331167995929718,0.3378260135650635,1314040220.0,0.06305803925886244,0.3378159999847412,0.3604840040206909,0.3237299919128418,0.3532350063323974,0.6443629860877991,0.6125119924545288,0.35409857545580176,0.34498499972479685,0.3515046333273252,0.5781113877892494,0.037804957919992395,0.03515840414130193,0.03975445358417416,0.04659336429812915,0.027961999177932684,1108837986.5714285,1292451074.2857144,1274999306.5833333,1889104293.488889,0.18332147721727865,0.02988987303818491,-0.0577749329647359,0.9872185902723161,1
2022-07-28,0.3733760118484497,0.3777379989624023,0.351527988910675,0.3591429889202118,1839928651.0,0.0397028182819239,0.3591180145740509,0.3670360147953033,0.3332209885120392,0.3373290002346039,0.6114069819450378,0.6169350147247314,0.355004289320537,0.346471905708313,0.35124396681785586,0.5767582822177145,0.04031545351718012,0.03558387262646403,0.04008104928150976,0.04669159736605022,0.026210010051727295,1199871772.2857144,1330679432.0,1293116786.3166666,1893999190.8611112,0.40020725621320774,-0.0054235091096882515,-0.10185178977077713,0.9084460769993343,0
2022-07-29,0.3686749935150146,0.3790960013866424,0.3608160018920898,0.3733870089054107,1706911237.0,-0.012590574070792782,0.3733760118484497,0.3586040139198303,0.334535002708435,0.3289780020713806,0.5870910286903381,0.603181004524231,0.35644300069127766,0.34775985848335994,0.3504189665118853,0.5754554710454411,0.039374369180452375,0.03576318537626987,0.03888589320952419,0.04667328232242682,0.018279999494552612,1279427269.0,1342000271.4761906,1298157835.1833334,1898643816.6444445,-0.07229487617778285,0.021482327568088433,-0.12363192645836751,0.9332447367485057,1
2022-07-30,0.3877640068531036,0.4079389870166778,0.3648599982261657,0.3686679899692535,1767280595.0,0.051777347728661605,0.3686749935150146,0.3595409989356994,0.3508610129356384,0.3314479887485504,0.6078439950942993,0.6191490292549133,0.36047485896519255,0.34979852608272005,0.34985058307647704,0.5741699986987644,0.043157929916572725,0.037232640054243094,0.039467368274404085,0.046796387895786655,0.043078988790512085,1408489721.7142856,1397463777.857143,1298638141.8,1901425718.6222222,0.03536760242208192,-0.0417599420683763,-0.13917485403538077,0.818466873273267,0
2022-07-31,0.3804579973220825,0.3978750109672546,0.3802230060100555,0.3877750039100647,1359568596.0,-0.018841381360567566,0.3877640068531036,0.3592599928379059,0.3434120118618011,0.3136770129203796,0.6142690181732178,0.6292330026626587,0.3635031453200749,0.35240781165304635,0.34955679972966514,0.5727879153357611,0.04454271004065172,0.034946435605528944,0.03886173107405606,0.04679503262872087,0.017652004957199097,1472300260.142857,1418718022.0952382,1295136017.7333333,1902406482.6444445,-0.23070020694704685,-0.02090113685891304,-0.1408538834089037,0.8360003546907062,0
2022-08-01,0.3799760043621063,0.3853960037231445,0.3722749948501587,0.3803519904613495,1059391028.0,-0.001266875616674601,0.3804579973220825,0.3373149931430816,0.3661769926548004,0.3155789971351623,0.6048489809036255,0.6014829874038696,0.3695975754942213,0.35553538373538424,0.3491347000002861,0.5715573209855291,0.0331112897592949,0.03362728652394496,0.03878890853050773,0.04668698159641012,0.013121008872985784,1451083996.7142856,1419543447.952381,1291145909.1833334,1901721232.6333334,-0.22078883616696898,-0.00321603052076036,-0.13712969354454263,0.8611991533409846,0
2022-08-02,0.3720209896564483,0.3914799988269806,0.3683359920978546,0.3799110054969787,1232425419.0,-0.02093557123169576,0.3799760043621063,0.3378159999847412,0.3732250034809112,0.3217029869556427,0.6464740037918091,0.6076840162277222,0.37448400259017944,0.3584097638016655,0.34882228324810666,0.5702480819490221,0.035899015981750736,0.03407150817879894,0.03860455265013903,0.0467010604244825,0.023144006729125977,1468506535.142857,1432093534.6666667,1290276456.1333334,1902777538.6,0.16333382710128075,-0.010537009952693133,-0.10436777259355223,0.8418181979856851,0
2022-08-03,0.3698520064353943,0.3768300116062164,0.3645409941673279,0.3720389902591705,1105707649.0,-0.00583027109050227,0.3720209896564483,0.3591180145740509,0.3604840040206909,0.328790009021759,0.5988860130310059,0.6558769941329956,0.3760174299989428,0.3606060502075013,0.34844799985488256,0.568659054239591,0.02914960121622774,0.03351123934786494,0.038607889771821634,0.04630619255449384,0.012289017438888494,1438744739.2857144,1423032967.7142856,1297095427.0,1900347133.961111,-0.10281982832098657,0.030317544298734234,-0.10434712680096203,0.795677643198234,1
2022-08-04,0.3713510036468506,0.3745909929275512,0.3653900027275085,0.3698619902133941,916895439.0,0.0040529649302258886,0.3698520064353943,0.3733760118484497,0.3670360147953033,0.325423002243042,0.6025699973106384,0.6671270132064819,0.37572814311300007,0.3624217652139209,0.34804751674334206,0.5670158541864819,0.024775151218771545,0.033117096890391225,0.038597585420744526,0.04628604464250803,0.009200990200042725,1306882851.857143,1305417453.9047618,1300270368.6833334,1895661054.338889,-0.17076142158441376,0.02480668469059588,-0.11143638860550398,0.7114239332185812,1
2022-08-05,0.376594990491867,0.3778989911079407,0.3680360019207001,0.3712779879570007,986100302.0,0.014121375177440942,0.3713510036468506,0.3686749935150146,0.3586040139198303,0.3322719931602478,0.5823469758033752,0.6836469769477844,0.3768595712525504,0.3644246217750367,0.3476072500149409,0.5653100098172824,0.02466287416521018,0.03316470957934599,0.0385587627226495,0.04625822776833357,0.0098629891872406,1203909861.142857,1280365833.3809524,1296341980.7166667,1895055276.3444445,0.07547737730648696,0.009028261223442025,-0.11895004214401983,0.6686971186721951,1
2022-08-06,0.3715710043907165,0.3770610094070434,0.3715710043907165,0.3766050040721893,498759511.0,-0.013340554781646863,0.376594990491867,0.3877640068531036,0.3595409989356994,0.3421509861946106,0.5665270090103149,0.8278189897537231,0.3745462851864951,0.36541081184432617,0.347005066772302,0.5627752987874879,0.012716255953459345,0.031920006975980464,0.038561485216338176,0.0434188406881442,0.005490005016326904,1022692563.4285715,1242586595.0952382,1276876242.6,1874507256.7555556,-0.4942101630144313,0.017205286491163596,-0.10391283054806388,0.6768988472274382,1
2022-08-07,0.3725059926509857,0.3767240047454834,0.3693099915981293,0.3715940117835998,509151829.0,0.0025163111470507538,0.3715710043907165,0.3804579973220825,0.3592599928379059,0.3416279852390289,0.4929400086402893,0.8781939744949341,0.37341028451919556,0.36679623950095397,0.3465360333522161,0.5599659211105771,0.011639924428745974,0.03142752701164778,0.03850266542581413,0.043152833604417296,0.007414013147354126,901204453.8571428,1214780525.3333333,1265642002.65,1843117085.5555556,0.02083633047751543,0.010590414911258117,-0.13502603000969582,0.6695866072357914,1
2022-08-08,0.3787539899349212,0.3841420114040375,0.3720560073852539,0.3725149929523468,1030742941.0,0.01677287723472798,0.3725059926509857,0.3799760043621063,0.3373149931430816,0.3449519872665405,0.513625979423523,0.8706269860267639,0.3732357110295977,0.3673951441333407,0.3461765334010124,0.5572332933545112,0.013860999108664868,0.028243841481584674,0.038566972384556586,0.043178516448916064,0.01208600401878357,897111870.0,1186368980.3333333,1267624129.4,1827953049.8833334,1.024431382333304,-0.007867887598233536,-0.10927143433230702,0.6961035496847678,0
2022-08-09,0.3681010007858276,0.3796660006046295,0.3629359900951385,0.3787769973278045,4098651206.0,-0.028126407726883795,0.3787539899349212,0.3720209896564483,0.3378159999847412,0.3256630003452301,0.4133760035037994,0.8300099968910217,0.37267571261950894,0.36715114400500337,0.3459492832422256,0.5546671322650379,0.015773098047201322,0.028684818966030142,0.0382661670745712,0.04309748547448859,0.016730010509491022,1306572696.7142856,1305152312.1904762,1312192654.85,1831084431.2166667,2.976404827011083,0.024819251551643662,-0.07567486167582349,0.7477948284488749,1
2022-08-10,0.3810650110244751,0.3810650110244751,0.360071986913681,0.3680799901485443,1732723595.0,0.03521862263610198,0.3681010007858276,0.3698520064353943,0.3591180145740509,0.3142969906330108,0.385206013917923,0.7602260112762451,0.37427757041794907,0.36813119195756455,0.34631661673386893,0.5525606822636392,0.020711185795208188,0.02858277165057796,0.03771495458585889,0.04276846244143882,0.020993024110794123,1396146403.2857144,1314576376.3809524,1322548030.3666666,1822120647.0333333,-0.5772454136952487,-0.0035637027408766953,-0.06179524839634554,0.661097164022455,0
2022-08-11,0.3805629909038543,0.3851099908351898,0.3783949911594391,0.3810980021953583,1088394568.0,-0.0013174133181924619,0.3810650110244751,0.3713510036468506,0.3733760118484497,0.3116590082645416,0.4234170019626617,0.8224080204963684,0.375593568597521,0.36877533367701937,0.3469011664390564,0.5501059876547919,0.02082788439129305,0.028382289925492795,0.03736164301796743,0.04229499228555798,0.006714999675750732,1420646278.857143,1309133634.3333333,1317853404.0833333,1808960292.4722223,-0.37185909446797827,-0.025220494808950167,-0.060126668272044936,0.6598434951828862,0
2022-08-12,0.3799949884414673,0.3805379867553711,0.3714829981327057,0.3805379867553711,923071430.0,-0.0014925320537291231,0.3805629909038543,0.376594990491867,0.3686749935150146,0.3237299919128418,0.4277740120887756,0.8102729916572571,0.3760792825903211,0.369793951511383,0.34805438270171485,0.5477155543035931,0.020355539794870738,0.02781464309254121,0.03485093325114967,0.04228658686639657,0.009054988622665405,1411642154.2857144,1298326428.142857,1290588942.0166667,1800176251.8222222,-0.1518963277295592,-0.11828046802184333,-0.06546401729937834,0.6505612792454831,0
2022-08-13,0.3779639899730682,0.3860380053520202,0.3774519860744476,0.3799740076065063,590320028.0,-0.005344803300509682,0.3799949884414673,0.3715710043907165,0.3877640068531036,0.3332209885120392,0.4473710060119629,0.8022180199623108,0.37699256624494276,0.37067123679887676,0.3489847327272097,0.5453585874703195,0.019596678592362998,0.027876166133951292,0.034606550138570884,0.04228393560629226,0.008586019277572632,1424722228.142857,1285301504.4285715,1267476443.0833333,1790115249.2166667,-0.3604828306732448,-0.1069492784745939,-0.04899668965580306,0.6565122267791181,0
2022-08-14,0.3764509856700897,0.3909299969673157,0.3758879899978637,0.3779990077018738,754512693.0,-0.004003038234108636,0.3779639899730682,0.3725059926509857,0.3804579973220825,0.334535002708435,0.4224990010261535,0.8523330092430115,0.3775561366762433,0.3714898555051712,0.34953053245941795,0.54271479845047,0.01975580053075871,0.027905421776198105,0.03359120499703705,0.04199591906233339,0.01504200696945196,1459773780.142857,1277759498.047619,1242670646.4666667,1781808618.0666666,0.27814178278227075,-0.0827438394774882,-0.11358443218471392,0.6848992752224006,0
2022-08-15,0.3757739961147308,0.384781002998352,0.3679609894752502,0.3764509856700897,1046905199.0,-0.0017983471451240574,0.3764509856700897,0.3787539899349212,0.3799760043621063,0.3508610129356384,0.437622994184494,0.8390359878540039,0.37713042327335905,0.3733212365990593,0.350592498977979,0.5401411207185851,0.018603334055803826,0.023844255196460714,0.031242350928371014,0.041986545720216366,0.016820013523101807,1462082674.142857,1270092846.952381,1235490564.55,1775596935.5166667,0.38752496639576073,-0.08263745488002372,-0.08966028156498862,0.6222490128586333,0
2022-08-16,0.3772369921207428,0.3776290118694305,0.3680419921875,0.3756659924983978,930440616.0,0.0038932869787118296,0.3757739961147308,0.3681010007858276,0.3720209896564483,0.3434120118618011,0.4061659872531891,0.7671729922294617,0.37843556489263264,0.37519842670077364,0.35152343213558196,0.53797480960687,0.014241346612881138,0.02383017342608409,0.031051031218601373,0.04153651356927863,0.009587019681930486,1009481161.2857143,1261520131.047619,1227972006.6333334,1765221473.8333333,-0.11124654181796645,-0.07990995082704011,-0.13493368961997332,0.5595713468499262,0
2022-08-17,0.379707008600235,0.3908930122852325,0.369841992855072,0.3772270083427429,1408497181.0,0.006547651823874068,0.3772369921207428,0.3810650110244751,0.3698520064353943,0.3661769926548004,0.419975996017456,0.7858899831771851,0.3782415645463126,0.3761788549877348,0.3527170489231745,0.535718237525887,0.004243676066267684,0.019871527125130375,0.030498398056706125,0.04149188033316056,0.021051019430160467,963163102.1428572,1266018081.5714285,1228060465.85,1756862607.8611112,0.5137958906557449,-0.0883892153845588,-0.06062309956798029,0.33561402835430254,0
2022-08-18,0.3709650039672851,0.3808619976043701,0.3709149956703186,0.3797110021114349,927786270.0,-0.023023026794202983,0.379707008600235,0.3805629909038543,0.3713510036468506,0.3732250034809112,0.4111370146274566,0.8225280046463013,0.37687042355537415,0.3760640450886317,0.3534655824303627,0.5332095541887814,0.009550499531473558,0.018735891871658635,0.02984154616916774,0.041349573608761604,0.009947001934051514,940219059.5714285,1222582730.0952382,1224199927.4833333,1743542293.011111,-0.34129348463353437,-0.05787072444952879,0.016279146368112007,0.36427963160533205,0
2022-08-19,0.3350490033626556,0.3709689974784851,0.3338060081005096,0.3709689974784851,1645536381.0,-0.09681775968224993,0.3709650039672851,0.3799949884414673,0.376594990491867,0.3604840040206909,0.4146730005741119,0.7782959938049316,0.3704495685441153,0.3744628074623289,0.3536606326699257,0.5307470709085464,0.036363182784278456,0.02817255842967215,0.032461861793900836,0.041764053976720956,0.03716298937797552,1043428338.2857143,1219660117.9047618,1231827386.6166666,1735785067.9666667,0.7736157929993941,0.009911959025754369,0.0694644790039547,0.5509044838285564,1
2022-08-20,0.3375410139560699,0.3423829972743988,0.333622008562088,0.3350200057029724,848212364.0,0.0074377496079789385,0.3350490033626556,0.3779639899730682,0.3715710043907165,0.3670360147953033,0.422336995601654,0.70346599817276,0.36467485768454416,0.372071236371994,0.3538092161218325,0.5287141543295648,0.037366096011283566,0.02528465933661254,0.032411467304882556,0.041194047242608466,0.008760988712310791,1080270100.5714285,1175894964.047619,1225171225.9833333,1720605568.288889,-0.4845374591569118,-0.00650000172170262,0.1467436376682778,0.5984636054556614,0
2022-08-21,0.3453019857406616,0.3481670022010803,0.3364990055561065,0.3374750018119812,835616993.0,0.022992677819003715,0.3375410139560699,0.3764509856700897,0.3725059926509857,0.3586040139198303,0.4046710133552551,0.722832977771759,0.3602250005517687,0.37039714058240253,0.3541878327727318,0.526616759929392,0.04003553898881832,0.025885166727228428,0.03243303984485363,0.04117651362385202,0.01166799664497381,1091856429.142857,1150944887.7142856,1221362431.5,1705583478.8277779,-0.014849313137340725,-0.06431179902803386,0.20237654245334946,0.5190702695536806,0
2022-08-22,0.3447209894657135,0.3452819883823395,0.3325240015983581,0.3452819883823395,1001511240.0,-0.001682574381093982,0.3453019857406616,0.3757739961147308,0.3787539899349212,0.3595409989356994,0.4087130129337311,0.6987460255622864,0.35578885674476624,0.368718330349241,0.3543409993251165,0.5246499541733,0.04004025685242141,0.025882911373106415,0.03203904393070468,0.0411148381268845,0.012757986783981379,1085371577.857143,1148188707.3333333,1222598875.4166667,1696201958.9388888,0.19852904906159563,-0.031689342977044066,0.15115704556365372,0.5111641243729854,0
2022-08-23,0.3470920026302337,0.347690999507904,0.3339569866657257,0.3447340130805969,930696331.0,0.006878064396934613,0.3447209894657135,0.3772369921207428,0.3681010007858276,0.3592599928379059,0.4057849943637848,0.6962720155715942,0.3514824296746935,0.367531235728945,0.35399941603342694,0.5227100652125146,0.04024713219678292,0.025699705082953373,0.029550794294967025,0.04112148867231317,0.01373401284217829,1085408108.5714285,1133820655.5238094,1200558800.4666667,1672779165.5,-0.07070805216324882,-0.058264067024571875,0.39761507237168336,0.5266902646508924,0
2022-08-24,0.3461450040340423,0.3521359860897064,0.3396340012550354,0.3470740020275116,957472562.0,-0.0027283791876940855,0.3470920026302337,0.379707008600235,0.3810650110244751,0.3373149931430816,0.3931699991226196,0.7689030170440674,0.34668785759380877,0.3664023308526902,0.3536425660053889,0.5203614095846812,0.0397186545115325,0.025691349261024683,0.029552101774542722,0.04032721166009732,0.01250198483467102,1020976020.1428572,1126761841.857143,1201314305.6833334,1658872272.3444445,0.028770104821655318,-0.05279577197824914,0.46519802192032733,0.49767583301125606,0
2022-08-25,0.349496990442276,0.3513660132884979,0.3442789912223816,0.3461790084838867,970585823.0,0.009683763651559207,0.3461450040340423,0.3709650039672851,0.3805629909038543,0.3378159999847412,0.3817870020866394,0.7509729862213135,0.3436209985188075,0.36536166355723426,0.35348644902308785,0.5181309873859088,0.04018455855702222,0.025795850113800534,0.029423859938908354,0.04031205716380134,0.007087022066116333,1027090242.0,1129318526.8095238,1204332164.3333333,1647310550.8,0.01369570421173072,-0.046647047843500045,0.39834110062160755,0.5057240137925825,0
2022-08-26,0.3383699953556061,0.3695679903030395,0.3339389860630035,0.3494639992713928,1653482688.0,-0.03183716996415076,0.349496990442276,0.3350490033626556,0.3799949884414673,0.3591180145740509,0.3863230049610138,0.721992015838623,0.3440954259463718,0.3635414256936028,0.3532386988401413,0.5159997539387808,0.016992429645392215,0.026255920751786607,0.029642766426259886,0.04028226153900848,0.03562900424003601,1028225428.7142857,1161098640.4285715,1215397344.0333333,1641312444.7222223,0.7035924580983706,-0.02101540689458259,0.45588261846482747,0.5470342870716649,0
2022-08-27,0.3353469967842102,0.3402490019798279,0.3304269909858703,0.3384329974651336,920820399.0,-0.008934003052542772,0.3383699953556061,0.3375410139560699,0.3779639899730682,0.3733760118484497,0.3890160024166107,0.782043993473053,0.34378199492182043,0.36181647295043584,0.3532056654493014,0.5135181039571762,0.01717031785218143,0.026201312913283623,0.029080125960339168,0.039758289487894456,0.009822010993957575,1038598005.1428572,1181196777.952381,1213428934.4833333,1629461873.1,-0.4431024856306206,-0.016037143437591772,0.39460921060419407,0.5620954077440341,0
2022-08-28,0.3230949938297272,0.3371610045433044,0.3230940103530884,0.335328996181488,596573621.0,-0.036535299471809446,0.3353469967842102,0.3453019857406616,0.3764509856700897,0.3686749935150146,0.4181750118732452,0.7848619818687439,0.34060956750597265,0.3594635682446616,0.3531076153119405,0.5109527318014039,0.018134421701358157,0.027048212641005185,0.02929128786273448,0.03982854973387813,0.014066994190216009,1004448952.0,1185359720.4285715,1205127414.4166667,1616788515.1222222,-0.3521281439378712,0.026939466219314312,0.3889909013419002,0.6194866117610403,1
2022-08-29,0.3337970077991485,0.3337970077991485,0.3193919956684112,0.3230549991130829,980137287.0,0.033123428631832486,0.3230949938297272,0.3447209894657135,0.3757739961147308,0.3877640068531036,0.4218670129776001,0.7684959769248962,0.3390489986964634,0.3573227595715296,0.35314676562945047,0.5085377375284831,0.024297987290996973,0.027968033879057917,0.029585905780115246,0.039904903547350434,0.014405012130737305,1001395530.1428572,1182949927.3809524,1197188939.45,1608894570.7555556,0.6429443952903173,-0.0025075066723247996,0.3501379284914634,0.6179443730827086,0
2022-08-30,0.3268690109252929,0.3354820013046264,0.3211050033569336,0.3337790071964264,948448428.0,-0.020755119764357732,0.3337970077991485,0.3470920026302337,0.3772369921207428,0.3804579973220825,0.3980849981307983,0.7521849870681763,0.3361599998814719,0.3553593314829327,0.3533666322628657,0.506174870994356,0.024416932869786183,0.027716471603072713,0.02886144748569407,0.03990377432162563,0.014376997947692816,1003931544.0,1032940271.2857143,1192177319.6666667,1601869202.1388888,-0.032331041192191656,-0.014259606940396075,0.48505056207640074,0.6159195047659063,0
2022-08-31,0.3278700113296509,0.3336130082607269,0.3248850107192993,0.3268870115280151,882676752.0,0.0030623900428015105,0.3268690109252929,0.3461450040340423,0.379707008600235,0.3799760043621063,0.4053019881248474,0.7126719951629639,0.3335492866379874,0.3528262362593696,0.35357148249944054,0.504037082195282,0.024732556955463794,0.02621588758971169,0.02885529954019702,0.03973935010400607,0.008727997541427557,993246428.2857143,992461850.1904762,1196745238.7,1593662942.3111112,-0.06934660236476242,0.02896570756039263,0.4633055225600309,0.5579314151207855,1
2022-09-01,0.3331939876079559,0.3331939876079559,0.3223679959774017,0.3278670012950897,875126154.0,0.01623807025447066,0.3278700113296509,0.349496990442276,0.3709650039672851,0.3720209896564483,0.3907659947872162,0.7548999786376953,0.3312202862330845,0.35057056943575543,0.35376299917697906,0.5016942711340057,0.025598491936025577,0.026675103729454662,0.028824028845694096,0.03948843388035413,0.0108259916305542,979609332.7142857,982306211.4285715,1199187900.9666667,1585758915.838889,-0.008554205129897907,0.021161909046715444,0.42592607334347954,0.494849928019653,1
2022-09-02,0.33125901222229,0.3349339962005615,0.3263010084629059,0.333173006772995,899373528.0,-0.005807353846800645,0.3331939876079559,0.3383699953556061,0.3350490033626556,0.3698520064353943,0.3923090100288391,0.7259939908981323,0.3302044314997536,0.3482498086634136,0.3538041492303213,0.499501299030251,0.02307392243284219,0.026655607643808636,0.028703532619951667,0.039403770988374165,0.00863298773765564,871879452.7142857,981177739.9047619,1197203356.6166666,1580409367.5277777,0.02770728984520776,0.07926725257862932,0.35498202102920606,0.5066488184476623,1
2022-09-03,0.3299689888954162,0.3325569927692413,0.3275910019874573,0.3312639892101288,473116925.0,-0.0038943040921951555,0.33125901222229,0.3353469967842102,0.3375410139560699,0.3713510036468506,0.3953799903392792,0.7232869863510132,0.32943614465849735,0.34596433242162067,0.3538799156745275,0.49731619904438656,0.022928838744404715,0.0266597110823204,0.028674837038073733,0.039403776971245974,0.004965990781784002,807921813.5714285,975596639.7619047,1186246134.2666667,1566814336.8166666,-0.4739483537478546,0.0839837021973242,0.4027954676703831,0.530595320306628,1
2022-09-04,0.3317990005016327,0.3325259983539581,0.3289439976215362,0.3299590051174164,431905800.0,0.005546010891334108,0.3299689888954162,0.3230949938297272,0.3453019857406616,0.376594990491867,0.4030109941959381,0.7209770083427429,0.33067957418305527,0.34383804741359886,0.3538720324635506,0.4951540990008248,0.01718768957598474,0.02677831785730508,0.028557448036650803,0.03940961150466056,0.003582000732421875,784397839.1428572,960234406.7619047,1175115530.3166666,1558617671.038889,-0.08710558177558325,0.07028348309539467,0.4471833980983402,0.5321775781848499,1
2022-09-05,0.3329600095748901,0.3332349956035614,0.3233659863471985,0.3317990005016327,761048973.0,0.0034991337270520173,0.3317990005016327,0.3337970077991485,0.3447209894657135,0.3715710043907165,0.4077019989490509,0.7672359943389893,0.3305600030081612,0.34179928614979693,0.3537188495198886,0.49274145464102426,0.01151147666462573,0.026841181282921536,0.028300122469562195,0.03908574205063142,0.009869009256362915,753099508.5714285,946622205.5238096,1170514127.55,1549464764.8777778,0.7620716670162799,0.07954407532067775,0.4706961441366868,0.5179331280873278,1
2022-09-06,0.3222079873085022,0.3426199853420257,0.3210769891738891,0.33296799659729,1337360825.0,-0.03229223317273333,0.3329600095748901,0.3268690109252929,0.3470920026302337,0.3725059926509857,0.4006479978561401,0.7374650239944458,0.32989414249147686,0.33917885734921405,0.3533951828877131,0.49043447110388017,0.015171924739311853,0.02737192464125219,0.02860429010834975,0.03905621291437107,0.021542996168136597,808658422.4285715,965999358.3333334,1168317247.8333333,1543455999.488889,0.7572598774139598,0.035641658063178205,0.530638654781304,0.5618577097399751,1
2022-09-07,0.3373669981956482,0.3384400010108948,0.3159379959106445,0.322158008813858,1128804315.0,0.04704728462436214,0.3222079873085022,0.3278700113296509,0.3461450040340423,0.3787539899349212,0.4003239870071411,0.8021550178527832,0.33125085490090506,0.3371626663775671,0.35326876640319826,0.4878523154391183,0.02408433289625486,0.029709236168175456,0.029230867171265638,0.03863914827105173,0.0225020051002503,843819502.8571428,952680650.4285715,1177088203.7333333,1530403149.8111112,-0.15594632809735542,0.013975865001177645,0.5362439287508178,0.4964623285293368,1
2022-09-08,0.3402450084686279,0.3426029980182647,0.3293719887733459,0.3373369872570038,1065222913.0,0.008530799658449828,0.3373669981956482,0.3331939876079559,0.349496990442276,0.3681010007858276,0.381736010313034,0.7865869998931885,0.33225814359528677,0.3356998094490596,0.35351179987192155,0.4853726377089818,0.023621133608804266,0.029559288830748542,0.028308864342495736,0.038633166680278365,0.013231009244918823,870976182.7142857,959225252.4761904,1179621427.8333333,1515596996.7055554,-0.05632632791627834,-0.04088229131849341,0.5198252949531601,0.48378361996537045,0
2022-09-09,0.3575170040130615,0.3575600087642669,0.3399989902973175,0.3402270078659057,1487790472.0,0.05076340611775998,0.3402450084686279,0.33125901222229,0.3383699953556061,0.3810650110244751,0.3590250015258789,0.7613509893417358,0.3360092852796827,0.336769714241936,0.3542321334282557,0.483129115568267,0.029063170837273205,0.02315904411811612,0.02861953281367622,0.03878847941324043,0.017561018466949407,955035746.1428572,951713542.5238096,1187050317.6166666,1511966241.538889,0.3966940194798456,-0.0023188021620035304,0.493805913166415,0.40931755510875045,0
2022-09-10,0.357681006193161,0.3612470030784607,0.3530089855194092,0.3574680089950561,851397394.0,0.00045872553825021534,0.3575170040130615,0.3299689888954162,0.3353469967842102,0.3805629909038543,0.3454900085926056,0.7746559977531433,0.33996814489364624,0.33772876149132136,0.35499916672706605,0.4808125878373782,0.028728157717238554,0.023147513702769525,0.028584935210035696,0.038757992388487275,0.008238017559051514,1009075813.1428572,951865210.6190476,1185092380.8833334,1504405721.3833334,-0.427743751540842,0.054022973086582216,0.3895453700504332,0.3917820377188954,1
2022-09-11,0.355118989944458,0.3595339953899383,0.3517610132694244,0.357683002948761,650515883.0,-0.007162852386182972,0.357681006193161,0.3317990005016327,0.3230949938297272,0.3799949884414673,0.310802012681961,0.7667829990386963,0.343299571956907,0.33819623788197833,0.35552231669425965,0.47852556556463244,0.02958802395519754,0.02277877054452602,0.02821615062560257,0.03875576209845847,0.007772982120513916,1040305825.0,943050872.0476191,1174334653.0166667,1497852023.261111,-0.23594330029156751,0.009022378324740732,0.3668573767839314,0.3358170351069536,1
2022-09-12,0.3594450056552887,0.3594450056552887,0.3492690026760101,0.3551450073719024,1077587297.0,0.012181876591582208,0.355118989944458,0.3329600095748901,0.3337970077991485,0.3779639899730682,0.3221429884433746,0.793537974357605,0.3470831428255354,0.33889738151005333,0.35595938364664714,0.47611393796073065,0.029445831206383565,0.02288014521388225,0.028020358901607246,0.03866694919904791,0.01017600297927862,1085525585.5714285,946673541.4285715,1135847420.8166666,1490058555.6166666,0.6565118933460383,0.07686295293091172,0.3586779441426491,0.33744524591838476,1
2022-09-13,0.3336920142173767,0.3596430122852325,0.3320440053939819,0.3594639897346496,1443625685.0,-0.07164654128651149,0.3594450056552887,0.3222079873085022,0.3268690109252929,0.3764509856700897,0.3437030017375946,0.7935029864311218,0.3487237180982317,0.3382592868237268,0.35594533383846283,0.4735594325595432,0.040754830843616995,0.02794127950806706,0.02957192558316311,0.03899681778028726,0.02759900689125061,1100706279.857143,971098748.7619047,1134704776.6833334,1487734093.838889,0.33968328043495855,0.24421019990808102,0.44088558510137577,0.4497649605969394,1
2022-09-14,0.3420819938182831,0.3438929915428161,0.3324260115623474,0.3329600095748901,1227835854.0,0.025142883987151476,0.3336920142173767,0.3373669981956482,0.3278700113296509,0.3757739961147308,0.3120560050010681,0.7982659935951233,0.34939728890146526,0.3380658101467859,0.35579901685317356,0.4710250770052274,0.03778740667778452,0.028535534887335075,0.02906892962417117,0.03905036333897985,0.011466979980468694,1114853642.5714285,983973191.2380953,1133633315.6666667,1484273497.8944445,-0.1494776888788869,0.16003766040935963,0.4293824199905787,0.4308178158095135,1
2022-09-15,0.3263350129127502,0.3424609899520874,0.3255999982357025,0.342074990272522,1521572444.0,-0.04603276755308505,0.3420819938182831,0.3402450084686279,0.3331939876079559,0.3772369921207428,0.321381002664566,0.8193730115890503,0.34741014667919695,0.3369628588358561,0.35551440020402275,0.4682859770125813,0.04177928756982886,0.030119691012290267,0.029548310190330353,0.03910920103064871,0.016860991716384888,1180046432.7142856,1010210649.3809524,1140774868.1666667,1481357826.0833333,0.23923115540491446,0.4865123115225902,0.4754990554325824,0.5348490856517993,1
2022-09-16,0.356687992811203,0.3571340143680572,0.323540985584259,0.3263840079307556,1375977237.0,0.09301171709260658,0.3263350129127502,0.3575170040130615,0.33125901222229,0.379707008600235,0.3080900013446808,0.8061209917068481,0.34729171650750296,0.3378351444289797,0.3553562502066294,0.4657891270187166,0.05280536435288581,0.03587783597456003,0.030747776703403,0.039765521297111375,0.03359302878379822,1164073113.4285715,996996104.0952381,1136584732.35,1480504376.5722222,-0.09568733159838949,0.42188967789765486,0.3373312847272034,0.40144887442940647,1
2022-09-17,0.3770039975643158,0.3788880109786987,0.3475689888000488,0.3566470146179199,1621592330.0,0.05695735534295432,0.356687992811203,0.357681006193161,0.3299689888954162,0.3709650039672851,0.3260529935359955,0.8381519913673401,0.35005214384623934,0.3398188111327943,0.35541923344135284,0.4632271937198109,0.056895018167551485,0.037610264166033615,0.0315228920962144,0.03989116428428422,0.0313190221786499,1274100961.4285715,1030366196.0476191,1136874583.9,1475706037.7722223,0.17850229378467541,0.29631518348984653,0.2729785524367092,0.3077872168364735,1
2022-09-18,0.3583230078220367,0.3969410061836242,0.3581140041351318,0.3768680095672607,2485765138.0,-0.04955117150738486,0.3770039975643158,0.355118989944458,0.3317990005016327,0.3350490033626556,0.3233459889888763,0.8370969891548157,0.35050986068589346,0.3414963356086186,0.3553832168380419,0.46056733826796215,0.06099991570428915,0.038448662099955136,0.03187213275847605,0.04003735263868623,0.03882700204849243,1536279426.4285715,1120327696.857143,1152723698.75,1476345992.5611112,0.5329161910873124,0.37481262462754694,0.30043843944998594,0.40432783776534387,1
2022-09-19,0.3870730102062225,0.3914949893951416,0.3417620062828064,0.3583369851112366,2788638051.0,0.08023487679156971,0.3583230078220367,0.3594450056552887,0.3329600095748901,0.3375410139560699,0.3286260068416595,0.8378869891166687,0.354456718478884,0.34403328810419354,0.35571716676155724,0.4580628161629041,0.06777839870488928,0.04139410926068247,0.03342774993053814,0.04052400510704107,0.049732983112335205,1780715248.4285715,1206446780.857143,1179156130.4166667,1480302995.238889,0.12184293212981734,0.20824236806009244,0.16574133922697198,0.3283049026352374,1
2022-09-20,0.4151830077171325,0.4215210080146789,0.3724899888038635,0.3869580030441284,3912067532.0,0.07262195185330467,0.3870730102062225,0.3336920142173767,0.3222079873085022,0.3453019857406616,0.3225849866867065,0.8429679870605469,0.36609828897884916,0.34823871652285254,0.3566601499915123,0.4556862329443296,0.05929970247646516,0.043142396828766374,0.03450543919057146,0.04091303367667052,0.049031019210815374,2133349798.0,1347571500.0952382,1225190209.95,1489375713.8222222,0.40285955382310745,0.08091130503193189,0.07924454624609623,0.25572329220032985,1
2022-09-21,0.3968279957771301,0.4283249974250793,0.3880090117454529,0.4151659905910492,3401100359.0,-0.04420944884263611,0.4151830077171325,0.3420819938182831,0.3373669981956482,0.3447209894657135,0.3355309963226318,0.8251270055770874,0.37391914640154156,0.35152243006797057,0.3572815999388695,0.4533067940009965,0.0662553483093233,0.04484955104953627,0.03504032039063766,0.04100591181804905,0.04031598567962641,2443816155.857143,1467496433.7619047,1267477825.5,1499381494.7944446,-0.13061307577652526,0.13568600361477867,0.16195931338731295,0.2780827644029764,1
2022-09-22,0.4851010143756866,0.4912289977073669,0.3947849869728088,0.3965379893779754,4916275588.0,0.22244654998618874,0.3968279957771301,0.3263350129127502,0.3402450084686279,0.3470920026302337,0.367587000131607,0.8327720165252686,0.3966000037533896,0.35875609800929115,0.35937895029783246,0.45137528843349883,0.09210393885797136,0.0645241258720968,0.045115522845037004,0.04431319893520517,0.0964440107345581,2928773747.857143,1659932121.0952382,1334200838.1833334,1520825135.1722221,0.4454955952683195,0.0006513983993281514,-0.04046791821414486,0.056501607853740365,1
2022-09-23,0.5071709752082825,0.552282989025116,0.4589180052280426,0.4851369857788086,7798770582.0,0.04549559819205773,0.4851010143756866,0.356687992811203,0.3575170040130615,0.3461450040340423,0.3675560057163238,0.8573430180549622,0.4180975726672581,0.3671328581514813,0.3622098833322525,0.4494298881954617,0.09115295049897303,0.06447342643920398,0.044525028822692894,0.04439270345886725,0.09336498379707336,3846315654.285714,1988474837.952381,1444048600.0166667,1555789834.1277778,0.5863168047445919,-0.05401921302088164,-0.07519746637556823,0.0017016266582456918,0
2022-09-24,0.4887160062789917,0.5150150060653687,0.4740189909934997,0.5072000026702881,3512953969.0,-0.03638806207652512,0.5071709752082825,0.3770039975643158,0.357681006193161,0.349496990442276,0.3588640093803406,0.8633040189743042,0.43405643105506897,0.3746922399316515,0.3647248834371567,0.4473488436804877,0.0974076979888578,0.06551600949093199,0.0448823044288842,0.04446174692211396,0.04099601507186895,4116510174.142857,2133228982.9047618,1484090038.6666667,1557498110.1944444,-0.549550287181406,-0.027840323813245416,-0.07140139138808788,0.027975335437417037,0
2022-09-25,0.4926269948482513,0.518314003944397,0.4787339866161346,0.4887320101261139,3422191941.0,0.008002579246456865,0.4887160062789917,0.3583230078220367,0.355118989944458,0.3383699953556061,0.3532350063323974,0.8579999804496765,0.45324271491595675,0.3823507158529191,0.3669500331083933,0.44531899376047984,0.09063263099774874,0.06548961227579436,0.0442778918475692,0.04446718483302202,0.039580017328262385,4250285431.714286,2275623561.047619,1519225900.6833334,1564732398.5222223,-0.025836384080442865,-0.08886437292507554,-0.06309639567136205,0.026052130395378237,0
2022-09-26,0.4676780104637146,0.4998610019683838,0.4598369896411896,0.4926809966564178,2916387564.0,-0.05064477717511595,0.4926269948482513,0.3870730102062225,0.3594450056552887,0.3353469967842102,0.3373290002346039,0.8608139753341675,0.4647577149527414,0.3887658587523869,0.3685217330853144,0.44313490506675507,0.0965976525066433,0.06725144776152683,0.044653759510080535,0.04461221179061624,0.040024012327194214,4268535362.142857,2378258732.047619,1537166882.5666666,1570753042.538889,-0.14780128809846904,-0.01026135131880046,0.003630675978020248,0.07276365334898394,0
2022-09-27,0.4487760066986084,0.4852280020713806,0.440310001373291,0.4677639901638031,2838537511.0,-0.0404167041045278,0.4676780104637146,0.4151830077171325,0.3336920142173767,0.3230949938297272,0.3289780020713806,0.8145639896392822,0.4695567148072379,0.3947929072947729,0.3698567499717076,0.44110274960597357,0.09792827583309008,0.06757980293348399,0.044979590940491344,0.04453760550938218,0.0449180006980896,4115173930.571429,2449743336.142857,1556027320.4666667,1572013295.7444444,-0.02669400115436782,0.06996362966004943,0.030373696477134615,0.11324359043150856,1
2022-09-28,0.4506720006465912,0.454378992319107,0.4195629954338074,0.448635995388031,2670489294.0,0.004224811308275012,0.4487760066986084,0.3968279957771301,0.3420819938182831,0.3337970077991485,0.3314479887485504,0.8277400135993958,0.4772487155028752,0.4001883836019607,0.3709052165349324,0.43900792731179133,0.09471429669701328,0.0673032565251613,0.044544378697484545,0.04451878871143217,0.03481599688529963,4010800921.285714,2523156906.571429,1571080798.7833333,1575227752.3611112,-0.05920239431354124,0.08656184881897233,0.05172052479945988,0.13058943159994985,1
2022-09-29,0.4854170083999634,0.5029749870300293,0.4285280108451843,0.4505940079689026,3292742359.0,0.07709599820606261,0.4506720006465912,0.4851010143756866,0.3263350129127502,0.3268690109252929,0.3136770129203796,0.8249189853668213,0.4772938575063433,0.4071013359796433,0.3726545333862304,0.43712180521753097,0.04762749346288506,0.0685786253028432,0.04544401858377002,0.04491108356577384,0.07444697618484497,3778867602.857143,2629229261.142857,1603300361.5,1584497281.5722222,0.23301088171297502,0.016000658648767985,-0.030903323769583046,0.07478512259290526,1
2022-09-30,0.479773998260498,0.4959869980812073,0.4722180068492889,0.4854350090026855,3780354931.0,-0.011625077081798052,0.4854170083999634,0.5071709752082825,0.356687992811203,0.3278700113296509,0.3155789971351623,0.8429499864578247,0.47338000365665983,0.41292309761047363,0.37431783328453694,0.43510416083865694,0.04345442494621496,0.06849288168277871,0.04548801061002165,0.044881314376243986,0.02376899123191839,3204808224.142857,2738398997.285714,1648649759.8833334,1598007715.538889,0.14808707115125985,0.08025446276383774,-0.044435509198844314,0.07426621935499278,1
2022-10-01,0.4751099944114685,0.4835169911384582,0.4696069955825805,0.4798220098018646,1544057825.0,-0.009721251810101417,0.479773998260498,0.4887160062789917,0.3770039975643158,0.3331939876079559,0.3217029869556427,0.8272510170936584,0.47143628767558504,0.4185149541922978,0.3760359833637873,0.4331478218237559,0.04158846917174931,0.0686457147757091,0.04540318115130026,0.04486793079151281,0.013909995555877686,2923537346.428571,2771382827.3333335,1653843633.3166666,1596163208.3055556,-0.5915574454826237,0.08840684564578472,-0.0193534129809938,0.10333190608031106,1
2022-10-02,0.448850005865097,0.4774340093135834,0.4481579959392547,0.4751189947128296,1524148633.0,-0.055271387373992176,0.4751099944114685,0.4926269948482513,0.3583230078220367,0.33125901222229,0.328790009021759,0.8176419734954834,0.465182432106563,0.4229783359028044,0.37735261668761566,0.4310989775591426,0.04542249980019693,0.07023181432118986,0.04604801668617355,0.0450374751916012,0.02927601337432867,2652388302.428571,2812984386.857143,1660817649.7166667,1596026774.5,-0.012894071502794868,0.18984294903354781,0.0350383944340138,0.14254646151124906,1
2022-10-03,0.4628790020942688,0.4675680100917816,0.43954798579216,0.4488680064678192,1852548565.0,0.031255421735225,0.448850005865097,0.4676780104637146,0.3870730102062225,0.3299689888954162,0.325423002243042,0.7613139748573303,0.4644968594823565,0.4279037643046606,0.37887808332840595,0.42944100548823677,0.044448069689290895,0.07033819683201878,0.04618003495803149,0.04482852746224051,0.028020024299621638,2500411302.571429,2849887304.3809524,1676411868.4833333,1592279119.0833333,0.21546450581634313,0.07374493952410166,-0.025935506368225614,0.1631268606371432,1
2022-10-04,0.4801740050315857,0.4845980107784271,0.4529669880867004,0.4628779888153076,2192220219.0,0.037363982507451654,0.4628790020942688,0.4487760066986084,0.4151830077171325,0.3317990005016327,0.3322719931602478,0.7879999876022339,0.46898228781563894,0.4348790972005753,0.3806044002374013,0.42773086114062203,0.04252676610964913,0.067646663106992,0.046357745647182945,0.04483946061120397,0.03163102269172674,2408080260.857143,2885534663.142857,1696513867.1,1595409321.238889,0.18335371089178443,0.010877319378652883,-0.052145715799052694,0.10987063900209315,1
2022-10-05,0.4896830022335052,0.499330997467041,0.4734050035476684,0.480120986700058,2480530357.0,0.019803231958160694,0.4801740050315857,0.4506720006465912,0.3968279957771301,0.3329600095748901,0.3421509861946106,0.7540559768676758,0.474555288042341,0.44190771664891926,0.38257293353478106,0.42626212239265443,0.042552805640558015,0.06763451908633784,0.046332182512772685,0.04476053506058911,0.025925993919372614,2380943269.857143,2945186782.3333335,1729543381.2,1599834381.338889,0.13151513497650114,-0.0026813283521093245,0.0300623180463071,0.0687852591148399,0
2022-10-06,0.4931840002536773,0.504086971282959,0.4893719851970672,0.4896990060806274,1913140571.0,0.007149519187318321,0.4896830022335052,0.4854170083999634,0.4851010143756866,0.3222079873085022,0.3416279852390289,0.7635849714279175,0.47566485830715716,0.4498529065222967,0.3845842336614926,0.42475989477501974,0.031752950568377764,0.06604408315216528,0.04633078896445782,0.04475279188139699,0.01471498608589178,2183857300.142857,2963832883.6190476,1752943193.5666666,1604861238.7055554,-0.22873728773318136,-0.02508594580937762,0.00029603875491157616,0.0669304406819975,0
2022-10-07,0.5182780027389526,0.5216460227966309,0.4842050075531006,0.4932770133018493,2627481992.0,0.050881623232643,0.4931840002536773,0.479773998260498,0.5071709752082825,0.3373669981956482,0.3449519872665405,0.7566140294075012,0.4811654303755079,0.45754766889980863,0.38690963387489313,0.42343580573797224,0.035605787455946974,0.06439203081967285,0.04667699827832659,0.04491831424331036,0.03744101524353027,2019161166.0,3023428348.142857,1779555511.0833333,1613642044.3944445,0.3733867922870995,-0.0565565476922949,-0.09185801416909589,0.007000134096016852,0
2022-10-08,0.5171129703521729,0.5279020071029663,0.5143830180168152,0.5182250142097473,1771062053.0,-0.0022478908628630334,0.5182780027389526,0.4751099944114685,0.4887160062789917,0.3402450084686279,0.3256630003452301,0.6950230002403259,0.4871658555098942,0.4642195247468494,0.3893931667009989,0.4224474166830381,0.03496489805465969,0.06397838061607541,0.0464729686811016,0.04451332289826396,0.013518989086151123,2051590341.4285715,3030545954.0,1740762358.5333333,1610327386.838889,-0.32594702517755636,-0.06885529678472657,-0.09911948477797117,0.0016399799163551165,0
2022-10-09,0.5340610146522522,0.5414159893989563,0.508167028427124,0.5171489715576172,1789206998.0,0.03277435545377472,0.5171129703521729,0.448850005865097,0.4926269948482513,0.3575170040130615,0.3142969906330108,0.7166140079498291,0.4993388567652021,0.47258800126257394,0.39194310009479516,0.42143323338694044,0.018302234897535772,0.062195504334729826,0.046448604925095914,0.04452030860386287,0.033248960971832275,2089455822.142857,2997376518.7619047,1741703748.5833333,1609211716.8722222,0.010245233908808826,-0.10682487845780453,-0.23933408012917778,-0.057735012176819867,0
2022-10-10,0.4970139861106872,0.537319004535675,0.4970139861106872,0.5340290069580078,2359086772.0,-0.06936853191893766,0.5340610146522522,0.4628790020942688,0.4676780104637146,0.357681006193161,0.3116590082645416,0.7238500118255615,0.5042152830532618,0.4778232858294532,0.39388395001490906,0.42017303324408,0.039763042800518206,0.06361075742385142,0.04746621124663626,0.04480628418466321,0.04030501842498785,2161818423.142857,2976921695.952381,1762881951.9833333,1612990754.25,0.31850969431542553,-0.034397388214754354,-0.32963457144806785,0.0008490724543028794,0
2022-10-11,0.4853970110416412,0.5008909702301025,0.4809100031852722,0.4966610074043274,2303743073.0,-0.023373537553647128,0.4970139861106872,0.4801740050315857,0.4487760066986084,0.355118989944458,0.3237299919128418,0.7268189787864685,0.504961426768984,0.481166809797287,0.39564065039157864,0.4188318000899421,0.03965455133093935,0.06261162964757269,0.047604844185590384,0.04483530455164218,0.019980967044830322,2177750259.428571,2900334816.952381,1785893146.0333333,1616253281.3222222,-0.023459797942523508,-0.04000848272397106,-0.1847806940177209,0.0070889932665616495,0
2022-10-12,0.4883700013160705,0.4947350025177002,0.4837560057640075,0.4854130148887634,1375026360.0,0.0061248631672647935,0.4853970110416412,0.4896830022335052,0.4506720006465912,0.3594450056552887,0.3332209885120392,0.7856749892234802,0.5047738552093506,0.4855259529181889,0.39748075058062865,0.4171801057126787,0.03897554392189825,0.061416787704398706,0.04758499583600929,0.044413639770028886,0.010978996753692682,2019821117.0,2803855102.714286,1798971584.9,1607797536.3,-0.4031338059719475,-0.07605502369015205,-0.2133853478048241,-0.010893405727401384,0
2022-10-13,0.4808120131492615,0.4890959858894348,0.4450240135192871,0.4883530139923095,2840221578.0,-0.015475946815819097,0.4883700013160705,0.4931840002536773,0.4854170083999634,0.3336920142173767,0.334535002708435,0.781840980052948,0.5030064284801483,0.4853217147645496,0.3992201010386148,0.4155077225632138,0.03924784658136241,0.03809253340299774,0.04764620874635677,0.04442496004580088,0.044071972370147705,2152261260.857143,2704995387.952381,1833733399.65,1615093445.6,1.0655760941193884,-0.06806821685284181,-0.24361915864592243,0.010164023966716229,0
2022-10-14,0.4889659881591797,0.5095369815826416,0.4793039858341217,0.4808059930801391,2184144921.0,0.016958758905607718,0.4808120131492615,0.5182780027389526,0.479773998260498,0.3420819938182831,0.3508610129356384,0.7531539797782898,0.49881899782589506,0.48445481061935425,0.40110663423935566,0.41404001149866315,0.03310624698919478,0.03688842541158081,0.047661353215202824,0.044368909424138056,0.030232995748519897,2088927393.5714285,2437632261.2380953,1852687395.0166667,1619722415.7333333,-0.2309948850758291,-0.05699374461204809,-0.3040497529831213,-0.004480837906997603,0
2022-10-15,0.4815070033073425,0.4896700084209442,0.4799799919128418,0.4889569878578186,842401177.0,-0.015254608771293476,0.4889659881591797,0.5171129703521729,0.4751099944114685,0.3263350129127502,0.3434120118618011,0.7680169939994812,0.493732431105205,0.48411152476356145,0.40284446775913235,0.41244828932815125,0.03310762633791705,0.03615836689702131,0.04773611213583687,0.04435237732397451,0.009690016508102417,1956261554.142857,2310463080.6666665,1851220071.0333333,1612544539.588889,-0.614310768071969,-0.03330588547384761,-0.21827510009163997,0.01316488385557113,0
2022-10-16,0.4770100116729736,0.4871029853820801,0.4718129932880401,0.4815300107002258,1028960255.0,-0.009339410649233049,0.4815070033073425,0.5340610146522522,0.448850005865097,0.356687992811203,0.3661769926548004,0.7750629782676697,0.4855822878224509,0.483367858898072,0.4044661844770113,0.4107924395137363,0.027455464381817726,0.03616247895571573,0.04777226086268737,0.04434869724933628,0.015289992094039973,1847654876.5714285,2196499667.047619,1844894455.6,1608070841.961111,0.2214610842121365,-0.016722937934998572,-0.18550769096202613,0.0439550038111185,0
2022-10-17,0.4799180030822754,0.4812619984149933,0.4653330147266388,0.4770109951496124,1476868338.0,0.006096290094840695,0.4770100116729736,0.4970139861106872,0.4628790020942688,0.3770039975643158,0.3732250034809112,0.7521780133247375,0.4831400045326778,0.48395071568943204,0.40628206779559445,0.4092798839012782,0.014721411196785265,0.03433417195981105,0.047631666931054646,0.04430334202287293,0.015928983688354492,1721623671.7142856,2127951132.4761906,1854045823.4,1606281785.1888888,0.4353016366020863,-0.05437803849329492,-0.21590565854017207,0.024537525547437822,0
2022-10-18,0.4659770131111145,0.4833540022373199,0.4598439931869507,0.4799180030822754,1380317427.0,-0.02904869140483335,0.4799180030822754,0.4853970110416412,0.4801740050315857,0.3583230078220367,0.3604840040206909,0.7331780195236206,0.4803657191140311,0.4847698112328847,0.4084642012914021,0.40779543386565315,0.01600867147683636,0.033719522698406064,0.04594097540464286,0.04431558497820015,0.023510009050369207,1589705722.2857144,2058512080.857143,1849625507.5,1602893009.211111,-0.06537543565376369,-0.00951335779120388,-0.1790496094999654,0.04794656346282711,0
2022-10-19,0.4512270092964172,0.466390997171402,0.450080007314682,0.4659880101680755,1434466929.0,-0.031653930128909824,0.4659770131111145,0.4883700013160705,0.4896830022335052,0.3870730102062225,0.3670360147953033,0.7191939949989319,0.47505957739693777,0.48479624021620976,0.41035896788040793,0.4063067283895281,0.017640555673098236,0.03451839363492797,0.046203856705947885,0.044353304801274175,0.01631098985671997,1598197232.142857,1999653873.0,1859396416.9166667,1600411137.7166667,0.03922974595610906,0.040221414302382685,-0.15106369825475308,0.1526947361496518,1
2022-10-20,0.4480839967727661,0.4637860059738159,0.4344260096549988,0.4512229859828949,1712992943.0,-0.006965479589867374,0.4512270092964172,0.4808120131492615,0.4931840002536773,0.4151830077171325,0.3586040139198303,0.707705020904541,0.47038414648600985,0.4830184777577718,0.41207200139760963,0.40486438936657376,0.017582075897528766,0.029752050372720027,0.04617728224701748,0.04434208028370325,0.02935999631881714,1437164570.0,1924427710.3333333,1874019349.4166667,1602524872.7277777,0.19416691202087666,0.031964980322182424,-0.14145787446582037,0.15157878802309566,1
2022-10-21,0.4610979855060577,0.4610979855060577,0.4378060102462768,0.4480040073394775,1644912255.0,0.029043636521326688,0.4480839967727661,0.4889659881591797,0.5182780027389526,0.3968279957771301,0.3595409989356994,0.6987389922142029,0.46640300324984957,0.48212914381708416,0.41401161799828207,0.4035441615515285,0.020931658321815153,0.030502522715653426,0.04626829512693858,0.044392641347806704,0.023291975259780884,1360131332.0,1822739963.857143,1884742699.6666667,1605506507.8555555,-0.03974370605448552,0.027939847779336002,-0.2150366849383083,0.13043863251016496,1
2022-10-22,0.4654699862003326,0.4700599908828735,0.4572870135307312,0.4610869884490967,884856882.0,0.009481717187457717,0.4610979855060577,0.4815070033073425,0.5171129703521729,0.4851010143756866,0.3592599928379059,0.6944260001182556,0.464112000805991,0.4816700958070301,0.415984584391117,0.4022721836964289,0.021611362280324346,0.030529719870744966,0.046270488361798076,0.04439842174983373,0.012772977352142278,1366196432.7142856,1791349442.7619047,1883978708.85,1597215205.6944444,-0.46206438713656495,0.010625869277112843,-0.21627816252961785,0.12249339424625072,1
2022-10-23,0.4690330028533935,0.4710060060024261,0.4534380137920379,0.4654900133609772,950974305.0,0.007654664658716337,0.4654699862003326,0.4770100116729736,0.5340610146522522,0.5071709752082825,0.3373149931430816,0.6416990160942078,0.4629724281174795,0.48263119090171086,0.4180327177047729,0.4013129280673133,0.0219456381417317,0.027859204152677928,0.046257078040315563,0.04404857736471616,0.017567992210388184,1355055582.7142856,1764055427.142857,1883870404.5666666,1590494788.35,0.0747210360737185,-0.022552797866278396,-0.19822061519864875,0.16595205429664617,0
2022-10-24,0.4538210034370422,0.4709819853305816,0.4496909976005554,0.4690369963645935,1293537737.0,-0.03243268453138293,0.4690330028533935,0.4799180030822754,0.4970139861106872,0.4887160062789917,0.3378159999847412,0.652318000793457,0.45924428531101763,0.48219985763231915,0.4197714512546857,0.4002101669708888,0.024231090542153926,0.02803488040570773,0.046520194162199935,0.04409225324926393,0.02129098773002619,1328865496.857143,1737435863.9047618,1889252936.4666667,1588112097.6555555,0.36022364663154605,0.026649253669594142,-0.15918169158243534,0.23073193033802997,1
2022-10-25,0.461544007062912,0.471013993024826,0.4453839957714081,0.45380699634552,1605966218.0,0.01701773070743573,0.4538210034370422,0.4659770131111145,0.4853970110416412,0.4926269948482513,0.3591180145740509,0.6443629860877991,0.458610998732703,0.4813127148719061,0.4218243514498074,0.39919450597630607,0.02371774333882606,0.026990733408808715,0.04628482025242251,0.044104740853116955,0.025629997253417913,1361101038.4285715,1709519006.7142856,1888460995.3,1588444870.5,0.2415302407215354,0.006571382799868797,-0.12902781308551714,0.2031485815027423,1
2022-10-26,0.4693759977817535,0.4702509939670563,0.4580920040607452,0.4614660143852234,1440473976.0,0.01696910933516671,0.461544007062912,0.4512270092964172,0.4883700013160705,0.4676780104637146,0.3733760118484497,0.6114069819450378,0.46120371137346533,0.48034571465991793,0.4240581681330998,0.3984054449531767,0.02013512485263136,0.026885599870719746,0.04626218533177353,0.04396305718568198,0.01215898990631109,1361959188.0,1659992512.3809524,1897121888.25,1585546405.5777779,-0.10304839550491718,-0.03941828530103364,-0.12988305450694282,0.17961503259279832,0
2022-10-27,0.4624069929122925,0.480455994606018,0.4609769880771637,0.4693950116634369,1694861069.0,-0.014847382274330467,0.4693759977817535,0.4480839967727661,0.4808120131492615,0.4487760066986084,0.3686749935150146,0.5870910286903381,0.463249853679112,0.47888014288175673,0.4263800347844759,0.3977127558655209,0.021163653688224593,0.026953345731587773,0.046003291418887704,0.043877859591230695,0.019479006528854315,1359368920.2857144,1649598250.3809524,1915426679.05,1585799956.35,0.17659957572187346,-0.015726416755457828,-0.1422512813386918,0.1810093759885083,0
2022-10-28,0.4739809930324554,0.4746739864349365,0.4577850103378296,0.4624269902706146,1201992237.0,0.02502989854731341,0.4624069929122925,0.4610979855060577,0.4889659881591797,0.4506720006465912,0.3877640068531036,0.6078439950942993,0.4650902833257402,0.47677076146716163,0.42871643453836433,0.3969690725207329,0.02043598530178665,0.024894816429812946,0.045937153760718503,0.04383766077418649,0.016888976097106934,1296094632.0,1581717785.857143,1919124261.55,1583266584.6944444,-0.29080190761051694,0.06418615050663168,-0.1627913396008327,0.150660113330076,1
2022-10-29,0.4704160094261169,0.4816659986972809,0.4676969945430755,0.4739840030670166,1404785407.0,-0.00752136406046644,0.4739809930324554,0.4654699862003326,0.4815070033073425,0.4854170083999634,0.3804579973220825,0.6142690181732178,0.4657968580722809,0.4745470966611589,0.4311088845133781,0.3961698891388045,0.020701892872872697,0.02490343106599062,0.04583403980283262,0.04383305656044542,0.013969004154205378,1370370135.5714285,1564276040.8095238,1926729877.8666666,1581697703.1944444,0.1687142094246321,0.04871006076704676,-0.17027057231055553,0.18277007974003956,1
2022-10-30,0.4584549963474273,0.4725100100040436,0.4556420147418976,0.4704070091247558,964813817.0,-0.0254264583666729,0.4704160094261169,0.4690330028533935,0.4770100116729736,0.479773998260498,0.3799760043621063,0.6048489809036255,0.4642857142857143,0.47094681007521483,0.433285300930341,0.3953565892246034,0.02278587232979164,0.023797227245952002,0.04602339307156546,0.04385855319587197,0.016867995262145996,1372347208.7142856,1525019222.6666667,1928098828.95,1578944344.0333333,-0.3131948750375936,0.026643876432187685,-0.13066932705860823,0.2628153952653667,1
2022-10-31,0.4659149944782257,0.4661140143871307,0.449523001909256,0.4584009945392608,1462007947.0,0.01627204020074635,0.4584549963474273,0.4538210034370422,0.4799180030822754,0.4751099944114685,0.3720209896564483,0.6464740037918091,0.4660134272915976,0.4694659057117643,0.4354973177115122,0.39435348361730577,0.019512236227385706,0.019523329908316744,0.0460235139619926,0.04356797069571751,0.0165910124778747,1396414381.5714285,1482301183.3809524,1937880192.1666667,1576181280.1944444,0.5153265026261538,-0.00012447618139321825,-0.12270908016643478,0.28839384980202465,0
2022-11-01,0.4645769894123077,0.4664010107517242,0.4552760124206543,0.4658209979534149,1273429763.0,-0.002871779362706328,0.4659149944782257,0.461544007062912,0.4659770131111145,0.448850005865097,0.3698520064353943,0.5988860130310059,0.4664467104843685,0.46847447611036747,0.43771928399801247,0.39360732237497964,0.018720457210693875,0.01895207037541283,0.04601166802389337,0.04322586218193864,0.01112499833106989,1348909173.7142856,1433238644.8095238,1944114462.75,1571125505.3,-0.12898574483603675,-0.12556578944751795,-0.14608768693207363,0.31202800094453553,0
2022-11-02,0.450874000787735,0.4652999937534332,0.4478240013122558,0.4645250141620636,1381853436.0,-0.029495624916565655,0.4645769894123077,0.4693759977817535,0.4512270092964172,0.4628790020942688,0.3713510036468506,0.6025699973106384,0.4638035680566515,0.4666889522756848,0.43973436752955114,0.3927645668387413,0.02031952520141142,0.019772884278180868,0.04622921453028925,0.04327694928312401,0.017475992441177424,1340534810.857143,1433563743.6666667,1959260071.2666667,1567673172.2277777,0.08514303352276831,-0.26103303092818664,-0.12110038184733629,0.3450298605555582,0
2022-11-03,0.4551349878311157,0.4593620002269745,0.4500980079174042,0.450884997844696,1086924485.0,0.009450505098844042,0.450874000787735,0.4624069929122925,0.4480839967727661,0.4801740050315857,0.376594990491867,0.5823469758033752,0.462764710187912,0.46546623678434457,0.44178996731837583,0.39205783357222873,0.02054103815428061,0.0197731218491961,0.04623100604821202,0.04321305500904431,0.009263992309570312,1253686727.4285715,1350073405.9047618,1970177049.35,1566764908.1166666,-0.21342997984917988,-0.13057658706284447,-0.147182688925389,0.3468575667197231,0
2022-11-04,0.5044040083885193,0.5051109790802002,0.4539969861507416,0.455141007900238,2774226120.0,0.1082514459988857,0.4551349878311157,0.4739809930324554,0.4610979855060577,0.4896830022335052,0.3715710043907165,0.5665270090103149,0.46711085523877827,0.4662013806047893,0.444647367298603,0.39171270579099654,0.046512273163052786,0.031061096152603843,0.048065766536778166,0.043918138330443814,0.05111399292945862,1478291567.857143,1378172510.6190476,2003730001.8,1573815862.6722221,1.5523632582442008,-0.238390273790413,-0.22535310212886384,0.22160804821745828,0
2022-11-05,0.4933300018310547,0.5071030259132385,0.4921039938926697,0.5044329762458801,1216193223.0,-0.021954636309977182,0.5044040083885193,0.4704160094261169,0.4654699862003326,0.4931840002536773,0.3725059926509857,0.4929400086402893,0.47038428272519794,0.4667643805344899,0.4474994008739789,0.39171487241983416,0.04771295950640058,0.03128001319450116,0.04793715372795892,0.042854379059626295,0.014999032020568848,1451349827.2857144,1395972131.857143,2001710541.7666667,1562253169.4555554,-0.5616099155608845,-0.2628119236836306,-0.21029735991525134,0.34017188484691485,0
2022-11-06,0.4706700146198272,0.4942960143089294,0.4704790115356445,0.4933249950408935,940815148.0,-0.04593271669495502,0.4933300018310547,0.4584549963474273,0.4690330028533935,0.5182780027389526,0.3787539899349212,0.513625979423523,0.4721292853355407,0.46646247591291146,0.44972111781438184,0.3914762281709247,0.05062953641679142,0.03289763644456134,0.048162322583557925,0.04288479171074752,0.023817002773284912,1447921446.0,1391774745.8095238,1998577388.9833333,1548281158.9666667,-0.22642625348686063,-0.27699664378003885,-0.166945048348753,0.5202094083700664,0
2022-11-07,0.4658569991588592,0.4791699945926666,0.4621599912643432,0.4706839919090271,1592938583.0,-0.01022588079008091,0.4706700146198272,0.4659149944782257,0.4538210034370422,0.5171129703521729,0.3681010007858276,0.4133760035037994,0.47212100028991694,0.4657929042975107,0.45181465099255236,0.3917677892578973,0.05062092147637346,0.0329357894300346,0.0482107416563099,0.04031031268729407,0.01701000332832342,1466625822.5714285,1397301900.3333333,2007372650.15,1527740551.1666667,0.6931472525567797,-0.19201382689272284,-0.17631162633918906,0.4734178601543917,0
2022-11-08,0.4062420129776001,0.4666289985179901,0.362060010433197,0.4658249914646148,3984776863.0,-0.12796842440684275,0.4658569991588592,0.4645769894123077,0.461544007062912,0.5340610146522522,0.3810650110244751,0.385206013917923,0.4637874322278158,0.46294838048162906,0.45262673447529467,0.3918846559193399,0.07043323589602045,0.042767113941000884,0.05086763023339847,0.04112571379013707,0.10456898808479309,1853961122.5714285,1521323778.2380953,2048989090.0,1524094559.5333333,1.5015257371037012,-0.043621847494208166,-0.028793240810433662,0.6937588858517432,0
2022-11-09,0.3331809937953949,0.4098579883575439,0.3258149921894073,0.4062530100345611,3642933610.0,-0.17984604459468778,0.4062420129776001,0.450874000787735,0.4693759977817535,0.4970139861106872,0.3805629909038543,0.4234170019626617,0.4469741455146244,0.45732714164824706,0.45221840093533194,0.3913833447628551,0.09393856975546402,0.057100885257174425,0.056098628292506864,0.04263954129938404,0.0840429961681366,2176972576.0,1626488858.2857144,2095514693.6,1527947902.8666666,-0.08578730120979428,0.1294191373130884,0.16799280553081064,1.0033405192751612,1
2022-11-10,0.3957050144672394,0.4004510045051574,0.3312189877033233,0.3331530094146728,3104223968.0,0.18765782513464813,0.3331809937953949,0.4551349878311157,0.4624069929122925,0.4853970110416412,0.3799949884414673,0.4277740120887756,0.4384841493197849,0.4548329043956029,0.4528948346773783,0.39120518366495766,0.1272747190073053,0.07194087308634536,0.06107386789756742,0.04487923349839024,0.0692320168018341,2465158216.428571,1692737954.7142856,2136409828.35,1533960516.4555554,-0.14787797409242387,-0.033259633081348716,-0.022761922528952372,0.6693621472523352,0
2022-11-11,0.3841589987277984,0.3976829946041107,0.3692919909954071,0.3956489861011505,1720205430.0,-0.029178340726831675,0.3957050144672394,0.5044040083885193,0.4739809930324554,0.4883700013160705,0.3779639899730682,0.4473710060119629,0.42130629079682486,0.4511691431204477,0.4533067345619201,0.3908540058467123,0.11553740871932731,0.07174909970354566,0.06120860934820531,0.04480479440255549,0.028391003608703613,2314583832.142857,1696323344.0,2147120130.5666666,1535585558.1555555,-0.4458500908011802,-0.0028530119345360205,-0.006273430038563177,0.7251580401508524,0
2022-11-12,0.3636769950389862,0.3841800093650818,0.3614149987697601,0.3841800093650818,931936263.0,-0.05331647509661752,0.3841589987277984,0.4933300018310547,0.4704160094261169,0.4808120131492615,0.3764509856700897,0.4224990010261535,0.4027844326836722,0.44632185782705025,0.45380648424228026,0.3905272169245614,0.11566865935073961,0.07236940554964855,0.06087502013766276,0.04478927250279321,0.02276501059532171,2273975695.0,1698565219.2857144,2138591973.5333333,1530545801.6888888,-0.45824129679674364,0.05780401910189936,0.06521450711814136,0.8190206896269148,1
2022-11-13,0.3402960002422333,0.3687590062618255,0.3353370130062103,0.3636719882488251,1064115311.0,-0.06429055209897583,0.3636769950389862,0.4706700146198272,0.4584549963474273,0.4889659881591797,0.3757739961147308,0.437622994184494,0.3841595734868731,0.440191524369376,0.4537767176826794,0.38998651140265994,0.11611292298710514,0.07323057788556317,0.06142144940489846,0.04496522728529267,0.03342199325561518,2291590004.0,1703952886.2380953,2135863297.8166666,1527576542.7555556,0.1418327124373311,0.06361815305927543,0.16105388836425005,0.9733525747258447,1
2022-11-14,0.3764060139656067,0.3778989911079407,0.3239589929580688,0.3403300046920776,2400878272.0,0.10611354143942098,0.3402960002422333,0.4658569991588592,0.4659149944782257,0.4815070033073425,0.3772369921207428,0.4061659872531891,0.3713808613164084,0.4365050962993076,0.4546112343668937,0.38982117821772894,0.12866509740847784,0.07747278849672627,0.06254676584154385,0.04534015151619695,0.05393999814987188,2407009959.571429,1756683387.9047618,2150518394.95,1532027343.0277777,1.2562200235083356,-0.03083643901191535,0.026588250756724552,0.6728558545505219,0
2022-11-15,0.3885209858417511,0.3959369957447052,0.368472009897232,0.3763400018215179,1966568664.0,0.03218591474803434,0.3764060139656067,0.4062420129776001,0.4645769894123077,0.4770100116729736,0.379707008600235,0.419975996017456,0.36884928601128714,0.43302780957449044,0.4551417842507362,0.3896464281611972,0.12088790132960367,0.07776831472164876,0.06156917806995363,0.04533288006548534,0.0274649858474732,2118694502.5714285,1773854932.952381,2160361585.4,1534301323.8222222,-0.1808961383278327,-0.03207032262473952,-0.026469552914904715,0.6721053286819163,0
2022-11-16,0.3763009905815124,0.3902609944343567,0.3648560047149658,0.3885320127010345,1315104592.0,-0.03145260025983776,0.3885209858417511,0.3331809937953949,0.450874000787735,0.4799180030822754,0.3709650039672851,0.4111370146274566,0.37500928555216106,0.42859566637447893,0.45513006746768947,0.38945289469427535,0.09417249623966506,0.07779339479260446,0.06131937009626558,0.045367231121408245,0.02540498971939087,1786147500.0,1767884962.2857144,2155253456.4333334,1532041474.0055556,-0.33126942573920726,0.014031368465503569,-0.0646105203901044,0.6268041524512684,1
2022-11-17,0.3825440108776092,0.3847860097885132,0.3704060018062591,0.3762899935245514,1326199204.0,0.016590496576820657,0.3763009905815124,0.3957050144672394,0.4551349878311157,0.4659770131111145,0.3350490033626556,0.4146730005741119,0.37312914218221394,0.4247926672299702,0.45553375085194897,0.38927440030707255,0.059595789713014886,0.07794906668006851,0.06097462714042345,0.04537909066125441,0.014380007982254084,1532143962.2857144,1750329635.3809524,2135927357.5333333,1534544034.5,0.008436296297260615,0.050838548659100535,-0.07249887757500406,0.6043043469691256,1
2022-11-18,0.3830629885196686,0.3863759934902191,0.37602299451828,0.382542997598648,945178987.0,0.001356648195507626,0.3825440108776092,0.3841589987277984,0.5044040083885193,0.4512270092964172,0.3375410139560699,0.422336995601654,0.37297256929533823,0.42046323844364714,0.4554669171571731,0.3890562113788393,0.05849631125668661,0.07764707630131229,0.06012281479479961,0.045359259114453,0.010352998971939142,1421425899.0,1738100433.0,2105203039.8,1534816511.7222223,-0.28730240212088076,0.06617455018535456,-0.0856072928528746,0.5955313514391183,1
2022-11-19,0.3846989870071411,0.3874439895153045,0.376906007528305,0.3830560147762298,571403780.0,0.004270834135646329,0.3830629885196686,0.3636769950389862,0.4933300018310547,0.4480839967727661,0.3453019857406616,0.4046710133552551,0.37597571100507465,0.41638147547131493,0.45495885014534,0.3889452556769053,0.053408014719425544,0.07768741089279783,0.05939670040430077,0.045249120103790036,0.010537981986999512,1369921258.5714285,1698415593.6190476,2049525310.6,1530218644.988889,-0.3954544188359109,0.031011307714165826,-0.11912950030197511,0.6311428039325844,1
2022-11-20,0.3619450032711029,0.3935849964618683,0.3610419929027557,0.3846969902515411,1156162576.0,-0.0591475010450595,0.3846989870071411,0.3402960002422333,0.4706700146198272,0.4610979855060577,0.3447209894657135,0.4087130129337311,0.3790684257234846,0.4117857615152995,0.45437746693690617,0.3886854334010018,0.05225049787819558,0.07843960914838748,0.05961783948932217,0.04546295545353415,0.032543003559112604,1383070867.857143,1707527439.2857144,2012109680.8833334,1528895928.6222222,1.0233722920068886,0.09635714996773537,-0.03473453252936076,0.6931910036995901,1
2022-11-21,0.3647989928722381,0.3671959936618805,0.3477970063686371,0.3619459867477417,2153323835.0,0.007885147122745462,0.3619450032711029,0.3764060139656067,0.4658569991588592,0.4654699862003326,0.3470920026302337,0.4057849943637848,0.37741027985300335,0.4069707138197763,0.45237243324518206,0.38845773339271544,0.03100167840786418,0.07832971465312842,0.05200865818560595,0.04546291730666423,0.019398987293243408,1347705948.2857144,1740447243.4761906,1966060485.0,1532040625.2166667,0.8624749491978021,0.06995362899421043,-0.05147760861518247,0.5911830631496455,1
2022-11-22,0.3760609924793243,0.3776730000972748,0.3524470031261444,0.3647240102291107,1363821412.0,0.03087179467907797,0.3647989928722381,0.3885209858417511,0.4062420129776001,0.4690330028533935,0.3461450040340423,0.3931699991226196,0.3756302808012281,0.40275566634677706,0.45018726686636606,0.38836268335580826,0.03074866536205198,0.07879914654355934,0.05180949842150103,0.04545756330887351,0.02522599697113037,1261599198.0,1744751607.7142856,1858811332.1666667,1527997349.8722222,-0.3666436093668187,0.05979880513654812,-0.07036359989485275,0.6271270632284487,1
2022-11-23,0.3815810084342956,0.3817889988422394,0.3690699934959411,0.3760429918766022,1100062349.0,0.014678512436449465,0.3760609924793243,0.3763009905815124,0.3331809937953949,0.4538210034370422,0.349496990442276,0.3817870020866394,0.37638456906591145,0.3994560000442323,0.4484016835689545,0.38836153894662856,0.02882572094065984,0.07875977235878004,0.05168183163021704,0.0454145121205146,0.012719005346298273,1230878877.5714285,1731332984.5238094,1818596471.8333333,1523402042.711111,-0.19339706847189464,0.07118275028206633,-0.07156545114104984,0.6254530123790454,1
2022-11-24,0.401991993188858,0.4039770066738128,0.3754419982433319,0.3815790116786957,1259638131.0,0.05349056767346161,0.3815810084342956,0.3825440108776092,0.3957050144672394,0.461544007062912,0.3383699953556061,0.3863230049610138,0.3791628522532326,0.39692538125174387,0.4468911002079646,0.3884485888812277,0.034648215193487694,0.07974265284274235,0.052174225541335155,0.04557576974770735,0.0285350084304809,1221370152.857143,1739557443.857143,1782553908.3333333,1525593038.5333333,0.14506067055659222,-0.013144494545139662,-0.12391540924185462,0.5469984942113768,0
2022-11-25,0.4084120094776153,0.4169099926948547,0.3902330100536346,0.4019820094108581,1269230070.0,0.015970507864670802,0.401991993188858,0.3830629885196686,0.3841589987277984,0.4693759977817535,0.3353469967842102,0.3890160024166107,0.38278414096151075,0.39235433368455797,0.44590333352486294,0.38855634447601106,0.03464753344446511,0.07575685126665566,0.05183000959049902,0.04558702600832113,0.026676982641220093,1267663164.7142856,1667890965.2857144,1755101283.4333334,1528461650.7722223,0.007614836963045324,-0.02972249118197523,-0.15185646444371514,0.526507561679106,0
2022-11-26,0.3966290056705475,0.4122759997844696,0.3950859904289245,0.4084100127220154,614794664.0,-0.028850776993896488,0.4084120094776153,0.3846989870071411,0.3636769950389862,0.4624069929122925,0.3230949938297272,0.4181750118732452,0.38448842934199734,0.38774952434358145,0.4450342168410619,0.3884366444415516,0.03764706749841189,0.07583868358797138,0.051702005582243644,0.04530565244257088,0.0171900093555451,1273861862.4285715,1639252938.6666667,1718038902.65,1524074686.1,-0.5156160584818165,-0.021385246795301183,-0.07792166319361515,0.5551535950911966,0
2022-11-27,0.396820992231369,0.4079110026359558,0.3959710001945495,0.3966059982776642,630018233.0,0.0004840456902464041,0.3966290056705475,0.3619450032711029,0.3402960002422333,0.4739809930324554,0.3337970077991485,0.4218670129776001,0.3894707134791782,0.3842329042298453,0.4441367000341415,0.38829749988185036,0.02550505465737297,0.0753397082398128,0.051698177921813526,0.04530157175870108,0.011940002441406306,1198698384.857143,1624453085.5714285,1684031051.6333334,1517916664.0722222,0.02476203827299317,-0.015336869718544421,-0.0723121706230887,0.5224824021263674,0
2022-11-28,0.3903180062770843,0.3987790048122406,0.3755199909210205,0.3968009948730469,1179083829.0,-0.016387706501406862,0.396820992231369,0.3647989928722381,0.3764060139656067,0.4704160094261169,0.3268690109252929,0.3980849981307983,0.3931162868227277,0.3806358093307131,0.44255171666542686,0.3882543499271075,0.02793097031016053,0.07537156755792361,0.05071009704805363,0.04511796662358555,0.023259013891220093,1059521241.1428572,1604745716.3333333,1648803409.4666667,1515746596.2333333,0.8715074695306477,-0.001880521488330844,-0.08656278100640447,0.566471421975538,0
2022-11-29,0.3985489904880523,0.4029760062694549,0.3842549920082092,0.3902789950370788,969049648.0,0.02108789263779154,0.3903180062770843,0.3760609924793243,0.3885209858417511,0.4584549963474273,0.3278700113296509,0.4053019881248474,0.3963288579668317,0.38026947492644897,0.4411979665358861,0.38821683327356976,0.026941874055911075,0.07011272845823932,0.05078455410027072,0.045124820553618446,0.018721014261245728,1003125274.8571428,1461139658.4761906,1601948321.4166667,1513914663.4944444,-0.1781333742640957,-0.01619626286679532,-0.13976445973386098,0.5289413026238898,0
2022-11-30,0.4087429940700531,0.4108139872550964,0.3951799869537353,0.3985530138015747,933343511.0,0.02557779300737284,0.3985489904880523,0.3815810084342956,0.3763009905815124,0.4659149944782257,0.3331939876079559,0.3907659947872162,0.40020914162908283,0.38386766541571843,0.4400918498635292,0.38831670549180775,0.02765460695173448,0.056579907858985264,0.050895701675023046,0.04507747885414141,0.015634000301361084,979308298.0,1332111558.5238094,1591769749.5166667,1511963279.6555555,-0.036846550714602855,-0.06121695157446094,-0.15590727881066313,0.4834700545142123,0
2022-12-01,0.3967080116271972,0.4089809954166412,0.3954750001430511,0.4087440073490143,742091191.0,-0.029443886788169005,0.4087429940700531,0.401991993188858,0.3825440108776092,0.4645769894123077,0.33125901222229,0.3923090100288391,0.39945428712027414,0.3839154271852402,0.43922281662623086,0.3883411443895763,0.023462677120057257,0.04018959152913316,0.05053879494435694,0.04513497685921753,0.013505995273590088,905373020.8571428,1219629045.3333333,1578735458.8166666,1512216178.511111,-0.20491096551910348,-0.005452430233773953,-0.1431254109286897,0.5450027765858094,0
2022-12-02,0.3962729871273041,0.3975859880447387,0.3855049908161163,0.3967140018939972,778302835.0,-0.001096586121638321,0.3967080116271972,0.4084120094776153,0.3830629885196686,0.450874000787735,0.3299689888954162,0.3953799903392792,0.3977201410702297,0.38449228377569283,0.43811271637678145,0.3883461054828431,0.02217782630598098,0.03960231957798689,0.050363362854593405,0.045132404801154186,0.012080997228622437,835240558.7142857,1174776540.8095238,1560831363.3166666,1512504533.4944444,0.04879675764807723,-0.01796737013615779,-0.14512719871035817,0.5670408819020336,0
2022-12-03,0.3881469964981079,0.3964180052280426,0.3876110017299652,0.3962709903717041,496500336.0,-0.020506042281871917,0.3962729871273041,0.3966290056705475,0.3846989870071411,0.4551349878311157,0.3317990005016327,0.4030109941959381,0.39650842547416687,0.3856575219404129,0.4365789329012235,0.38826352771785516,0.02080695635911709,0.03791300346557749,0.05016349123399366,0.045139818748294015,0.008807003498077393,818341369.0,1154041496.6666667,1532569365.2666667,1508475071.0277777,-0.3620730727519449,-0.0037330932032521025,-0.10199997665856986,0.6069246345146657,0
2022-12-04,0.390735000371933,0.3928239941596985,0.3875409960746765,0.3881219923496246,450960651.0,0.006667587015162457,0.3881469964981079,0.396820992231369,0.3619450032711029,0.5044040083885193,0.3329600095748901,0.4077019989490509,0.395638998065676,0.3880593790894462,0.43492979953686395,0.38816926661464896,0.021103608855864927,0.034556356670431054,0.05009402648908021,0.04513466391871033,0.005282998085021973,792761714.4285715,1124843655.7142856,1498743203.5,1501720942.4333334,-0.0917213578683258,-0.022997674223666387,-0.12005835453898606,0.5979473858794189,0
2022-12-05,0.3895840048789978,0.3946030139923095,0.383432000875473,0.3906449973583221,890179719.0,-0.002945718944654452,0.390735000371933,0.3903180062770843,0.3647989928722381,0.4933300018310547,0.3222079873085022,0.4006479978561401,0.39553414072309223,0.38868690246627435,0.43320313294728596,0.3881077999869982,0.020168611732216856,0.02610233433837389,0.050077968011184484,0.04511524226144368,0.011171013116836492,751489698.7142857,1052905629.3809524,1481693855.9666667,1500093017.3944445,0.973963176223994,-0.005621364919788263,-0.10726828622725815,0.5965670843701973,0
2022-12-06,0.3920939862728119,0.3922599852085113,0.3816789984703064,0.38960000872612,814317329.0,0.006442721883804348,0.3895840048789978,0.3985489904880523,0.3760609924793243,0.4706700146198272,0.3373669981956482,0.4003239870071411,0.39461199726377216,0.38885704534394394,0.4311000660061836,0.38806207776069634,0.018275892056335896,0.025201070908778832,0.049598656848868126,0.04511699619995962,0.0105809867382049,729385081.7142857,998036518.1904762,1451474444.9166667,1499551361.8,-0.08522143156128226,0.0076716504423557375,-0.13786229170072795,0.6331109868125171,1
2022-12-07,0.3837209939956665,0.3920910060405731,0.3765830099582672,0.3920910060405731,839949038.0,-0.021354554189259134,0.3920939862728119,0.4087429940700531,0.3815810084342956,0.4658569991588592,0.3402450084686279,0.381736010313034,0.39103742582457407,0.38921037883985604,0.42887686640024186,0.3880731054478221,0.014639913801995074,0.02464632425473362,0.04965228841005524,0.04500865789586314,0.015507996082305908,716043014.1428572,975410063.2380953,1435955894.6666667,1496303636.0166667,0.03147631529771844,0.007018113415049099,-0.10183440849859504,0.6773437075260533,1
2022-12-08,0.3945449888706207,0.3950139880180359,0.3836050033569336,0.3837189972400665,770396956.0,0.028207981956484884,0.3837209939956665,0.3967080116271972,0.401991993188858,0.4062420129776001,0.3575170040130615,0.3590250015258789,0.39072842257363455,0.38978185398238047,0.4265515993038813,0.38827043871084843,0.017151518294453764,0.02513411421360449,0.04959883899872622,0.04482420349547204,0.011408984661102295,720086694.8571428,948943289.5238096,1418975727.3,1494409168.75,-0.08280512132689655,-0.04133363819634406,-0.1274303213154916,0.7061122087740572,0
2022-12-09,0.3891530036926269,0.3949289917945862,0.3862200081348419,0.3945499956607818,693718603.0,-0.013666338009838408,0.3945449888706207,0.3962729871273041,0.4084120094776153,0.3331809937953949,0.357681006193161,0.3454900085926056,0.3897112820829664,0.3900718547049023,0.42475391626358033,0.38851301090584855,0.01784926496156638,0.02535938108562501,0.04886700328159741,0.0447424769837697,0.008708983659744263,708003233.1428572,936968985.5238096,1391219591.15,1490651649.0722222,-0.09953096569607944,-0.09550232320769292,-0.11253925620594196,0.6929434097974181,0
2022-12-10,0.3866980075836181,0.3893170058727264,0.3862070143222809,0.389162003993988,331624480.0,-0.006308562662278416,0.3891530036926269,0.3881469964981079,0.3966290056705475,0.3957050144672394,0.355118989944458,0.310802012681961,0.3895042836666107,0.390167046160925,0.42310893287261325,0.38893465532196886,0.016184702693810685,0.025397437705041187,0.04879537064521517,0.044088458721478874,0.003109991550445501,684449539.4285715,925550923.6190476,1358350947.9333334,1478277678.661111,-0.521961096955043,-0.08246230260387466,-0.09660772758856884,0.7108389146503948,0
2022-12-11,0.3817490041255951,0.3885340094566345,0.3805539906024933,0.3867120146751404,366643114.0,-0.012798109535004154,0.3866980075836181,0.390735000371933,0.396820992231369,0.3841589987277984,0.3594450056552887,0.3221429884433746,0.3882205699171339,0.39111009382066275,0.421331916252772,0.38926579985353676,0.01643384180863231,0.02169355557030176,0.04879914113203513,0.04402711191037919,0.007980018854141235,672404177.0,887954758.7619047,1341544560.5,1469330862.8277779,0.1055972526515534,-0.08245994280281221,-0.07991641431886087,0.6246565112369686,0
2022-12-12,0.3873940110206604,0.3887520134449005,0.3726949989795685,0.3817310035228729,881038173.0,0.014787221011866913,0.3817490041255951,0.3895840048789978,0.3903180062770843,0.3636769950389862,0.3336920142173767,0.3437030017375946,0.3879077136516571,0.3921860470658257,0.41977494955062866,0.38950852768288713,0.017790888816705076,0.021826927242366866,0.04882356395538505,0.043767602111510505,0.01605701446533203,671098241.8571428,827369727.2380953,1308891503.75,1461765183.288889,1.4029857356055513,-0.12525754328134964,-0.034166806038656405,0.5992735013869757,0
2022-12-13,0.3951019942760467,0.3960849940776825,0.3792699873447418,0.3873859941959381,1137292765.0,0.019897011920959162,0.3873940110206604,0.3920939862728119,0.3985489904880523,0.3402960002422333,0.3420819938182831,0.3120560050010681,0.38833742908069063,0.3930927614370982,0.4182105496525764,0.3899698942899703,0.0193461642518355,0.02125232486964741,0.04884479576762382,0.04322101535173995,0.016815006732940674,717237589.8571428,816582648.8095238,1291443967.8166666,1459873975.7944446,0.2908552658137775,-0.11573968787146627,-0.05037939877154107,0.5906930027049755,0
2022-12-14,0.3864139914512634,0.3952530026435852,0.3808630108833313,0.3951010107994079,893235466.0,-0.021989265938033187,0.3951019942760467,0.3837209939956665,0.4087429940700531,0.3764060139656067,0.3263350129127502,0.321381002664566,0.3887221430029188,0.39332290348552523,0.4166256661216418,0.39033118867211863,0.01947086346451452,0.021709002073038115,0.04888263586937587,0.04320850612542796,0.014389991760253906,724849936.7142857,806733749.6190476,1292291205.9666667,1457161094.5444446,-0.21459496315357285,-0.10453549625780001,-0.0015786020903134634,0.6366694735159961,0
2022-12-15,0.3782370090484619,0.3866609930992126,0.3753750026226043,0.3863869905471802,739736057.0,-0.021161196498323043,0.3864139914512634,0.3945449888706207,0.3967080116271972,0.3885209858417511,0.356687992811203,0.3080900013446808,0.3863924315997532,0.392191713764554,0.41497944941123327,0.39072089427047296,0.01679921551499762,0.018533145581220888,0.04893455167091813,0.04312159687571049,0.011285990476608276,720469808.2857143,781976508.0,1287470802.6666667,1453475241.3722222,-0.17184652294135394,-0.0757118449409716,0.045489952037296,0.6272653694653629,0
2022-12-16,0.3519879877567291,0.3796299993991852,0.3481259942054748,0.3782140016555786,1061370203.0,-0.06939834194905448,0.3782370090484619,0.3891530036926269,0.3962729871273041,0.3763009905815124,0.3770039975643158,0.3260529935359955,0.3810831436089107,0.3895048555873689,0.4128472824891408,0.3908649775716993,0.029502119880359313,0.023040196778583606,0.04967021266367298,0.04324123749025826,0.03150400519371038,772991465.4285715,772078419.0952381,1280545833.75,1452930528.211111,0.4347958206936504,0.0064917092105103436,0.09344921752263624,0.7609550344656146,1
2022-12-17,0.3548099994659424,0.3564180135726928,0.3488390147686004,0.3519150018692016,590468250.0,0.00801735231704459,0.3519879877567291,0.3866980075836181,0.3881469964981079,0.3825440108776092,0.3583230078220367,0.3233459889888763,0.37652771387781414,0.3875134743395306,0.41099449892838796,0.3910397776299052,0.030589558140380273,0.022677571849547294,0.04958299339553155,0.04323801649865046,0.007578998804092407,809969146.8571428,770920018.4285715,1267381680.8,1449611524.9722223,-0.44367361328684296,-0.0074152606436986845,0.08952960023007939,0.7204081694363791,0
2022-12-18,0.350270003080368,0.3549599945545196,0.3485920131206512,0.3548130095005035,313888826.0,-0.012795570565677261,0.3548099994659424,0.3817490041255951,0.390735000371933,0.3830629885196686,0.3870730102062225,0.3286260068416595,0.37203071372849594,0.38529676057043527,0.4093118821581205,0.39116002205345357,0.030589544437631556,0.022700905813372602,0.049459940471494296,0.043236446025162835,0.006367981433868408,802432820.0,755866237.1428572,1248705379.0833333,1444424340.661111,-0.46840693635940633,-0.011071451635230711,0.10689178380090181,0.748736653640045,0
2022-12-19,0.3388699889183044,0.3525530099868774,0.3343069851398468,0.350284993648529,986711247.0,-0.03254636155482582,0.350270003080368,0.3873940110206604,0.3895840048789978,0.3846989870071411,0.4151830077171325,0.3225849866867065,0.3650987105710165,0.38284685498192195,0.40749164869387944,0.39125049428807357,0.028917143198478813,0.02334685247715855,0.049604721077583076,0.04328527067506854,0.018246024847030584,817528973.4285715,746705638.0,1236600684.15,1443994155.0222223,2.1435054875129578,0.07924285371295592,0.11975684639055695,0.7866911039796531,1
2022-12-20,0.3493730127811432,0.3528220057487488,0.3372589945793152,0.3389039933681488,932296715.0,0.030994257993648633,0.3388699889183044,0.3951019942760467,0.3920939862728119,0.3619450032711029,0.3968279957771301,0.3355309963226318,0.3585659989288875,0.38050514175778344,0.4056295658151309,0.39132739437950975,0.03156072396844558,0.02402129912498293,0.049626998245702304,0.04324468297367728,0.015563011169433594,788243823.4285715,744955498.3333334,1224723758.4833333,1444021777.8555555,-0.0551473718024823,0.05367613257786208,0.12711911178465818,0.766933807887102,1
2022-12-21,0.3460200130939483,0.350151002407074,0.3397360146045685,0.3493320047855377,743732204.0,-0.009597191438754038,0.3493730127811432,0.3864139914512634,0.3837209939956665,0.3647989928722381,0.4851010143756866,0.367587000131607,0.3527954305921282,0.3775183331398737,0.40363873293002445,0.3912075777848561,0.03158063482371691,0.022912080435590912,0.04960420100589645,0.042668729674443,0.010414987802505493,766886214.5714285,735926388.4761904,1222371680.5166667,1435636396.6111112,-0.20225804506883838,0.03037680100908635,0.19456673073221187,0.8031038270945152,1
2022-12-22,0.3495999872684479,0.3497900068759918,0.3423739969730377,0.3459709882736206,685101342.0,0.01034614773431497,0.3460200130939483,0.3782370090484619,0.3945449888706207,0.3760609924793243,0.5071709752082825,0.3675560057163238,0.34870442748069763,0.37527509388469515,0.40164818267027536,0.39110782212681233,0.03281274223457267,0.022663351434038505,0.04961587228761982,0.04267493863473864,0.0074160099029541016,759081255.2857143,733212586.1428572,1217940464.4666667,1434375058.238889,-0.07883329736787892,-0.019319168648160412,0.15427067039627618,0.7889073126428259,0
2022-12-23,0.3542729914188385,0.3545460104942322,0.3477030098438263,0.3495909869670868,577979156.0,0.013366717164100983,0.3495999872684479,0.3519879877567291,0.3891530036926269,0.3815810084342956,0.4887160062789917,0.3588640093803406,0.3490308565752847,0.3732750940890539,0.39998904913663863,0.3910823164714706,0.020884896509112617,0.023028739718076695,0.049518071154978555,0.04264655054846187,0.006843000650405884,690025391.4285715,723673363.3333334,1206014488.1166666,1433199862.9722223,-0.15635962073476717,-0.026126759621445506,0.131802343467204,0.7506414549352933,0
2022-12-24,0.3521789908409118,0.3543019890785217,0.3514989912509918,0.3542779982089996,225391032.0,-0.005910697763158224,0.3542729914188385,0.3548099994659424,0.3866980075836181,0.401991993188858,0.4926269948482513,0.3532350063323974,0.34865499820028034,0.37156233191490173,0.398166298866272,0.39107644971874017,0.02078060091118325,0.02275804042219857,0.04945013183752196,0.042631637919175576,0.0028029978275298517,637871503.1428572,710763396.4761904,1183004901.6833334,1428954413.6722221,-0.6100360546566146,-0.03478338207316356,0.2066108743839261,0.7420630293253054,0
2022-12-25,0.3463920056819916,0.3521879911422729,0.3447229862213135,0.3521879911422729,323700210.0,-0.01643194315794483,0.3521789908409118,0.350270003080368,0.3817490041255951,0.4084120094776153,0.4676780104637146,0.3373290002346039,0.3481009985719408,0.36945076073919025,0.3961165656646093,0.39112679974900344,0.02116999175636313,0.022756182075613474,0.04940620303606059,0.0425127387125922,0.007465004920959417,639273129.4285715,704703375.4761904,1164392005.5833333,1424980942.7722223,0.43617164856851987,-0.02202420083580925,0.17701043630178703,0.8659119209201558,0
2022-12-26,0.3657230138778686,0.3691030144691467,0.3459689915180206,0.3463830053806305,797909103.0,0.055806738835722625,0.3463920056819916,0.3388699889183044,0.3873940110206604,0.3966290056705475,0.4487760066986084,0.3289780020713806,0.3519371449947357,0.36831452307246976,0.39450516601403557,0.3913309387034839,0.02541592883672665,0.026401540002858492,0.049978216821324056,0.04266354014039984,0.0231340229511261,612301394.5714285,700309536.6190476,1149442806.15,1423332299.8722222,1.4649631923315711,-0.046939900720588845,0.14210200961111275,0.7017495967120257,0
2022-12-27,0.3681260049343109,0.3722699880599975,0.3594410121440887,0.3657279908657074,905248563.0,0.006570521857409695,0.3657230138778686,0.3493730127811432,0.3951019942760467,0.396820992231369,0.4506720006465912,0.3314479887485504,0.35461614387375967,0.36717319062777926,0.3927409162123998,0.39153470546007146,0.02387967573708831,0.02640376045596552,0.04986150620753076,0.04266285725292487,0.012828975915908813,608437372.8571428,704639595.3809524,1144497078.25,1420270093.0833333,0.1345259248157744,-0.06601545514873042,0.11402885901275228,0.7245616368633463,0
2022-12-28,0.3565309941768646,0.3685429990291595,0.3561359941959381,0.3681220114231109,839617676.0,-0.03149739654908468,0.3681260049343109,0.3460200130939483,0.3864139914512634,0.3903180062770843,0.4854170083999634,0.3136770129203796,0.35611771259989056,0.36587842873164583,0.39084283262491226,0.3917727831337186,0.02766383222996715,0.026851704650069183,0.04999445412481074,0.04253495619010816,0.01240700483322138,622135297.4285715,704623816.2380953,1135077616.0666666,1417994937.8666666,-0.07250040451044604,-0.02450557731442149,0.15779839750167057,0.7810457825020825,0
2022-12-29,0.342846006155014,0.3572250008583069,0.3389109969139099,0.3565239906311035,898022518.0,-0.038383726086551495,0.3565309941768646,0.3495999872684479,0.3782370090484619,0.3985489904880523,0.479773998260498,0.3155789971351623,0.3551528581551143,0.36341657241185504,0.3889160161217054,0.3919242665171622,0.03180088281485358,0.02689561420923532,0.05011915122655387,0.04263777344827543,0.018314003944396973,652552608.2857143,710701223.9523809,1133964427.75,1419602831.8,0.06956123443975715,-0.014020858652418644,0.19042954004792945,0.8183148943893708,0
2022-12-30,0.3450169861316681,0.345313012599945,0.335332989692688,0.3428309857845306,672119602.0,0.0063322306157258534,0.342846006155014,0.3542729914188385,0.3519879877567291,0.4087429940700531,0.4751099944114685,0.3217029869556427,0.3538305716855185,0.3613148572899046,0.3869010493159294,0.39205378873480684,0.03132893712684349,0.026976384239375144,0.05006878597175901,0.04261797592654085,0.009980022907257025,666001243.4285715,709672700.0952381,1120799622.0,1419289238.3777778,-0.2515559593128154,-0.0010781863009529102,0.1992568962418011,0.80235761907234,0
2022-12-31,0.3399290144443512,0.3450999855995178,0.3398680090904236,0.3450320065021515,337167278.0,-0.0147470179493574,0.3450169861316681,0.3521789908409118,0.3548099994659424,0.3967080116271972,0.448850005865097,0.328790009021759,0.35208057505743845,0.3590877623785109,0.38482358306646347,0.3921156720982657,0.031625496105227635,0.027053852764513296,0.050088696678044005,0.04260608621414505,0.005231976509094238,681969278.5714285,709936642.8571428,1105195247.25,1415504355.538889,-0.49835226201303384,0.012764370020493132,0.1608041293603215,0.8090276934541749,1
2023-01-01,0.3387629985809326,0.3399229943752289,0.3363319933414459,0.3399229943752289,290828851.0,-0.0034301745772556957,0.3399290144443512,0.3463920056819916,0.350270003080368,0.3962729871273041,0.4628790020942688,0.325423002243042,0.35099071690014433,0.35704080973352703,0.38295506636301674,0.39218978318903175,0.031195126833251933,0.027009343279811464,0.04997632885880454,0.04259900635967061,0.003591001033782959,677273370.1428572,706326439.8571428,1087011504.1666667,1410839236.5666666,-0.13743453182903476,0.019467933491686518,0.1996262866191607,0.8599493269992082,1
2023-01-02,0.3485560119152069,0.354104995727539,0.3216280043125152,0.3387739956378937,1325787126.0,0.02890815518606482,0.3387629985809326,0.3657230138778686,0.3388699889183044,0.3881469964981079,0.4801740050315857,0.3322719931602478,0.3485382880483355,0.3551913812046959,0.3811787500977516,0.39228024995989264,0.023480634900168353,0.027701923801987226,0.05012482973693395,0.042623583215511,0.032476991415023804,752684516.2857143,727504961.4285715,1090992548.1833334,1412095042.6166666,3.5586506340115482,0.0022492221219281294,0.1874476031539727,0.7941535102220929,1
2023-01-03,0.3438239991664886,0.35104900598526,0.3420099914073944,0.3485440015792846,811872325.0,-0.013576046853179702,0.3485560119152069,0.3681260049343109,0.3493730127811432,0.390735000371933,0.4896830022335052,0.3421509861946106,0.34506657293864657,0.35274957191376455,0.37850241661071776,0.3922895444764031,0.02282172769079275,0.027176917048368644,0.04795430937740917,0.042583584604017365,0.0090390145778656,739345053.7142857,712008750.0,1058286651.6,1410843593.65,-0.38762995274401235,0.02157206418857749,0.19173474074612762,0.694413338720145,1
2023-01-04,0.3477939963340759,0.3508799970149994,0.3428390026092529,0.3438310027122497,803671745.0,0.011546597029909345,0.3438239991664886,0.3565309941768646,0.3460200130939483,0.3895840048789978,0.4931840002536773,0.3416279852390289,0.3438184303896768,0.3509105245272318,0.37607681651910146,0.39232380009359774,0.02167207797897147,0.027190742530831234,0.047951265883334,0.042590545840049614,0.008040994405746515,734209920.7142857,707743810.9047619,1051411293.6333333,1407146361.0777779,-0.010100824658606289,0.07580348979394214,0.18519875270243524,0.6913058492566,1
2023-01-05,0.3380390107631683,0.3483389914035797,0.3375169932842254,0.3477930128574371,669029812.0,-0.028048171255772414,0.3477939963340759,0.342846006155014,0.3495999872684479,0.3920939862728119,0.5182780027389526,0.3449519872665405,0.3431317167622702,0.34899633413269404,0.37386629978815716,0.39228539466857903,0.019083830865068235,0.02744026891404894,0.047745552306283814,0.04264027335390117,0.010821998119354304,701496677.0,704376846.8571428,1046881538.0333333,1407515710.25,-0.167533490927941,0.10992217289929118,0.21673829712783754,0.7053830271733197,1
2023-01-06,0.3446449935436249,0.3454689979553222,0.3328309953212738,0.3380410075187683,741263420.0,0.019542072276045097,0.3380390107631683,0.3450169861316681,0.3542729914188385,0.3837209939956665,0.5171129703521729,0.3256630003452301,0.34307857496397837,0.3486466677415938,0.3718460996945699,0.3923908501863479,0.020620144146891832,0.023593846953982818,0.047838240803418315,0.04245028159718779,0.012638002634048406,711374365.2857143,689133666.7142857,1032686951.9833333,1406560343.3222222,0.10796769696116315,0.11942434895053045,0.15753019598911044,0.6495583372613478,1
2023-01-07,0.3442679941654205,0.3455219864845276,0.3420090079307556,0.3446379899978637,334559534.0,-0.001093877425370704,0.3446449935436249,0.3399290144443512,0.3521789908409118,0.3945449888706207,0.5340610146522522,0.3142969906330108,0.34369842920984534,0.34814466748918804,0.3708131993810336,0.39255735576152795,0.01961067761203298,0.023508380265386146,0.04497857443455481,0.042364381591179216,0.0035129785537719727,711001830.4285715,676947537.3809524,971849996.5,1402629801.3722222,-0.5486631000893043,0.14864872468742085,0.14104128416580863,0.6026497186522144,1
2023-01-08,0.3453580141067505,0.3455229997634887,0.3392300009727478,0.3442659974098205,515669684.0,0.003166195986276543,0.3442679941654205,0.3387629985809326,0.3463920056819916,0.3891530036926269,0.4970139861106872,0.3116590082645416,0.3446405742849622,0.3479107632523491,0.37101614971955615,0.3927445724606513,0.019465416712445636,0.023371466455290923,0.03842498891083418,0.042358238621462124,0.006292998790740911,743121949.4285715,686556149.6666666,919728931.0666667,1400112001.85,0.541339078981381,0.11444059228055337,0.16952256639718777,0.673402603248175,1
2023-01-09,0.3493399918079376,0.3566089868545532,0.3442899882793426,0.345346987247467,1420062936.0,0.01152999941665267,0.3453580141067505,0.3485560119152069,0.3657230138778686,0.3866980075836181,0.4853970110416412,0.3237299919128418,0.34475257141249516,0.3484093348185221,0.37024339934190115,0.3928868502378463,0.01647748018902226,0.022295876641486613,0.029678387337326837,0.04227291900830283,0.012318998575210627,756589922.2857143,707191944.3809524,891659580.5333333,1400801353.9666667,1.7538228056858194,0.10658958590775125,0.13944013366428054,0.6220100743010628,1
2023-01-10,0.3512409925460815,0.3538109958171844,0.3453080058097839,0.3493250012397766,815342810.0,0.005441692284658295,0.3493399918079376,0.3438239991664886,0.3681260049343109,0.3817490041255951,0.4883700013160705,0.3332209885120392,0.34581214189529413,0.3484982862359001,0.3696947659055392,0.39298696137136874,0.01530803490782194,0.02129099666573345,0.029469807986440767,0.04222193301651091,0.008502990007400513,757085705.8571428,701622710.8095238,876578536.8666667,1386515362.75,-0.42584036993695606,0.10383183270019303,0.08889906506974721,0.7081975330765478,1
2023-01-11,0.3741579949855804,0.3760260045528412,0.348715990781784,0.3512539863586426,1498360174.0,0.0652458082223768,0.3512409925460815,0.3477939963340759,0.3565309941768646,0.3873940110206604,0.4808120131492615,0.334535002708435,0.3495784274169376,0.34983819013550166,0.36986944923798243,0.3932070891062418,0.028222122213489034,0.025391099657592568,0.029879098701249315,0.04249085516833798,0.027310013771057184,856326910.0,737557376.0476191,886018935.3833333,1386438561.8666666,0.8377057547119353,0.014149089991213781,0.02268297370721095,0.6091998994158268,1
2023-01-12,0.3751969933509826,0.3783220052719116,0.3658689856529236,0.3738270103931427,1226464922.0,0.0027768974051785023,0.3741579949855804,0.3380390107631683,0.342846006155014,0.3951019942760467,0.4889659881591797,0.3508610129356384,0.3548867106437683,0.3510570951870509,0.3704511324564616,0.3933422889974381,0.023082316886907133,0.02535068629983083,0.028626894394789496,0.04234287143964464,0.012453019618988037,935960497.1428572,763336594.1428572,888724762.2333333,1386073791.9055555,-0.1814618786043628,0.049541992142354774,0.02348365569399702,0.5199989324455689,1
2023-01-13,0.3858039975166321,0.3864459991455078,0.3706400096416473,0.3751859962940216,990539135.0,0.028270493510397232,0.3751969933509826,0.3446449935436249,0.3450169861316681,0.3864139914512634,0.4815070033073425,0.3434120118618011,0.3607665683541979,0.3525585716678982,0.37060776551564534,0.39357780002885384,0.02358438757382449,0.025839565922037996,0.025413227024222457,0.04235680076500702,0.01580598950386053,971571313.5714285,782982307.4285715,865219109.95,1385504124.3555555,-0.1923624416548947,0.07138339278544059,-0.027272936542722337,0.4905962982778329,1
2023-01-14,0.3954429924488067,0.4078899919986725,0.3858070075511932,0.3858070075511932,1601102466.0,0.024984175887807103,0.3858039975166321,0.3442679941654205,0.3399290144443512,0.3782370090484619,0.4770100116729736,0.3661769926548004,0.3680772823946817,0.3546187622206552,0.3707231322924296,0.39374038891659835,0.02237497690687342,0.026102425216383777,0.02527878732233206,0.04211515601506226,0.022082984447479304,1152506018.142857,848492375.7142857,859128006.65,1385358108.1333334,0.616394960508047,0.020458117555646416,-0.06010468868286767,0.457183564683189,1
2023-01-15,0.3848809897899627,0.3961899876594543,0.3810519874095917,0.3954690098762512,829206058.0,-0.026709292769200643,0.3954429924488067,0.3453580141067505,0.3387629985809326,0.3519879877567291,0.4799180030822754,0.3732250034809112,0.3737234217779977,0.3564515709877014,0.3708661322792371,0.3938051443960931,0.028245332046980088,0.026632111042901467,0.025184059717679765,0.042145004741643524,0.015138000249862615,1197296928.7142856,872564082.7619047,851029697.75,1381052579.3611112,-0.4821030661007052,0.04179476916694114,-0.006427909546064647,0.4963586174663246,1
2023-01-16,0.3865759968757629,0.4050439894199371,0.3808639943599701,0.384878009557724,1454332113.0,0.004403977153366823,0.3848809897899627,0.3493399918079376,0.3485560119152069,0.3548099994659424,0.4659770131111145,0.3604840040206909,0.3790428510734013,0.35744457017807735,0.37093333204587303,0.39395009991195457,0.028557217998351155,0.023995809634635164,0.025102644617565784,0.0420631140158404,0.024179995059966986,1202192525.4285715,903822321.3333334,853165246.2333333,1380605434.1722221,0.7538850554321446,0.09924828109482631,0.03822273384596109,0.4898674292505525,1
2023-01-17,0.3877109885215759,0.3975349962711334,0.3801760077476501,0.3865970075130462,1025137174.0,0.002936011689773421,0.3865759968757629,0.3512409925460815,0.3438239991664886,0.350270003080368,0.4512270092964172,0.3670360147953033,0.38425285049847197,0.3583771884441376,0.3710107987125715,0.3940649608771005,0.028711061012535573,0.023981234788973373,0.025104402049046258,0.042044196102595396,0.017358988523483332,1232163148.857143,909531302.8095238,854497882.6833333,1379619017.6333334,-0.2951148057335099,0.05157454343475054,-0.006587379516169167,0.46493918023414116,1
2023-01-18,0.3794519901275635,0.3952090144157409,0.3713209927082062,0.387690007686615,1484076132.0,-0.021301945620643248,0.3877109885215759,0.3741579949855804,0.3477939963340759,0.3388699889183044,0.4480839967727661,0.3586040139198303,0.3850091355187552,0.3594686644417899,0.3709233487645785,0.3941807829671435,0.02078705435797766,0.02334823493950942,0.025256117918860864,0.042039019070031006,0.023888021707534735,1230122571.4285715,940219800.7142857,869709088.55,1381474869.7,0.4476854119037146,0.10077954518179588,0.041770785096419294,0.4544844072113938,1
2023-01-19,0.3937849998474121,0.3952090144157409,0.3776180148124695,0.3794189989566803,1108881766.0,0.03777292013946276,0.3794519901275635,0.3751969933509826,0.3380390107631683,0.3493730127811432,0.4610979855060577,0.3595409989356994,0.38766456501824514,0.3618943308080946,0.37145401537418365,0.39437102741665303,0.02477615171442834,0.022459286205103693,0.024491338402426115,0.0421273148851095,0.01759099960327143,1213324977.7142856,950260717.2857143,868921075.05,1382836193.8111112,-0.252813422377714,0.04143883949059557,0.0021458792216770828,0.38211453488442504,1
2023-01-20,0.413343995809555,0.4134199917316437,0.387017011642456,0.3937540054321289,1053958522.0,0.04966922551575559,0.3937849998474121,0.3858039975166321,0.3446449935436249,0.3460200130939483,0.4654699862003326,0.3592599928379059,0.3915988504886627,0.365147997935613,0.3722630987564723,0.3946714940998289,0.028802972680077733,0.024322582100108795,0.025252407937165995,0.042280447909577475,0.026402980089187678,1222384890.142857,968443523.0,850598319.8333334,1383619881.0055556,-0.04953029771435524,-0.0013378253888038927,-0.06538617081495879,0.3381734901769875,0
2023-01-21,0.403533011674881,0.4158810079097748,0.4033029973506927,0.413358986377716,1037235129.0,-0.023735639646727424,0.413343995809555,0.3954429924488067,0.3442679941654205,0.3495999872684479,0.4690330028533935,0.3373149931430816,0.39275456752095905,0.3681767597084954,0.3727209657430649,0.39503937198056105,0.030486546606757793,0.024833594193636965,0.025192733407038786,0.04206192198252648,0.012578010559082087,1141832413.4285715,1001780087.3333334,845155215.1166667,1382671715.7666667,-0.015867221196015913,0.011401797638327604,-0.012410414790018587,0.3533241937174163,1
2023-01-22,0.400967001914978,0.4110989868640899,0.3979029953479767,0.4035730063915252,780764704.0,-0.006358859586859111,0.403533011674881,0.3848809897899627,0.3453580141067505,0.3542729914188385,0.4538210034370422,0.3378159999847412,0.39505256925310406,0.37113885510535466,0.37304406563440956,0.3953902108801735,0.02801941776005225,0.02491198524152704,0.025152387093061283,0.04206637703365302,0.013195991516113226,1134912220.0,1025110366.0476191,839833587.7,1380840032.7333333,-0.24726353536373524,0.031915339573754364,-0.022600343981293625,0.31361431580574717,1
2023-01-23,0.4249430000782013,0.4311169981956482,0.4004330039024353,0.4009599983692169,1980513812.0,0.059795439646445514,0.400967001914978,0.3865759968757629,0.3493399918079376,0.3521789908409118,0.461544007062912,0.3591180145740509,0.4005335697105953,0.37477633073216393,0.37342658241589866,0.39575590524408544,0.03450044023303939,0.027009855592742067,0.025386896520390365,0.042040537377725784,0.03068399429321289,1210081034.142857,1056287827.2857143,851848182.3833333,1384542663.8,1.536633382443477,-0.07142604164847621,-0.06908452728684433,0.21836804296822976,0
2023-01-24,0.407707005739212,0.429544985294342,0.4056510031223297,0.4247770011425018,1265360172.0,-0.04056072069858174,0.4249430000782013,0.3877109885215759,0.3512409925460815,0.3463920056819916,0.4693759977817535,0.3733760118484497,0.4033901435988289,0.3778183786641984,0.3734148323535919,0.395946632987923,0.04028134392495954,0.028763614102052863,0.025875309820338404,0.04206192381891018,0.023893982172012274,1244398605.2857144,1077882486.6666667,851783684.0833334,1381350616.6944444,-0.36109500255280225,-0.003232732548232975,-0.0455646068818133,0.2704908643965003,0
2023-01-25,0.4176929891109466,0.4234749972820282,0.3995440006256103,0.4077450037002563,1104907019.0,0.024493038459393324,0.407707005739212,0.3794519901275635,0.3741579949855804,0.3657230138778686,0.4624069929122925,0.3686749935150146,0.40885314345359797,0.38114690212976365,0.37376589874426525,0.3962189551856782,0.038424719208167125,0.028969355275230924,0.02577299085239777,0.04208405508604337,0.023930996656417902,1190231589.142857,1092227023.5238094,859952223.3333334,1378006148.8166666,-0.12680433330408314,-0.009099956897569594,-0.09388709646232563,0.22962564672374808,0
2023-01-26,0.4101029932498932,0.4177640080451965,0.4077349901199341,0.4175739884376526,892174687.0,-0.018171231164805013,0.4176929891109466,0.3937849998474121,0.3751969933509826,0.3681260049343109,0.4739809930324554,0.3877640068531036,0.4111842853682381,0.3845785203434172,0.37398726542790733,0.39634306066566033,0.038580308408479355,0.028409950618406864,0.025893872486875233,0.04194046320157124,0.010029017925262396,1159273435.0,1102852969.952381,864321497.5666667,1373144449.3277779,-0.19253414843226735,-0.000868047165664465,-0.07807308499311771,0.29769599425846205,0
2023-01-27,0.4127910137176513,0.4132309854030609,0.4008980095386505,0.410097986459732,813986938.0,0.006554500971711175,0.4101029932498932,0.413343995809555,0.3858039975166321,0.3565309941768646,0.4704160094261169,0.3804579973220825,0.41110528792653767,0.38782356892313274,0.3743618155519168,0.3965226885345246,0.033657504107885886,0.02832447518181088,0.02580383860161632,0.04191547329354246,0.0123329758644104,1124991780.142857,1106315994.6190476,858236549.3833333,1370113440.1166666,-0.08763726447217612,-0.0014196119722461598,-0.08418306937103603,0.2845726017127468,0
2023-01-28,0.4081340134143829,0.4155139923095703,0.4070470035076141,0.4127979874610901,508978347.0,-0.011281738575960931,0.4127910137176513,0.403533011674881,0.3954429924488067,0.342846006155014,0.4584549963474273,0.3799760043621063,0.41176257388932364,0.3908648079349881,0.37452156593402225,0.39667912191814836,0.03248468899255412,0.02859208239943797,0.02572050118734668,0.04192556149556247,0.008466988801956232,1049526525.5714285,1114621652.3809524,850568694.3666667,1367055591.8888888,-0.3747094415905725,0.007769499233462929,-0.07110171412965804,0.28412229398150624,1
2023-01-29,0.4137639999389648,0.417136013507843,0.4073089957237243,0.4081389904022217,566580331.0,0.013794455594333677,0.4081340134143829,0.400967001914978,0.3848809897899627,0.3450169861316681,0.4659149944782257,0.3720209896564483,0.4135907164641789,0.3941222358317602,0.3746052493651708,0.396911027530829,0.03250650624147825,0.028586640394027158,0.025572040534893044,0.04190276981263104,0.009827017784118708,1018928758.0,1117045968.9047618,844455974.7,1363356452.511111,0.11317177703042836,-0.03583446848429095,-0.08849005907394714,0.29322519435858796,0
2023-01-30,0.3945910036563873,0.4203740060329437,0.3911589980125427,0.4137719869613647,1240049824.0,-0.046338000129072965,0.4137639999389648,0.4249430000782013,0.3865759968757629,0.3399290144443512,0.4645769894123077,0.3698520064353943,0.4092547169753483,0.39627704591978163,0.3745699658989906,0.397048466404279,0.026933533930473565,0.031018847654416214,0.025997076747813045,0.04205059977975041,0.029215008020401,913148188.2857143,1108473915.952381,852755285.25,1364102797.9277778,1.188656676117477,-0.004478078517541451,-0.02714709065376808,0.2942464874413129,0
2023-01-31,0.4063889980316162,0.4108830094337463,0.3896830081939697,0.3945609927177429,1026848071.0,0.029899298934606966,0.3945910036563873,0.407707005739212,0.3877109885215759,0.3387629985809326,0.450874000787735,0.3713510036468506,0.4090664301599775,0.39890314141909283,0.37473856608072914,0.3972431219286388,0.02686897100871001,0.0314424277546353,0.0262764878570193,0.04210440662571076,0.021200001239776556,879075031.0,1118545595.047619,856897705.85,1364713645.8833334,-0.1719299893227516,-0.006114848235777903,-0.07089023354975799,0.23820532361328906,0
2023-02-01,0.41389200091362,0.4154500067234039,0.3980349898338318,0.4063569903373718,1066789793.0,0.018462613206423617,0.4063889980316162,0.4176929891109466,0.3794519901275635,0.3485560119152069,0.4551349878311157,0.376594990491867,0.4085234318460737,0.40079523693947566,0.37516764948765435,0.397450327542093,0.02603076723066068,0.028677376720462135,0.026223518625747105,0.042112995181400804,0.017415016889572088,873629713.0,1097994624.5238094,866402530.1333333,1365161920.8333333,0.03889740179489509,-0.03827083857320235,-0.08751316162668377,0.22220051669397933,0
2023-02-02,0.4097470045089721,0.4185439944267273,0.409509003162384,0.4138320088386535,996287377.0,-0.01001468111366799,0.41389200091362,0.4101029932498932,0.3937849998474121,0.3438239991664886,0.5044040083885193,0.3715710043907165,0.4084725763116564,0.40244047556604656,0.37548451622327167,0.39766241643163885,0.02530711637658591,0.02886680771048398,0.026255228948858015,0.0421072242887355,0.009034991264343317,888502954.4285715,1087033789.047619,875491308.9,1367925964.5333333,-0.0660883863556051,-0.06658014777695964,-0.08769802051491216,0.24567592234043523,0
2023-02-03,0.4122050106525421,0.4135299921035766,0.4074020087718963,0.4097410142421722,848078651.0,0.005998838591914968,0.4097470045089721,0.4127910137176513,0.413343995809555,0.3477939963340759,0.4933300018310547,0.3725059926509857,0.40838886158806936,0.4036976666677566,0.3758615329861641,0.3978829665316475,0.025284554594787984,0.028358261271831026,0.026257087326324507,0.04210853519214228,0.006127983331680298,893373199.1428572,1080249956.4761906,874789624.4333333,1369808891.3222222,-0.14876101958280663,-0.07171188835760633,-0.1091956977306191,0.2589342798817609,0
2023-02-04,0.4113050103187561,0.4193490147590637,0.4083189964294433,0.4121200144290924,583121354.0,-0.0021833803824006237,0.4122050106525421,0.4081340134143829,0.403533011674881,0.3380390107631683,0.4706700146198272,0.3787539899349212,0.408841861145837,0.4044530008520399,0.3761817167202632,0.3980638055337799,0.02483331833989251,0.027947678235018758,0.026251951199438378,0.04209365066113076,0.011030018329620417,903965057.2857143,1031774665.4285715,870936358.1833333,1367322104.7277777,-0.3124206660403246,-0.06636685494626304,-0.09927914472941513,0.2236368592488167,0
2023-02-05,0.3989369869232178,0.4119159877300262,0.3963080048561096,0.4112690091133117,758068911.0,-0.03007019872175465,0.4113050103187561,0.4137639999389648,0.400967001914978,0.3446449935436249,0.4658569991588592,0.3681010007858276,0.40672371642930166,0.40512233404886155,0.376435316602389,0.3982351165678765,0.026645118077190746,0.028130793649672813,0.02640218859678945,0.042101496958046346,0.01560798287391657,931320568.7142857,1028387182.2380953,869571689.4,1348763314.2,0.3000191226061668,-0.05929507196418016,-0.046094965346153094,0.268982371569801,0
2023-02-06,0.3928239941596985,0.4034000039100647,0.3922269940376282,0.3989700078964233,950972502.0,-0.015323203823905729,0.3989369869232178,0.3945910036563873,0.4249430000782013,0.3442679941654205,0.4062420129776001,0.3810650110244751,0.4064712865012033,0.405419857729049,0.376406633357207,0.3983004442519611,0.02046708564703978,0.028377744649485694,0.026239185431484124,0.04204261111704834,0.011173009872436523,890023808.4285715,1004417676.9523809,872581281.8333334,1344420252.5722222,0.2544670915808074,-0.05383830921298305,-0.009256060206725092,0.28595250765003466,0
2023-02-07,0.403903990983963,0.4046359956264496,0.3909359872341156,0.3928270041942596,1015414418.0,0.028206008260686977,0.3928239941596985,0.4063889980316162,0.407707005739212,0.3453580141067505,0.3331809937953949,0.3805629909038543,0.40611628549439566,0.40619095308440073,0.3766524831453959,0.3984301164746284,0.020054292056283188,0.028986746901917687,0.026418604766186717,0.04209095123563696,0.013700008392333984,888390429.4285715,1003954688.5714285,877942878.75,1344014807.2944446,0.06776422647812796,-0.053222998193210524,-0.07866717126219758,0.27205724527585473,0
2023-02-08,0.3980520069599151,0.4052610099315643,0.3953340053558349,0.4038699865341186,853007396.0,-0.014488552118021136,0.403903990983963,0.41389200091362,0.4176929891109466,0.3493399918079376,0.3957050144672394,0.3799949884414673,0.403853429215295,0.40707666817165555,0.3768417164683342,0.3985304332441753,0.01862180123541085,0.028745929893629354,0.02647780348154376,0.042106734030002375,0.00992700457572937,857850087.0,973903796.3809524,886632594.0166667,1343625562.661111,-0.15994161508941662,0.008290327138080533,-0.0689105881678227,0.2926174992095556,1
2023-02-09,0.3824659883975982,0.4070909917354584,0.3772220015525818,0.398059993982315,1488178634.0,-0.039155734149800336,0.3980520069599151,0.4097470045089721,0.4101029932498932,0.3512409925460815,0.3841589987277984,0.3779639899730682,0.39995614119938433,0.40653766762642635,0.3768536662062009,0.3985554443465338,0.02264524566860349,0.028950219061330645,0.02692259050558668,0.04221104312623479,0.029868990182876587,928120266.5714285,991965552.0,905324852.6833333,1348613666.0277777,0.7446257101386258,0.007035921576376891,-0.040876838138894755,0.37536678622681463,1
2023-02-10,0.3826450109481811,0.3876270055770874,0.3786199986934662,0.3824419975280761,877457864.0,0.0004680744327958397,0.3824659883975982,0.4122050106525421,0.4127910137176513,0.3741579949855804,0.3636769950389862,0.3764509856700897,0.39573328409876135,0.4050758112044561,0.3767745162049929,0.39858985559807875,0.022101303758991653,0.02653555329573936,0.026856160518430882,0.04220943530893251,0.009007006883621216,932317297.0,983560758.7619047,905265180.8666667,1349296694.7555556,-0.41038135882819027,0.03307762116653734,-0.02437513610410924,0.3697081398279489,1
2023-02-11,0.38400799036026,0.3841109871864319,0.3809010088443756,0.3826459944248199,436697705.0,0.0035619944676699156,0.3826450109481811,0.4113050103187561,0.4081340134143829,0.3751969933509826,0.3402960002422333,0.3757739961147308,0.3918337098189762,0.4041460482847123,0.3765896161397298,0.3986356000105539,0.022557701083722504,0.02615200232572006,0.02673509158715207,0.042209367896844756,0.0032099783420562744,911399632.8571428,954963738.5714285,893588596.5333333,1345906653.1222222,-0.5023148997613862,0.027660946654176843,-0.02661920642102522,0.36998192495714055,1
2023-02-12,0.3752819895744324,0.3848640024662018,0.374451994895935,0.3839820027351379,492457255.0,-0.022723487544207832,0.38400799036026,0.3989369869232178,0.4137639999389648,0.3858039975166321,0.3764060139656067,0.3772369921207428,0.3884544244834354,0.40292295245897203,0.37640408277511594,0.39862473888529665,0.021593785072381237,0.026528424024454104,0.026745435302715864,0.0422457534084824,0.01041200757026678,873455110.5714285,941234812.4285715,886908959.6833333,1343473412.2277777,0.1276845501168824,0.029404622194353358,-0.0026726493352245972,0.4173262325277187,1
2023-02-13,0.3716750144958496,0.3781810104846954,0.3641220033168793,0.3752399981021881,1129015396.0,-0.009611372724475986,0.3752819895744324,0.3928239941596985,0.3945910036563873,0.3954429924488067,0.3885209858417511,0.379707008600235,0.38543314167431414,0.4003863817169553,0.3762947161992391,0.3985801166958278,0.02139974316363088,0.022329495117772522,0.026632872942224776,0.04225073381751391,0.014059007167816107,898889809.7142857,900687268.8095238,893396948.6666666,1341920735.6444445,1.2926160281667491,0.07224048987823606,-0.02991056938209724,0.4120803659974419,1
2023-02-14,0.382407009601593,0.3832449913024902,0.3656350076198578,0.3716109991073608,1022310518.0,0.028874674614059348,0.3716750144958496,0.403903990983963,0.4063889980316162,0.3848809897899627,0.3763009905815124,0.3709650039672851,0.3823621443339756,0.3991816199961163,0.3768016998966535,0.3986436833937962,0.021587286320071203,0.022114209297131152,0.025276396625768534,0.04226464507192858,0.01760998368263239,899874966.8571428,889113475.7619047,892745953.9166666,1342445870.3555555,-0.09451144632575059,0.024837411204501336,-0.04283919588199325,0.40792661780235284,1
2023-02-15,0.4013519883155823,0.4018619954586029,0.3772479891777038,0.3823640048503876,1072284900.0,0.049541400231462474,0.382407009601593,0.3980520069599151,0.41389200091362,0.3865759968757629,0.3825440108776092,0.3350490033626556,0.3828335702419281,0.3984034771010989,0.37757739971081417,0.39901203331020135,0.030071483345012175,0.024234471254418626,0.026010269723895738,0.04177649186989299,0.024614006280899103,931200324.5714285,887560041.5238096,900776231.4166666,1339261139.9055555,0.04888375999277361,-0.014366378364876087,-0.05224836932687549,0.40214825154386924,0
2023-02-16,0.3851569890975952,0.4036419987678528,0.3850899934768677,0.4013479948043823,1194494182.0,-0.04035111246353906,0.4013519883155823,0.3824659883975982,0.4097470045089721,0.3877109885215759,0.3830629885196686,0.3375410139560699,0.38321799891335623,0.3972155721414657,0.37815884947776796,0.39927656650543203,0.030343431504006195,0.02544500397095698,0.02652113101907381,0.041892508385365367,0.018552005290985107,889245402.8571428,901956207.9523809,915452987.35,1341184927.7833333,0.11397090642608143,0.010315293022351568,-0.027843135616328563,0.4668304584653773,1
2023-02-17,0.3953019976615906,0.3996340036392212,0.3828809857368469,0.385107010602951,969213569.0,0.026339931122020266,0.3851569890975952,0.3826450109481811,0.4122050106525421,0.3794519901275635,0.3846989870071411,0.3453019857406616,0.38502613987241474,0.39638276185308186,0.3790993829568227,0.3995543443494372,0.03175465124283355,0.026160098095198602,0.026312541147301877,0.04190280362946823,0.016753017902374268,902353360.7142857,909347952.2857143,915161359.3833333,1341927130.9833333,-0.18859917142735816,-0.04256237158038356,-0.017295663629453673,0.39105289497226137,0
2023-02-18,0.3946300148963928,0.3968490064144134,0.391882985830307,0.3953019976615906,499633442.0,-0.0016999225128455642,0.3953019976615906,0.38400799036026,0.4113050103187561,0.3937849998474121,0.3619450032711029,0.3447209894657135,0.3865435719490051,0.39573971430460614,0.37985366632541023,0.399831616712941,0.031858968263393586,0.0260686271604918,0.026058359340511778,0.041902811261612,0.00496602058410639,911344180.2857143,908902956.8095238,907950304.8333334,1339138920.9944444,-0.48449603061634394,-0.0419254158829615,-0.05068546924817008,0.4112028574220641,0
2023-02-19,0.3863170146942138,0.397614985704422,0.3861869871616363,0.3945969939231872,727659069.0,-0.021065301392144575,0.3946300148963928,0.3752819895744324,0.3989369869232178,0.413343995809555,0.3647989928722381,0.3470920026302337,0.3881200041089739,0.39443271500723703,0.38052528301874794,0.40004953344662975,0.031629553747260494,0.02617063541732181,0.026189306467041505,0.04193492944816293,0.0114279985427857,944944439.4285715,916573372.9047619,907682419.25,1338010936.2055554,0.4563858377598351,-0.02142286051430231,0.2158666963725313,0.4563090812926496,0
2023-02-20,0.3985249996185303,0.4073230028152466,0.3817490041255951,0.3863779902458191,1354318620.0,0.03160095066995594,0.3863170146942138,0.3716750144958496,0.3928239941596985,0.403533011674881,0.3760609924793243,0.3461450040340423,0.3919557162693569,0.39462004814829144,0.38134069989124936,0.40034053342209913,0.03237551936594218,0.025217027143320102,0.02644425125114238,0.04199382806519108,0.02557399868965149,977130614.2857143,922014744.1428572,918836040.55,1340215636.5277777,0.8611993963893001,-0.048704633764773075,0.060109121256808784,0.41251364763525733,0
2023-02-21,0.3919050097465515,0.401434987783432,0.3880729973316192,0.3985190093517303,1103766687.0,-0.016611228601255745,0.3985249996185303,0.382407009601593,0.403903990983963,0.400967001914978,0.3815810084342956,0.349496990442276,0.39331257343292236,0.39393033442043124,0.38196790019671123,0.4005761335293451,0.032627947918884084,0.024565197176618404,0.026519062424416828,0.04201143631624558,0.0133619904518128,988767209.8571428,925677535.3809524,927599166.0666667,1340955530.2166667,-0.1850022064970206,-0.037649456470078335,0.13509648178918088,0.40085991414546607,0
2023-02-22,0.3955860137939453,0.3963910043239593,0.3839260041713714,0.3919079899787903,1114714971.0,0.009392592479933626,0.3919050097465515,0.4013519883155823,0.3980520069599151,0.4249430000782013,0.401991993188858,0.3383699953556061,0.3924888627869742,0.39305862074806575,0.3826913505792618,0.400894000298447,0.026170816815588405,0.02427579938168696,0.02651501692444269,0.041941008984638144,0.01246500015258789,994828648.5714285,927959686.7142857,942421231.7166667,1337962376.2333333,0.00991902014161794,-0.02959408946919262,0.0766356599052076,0.3673739217747263,0
2023-02-23,0.3891299962997436,0.3974629938602447,0.3867120146751404,0.3955860137939453,917426306.0,-0.01632013587205472,0.3955860137939453,0.3851569890975952,0.3824659883975982,0.407707005739212,0.4084120094776153,0.3353469967842102,0.393056435244424,0.3920768584523882,0.383403650422891,0.4011927947402,0.021409514848031785,0.024420114440036528,0.02651368332260353,0.041955108531013564,0.010750979185104315,955247523.4285715,924204397.6190476,952316666.65,1337943520.161111,-0.17698574983972293,-0.029681621464473062,0.14284689113210702,0.37366428337947477,0
2023-02-24,0.37847700715065,0.3905470073223114,0.3741329908370971,0.3890880048274994,953355531.0,-0.02737642754450542,0.3891299962997436,0.3953019976615906,0.3826450109481811,0.4176929891109466,0.3966290056705475,0.3230949938297272,0.3906528651714325,0.3904707630475362,0.38361621697743736,0.40150047259198285,0.02070535959643437,0.02494220751773784,0.025833649510310495,0.04191402911169338,0.01641401648521429,952982089.4285715,929217582.3809524,954907440.45,1339925641.8833334,0.039163063850493174,-0.0021295978190146725,0.18585014733950667,0.44029350259666056,0
2023-02-25,0.3780849874019623,0.3794189989566803,0.3722499907016754,0.378506988286972,552223148.0,-0.001035782204153013,0.37847700715065,0.3946300148963928,0.38400799036026,0.4101029932498932,0.396820992231369,0.3337970077991485,0.38828928981508526,0.38888885719435556,0.38378220001856483,0.4017465169231096,0.02072991540655295,0.02494709502139576,0.025824000160416565,0.04184840627007374,0.007169008255004883,960494904.5714285,927746239.2380953,949023683.5333333,1337548341.1111112,-0.42075843686483005,-0.011299004834063986,0.2695319966764478,0.43466414933061914,0
2023-02-26,0.378040999174118,0.3806059956550598,0.3754200041294098,0.3780849874019623,441815645.0,-0.00011634481481681558,0.3780849874019623,0.3863170146942138,0.3752819895744324,0.4127910137176513,0.3903180062770843,0.3268690109252929,0.387107001883643,0.3878938101586841,0.38414070010185236,0.4020308057467142,0.019663150216800977,0.024209811734483316,0.02547481306550811,0.04181522029756665,0.005185991525650024,919660129.7142857,912686559.9047619,942393649.6833333,1334733714.538889,-0.19993276884510458,-0.02869266109108326,0.3624394765103942,0.45858521645058015,0
2023-02-27,0.3791149854660034,0.3800419867038727,0.3721579909324646,0.3780049979686737,1049508853.0,0.002840925439917097,0.378040999174118,0.3985249996185303,0.3716750144958496,0.4081340134143829,0.3985489904880523,0.3278700113296509,0.3843341427189963,0.38724100022088914,0.38474518309036887,0.4023155000474717,0.013184268588183966,0.02404444803954298,0.024936789365231655,0.04181518211210832,0.007883995771408081,876115877.2857143,917378767.0952381,944918421.9333333,1335660559.5444446,1.375445199546974,-0.02280043028104417,0.4338051415503261,0.546385705261258,0
2023-02-28,0.3771499991416931,0.3824329972267151,0.3730269968509674,0.3791210055351257,1000693267.0,-0.005183087980273227,0.3791149854660034,0.3919050097465515,0.382407009601593,0.4137639999389648,0.4087429940700531,0.3331939876079559,0.3822262840611594,0.38596700060935246,0.3852807333072026,0.402559700111548,0.012489708022634527,0.02307203146514179,0.024947042911409457,0.04180394325656212,0.00940600037574768,861391103.0,916677759.9047619,950394649.6833333,1336358154.6166666,-0.04651279106456474,0.00900968103336397,0.4165425133705474,0.5267427543177612,1
2023-03-01,0.383879005908966,0.3842459917068481,0.373665988445282,0.3771330118179321,912485438.0,0.017841725527208085,0.3771499991416931,0.3955860137939453,0.4013519883155823,0.3945910036563873,0.3967080116271972,0.33125901222229,0.38055385436330524,0.38529209579740253,0.3860132331649462,0.40285203340980735,0.014417069678805006,0.023344542100888585,0.02493567852736657,0.04181787844084698,0.010580003261566107,832501169.7142857,919510047.6190476,959983285.6833333,1336430998.5611112,-0.0881467197880127,0.013829841247955832,0.4027649745257338,0.5273692511716239,1
2023-03-02,0.3775799870491028,0.3841989934444427,0.3744829893112182,0.383881002664566,812536878.0,-0.016408865196855804,0.383879005908966,0.3891299962997436,0.3851569890975952,0.4063889980316162,0.3962729871273041,0.3299689888954162,0.3789038530417851,0.3850594290665218,0.386660182972749,0.4031165389551056,0.014429542898524004,0.02199714827361046,0.0250425765795736,0.041837584513114395,0.009716004133224487,817516965.7142857,887336630.6666666,968678419.4666667,1338316664.9666667,-0.10953441648238116,-0.014433976069424315,0.363263470440228,0.5940729068481252,0
2023-03-03,0.3776710033416748,0.3791559934616089,0.3598940074443817,0.3775869905948639,1204150691.0,0.0002410516862489942,0.3775799870491028,0.37847700715065,0.3953019976615906,0.41389200091362,0.3881469964981079,0.3317990005016327,0.37878870964050293,0.38482257156145006,0.3871454328298568,0.4033713834153281,0.010191371969025404,0.021996764932095014,0.024794987857768496,0.04183666011721038,0.019261986017227173,853344845.7142857,902893431.9523809,966651145.55,1342606914.3611112,0.4819643558381359,-0.01866437783250341,0.3740875543774347,0.7074411940909064,0
2023-03-04,0.3738130033016205,0.3795210123062134,0.370274007320404,0.3776710033416748,556621575.0,-0.010215240264458525,0.3776710033416748,0.3780849874019623,0.3946300148963928,0.4097470045089721,0.390735000371933,0.3329600095748901,0.37817842619759695,0.3843370959872291,0.38764524956544233,0.40359834449158766,0.010875437640861386,0.022078190196524666,0.02476381239894621,0.04184562132917492,0.009247004985809382,853973192.4285715,908604092.4285715,962396966.3833333,1341471206.5944445,-0.5377475766444584,-0.018675153469047467,0.32943479685177857,0.6775017752812447,0
2023-03-05,0.3671939969062805,0.3771269917488098,0.3667959868907928,0.3738189935684204,505577640.0,-0.017706731271729614,0.3738130033016205,0.378040999174118,0.3863170146942138,0.4122050106525421,0.3895840048789978,0.3222079873085022,0.37662885444504873,0.3839519534792219,0.38796858290831243,0.40384826676713087,0.01240751999539864,0.02185799104576752,0.024854352003082465,0.041793914325398265,0.010331004858017023,863082048.8571428,909228872.6666666,957428731.3,1336850188.9,-0.09170311984403412,0.016677804844514643,0.3711526009363211,0.7705436886301145,1
2023-03-06,0.3704710006713867,0.3732399940490722,0.3609969913959503,0.3671759963035583,1161608429.0,0.008924448092060056,0.3671939969062805,0.3791149854660034,0.3985249996185303,0.4113050103187561,0.3920939862728119,0.3373669981956482,0.37539399947438923,0.3838946194875808,0.3885091160734494,0.4040321778919961,0.013163467570617966,0.02185909682846396,0.02457349476943652,0.041658587837432565,0.012243002653121893,879096274.0,910780921.8571428,965638374.9166666,1337032433.9777777,1.2975866357539072,0.008948073452828442,0.36646323883367193,0.6003978458916717,1
2023-03-07,0.3805480003356933,0.383994996547699,0.368149995803833,0.3704400062561035,1479466647.0,0.027200508666115564,0.3704710006713867,0.3771499991416931,0.3919050097465515,0.3989369869232178,0.3837209939956665,0.3402450084686279,0.37587942821638926,0.3838060952368237,0.38910749951998386,0.4042560834023687,0.01737379677932818,0.02175158616989042,0.024686722650235627,0.041699745373340674,0.015845000743865967,947492471.1428572,932550261.3333334,977941762.0333333,1339333788.0555556,0.27363628746533486,-0.01647363253962375,0.3225611070248491,0.6088719681430259,0
2023-03-08,0.3891879916191101,0.3990600109100342,0.3737600147724151,0.3805559873580932,1881889627.0,0.022704077477204487,0.3805480003356933,0.383879005908966,0.3955860137939453,0.3928239941596985,0.3945449888706207,0.3575170040130615,0.3766378547464098,0.38322685729889644,0.38985616614421204,0.4044320333335134,0.018216942397232545,0.019350751465240984,0.02482775771540758,0.04156668034576834,0.025299996137619074,1085978783.857143,971102867.3809524,1003730596.9166666,1341523227.8055556,0.27200544251268943,-0.0735633910820922,0.32002019759273725,0.6152194711655166,0
2023-03-09,0.3721300065517425,0.3963780105113983,0.3666599988937378,0.3891760110855102,1727254553.0,-0.0438296798326242,0.3891879916191101,0.3775799870491028,0.3891299962997436,0.403903990983963,0.3891530036926269,0.357681006193161,0.37585928610392977,0.382606524796713,0.3903023660182952,0.4045123055577277,0.02466776709136266,0.019713368293081526,0.025532775020947206,0.041702632065496896,0.029718011617660522,1216652737.4285715,996472408.8571428,1023923678.0666667,1346389100.911111,-0.08217010805597047,-0.016405572336641194,0.35897674717343264,0.6713378834337038,0
2023-03-10,0.3706220090389251,0.3747110068798065,0.3598819971084595,0.3720940053462982,1450894929.0,-0.004052340543002408,0.3721300065517425,0.3776710033416748,0.37847700715065,0.3980520069599151,0.3866980075836181,0.355118989944458,0.37485228691782263,0.3814312872432527,0.39065706630547836,0.40459843344158586,0.024661596913351107,0.018658443491782542,0.0255089210932355,0.04169984641595009,0.014829009771347046,1251901914.2857144,1019409616.4761904,1024437544.6166667,1350835651.1666667,-0.15999936055748232,0.026334087353251823,0.3648244601906514,0.6777336398303284,1
2023-03-11,0.3668319880962372,0.3747009932994842,0.3620829880237579,0.3706429898738861,1051093584.0,-0.010226108677452772,0.3706220090389251,0.3738130033016205,0.3780849874019623,0.3824659883975982,0.3817490041255951,0.3594450056552887,0.3738549990313393,0.3801075716813405,0.3909169162313143,0.4046394722329245,0.02466216944490721,0.018723702494818292,0.025546013168937624,0.041699984033662166,0.012618005275726318,1322540772.7142856,1045669623.2380953,1028366724.1833333,1350688463.8722222,-0.2755549950647046,0.020720719476467364,0.41295746901880825,0.6586121566786274,1
2023-03-12,0.3733179867267608,0.3733179867267608,0.3524729907512665,0.3668270111083984,1102164948.0,0.017681115172600625,0.3668319880962372,0.3671939969062805,0.378040999174118,0.3826450109481811,0.3873940110206604,0.3336920142173767,0.3747298547199794,0.3794885703495571,0.3909029160936673,0.4048596165246433,0.02463489961385214,0.01879497923976694,0.024223686353340265,0.04136122132751803,0.02084499597549433,1407767531.0,1063503236.5238096,1021763470.4166666,1348791459.7777777,0.048588788645864245,0.040573990779368074,0.38626587068842144,0.9233897682132874,1
2023-03-13,0.3737860023975372,0.3810009956359863,0.3581419885158539,0.3733539879322052,1694593960.0,0.0012536649382470788,0.3733179867267608,0.3704710006713867,0.3791149854660034,0.38400799036026,0.3951019942760467,0.3420819938182831,0.3752034263951437,0.3783105228628431,0.3908793995777765,0.4050357499056391,0.024478291613296687,0.01722719209794139,0.024221791410568596,0.04132310674730434,0.02285900712013239,1483908321.142857,1079706824.142857,1029565621.05,1351384560.3666666,0.5375139293578768,0.0022526392347996804,0.35402346817462416,0.841184508877526,1
2023-03-14,0.3742789924144745,0.3874790072441101,0.3673180043697357,0.3737899959087372,1527899940.0,0.0013189097873520517,0.3737860023975372,0.3805480003356933,0.3771499991416931,0.3752819895744324,0.3864139914512634,0.3263350129127502,0.3743078538349696,0.3774711887041728,0.3906873161594072,0.40530210534731537,0.021758727250209636,0.0169561040124815,0.023941149481990342,0.04117037978651503,0.02016100287437439,1490827363.0,1099903645.7142856,1038521634.4666667,1351419713.1222222,-0.09836811881472773,0.25497289970418135,0.3714155082218178,0.8460827095502337,1
2023-03-15,0.3605580031871795,0.3772209882736206,0.3587599992752075,0.3743259906768799,1062482118.0,-0.03665978990373153,0.3742789924144745,0.3891879916191101,0.383879005908966,0.3716750144958496,0.3782370090484619,0.356687992811203,0.37021785548755093,0.3758031881990887,0.39010589967171344,0.4053236054049597,0.0220178452752305,0.01832485620096417,0.024162676120345,0.0406934470467259,0.018460988998413086,1373769147.4285715,1097416367.0,1029544628.6666666,1349678073.5722222,-0.30461276279649574,0.17173931353603766,0.45328355121070985,0.8581393001788102,1
2023-03-16,0.3660250008106231,0.367264986038208,0.3585369884967804,0.3606359958648681,692737535.0,0.015162602341697307,0.3605580031871795,0.3721300065517425,0.3775799870491028,0.382407009601593,0.3519879877567291,0.3770039975643158,0.3693457118102482,0.37470295031865436,0.38979163318872445,0.4052626109785503,0.01814916807066402,0.018573626928414064,0.024019199914061293,0.040490348336468945,0.008727997541427612,1225981002.0,1086716901.7142856,1027270153.2833333,1344517769.1555555,-0.3480007585407663,0.21535413366210276,0.42188095013410565,0.7314036643442259,1
2023-03-17,0.3803820013999939,0.381316989660263,0.3635930120944977,0.3660149872303009,1046497903.0,0.03922409823802964,0.3660250008106231,0.3706220090389251,0.3776710033416748,0.4013519883155823,0.3548099994659424,0.3583230078220367,0.37073999643325806,0.37479366433052785,0.38968839993079496,0.4053851609428723,0.02388457093886097,0.01980283669236191,0.024555680861295056,0.04041622973578083,0.017723977565765325,1168209998.2857144,1091152252.7619047,1020472916.45,1336521840.0722222,0.5106701313651207,0.11966919423838362,0.3707062528763658,0.5854062623251832,1
2023-03-18,0.3744330108165741,0.3878690004348755,0.3734489977359772,0.3804099857807159,867351027.0,-0.015639516490066785,0.3803820013999939,0.3668319880962372,0.3738130033016205,0.3851569890975952,0.350270003080368,0.3870730102062225,0.37182585682187763,0.3746197606836046,0.3894671003023783,0.4053149387240409,0.0245003355852228,0.02011078499661713,0.02463534287428702,0.03999746783523336,0.014420002698898315,1141961061.5714285,1106158342.2380953,1017843147.3333334,1325848023.2722223,-0.17118703772500532,0.18770512660612115,0.36506926558635877,0.6537858068924052,1
2023-03-19,0.3884649872779846,0.4000059962272644,0.374440997838974,0.374440997838974,1189636323.0,0.037475265417461934,0.3744330108165741,0.3733179867267608,0.3671939969062805,0.3953019976615906,0.3388699889183044,0.4151830077171325,0.373989714043481,0.37511614106950303,0.38961731692155194,0.40516650527715675,0.027419732421912986,0.02173266209453649,0.024951971503593597,0.03972877492662675,0.025564998388290405,1154456972.2857144,1141768850.7142856,1012935817.1833333,1310723405.4444444,0.37157423692080327,0.1553602754243626,0.370172374984292,0.6669842287392089,1
2023-03-20,0.3746280074119568,0.3921149969100952,0.3740330040454864,0.388374000787735,1074222480.0,-0.03561963193384565,0.3884649872779846,0.3737860023975372,0.3704710006713867,0.3946300148963928,0.3493730127811432,0.3968279957771301,0.37411000047411236,0.37490247544788174,0.3892980337142944,0.40504317200846135,0.031696232315223546,0.023187755048831332,0.024902471959225052,0.03968001987757872,0.01808199286460882,1065832475.1428572,1142945690.0952382,1012358162.4166666,1297796306.1166666,-0.09701607186047567,0.2812469422287065,0.31223235800207316,0.5600568954283982,1
2023-03-21,0.4697099924087524,0.4913670122623443,0.3745090067386627,0.3746190071105957,4178958939.0,0.253803728273416,0.3746280074119568,0.3742789924144745,0.3805480003356933,0.3863170146942138,0.3460200130939483,0.4851010143756866,0.38774300047329496,0.3793100941748846,0.3902374669909477,0.40495766633086727,0.10079349427809106,0.060045631977485595,0.040767581547253524,0.040715423709425116,0.11685800552368159,1444555189.2857144,1294291674.4761906,1064441502.7,1293700102.511111,2.8902173588845392,0.0965446538042487,0.010959940490526732,0.3032764979964282,1
2023-03-22,0.4224799871444702,0.4745469987392425,0.4129340052604675,0.4696510136127472,3312385991.0,-0.10055141689040659,0.4697099924087524,0.3605580031871795,0.3891879916191101,0.3985249996185303,0.3495999872684479,0.5071709752082825,0.3965889981814793,0.38114823613848003,0.3905532499154408,0.40448716084162384,0.11093884055187028,0.06483869120495545,0.042774211266489864,0.0412676656521335,0.061612993478775024,1765970028.2857144,1408572653.1904762,1102360683.7333333,1268775743.6722221,-0.2073657484194773,0.2866337624036439,0.06370959072172022,0.5165001937066365,1
2023-03-23,0.4448499977588653,0.4540849924087524,0.4154770076274872,0.422450989484787,2161421825.0,0.05294927877079658,0.4224799871444702,0.3660250008106231,0.3721300065517425,0.3919050097465515,0.3542729914188385,0.4887160062789917,0.4078497120312282,0.3843515699818021,0.3912846331795056,0.40424346079428986,0.111146604463076,0.06538376994407055,0.04326969377342597,0.04136697205741396,0.0386079847812652,1975782069.7142856,1472805269.7142856,1125371635.75,1261267231.761111,-0.34747283955651775,0.20096439337618688,0.06251768225357957,0.373382000522688,1
2023-03-24,0.4259020090103149,0.4448739886283874,0.4180339872837066,0.4448559880256653,1314887049.0,-0.04259410777567618,0.4448499977588653,0.3803820013999939,0.3706220090389251,0.3955860137939453,0.3521789908409118,0.4926269948482513,0.4143525702612741,0.3866482845374516,0.3913006166617075,0.4038727664285235,0.11464134078674319,0.06635416639195389,0.042993262235787526,0.04148612548837102,0.026840001344680786,2014123376.2857144,1478078429.6190476,1114277856.3666666,1249559982.3611112,-0.39165643939030736,0.2643566185474675,0.09183802279772446,0.4500893575632048,1
2023-03-25,0.4447160065174103,0.4636450111865997,0.4242179989814758,0.425911009311676,1832767576.0,0.04417447466569646,0.4259020090103149,0.3744330108165741,0.3668319880962372,0.3891299962997436,0.3463920056819916,0.4676780104637146,0.4243929982185364,0.3900246180239178,0.39191743334134416,0.40374519973993295,0.11364496453012235,0.06668273859654363,0.04300073335045088,0.041441090435491754,0.0394270122051239,2152040026.142857,1538847286.8095238,1123734646.4333334,1243539871.3166666,0.3938593260872554,0.1574600328517397,0.03723051966959545,0.42326788026398,1
2023-03-26,0.4488170146942138,0.4629620015621185,0.4427720010280609,0.4446749985218048,1090501588.0,0.009221633844301413,0.4447160065174103,0.3884649872779846,0.3733179867267608,0.37847700715065,0.3657230138778686,0.4487760066986084,0.43301471642085476,0.3939114283947718,0.39243616710106527,0.4037454275621307,0.11383464975181612,0.06637671294002061,0.04291218592226288,0.04133194795956976,0.02019000053405756,2137877921.142857,1566700808.142857,1123494555.9166667,1233828560.6333334,-0.40499733720736664,0.15626860914487595,0.047186217612451786,0.42827474468452453,1
2023-03-27,0.4799909889698028,0.4876129925251007,0.4438959956169128,0.4488410055637359,2730255979.0,0.0694580937329845,0.4488170146942138,0.3746280074119568,0.3737860023975372,0.3780849874019623,0.3681260049343109,0.4506720006465912,0.4480665709291185,0.39912666593279156,0.3936009670297304,0.40390831083059303,0.11126751102254256,0.06756217421658896,0.04369686024230186,0.041646679563915455,0.04371699690818792,2374454135.285714,1641398310.5238094,1154129244.1166666,1234160597.7722223,1.5036698791125467,0.03535279937538127,-0.03740485197125887,0.31721845978085583,1
2023-03-28,0.5150579810142517,0.5297560095787048,0.4702009856700897,0.4800739884376526,3163217119.0,0.07305760493486058,0.4799909889698028,0.4697099924087524,0.3742789924144745,0.378040999174118,0.3565309941768646,0.4854170083999634,0.4545448550156184,0.405531903107961,0.39530541648467377,0.4040729829006724,0.06497460370468072,0.0687275173711391,0.04460967536402574,0.04160662907207337,0.05955502390861511,2229348161.0,1721576904.4285715,1193283080.4666667,1233441013.1055555,0.15857895498816155,-0.022480919692187684,-0.09356221949190402,0.1881458202926687,0
2023-03-29,0.5435770153999329,0.5803999900817871,0.5149620175361633,0.5150049924850464,4092945977.0,0.05537053193413577,0.5150579810142517,0.4224799871444702,0.3605580031871795,0.3791149854660034,0.342846006155014,0.479773998260498,0.4718444304806845,0.4128837613832383,0.3975627998510996,0.4044274441070026,0.04103428157233509,0.0692406705782367,0.04503524973676475,0.041790789268957226,0.06543797254562378,2340856730.428571,1826865302.047619,1253015874.3,1235177630.0277777,0.293918761508827,-0.06869681916385706,-0.11646188491321385,0.14897054281008315,0
2023-03-30,0.5342490077018738,0.5542230010032654,0.5271919965744019,0.5436689853668213,2694676898.0,-0.017160415973799137,0.5435770153999329,0.4448499977588653,0.3660250008106231,0.3771499991416931,0.3450169861316681,0.4751099944114685,0.48461571761539995,0.42060371381895884,0.39957088331381474,0.4047559941808382,0.04496754756023812,0.0682851817025102,0.04511834884228341,0.04180566531110956,0.027031004428863525,2417036026.571429,1872933032.7619047,1288484150.4166667,1241569958.211111,-0.34162900924113515,-0.05793370255369423,-0.10452057861853303,0.18062924101641697,0
2023-03-31,0.5384920239448547,0.5469229817390442,0.5285580158233643,0.5343160033226013,1934253477.0,0.007942019885507579,0.5342490077018738,0.4259020090103149,0.3803820013999939,0.383879005908966,0.3399290144443512,0.448850005865097,0.5007000054631915,0.4285975240525745,0.40196923365195586,0.4052540053923924,0.034763503438165755,0.06812909078077102,0.044608780468342116,0.04159105628447318,0.01836496591567993,2505516944.857143,1895950106.4761906,1300054211.3,1243848318.4555554,-0.2821946562737778,-0.04597285242169458,-0.12286165861429377,0.15477291954294237,0
2023-04-01,0.5147410035133362,0.5384719967842102,0.5015389919281006,0.5384719967842102,1829835076.0,-0.04410654081285115,0.5384920239448547,0.4447160065174103,0.3744330108165741,0.3775799870491028,0.3387629985809326,0.4628790020942688,0.5107035764626094,0.4356408105010078,0.40377510040998454,0.4055421276224983,0.04516130666200469,0.06927181063139984,0.04496140580510913,0.041672640412582736,0.03693300485610962,2505098016.285714,1933033034.6666667,1313437328.05,1243722132.4055555,-0.05398382489246001,-0.017533045983167295,-0.09669912450565488,0.2224109044073006,0
2023-04-02,0.5189530253410339,0.5284950137138367,0.5035210251808167,0.5099610090255737,1488648839.0,0.008182798337316832,0.5147410035133362,0.4488170146942138,0.3884649872779846,0.3776710033416748,0.3485560119152069,0.4801740050315857,0.5207230065550122,0.4425758123397827,0.40552611748377476,0.40575756662421747,0.04521185600210506,0.06930753053797237,0.04492830529634465,0.04158875321690084,0.02497398853302002,2561976195.0,1951437029.4761906,1320468312.15,1239813402.5166667,-0.18645737065322276,-0.025279825493043417,-0.10405954709922494,0.17786763056522603,0
2023-04-03,0.4969600141048431,0.5231670141220093,0.4869489967823028,0.5189329981803894,1655872706.0,-0.0423795799662946,0.5189530253410339,0.4799909889698028,0.3746280074119568,0.3738130033016205,0.3438239991664886,0.4896830022335052,0.5231471530028752,0.44844124146870207,0.40697966764370597,0.4057979944679471,0.0453324590572528,0.07047625583192556,0.04530069350477309,0.041692083205465094,0.036218017339706476,2408492870.285714,1949593160.2380953,1331461400.9666667,1235231971.1222222,0.11233264865361581,0.04297726727415929,-0.06734145672879333,0.17809483790040215,1
2023-04-04,0.50347900390625,0.5076410174369812,0.488974004983902,0.4968900084495544,1230443035.0,0.013117735061943359,0.4969600141048431,0.5150579810142517,0.4697099924087524,0.3671939969062805,0.3477939963340759,0.4931840002536773,0.5214930134160178,0.4545936229683104,0.40850090086460106,0.40585518893268363,0.03500511172870111,0.07040169863811563,0.045314914019828005,0.041699433703191936,0.018667012453079224,2132382286.857143,1935428545.7142856,1337834140.7,1231439207.0333333,-0.25692172439250294,0.027883943318887106,-0.08323286345314584,0.14188876587313604,1
2023-04-05,0.5062350034713745,0.525638997554779,0.5000640153884888,0.50348299741745,1402532299.0,0.005473911610498261,0.50347900390625,0.5435770153999329,0.4224799871444702,0.3704710006713867,0.3380390107631683,0.5182780027389526,0.5161584402833667,0.4615306229818435,0.41008306741714473,0.4057882833811971,0.02479651586623097,0.06940726548347875,0.04530719093174989,0.04153274480813148,0.025574982166290283,1748037475.7142856,1951621411.4761906,1351490989.7833333,1224633930.961111,0.13985959455652486,-0.00023701274923726423,-0.07592326061724108,0.17268857231196577,0
2023-04-06,0.5032979846000671,0.5090129971504211,0.4945249855518341,0.5062569975852966,1077113140.0,-0.005801690620299893,0.5062350034713745,0.5342490077018738,0.4448499977588653,0.3805480003356933,0.3446449935436249,0.5171129703521729,0.5117368655545371,0.4680674317337218,0.41182241737842556,0.4057115334603521,0.024609123063456095,0.0696067550809908,0.045102060019774175,0.04153500135681987,0.014488011598587036,1516956938.857143,1969925011.7142856,1356808393.6,1220778659.2222223,-0.23202257747078092,0.01985708328778779,-0.08692459763150828,0.1673461876027289,1
2023-04-07,0.5137360095977783,0.5141649842262268,0.4991079866886139,0.503305971622467,1060408546.0,0.020739254511431326,0.5032979846000671,0.5384920239448547,0.4259020090103149,0.3891879916191101,0.3442679941654205,0.5340610146522522,0.5082002920763833,0.4744176226002829,0.41383761763572685,0.405598616765605,0.026419059328001916,0.06943376143597148,0.045069491078996375,0.041492723420915055,0.015056997537612915,1392121948.7142856,1970587423.2857144,1358632327.6666667,1216729778.9333334,-0.015508671633139626,0.01996551828157589,-0.12335521506985692,0.1549511199597171,1
2023-04-08,0.5057160258293152,0.513729989528656,0.5044410228729248,0.513729989528656,587641054.0,-0.015611099122178063,0.5137360095977783,0.5147410035133362,0.4447160065174103,0.3721300065517425,0.3453580141067505,0.4970139861106872,0.5069110095500946,0.4806691947437468,0.4155344848831494,0.4056469614307085,0.021348895102061262,0.06943310342009576,0.0450488609342072,0.04117843296919364,0.009288966655731201,1214665659.857143,1957267900.7619047,1351502771.6,1206888413.8333333,-0.44583523377224843,0.029122964952471575,-0.15186592456108539,0.1762214351405449,1
2023-04-09,0.5058339834213257,0.5091429948806763,0.5009269714355469,0.5056939721107483,550582813.0,0.0002332486731404515,0.5057160258293152,0.5189530253410339,0.4488170146942138,0.3706220090389251,0.3493399918079376,0.4853970110416412,0.505036860704422,0.4862581945600964,0.41733085115750623,0.4057605001661512,0.020903534394360792,0.06934695123357747,0.04498272773392702,0.04113820825602624,0.008216023445129395,1080656227.5714285,1926836781.2380953,1346462361.8833334,1197148634.6111112,-0.0630627161729922,0.03075713552110959,-0.15014011688701312,0.21678265892384663,1
2023-04-10,0.5183179974555969,0.5196729898452759,0.5012590289115906,0.5057929754257202,914389505.0,0.024680061924334806,0.5058339834213257,0.4969600141048431,0.4799909889698028,0.3668319880962372,0.3512409925460815,0.4883700013160705,0.5080880011831012,0.49310057503836496,0.4195950513084729,0.4059268779224819,0.01447184297343094,0.06839864522682912,0.044676314111798406,0.04117423059304799,0.018413960933685303,974730056.0,1919225687.1904762,1336899209.7333333,1194589540.9722223,0.6607665248715273,-0.013873726947988163,-0.16870915403787046,0.18424785471553196,0
2023-04-11,0.5175179839134216,0.5263059735298157,0.513293981552124,0.5183079838752747,1206362804.0,-0.0015434801533084075,0.5183179974555969,0.50347900390625,0.5150579810142517,0.3733179867267608,0.3741579949855804,0.4808120131492615,0.5100935697555542,0.4953771460623968,0.4218429341912269,0.4061307999822828,0.01435050995127216,0.04186375410800212,0.04468128251612158,0.04115588888864952,0.01301199197769165,971290023.0,1777673490.2857144,1342380958.7333333,1185512547.7833333,0.319309547412183,0.028493715700446565,-0.18480322109583291,0.1933130865022803,1
2023-04-12,0.5061150193214417,0.5179960131645203,0.5014150142669678,0.5175660252571106,1063340695.0,-0.022033948474122322,0.5175179839134216,0.5062350034713745,0.5435770153999329,0.3737860023975372,0.3751969933509826,0.4889659881591797,0.5100764291627067,0.4993597666422526,0.42387805134057993,0.40622607237762864,0.017341939114644413,0.03483817277691855,0.04482648478390142,0.04117524996647299,0.01658099889755249,922834079.5714285,1670576095.2380953,1352825008.5666666,1179285857.6388888,-0.11855646454430968,-0.02868127841986079,-0.14897209476021134,0.20304665971280156,0
2023-04-13,0.5132920145988464,0.5147719979286194,0.5025910139083862,0.5051820278167725,963105081.0,0.01418056173679072,0.5061150193214417,0.5032979846000671,0.5342490077018738,0.3742789924144745,0.3858039975166321,0.4815070033073425,0.5115041477339608,0.5026189103012993,0.4261782184243202,0.40640265577369256,0.017846861832945718,0.03340196631443146,0.04468520772439544,0.041168733163379954,0.012180984020233154,906547214.0,1613513393.142857,1360669139.0,1179956434.8833334,-0.09426481509766726,-0.07487751130421483,-0.1722002422078749,0.068424943950673,0
2023-04-14,0.5239930152893066,0.5438410043716431,0.5124769806861877,0.5133349895477295,1597156518.0,0.02084778330094106,0.5132920145988464,0.5137360095977783,0.5384920239448547,0.3605580031871795,0.3954429924488067,0.4770100116729736,0.512969434261322,0.5072899106002989,0.42871685177087776,0.40666367246045,0.017864930355076237,0.03147095939682254,0.04467618969260609,0.04118713809021339,0.03136402368545532,983225495.7142857,1626954796.4285715,1368471491.0333333,1183113080.788889,0.6583408700758375,-0.1423625867122641,-0.18727926649819404,-0.0823942822458602,0
2023-04-15,0.5204439759254456,0.5258049964904785,0.5182769894599915,0.5239729881286621,670556486.0,-0.006773066167497621,0.5239930152893066,0.5057160258293152,0.5147410035133362,0.3660250008106231,0.3848809897899627,0.4799180030822754,0.5150734271321978,0.510896004381634,0.4310174678762753,0.40688881675402316,0.016600898226244245,0.030689810916953397,0.04461264477900126,0.041190012491026794,0.0075280070304870605,995070557.4285715,1571611411.1904762,1362608923.8333333,1178633570.5,-0.5801560595703621,-0.09181197125246576,-0.17846681267272757,-0.031100367504195425,0
2023-04-16,0.5213919878005981,0.5242540240287781,0.517238974571228,0.5204300284385681,631212313.0,0.001821544525454133,0.5204439759254456,0.5058339834213257,0.5189530253410339,0.3803820013999939,0.3865759968757629,0.4659770131111145,0.5172959991863796,0.5143519554819379,0.43301813453435894,0.4071966777245203,0.016547979402902976,0.03071703566482542,0.04424818716428306,0.041127278481000534,0.007015049457550049,1006589057.4285715,1549740493.3333333,1355257714.05,1174471875.4222221,-0.058673913117589294,-0.1081259046864329,-0.1533778885090219,-0.0453804204306919,0
2023-04-17,0.5111269950866699,0.5213609933853149,0.5082759857177734,0.5213609933853149,1021376248.0,-0.019687668690938853,0.5213919878005981,0.5183179974555969,0.4969600141048431,0.3744330108165741,0.3877109885215759,0.4512270092964172,0.5162687131336757,0.515834622439884,0.43511763463417685,0.407529455423355,0.015997630763011635,0.027759053526812384,0.043966665309572175,0.041083126670018046,0.013085007667541504,1021872877.8571428,1468365268.047619,1352372415.15,1172176927.1944444,0.6181183842020521,-0.09753736550889025,-0.12235315012160519,-0.02823561144535336,0
2023-04-18,0.532263994216919,0.5359619855880737,0.5106170177459717,0.511135995388031,1169237634.0,0.04135371313476588,0.5111269950866699,0.5175179839134216,0.50347900390625,0.3884649872779846,0.3794519901275635,0.4480839967727661,0.5183752860341754,0.5166539564019158,0.43740033457676564,0.40799712207582256,0.022883950226028054,0.024442966268387475,0.04412908540017584,0.04118516793473728,0.02534496784210205,1016569282.1428572,1373413864.0,1355706149.5666666,1169156064.3666666,0.14476681466749763,-0.11698894322315534,-0.135205480280424,-0.07030906701390427,0
2023-04-19,0.4915989935398102,0.5343829989433289,0.4892579913139343,0.532247006893158,2047949057.0,-0.07640005921673554,0.532263994216919,0.5061150193214417,0.5062350034713745,0.3746280074119568,0.3937849998474121,0.4610979855060577,0.5163015680653709,0.5141788125038147,0.43901648422082257,0.4081665721204545,0.037711094558547945,0.02681502317053569,0.04538188447938971,0.04154353372813229,0.04512500762939453,1157227619.5714285,1276033058.2857144,1381511409.8166666,1171395157.711111,0.7515250941708911,-0.06013437140523159,-0.048041187427346865,0.023157046011521354,0
2023-04-20,0.4748579859733581,0.4988270103931427,0.4686709940433502,0.4915199875831604,1484251970.0,-0.03405419414288602,0.4915989935398102,0.5132920145988464,0.5032979846000671,0.4697099924087524,0.413343995809555,0.4654699862003326,0.5108109925474439,0.5113506686119805,0.440492167075475,0.4082187276747491,0.038338796458219485,0.027461807432106442,0.04553716444446088,0.041621667913780865,0.03015601634979248,1231677175.142857,1218393776.0,1394121291.5,1174725130.4222221,-0.2752495649602479,-0.01682602602426697,-0.012165682686701484,0.060919353391169384,0
2023-04-21,0.449396014213562,0.478769987821579,0.4427390098571777,0.4748739898204803,1412575276.0,-0.053620182269030314,0.4748579859733581,0.5239930152893066,0.5137360095977783,0.4224799871444702,0.403533011674881,0.4690330028533935,0.5001542781080518,0.5071080014819189,0.4413400173187255,0.4081096332934167,0.038549908404217056,0.02921533810420252,0.046000944126185286,0.041816657404133324,0.0360309779644013,1205308426.2857144,1193551956.9047618,1395092235.7666667,1177289580.261111,-0.04829145956936143,0.06870331823353282,0.018144297572793455,0.1777874835502189,1
2023-04-22,0.4726609885692596,0.4745349884033203,0.4467670023441314,0.4494009912014007,948350839.0,0.0517694274534477,0.449396014213562,0.5204439759254456,0.5057160258293152,0.4448499977588653,0.400967001914978,0.4538210034370422,0.49332813705716816,0.5051041912464868,0.442685950299104,0.4082142998774846,0.047479773313452996,0.030767327661121658,0.04635316772412846,0.04191579754004942,0.0277679860591889,1244993333.857143,1151576517.047619,1392501971.6333334,1175371875.2722223,-0.3286369547076796,0.012160943805911373,-0.023399433702834038,0.11005568708597968,1
2023-04-23,0.4650160074234009,0.4726600050926208,0.4558640122413635,0.4726600050926208,745785219.0,-0.016174343410485403,0.4726609885692596,0.5213919878005981,0.5058339834213257,0.4259020090103149,0.4249430000782013,0.461544007062912,0.4852744255747114,0.5025357618218376,0.44384311685959493,0.4082335887683762,0.04704843087247401,0.030760216493318226,0.04642130026307747,0.0419182961705392,0.01679599285125727,1261360891.857143,1116202058.952381,1386353142.4333334,1170593091.9444444,-0.2135977653729898,0.01573277735009171,0.0008902576549596475,0.19744916283351488,1
2023-04-24,0.4612730145454407,0.4825330078601837,0.4510360062122345,0.4650169909000397,1287683583.0,-0.00804916996019056,0.4650160074234009,0.5111269950866699,0.5183179974555969,0.4447160065174103,0.407707005739212,0.4693759977817535,0.4781524283545358,0.5008363808904375,0.44504550049702324,0.4081885721948411,0.04707148461801252,0.029549078930207875,0.04637312968144936,0.041906173846291424,0.03149700164794922,1299404796.857143,1098669243.5714285,1392524097.05,1169744256.4277778,0.7266145133938355,0.008006071165105766,-0.016614942969115698,0.1818575227387642,1
2023-04-25,0.4699949920177459,0.4714950025081634,0.4520480036735534,0.4612649977207184,1120038773.0,0.01890849279553075,0.4612730145454407,0.532263994216919,0.5175179839134216,0.4488170146942138,0.4176929891109466,0.4624069929122925,0.4692568566117968,0.4992419041338421,0.4465708002448082,0.40823072774542696,0.04331941702968701,0.029734627452229538,0.046230012864852926,0.04191149016946526,0.019446998834609985,1292376388.142857,1093411897.7619047,1395302151.0833333,1166550799.2277777,-0.1301909973950487,-0.010731994053422067,-0.03459820175943373,0.12214814892315773,0
2023-04-26,0.4620369970798492,0.482481986284256,0.441330999135971,0.4699879884719848,1585410692.0,-0.016932084539309833,0.4699949920177459,0.4915989935398102,0.5061150193214417,0.4799909889698028,0.4101029932498932,0.4739809930324554,0.4650337142603738,0.4971372371628171,0.4479700004061063,0.4081643722123569,0.034646828445271,0.029823066300770213,0.046308334001806256,0.041893461190055166,0.04115098714828497,1226299478.857143,1102120392.6666667,1412521943.4833333,1168680901.7555556,0.415496258003204,0.0031534395479595467,0.015373219365133695,0.13738073656024508,1
2023-04-27,0.4668680131435394,0.4692809879779815,0.4573900103569031,0.4620530009269714,1631460643.0,0.01045590741482405,0.4620369970798492,0.4748579859733581,0.5132920145988464,0.5150579810142517,0.4127910137176513,0.4704160094261169,0.46389228957039963,0.49540247661726816,0.44945045063893,0.4081446611218981,0.0331877551457392,0.02998214255146318,0.04631122810387625,0.04189515749256794,0.011890977621078436,1247329289.2857144,1128517892.8095238,1432349360.1166666,1169940208.6222222,0.02904607066949194,-0.011341553226770773,0.011517162149593752,0.12689669286459027,0
2023-04-28,0.4802710115909576,0.4810959994792938,0.4646219909191131,0.4668850004673004,1145414603.0,0.02870832455873873,0.4668680131435394,0.449396014213562,0.5239930152893066,0.5435770153999329,0.4081340134143829,0.4584549963474273,0.46830300348145615,0.49380890528361004,0.4511363844076792,0.4082658612065844,0.025528464803647732,0.03034766205415719,0.04641571282668406,0.04190007278262586,0.01647400856018072,1209163478.857143,1132565800.2857144,1433947789.2833333,1170943546.3222222,-0.29792078778329434,-0.02596663117434128,0.0054510577298318985,0.07808921764088761,0
2023-04-29,0.4784089922904968,0.4850609898567199,0.4757260084152221,0.4802370071411133,611537970.0,-0.0038770178826588175,0.4802710115909576,0.4726609885692596,0.5204439759254456,0.5342490077018738,0.4137639999389648,0.4659149944782257,0.4691241468702043,0.4925085703531901,0.45282403429349266,0.4083352723055415,0.017771035478145986,0.030206876515839812,0.046411190411997934,0.04188625350059479,0.009334981441497803,1161047354.7142856,1133703748.6666667,1427461867.6666667,1166218713.1166666,-0.46609902789933266,-0.039422299318085385,0.0329049080836159,0.06682148133944965,0
2023-04-30,0.4723320007324219,0.4818159937858581,0.4709540009498596,0.4783770143985748,556459700.0,-0.012702502787374281,0.4784089922904968,0.4650160074234009,0.5213919878005981,0.5384920239448547,0.3945910036563873,0.4645769894123077,0.47016928877149305,0.49091323784419466,0.4542982508738836,0.40837835570176434,0.01722374937834095,0.030286579896366413,0.04643504043375031,0.04189773553506388,0.01086199283599848,1134000852.0,1133983600.4285715,1421528105.3666666,1162235546.1,-0.09006516798948727,-0.046509673394228845,0.10502363833498896,0.09124937408636802,0
2023-05-01,0.4649659991264343,0.4725790023803711,0.4571819901466369,0.4722050130367279,941003865.0,-0.015594966241045394,0.4723320007324219,0.4612730145454407,0.5111269950866699,0.5147410035133362,0.4063889980316162,0.450874000787735,0.4706968579973493,0.48837266649518696,0.45575468440850575,0.4084566445814238,0.01819259805691188,0.0297284537683258,0.046428961060382475,0.04185410428244774,0.015397012233734186,1084475178.0,1135250950.9047618,1423669221.8166666,1159786381.8166666,0.6910548329016459,-0.07753471263012246,0.11273946955678471,0.07548730360275524,0
2023-05-02,0.4649510085582733,0.4658290147781372,0.4594359993934631,0.4649760127067566,903846077.0,-3.2240138395422946e-05,0.4649659991264343,0.4699949920177459,0.532263994216919,0.5189530253410339,0.41389200091362,0.4551349878311157,0.46997628893171034,0.48586947719256085,0.45720935116211575,0.408511178029908,0.0164598757840914,0.029738388647031523,0.04642939610490744,0.041849402514060455,0.006393015384674128,1053590507.1428572,1120845392.4761906,1418664144.9166667,1158769279.55,-0.03948739147846114,-0.07541224319949913,0.09111927332102776,0.11194515128259308,0
2023-05-03,0.4634940028190613,0.4652589857578277,0.4514360129833221,0.4649589955806732,1049175706.0,-0.003133675833352778,0.4649510085582733,0.4620369970798492,0.4915989935398102,0.4969600141048431,0.4097470045089721,0.5044040083885193,0.47018443260874065,0.48383990497816176,0.45870403448740643,0.40828390022118877,0.015059957223445896,0.029471126985940437,0.046400443228740436,0.04107044727025657,0.013822972774505615,976985509.1428572,1120170869.1904762,1426873380.4333334,1149185666.1388888,0.1607902415003788,-0.07038062205420981,0.13353567882467132,0.11830794176904513,0
2023-05-04,0.4615730047225952,0.4649739861488342,0.4560190141201019,0.4634880125522613,752455291.0,-0.004144601839036088,0.4634940028190613,0.4668680131435394,0.4748579859733581,0.50347900390625,0.4122050106525421,0.4933300018310547,0.46942800283432007,0.48137709498405457,0.46027701795101167,0.4081074724594751,0.014457774306216788,0.029183210320361634,0.04632300011430282,0.041037853636188885,0.0089549720287323,851413316.0,1110139926.8095238,1430988007.95,1146609344.2944446,-0.2828128913995269,-0.08599725461685392,0.1251762998278647,0.15235081502755077,0
2023-05-05,0.4677999913692474,0.4697830080986023,0.4582580029964447,0.4615640044212341,857113580.0,0.013490794701901176,0.4615730047225952,0.4802710115909576,0.449396014213562,0.5062350034713745,0.4113050103187561,0.4706700146198272,0.4676464285169329,0.478701236702147,0.461899167795976,0.4080915278858608,0.00941682558378532,0.028904850109294614,0.04633362965615479,0.040901444465372014,0.011525005102157593,810227455.5714285,1074899786.9047618,1425913093.8,1146144335.5833333,0.13908904655439525,-0.07926889129943548,0.14559861800805685,0.13382854796240484,0
2023-05-06,0.4595490097999573,0.4690810143947601,0.4547640085220337,0.4678210020065307,592275764.0,-0.017637840362372703,0.4677999913692474,0.4784089922904968,0.4726609885692596,0.5032979846000671,0.3989369869232178,0.4658569991588592,0.4649521453039987,0.47580147641045706,0.46321585128704706,0.40805648350053353,0.010792511437701371,0.029035410546502025,0.046329167183084004,0.04091631343661745,0.014317005872726385,807475711.8571428,1071172133.4761904,1411126579.0833333,1140585097.7,-0.30898800600032494,-0.07539131561502388,0.1106410116896952,0.15283465411527142,0
2023-05-07,0.4503639936447143,0.4610390067100525,0.4502489864826202,0.4594990015029907,440082859.0,-0.01998702197017299,0.4595490097999573,0.4723320007324219,0.4650160074234009,0.5137360095977783,0.3928239941596985,0.4062420129776001,0.4618138585771833,0.4724191909744626,0.4642354513208071,0.40830160561535084,0.01187907745471503,0.029150175524333976,0.04636696874277324,0.03979496533411344,0.010790020227432306,790850448.8571428,1062070730.9047619,1387096466.2833333,1120892353.2333333,-0.2569629119586936,-0.0544093361253406,0.17785613644731635,0.20024473739169668,0
2023-05-08,0.4289149940013885,0.4517369866371155,0.4185529947280884,0.4503459930419922,1307982057.0,-0.04762592024673851,0.4503639936447143,0.4649659991264343,0.4612730145454407,0.5057160258293152,0.403903990983963,0.3331809937953949,0.45666371498789105,0.4685043337799254,0.46518186777830123,0.4088334611720508,0.019556070737561913,0.030391343373460063,0.04643508251038784,0.037591176954327836,0.0331839919090271,843275904.8571428,1075718626.5714285,1380108591.35,1107920400.161111,1.9721267944225929,-0.0031544610307435716,0.21149410863633333,0.22342184709712676,0
2023-05-09,0.4298880100250244,0.4301579892635345,0.4219050109386444,0.4288890063762665,911350658.0,0.0022685521309444567,0.4289149940013885,0.4649510085582733,0.4699949920177459,0.5058339834213257,0.3980520069599151,0.3957050144672394,0.45165471519742695,0.4636292869136447,0.4661696344614029,0.4090233667029274,0.019794809871631514,0.02835463984630466,0.04642514812696868,0.034922999798768756,0.008252978324890081,844347987.8571428,1063438294.3809524,1371116186.8333333,1095737770.661111,-0.30323917432760317,0.026830186774748244,0.22019227089631577,0.20317376202178372,1
2023-05-10,0.4308730065822601,0.4336960017681122,0.4178250133991241,0.4298050105571747,1068763583.0,0.0022912864147532908,0.4298880100250244,0.4634940028190613,0.4620369970798492,0.5183179974555969,0.3824659883975982,0.3841589987277984,0.4469945728778839,0.46073757324899944,0.46723698476950326,0.4092828889687855,0.020253497506960847,0.023963212444255942,0.046390687686175956,0.034849560298527815,0.015870988368988093,847146256.0,1016810414.6666666,1371410686.8166666,1092118649.288889,0.17272487117686364,0.04111650131877842,0.2484351763029513,0.20924028090500446,1
2023-05-11,0.4218789935111999,0.4308860003948211,0.4129619896411896,0.4308860003948211,906511894.0,-0.02087393021531292,0.4308730065822601,0.4615730047225952,0.4668680131435394,0.5175179839134216,0.3826450109481811,0.3636769950389862,0.4413239998476846,0.4582147640841348,0.46804633488257724,0.4096062334047423,0.020407402643973137,0.023356181358111877,0.04646036174557458,0.03464926561408842,0.017924010753631536,869154342.1428572,989298982.4761904,1368149802.5833333,1091977402.7944446,-0.15181251642628246,0.09106874796463105,0.20460839324352875,0.1907158211658595,1
2023-05-12,0.4307180047035217,0.439969003200531,0.4177199900150299,0.4218029975891113,1174284548.0,0.020951531904342513,0.4218789935111999,0.4677999913692474,0.4802710115909576,0.5061150193214417,0.38400799036026,0.3402960002422333,0.43602657318115234,0.4573253350598471,0.468995201587677,0.41010857787397165,0.022119101865708778,0.021222854539078313,0.04651714082654268,0.03432749536415581,0.0222490131855011,914464480.4285715,977951804.9523809,1359477979.05,1092589454.1111112,0.29538791026607303,0.08651597806828981,0.21012118458691376,0.1747245355093634,1
2023-05-13,0.424903005361557,0.4309450089931488,0.4247139990329742,0.4307200014591217,389293055.0,-0.013500711088145323,0.4307180047035217,0.4595490097999573,0.4784089922904968,0.5132920145988464,0.3752819895744324,0.3764060139656067,0.4310771439756666,0.4550511453832899,0.46983893513679503,0.41037800560394916,0.02198312466283689,0.01742382821323792,0.04656748188384336,0.03344466525046637,0.006231009960174616,885466950.5714285,951330005.7142857,1340501197.6333334,1081413980.6833334,-0.6684849037117706,0.10397198531370999,0.23727299386514167,0.17550357607804346,1
2023-05-14,0.4258599877357483,0.4313369989395141,0.4231519997119903,0.4248720109462738,369801280.0,0.0022522372450084482,0.424903005361557,0.4503639936447143,0.4723320007324219,0.5239930152893066,0.3716750144958496,0.3885209858417511,0.42757657170295715,0.4531865730172112,0.47092730154593787,0.41058544450336026,0.022062104450656872,0.0172918794116631,0.04627421597734868,0.03336408547719964,0.008184999227523804,875426725.0,933426008.6190476,1328956517.0,1072543050.7722223,-0.05006967052109368,0.0744141323448213,0.22126052084434078,0.18560564442817773,1
2023-05-15,0.4275619983673095,0.4302929937839508,0.4228279888629913,0.4258610010147095,749923785.0,0.003996643687073309,0.4258599877357483,0.4289149940013885,0.4649659991264343,0.5204439759254456,0.382407009601593,0.3763009905815124,0.4273832866123744,0.45158128653253826,0.4719529181718826,0.410870227879948,0.013462432133591126,0.017351800940409595,0.04625003629562844,0.03327572653269123,0.007465004920959528,795704114.7142857,907818399.1904762,1329909621.1666667,1069403157.4,1.027910192739192,0.07961182440438841,0.12315872750338075,0.16915673399969333,1
2023-05-16,0.4414219856262207,0.4414339959621429,0.4202069938182831,0.4275999963283539,963282009.0,0.032416321637182444,0.4275619983673095,0.4298880100250244,0.4649510085582733,0.5213919878005981,0.4013519883155823,0.3825440108776092,0.4290309974125453,0.45022066718056086,0.47297025124231973,0.4111973277396625,0.018374676166411533,0.018438882600883184,0.046169380477013716,0.033337371443431144,0.021227002143859808,803122879.1428572,900353791.3809524,1328522689.6,1067386950.7611111,0.2845065435549561,0.0543878797142574,0.08766219649595075,0.17575472951587345,1
2023-05-17,0.4485889971256256,0.4595910012722015,0.4388810098171234,0.4414089918136596,1518727788.0,0.016236190613019508,0.4414219856262207,0.4308730065822601,0.4634940028190613,0.5111269950866699,0.3851569890975952,0.3830629885196686,0.4315618532044546,0.4495802862303598,0.4742061843474706,0.4115613611208067,0.018914968013734424,0.01858953905108506,0.04612922812725854,0.03335589397539979,0.02070999145507807,867403479.8571428,897178415.0,1339378968.95,1070573332.9888889,0.5766180348126901,0.01119062799604209,0.06053202104231081,0.14960023316271975,1
2023-05-18,0.4602989852428436,0.4712519943714142,0.4438329935073852,0.4485670030117035,1356400752.0,0.02610404667134225,0.4485889971256256,0.4218789935111999,0.4615730047225952,0.532263994216919,0.3953019976615906,0.3846989870071411,0.4370504234518323,0.44926747537794565,0.47540341764688493,0.4119813611110051,0.01591826790660839,0.01937868108209933,0.0460125506381384,0.033406024721457366,0.027419000864028986,931673316.7142857,884080324.9523809,1342158376.1,1074934427.2777777,-0.10688356220423612,-0.014262414203210838,0.04234425338672776,0.13796472674033033,0
2023-05-19,0.4679819941520691,0.4738000035285949,0.4585300087928772,0.4602769911289215,1083307614.0,0.01669134444250875,0.4602989852428436,0.4307180047035217,0.4677999913692474,0.4915989935398102,0.3946300148963928,0.3619450032711029,0.44237385051591055,0.4486822840713319,0.47695931742588676,0.4125704555047882,0.015626141079337096,0.018636423866382354,0.04574771685318191,0.03311345438141251,0.015269994735717718,918676611.8571428,881122849.2857143,1342309795.0,1074529677.488889,-0.20133661648102652,0.0024744521224464577,0.041862729551986444,0.1141241059755318,1
2023-05-20,0.4690810143947601,0.4708079993724823,0.4635289907455444,0.4679920077323913,479336096.0,0.002348424205256716,0.4679819941520691,0.424903005361557,0.4595490097999573,0.4748579859733581,0.3863170146942138,0.3647989928722381,0.448684994663511,0.4482380946477254,0.4769488344589869,0.4131498000688022,0.012049560598005868,0.01863900740151874,0.031986589436892,0.03311048169241906,0.007279008626937922,931539903.4285715,874827521.9523809,1280649414.2833333,1065229745.6055555,-0.5575254066293307,0.006745089358806133,0.05183323467651668,0.08650958620872373,1
2023-05-21,0.4575499892234802,0.4706220030784607,0.4565919935703277,0.4690749943256378,537234089.0,-0.024582161326989427,0.4690810143947601,0.4258599877357483,0.4503639936447143,0.449396014213562,0.3985249996185303,0.3760609924793243,0.45321213773318697,0.44753418933777583,0.4775333344936371,0.41360251671738085,0.018861495092527242,0.019191336455431363,0.02931106185729771,0.03309756997017245,0.01403000950813299,955458876.1428572,873912016.6666666,1234396882.5833333,1060637593.8111111,0.12078788449931377,0.05537975734766798,0.07719378121167231,0.1743700672774986,1
2023-05-22,0.4616009891033172,0.4663250148296356,0.4521499872207641,0.4575749933719635,904918280.0,0.008853677139654348,0.4575499892234802,0.4275619983673095,0.4289149940013885,0.4726609885692596,0.3919050097465515,0.3815810084342956,0.4580748506954738,0.44737395076524644,0.47781251768271127,0.4140470721655421,0.018672546352737837,0.019023956278473114,0.028548492336635645,0.03308756830503029,0.014175027608871515,977600946.8571428,872193655.4761904,1213455156.8333333,1059553460.0944444,0.6844021973445547,0.07051546221359639,0.08469219515908288,0.16330559472195305,1
2023-05-23,0.4654299914836883,0.4668369889259338,0.459443986415863,0.4616090059280395,829964870.0,0.008295048040969588,0.4616009891033172,0.4414219856262207,0.4298880100250244,0.4650160074234009,0.3955860137939453,0.401991993188858,0.46150456581796917,0.4473967594759805,0.47847131739060084,0.41439950548940224,0.01614972551710985,0.019113596657751464,0.02798120104547675,0.032862148615720635,0.007393002510070801,958555641.2857143,868675502.7619047,1205373120.5166667,1057166386.4222223,-0.08282892682861931,0.12141038502388302,0.0634789542504921,0.13123350420647362,1
2023-05-24,0.4536089897155761,0.4654409885406494,0.4474639892578125,0.4654409885406494,1029450864.0,-0.025398023299765038,0.4654299914836883,0.4485889971256256,0.4308730065822601,0.4612730145454407,0.3891299962997436,0.4084120094776153,0.46222170761653353,0.4469260445662907,0.4786195337772369,0.4146505998240576,0.019750184349696852,0.01991006534412559,0.02763759271338623,0.032903801238526785,0.017976999282836914,888658937.8571428,867736224.5714285,1191984508.65,1055834279.7222222,0.24035474417128033,0.14059913044118133,0.09470052150402575,0.16462855058462922,1
2023-05-25,0.4537340104579925,0.4546290040016174,0.4456219971179962,0.4535860121250152,697466810.0,0.0002756134583989933,0.4536089897155761,0.4602989852428436,0.4218789935111999,0.4699949920177459,0.37847700715065,0.3966290056705475,0.46128385407584055,0.44655275912511916,0.47870148370663324,0.41496784985065455,0.016606384005620322,0.0198966978266538,0.027614990088255086,0.03282722757763869,0.00900700688362116,794525517.5714285,865117725.4761904,1185433929.0166667,1056293569.4222223,-0.3224865465749903,0.11809340912289956,0.07400589578034822,0.18076449936541006,1
2023-05-26,0.4691399931907654,0.4695709943771362,0.4530070126056671,0.4537430107593536,947890355.0,0.03395377551094825,0.4537340104579925,0.4679819941520691,0.4307180047035217,0.4620369970798492,0.3780849874019623,0.396820992231369,0.46144928250994,0.44661656873566763,0.4785206337769826,0.4153696220782067,0.020627580932089606,0.021088012455963055,0.02647018475823155,0.032917477047669765,0.01656398177146906,775180194.8571428,869440429.0476191,1155727835.2833333,1058059525.6555556,0.35904725703005136,0.11989384137419234,0.04505477988881279,0.15489838916012122,1
2023-05-27,0.4722450077533722,0.4777210056781769,0.4667159914970398,0.4691169857978821,634937525.0,0.006618524550611626,0.4691399931907654,0.4690810143947601,0.424903005361557,0.4668680131435394,0.378040999174118,0.3903180062770843,0.46190128156117033,0.44722114006678265,0.4778070842226346,0.41582477208640833,0.020752898834696176,0.020714545644631332,0.02469050162603079,0.032892501949697395,0.011005014181137085,797408970.4285715,871471941.4761904,1113589842.05,1055036490.6333333,-0.3301572047328195,0.099749064632628,0.015007024208702813,0.11851049541922887,1
2023-05-28,0.4828889966011047,0.4858149886131286,0.4707840085029602,0.472240000963211,570647795.0,0.02253912412620207,0.4722450077533722,0.4575499892234802,0.4258599877357483,0.4802710115909576,0.3791149854660034,0.3985489904880523,0.4655211397579738,0.44876994973137263,0.4767956172426542,0.41629332767592536,0.01854138065932747,0.02058681229518873,0.02376321056766494,0.032897489424897945,0.015030980110168402,802182357.0,877689319.3809524,1054884872.35,1052823147.0055555,-0.10125363121355913,0.10980168814963798,0.001969380362951245,0.1053720326757912,1
2023-05-29,0.4941509962081909,0.4943520128726959,0.4779039919376373,0.4828749895095825,1039953786.0,0.023322129280964665,0.4828889966011047,0.4616009891033172,0.4275619983673095,0.4784089922904968,0.3771499991416931,0.4087429940700531,0.47017114077295574,0.4518764260269347,0.4761273170510928,0.4167678165766928,0.019452484645061115,0.017337192548167568,0.023890891318325124,0.032888726005955805,0.01644802093505865,821473143.5714285,864926068.3809524,1027306153.8166667,1053415426.3111111,0.8224091902431692,0.032870481050670364,-0.058542824671870664,0.06897491314734805,1
2023-05-30,0.5219380259513855,0.5254259705543518,0.4905470013618469,0.4942319989204407,2119990185.0,0.05623186021360893,0.4941509962081909,0.4654299914836883,0.4414219856262207,0.4723320007324219,0.383879005908966,0.3967080116271972,0.4782437171254839,0.45625976011866615,0.475851417084535,0.41746353887849386,0.02608316771888505,0.020352221072798986,0.024986056071196788,0.03305692495670329,0.03487896919250488,1005762474.2857143,922480331.5714285,1030401765.6166667,1061070420.7222222,1.0385426867420433,0.01633521064578569,-0.0904629010101674,0.0025098590593886083,1
2023-05-31,0.5173860192298889,0.5271980166435242,0.50245600938797,0.5218949913978577,1585723566.0,-0.008721354825985683,0.5219380259513855,0.4536089897155761,0.4485889971256256,0.4649659991264343,0.3775799870491028,0.3962729871273041,0.4873547213418143,0.46037942738760085,0.47589550067981085,0.41813638905684153,0.022034811862087816,0.020685785915519405,0.0243417064286327,0.03306585704610936,0.0247420072555542,1085230003.142857,947097473.6190476,1026333240.45,1065556091.45,-0.2520137228842878,0.004333261868804783,-0.08378469077728556,0.002850824113506789,1
2023-06-01,0.5073170065879822,0.5173889994621277,0.5031989812850952,0.5173879861831665,1095700204.0,-0.019461315666963963,0.5173860192298889,0.4537340104579925,0.4602989852428436,0.4649510085582733,0.3776710033416748,0.3881469964981079,0.49500943507467,0.46444790420078097,0.47570156703392663,0.41879844466845195,0.025797597285953766,0.020585999716299187,0.02445286071906086,0.033061975517377266,0.01419001817703247,1142120488.0,956106440.7619047,1019784096.5333333,1068884979.6055555,-0.30902193327181715,0.033961054669596535,-0.06661515124421269,0.020663543235769355,1
2023-06-02,0.5253869891166687,0.5263280272483826,0.5049690008163452,0.5073040127754211,1070731055.0,0.035618720236126666,0.5073170065879822,0.4691399931907654,0.4679819941520691,0.4634940028190613,0.3738130033016205,0.390735000371933,0.5030447202069419,0.46895595107759747,0.4761753499507904,0.41954651127258935,0.025993830165168156,0.021249176393558843,0.024238443896247696,0.033155058076802205,0.021359026432037354,1159669159.4285715,951175322.0476191,1010031735.6833333,1072328148.5166667,-0.022788303688223044,0.023849141831822962,-0.07783596200410436,-0.013464357888128164,1
2023-06-03,0.5193510055541992,0.5299130082130432,0.5170459747314453,0.5253559947013855,684948363.0,-0.011488643014585853,0.5253869891166687,0.4722450077533722,0.4690810143947601,0.4615730047225952,0.3671939969062805,0.3895840048789978,0.5097741484642029,0.47345347489629475,0.47643988331158954,0.4202674390541183,0.027977098123238245,0.021143519111212088,0.02424186073676985,0.03316853257512688,0.0128670334815979,1166813564.857143,965254146.2380953,1000940157.8166667,1071187974.3166667,-0.3602984056533225,-0.021473009425629686,-0.05738699068454711,-0.011300702010176633,0
2023-06-04,0.5359110236167908,0.5447109937667847,0.5166140198707581,0.5193660259246826,943439712.0,0.03188598440263024,0.5193510055541992,0.4828889966011047,0.4575499892234802,0.4677999913692474,0.3704710006713867,0.3920939862728119,0.517348723752158,0.4786940004144396,0.4769344836473465,0.42106642259491817,0.02866679600830356,0.021597592527222438,0.02456566437918709,0.033241185065189194,0.02809697389602661,1220069553.0,992570262.0476191,993288614.7,1071905320.8888888,0.37738808202684915,-0.027411344224479883,-0.08969591579223679,-0.02950308054803108,0
2023-06-05,0.5103939771652222,0.5414329767227173,0.4935460090637207,0.536005973815918,2077075618.0,-0.04761433396043535,0.5359110236167908,0.4941509962081909,0.4616009891033172,0.4595490097999573,0.3805480003356933,0.3837209939956665,0.5196691496031625,0.48263838035719736,0.4770527501900991,0.42177016139030454,0.0367685100296504,0.025111898918511157,0.025349608159945528,0.03340264803007841,0.04788696765899658,1368229814.7142856,1055767968.3809524,1009954656.0,1078778246.3333333,1.2015986730056154,0.030029814352229733,-0.06293566849897059,0.03011599920121366,1
2023-06-06,0.5304639935493469,0.5318089723587036,0.4982340037822723,0.5103830099105835,1595950808.0,0.0393225964295183,0.5103939771652222,0.5219380259513855,0.4654299914836883,0.4503639936447143,0.3891879916191101,0.3945449888706207,0.5208871449742999,0.4868784759725843,0.4773315499226252,0.42252526697185305,0.03324414893469874,0.025479619629152156,0.025711388875415322,0.03346137031826023,0.03357496857643133,1293367046.5714285,1085895054.047619,1018880360.3666667,1083364656.6222222,-0.23163567365124205,-0.019564010463712922,-0.1257860790729225,-0.00896006824492801,0
2023-06-07,0.5196279883384705,0.5371230244636536,0.5089340209960938,0.5304279923439026,1649651366.0,-0.020427409480467285,0.5304639935493469,0.5173860192298889,0.4536089897155761,0.4289149940013885,0.3721300065517425,0.3891530036926269,0.5212074262755257,0.49026128507795785,0.47756341596444446,0.42325012799766326,0.034200488448074974,0.026211555112661978,0.02577113631299722,0.03348304425731563,0.028189003467559814,1302499589.4285715,1092129510.142857,1036580532.2333333,1088675394.1944444,0.03364800326602557,-0.07583886782051341,-0.09788348378413136,0.00375273388315156,0
2023-06-08,0.5245460271835327,0.5273330211639404,0.5169619917869568,0.5196120142936707,954016646.0,0.00946453800686875,0.5196279883384705,0.5073170065879822,0.4537340104579925,0.4298880100250244,0.3706220090389251,0.3866980075836181,0.523668714932033,0.4933206680275145,0.47787528336048124,0.4240159503287739,0.03302672732267386,0.025865530080098436,0.025795355857241527,0.03348144629505654,0.010371029376983643,1282259081.142857,1072968362.2380953,1043304429.45,1092133128.45,-0.421685899419308,-0.08469804061668862,-0.10275939040196025,-0.048794648711164124,0
2023-06-09,0.5379170179367065,0.5398839712142944,0.5216730237007141,0.524541974067688,1233816475.0,0.02549059579188362,0.5245460271835327,0.5253869891166687,0.4691399931907654,0.4308730065822601,0.3668319880962372,0.3817490041255951,0.5254587190491813,0.4966509072553544,0.4782019337018331,0.4248835504055023,0.031668569767918035,0.02610802172624803,0.025808210976746043,0.03350706101728127,0.018210947513580322,1305556998.2857144,1080135450.857143,1048628212.2833333,1096950758.2333333,0.29328610792394927,-0.11558292473475729,-0.1289548740962354,-0.08323222249923823,0
2023-06-10,0.5081989765167236,0.5380300283432007,0.4823650121688843,0.5379719734191895,2110109968.0,-0.055246516524003475,0.5379170179367065,0.5193510055541992,0.4722450077533722,0.4218789935111999,0.3733179867267608,0.3873940110206604,0.5238655720438276,0.49851366735640024,0.4780466169118881,0.42555468910270267,0.038723419108484446,0.029432137474044447,0.02680795948980946,0.03376849471765915,0.055665016174316406,1509151513.2857144,1157791349.5238094,1063690665.0166667,1103778934.8722222,0.7102300145570677,-0.05590128221788848,-0.0600846992856342,-0.018921697964055184,0
2023-06-11,0.5212209820747375,0.5283970236778259,0.504347026348114,0.5081899762153625,828115958.0,0.02562383271070079,0.5081989765167236,0.5359110236167908,0.4828889966011047,0.4307180047035217,0.3737860023975372,0.3951019942760467,0.5217669946806771,0.5015456193969363,0.4782983829577764,0.4262553501460287,0.03786080393654346,0.02901038558239952,0.02684844409800336,0.03378809322998342,0.024049997329711914,1492676691.2857144,1171642867.0952382,1059770252.7333333,1102061285.9444444,-0.6075484355988787,-0.0645560816303753,-0.08729882098021913,-0.04718343368626965,0
2023-06-12,0.52572101354599,0.5275239944458008,0.5110899806022644,0.5211629867553711,1199140307.0,0.008633634535087031,0.5212209820747375,0.5103939771652222,0.4941509962081909,0.424903005361557,0.3742789924144745,0.3864139914512634,0.5239565713065011,0.5045989538942065,0.4785055329402288,0.427029278046555,0.03248570319277104,0.029009580330762185,0.026811279656879197,0.03374326730330244,0.016434013843536377,1367257361.142857,1185653439.8095238,1063704173.1666666,1103760757.2833333,0.44803429449188314,-0.06148891145090196,-0.10388780897344552,-0.08635950583522811,0
2023-06-13,0.5200859904289246,0.5613769888877869,0.5087649822235107,0.5256779789924622,2617707336.0,-0.010718656800604576,0.52572101354599,0.5304639935493469,0.5219380259513855,0.4258599877357483,0.3605580031871795,0.3782370090484619,0.5224739994321551,0.5072016205106463,0.4784404158592224,0.4278173279431131,0.028904008119598566,0.02925024696748428,0.026719876797939884,0.03371174626060954,0.05261200666427612,1513222579.4285715,1270784033.4285715,1080713353.4666667,1114193931.0555556,1.182986695317548,-0.05232978381416964,0.567750394099199,-0.05488703062656486,0
2023-06-14,0.4802199900150299,0.5202100276947021,0.4674800038337707,0.5200859904289246,1757437649.0,-0.07665270964329651,0.5200859904289246,0.5196279883384705,0.5173860192298889,0.4275619983673095,0.3660250008106231,0.3519879877567291,0.5168442853859493,0.5084688110010964,0.47777001609404884,0.42852972795565925,0.040297665951537005,0.033765605658414646,0.028494283509015256,0.033802169847482605,0.05273002386093145,1528620619.857143,1305450070.8095238,1098828039.5166667,1118060972.4222221,-0.32863478478634633,0.04263670935982966,0.4975573601007701,-0.006694817373422479,1
2023-06-15,0.4801180064678192,0.4845019876956939,0.4695580005645752,0.480226993560791,1180880587.0,-0.0002123683922601316,0.4802199900150299,0.5245460271835327,0.5073170065879822,0.4414219856262207,0.3803820013999939,0.3548099994659424,0.5104974252837045,0.5097251917634692,0.4770821164051692,0.4292258835501141,0.03966011483014686,0.03376793655164496,0.028492157422989887,0.03379992133600582,0.014943987131118719,1561029754.2857144,1328469774.4761906,1107989177.4166667,1121341040.961111,-0.32806686617193326,0.030944463552555534,0.4856326970797862,-0.012169952899695802,1
2023-06-16,0.4757429957389831,0.4823490083217621,0.4592849910259247,0.4801070094108581,1166129294.0,-0.009112365439119086,0.4801180064678192,0.5379170179367065,0.5253869891166687,0.4485889971256256,0.3744330108165741,0.350270003080368,0.5016154221126011,0.5100396204562414,0.47649238308270775,0.42992295573155087,0.03623617846579894,0.0331110989192977,0.028406986067129388,0.033791890174006294,0.023064017295837402,1551360157.0,1338862104.9047618,1110401728.1833334,1126075710.2277777,-0.012491773649590865,0.043769434438498456,0.5698812888524332,0.031420347915836366,1
2023-06-17,0.4797900021076202,0.4852289855480194,0.4705739915370941,0.4757640063762665,635717535.0,0.008506707203015829,0.4757429957389831,0.5081989765167236,0.5193510055541992,0.4602989852428436,0.3884649872779846,0.3388699889183044,0.49755699719701496,0.5103989059016818,0.47561781654755275,0.4307058446937137,0.03281658756297822,0.03312912159089085,0.027892829394652745,0.03369414526696595,0.014654994010925293,1340732666.5714285,1338899248.2380953,1101509726.5333333,1124125745.161111,-0.454848155971288,0.01567977700093559,0.540684465156738,0.018845734113642987,1
2023-06-18,0.4875729978084564,0.4966970086097717,0.4765709936618805,0.4797869920730591,743984056.0,0.01622167128670271,0.4797900021076202,0.5212209820747375,0.5359110236167908,0.4679819941520691,0.3746280074119568,0.3493730127811432,0.49275014230183195,0.5106219535782224,0.47555071661869686,0.4314736223883099,0.03138636811353083,0.0329546956033279,0.026178708431233107,0.03364224318664124,0.02012601494789118,1328713823.4285715,1347153355.9047618,1079776976.5166667,1123079563.7222223,0.17030601649205734,0.005545824983565373,0.5988170096578687,0.03607044764332534,1
2023-06-19,0.4933950006961822,0.4972800016403198,0.4837110042572021,0.4875720143318176,870856054.0,0.011940782024218999,0.4875729978084564,0.52572101354599,0.5103939771652222,0.4690810143947601,0.4697099924087524,0.3460200130939483,0.4881321404661451,0.5105859537919363,0.47585966686407727,0.4322923723194334,0.031719996645585016,0.0326612406198447,0.025829669016078277,0.03363766110246274,0.013568997383117731,1281816073.0,1339101082.952381,1069553711.25,1123785807.3333333,0.17053053351992808,-0.028502519602292664,0.6633610558947798,-0.004959533605237487,0
2023-06-20,0.4928700029850006,0.4955579936504364,0.4737829864025116,0.4934239983558655,1073485912.0,-0.0010640515417481566,0.4933950006961822,0.5200859904289246,0.5304639935493469,0.4575499892234802,0.4224799871444702,0.3495999872684479,0.4842441422598703,0.5092017622221083,0.4765842333436012,0.43308831685119203,0.03182100365460599,0.030057100127191157,0.024818394270482297,0.033633567474635924,0.021775007247924805,1061213012.4285715,1289267546.142857,1063902221.85,1125943499.3888888,0.2326789336415407,-0.018321290039595595,0.6110901862035933,0.0007527524685158049,0
2023-06-21,0.500694990158081,0.5025219917297363,0.490334004163742,0.4928610026836395,1305891782.0,0.01587637130620534,0.4928700029850006,0.4802199900150299,0.5196279883384705,0.4616009891033172,0.4448499977588653,0.3542729914188385,0.4871691422803061,0.5084069513139271,0.4770514667034149,0.4339017723997434,0.009665024319697206,0.030272299555893525,0.024014188894481692,0.03363863828745719,0.012187987565994318,996706460.0,1275942223.0952382,1069861237.5666667,1129987458.4222221,0.21649643223263837,-0.07084750153209407,0.5428594659122781,-0.023924712878208187,0
2023-06-22,0.4949750006198883,0.523157000541687,0.4913130104541778,0.5006409883499146,1518125316.0,-0.011424099802530119,0.500694990158081,0.4801180064678192,0.5245460271835327,0.4654299914836883,0.4259020090103149,0.3521789908409118,0.489291570016316,0.5078192367440179,0.4775507832566897,0.43469508356518216,0.01160478678056183,0.030078941993357613,0.023963556663830706,0.03364881445279143,0.03184399008750921,1044884278.4285715,1296057704.6190476,1082733572.5166667,1137169315.5555556,0.16252000121706867,-0.04091722333091796,0.4814626514388174,-0.01216020249744032,0
2023-06-23,0.4965659976005554,0.5018900036811829,0.4861479997634887,0.494962990283966,1108503309.0,0.0032142976487188335,0.4949750006198883,0.4757429957389831,0.5379170179367065,0.4536089897155761,0.4447160065174103,0.3463920056819916,0.49226628456796917,0.5064468085765839,0.47813899964094164,0.4355293835202853,0.010038516974032156,0.028930122476894055,0.023932964608789225,0.03361913209720239,0.015742003917694147,1036651994.8571428,1297856383.3809524,1079747234.6166666,1141529332.7722223,-0.2698209447420874,-0.04536961071276602,0.4875826957044147,-0.020027559733261202,0
2023-06-24,0.4873130023479461,0.4965760111808777,0.4828279912471771,0.4965760111808777,693890997.0,-0.018633968691614933,0.4965659976005554,0.4797900021076202,0.5081989765167236,0.4537340104579925,0.4488170146942138,0.3657230138778686,0.49334099888801575,0.504921189376286,0.47842763314644493,0.43620488345623015,0.013600306819633935,0.02908550295833197,0.023961235073110456,0.033417496755277214,0.013748019933700562,1044962489.4285715,1298282223.0952382,1072644771.6833333,1140951454.4055555,-0.3740289349014474,-0.028300075754467025,0.44212238245138336,-0.016055396959950508,0
2023-06-25,0.4902769923210144,0.4956429898738861,0.4842079877853393,0.4873160123825073,681228509.0,0.006082312515338861,0.4873130023479461,0.4875729978084564,0.5212209820747375,0.4691399931907654,0.4799909889698028,0.3681260049343109,0.49372728381838116,0.5027481402669635,0.4788982997337977,0.43688350005282295,0.012353853553132604,0.02808284447296248,0.023855102267539754,0.03341715399676388,0.011435002088546808,1035997411.2857143,1285795975.3333333,1057575068.6333333,1139706898.55,-0.01824852614422956,-0.01179742271669637,0.4473450373674106,-0.03290791555948758,0
2023-06-26,0.4793320000171661,0.491252988576889,0.4745739996433258,0.4902789890766144,953227780.0,-0.022324099387233676,0.4902769923210144,0.4933950006961822,0.52572101354599,0.4722450077533722,0.5150579810142517,0.3565309941768646,0.4917182837213789,0.5012689984980083,0.4791060328483582,0.43756572786304687,0.013918939711789544,0.026615926100405127,0.02401602777508177,0.03337255614999889,0.016678988933563177,1047764800.7142857,1232279411.6190476,1046271187.5833334,1140338065.7944446,0.39927758073319275,0.02131093734388334,0.49332607464458,-0.007608504329814747,1
2023-06-27,0.4838399887084961,0.4849970042705536,0.4772320091724396,0.4793570041656494,847044879.0,0.009404731357740781,0.4793320000171661,0.4928700029850006,0.5200859904289246,0.4828889966011047,0.5435770153999329,0.342846006155014,0.49042828168187824,0.4990488077913012,0.47916551580031713,0.4383490277661218,0.014824805307967714,0.025009744922328724,0.023762771457583588,0.033237897994438326,0.007764995098114014,1015416081.7142857,1196617224.5238094,1041298358.85,1140054856.6888888,-0.11139299884860676,0.008271339606538364,0.4749628210106378,-0.029431210739085945,1
2023-06-28,0.4652220010757446,0.4839099943637848,0.4565410017967224,0.4838390052318573,989599376.0,-0.03847963803580623,0.4838399887084961,0.500694990158081,0.4802199900150299,0.4941509962081909,0.5342490077018738,0.3450169861316681,0.485360711812973,0.4964580464930761,0.4789457326134046,0.43901683340469994,0.01755316647746354,0.02589486590038874,0.02428263441447617,0.03337613147375811,0.027368992567062378,970231452.2857143,1165186177.3809524,1047599382.2833333,1141818633.211111,0.16829627394512592,0.028051102287854457,0.5316730150554829,0.020276343891773685,1
2023-06-29,0.4747219979763031,0.4767229855060577,0.4623959958553314,0.4651710093021393,718808031.0,0.02042035174302037,0.4652220010757446,0.4949750006198883,0.4801180064678192,0.5219380259513855,0.5384920239448547,0.3399290144443512,0.4824674257210323,0.4940854736736843,0.4789855659008026,0.4397656833132108,0.021003338813329962,0.02630634642898796,0.024369311184355986,0.033379345355917155,0.014326989650726263,856043268.7142857,1153985767.142857,1050305187.8,1143938859.6166666,-0.2736373441286406,-0.023135625295882756,0.5013818483702739,-0.00808260291102525,0
2023-06-30,0.4740369915962219,0.4822700023651123,0.4565100073814392,0.4746989905834198,1261905827.0,-0.001442963214262849,0.4747219979763031,0.4965659976005554,0.4757429957389831,0.5173860192298889,0.5147410035133362,0.3387629985809326,0.47924899629184176,0.4910435676574707,0.4791367491086324,0.4405172054966291,0.02074386238133296,0.025417605633832635,0.02428040460124498,0.03337773874840065,0.025759994983673096,877957914.1428572,1155323355.3333333,1055653553.8333334,1149333731.7055554,0.7555533224141175,-0.011121497101541644,0.48751260684461917,-0.00430974594433986,0
2023-07-01,0.4735220074653625,0.4754549860954284,0.4656040072441101,0.4740200042724609,737421634.0,-0.0010863796285714988,0.4740369915962219,0.4873130023479461,0.4797900021076202,0.5073170065879822,0.5189530253410339,0.3485560119152069,0.4772788541657584,0.4893922834169297,0.47927959909041723,0.4412114610274633,0.0200719206279858,0.022744476240138038,0.024281262284196154,0.033319478083709345,0.009850978851318304,884176576.5714285,1089957244.1904762,1052879813.1166667,1146065034.5277777,-0.4156286323258257,-0.0060778807058723405,0.4751606198141809,0.004141291813673176,0
2023-07-02,0.4844929873943329,0.4945299923419952,0.471327006816864,0.4735159873962402,1154671474.0,0.02316889132079658,0.4735220074653625,0.4902769923210144,0.4875729978084564,0.5253869891166687,0.4969600141048431,0.3438239991664886,0.47645256774766104,0.4876433312892914,0.47962958216667173,0.44199295540650685,0.022395224814461885,0.02259524671850417,0.024449608588953557,0.03333464040722846,0.02320298552513117,951811285.8571428,1105507506.857143,1054638075.9166666,1147969474.2444444,0.5658226186512993,-0.032906546007239856,0.4596929904230742,-0.016206608313141357,0
2023-07-03,0.4895470142364502,0.4909110069274902,0.4797129929065704,0.484497994184494,1059955641.0,0.01043157893636093,0.4844929873943329,0.4793320000171661,0.4933950006961822,0.5193510055541992,0.50347900390625,0.3477939963340759,0.47791185549327303,0.485920759893599,0.48009581565856935,0.44278047217263117,0.020668873155702924,0.022645768972321477,0.02446966966967806,0.0333330416641627,0.0111980140209198,967058123.1428572,1098879665.6190476,1059763081.75,1149393273.6666667,-0.08202838221324238,-0.02427350194247435,0.3996511241123475,-0.010268729645659835,0
2023-07-04,0.4878419935703277,0.4926219880580902,0.4833369851112366,0.4895099997520447,841667226.0,-0.0034828537740789756,0.4895470142364502,0.4838399887084961,0.4928700029850006,0.5359110236167908,0.5062350034713745,0.3380390107631683,0.4784835704735347,0.48438533147176105,0.4804298490285873,0.44361271096600424,0.020598178113764635,0.022579599764673074,0.024424167738534303,0.03325775960058312,0.009285002946853638,966289887.0,1014306327.0476191,1059505642.5166667,1150352370.411111,-0.20594108522698074,-0.024850236061359166,0.3613731249077159,-0.043214779213307075,0
2023-07-05,0.4782719910144806,0.4916000068187713,0.4711540043354034,0.4878099858760834,950150566.0,-0.019617012643392884,0.4878419935703277,0.4652220010757446,0.500694990158081,0.5103939771652222,0.5032979846000671,0.3446449935436249,0.48034785475049696,0.48429256961459205,0.48074189871549605,0.4443550831741757,0.014987056292455326,0.015603879067603119,0.024451081864018488,0.03327417304913276,0.02044600248336792,960654342.7142857,975864085.0,1065470222.55,1151512854.5555556,0.12889101137460712,-0.014985158720836722,0.3288233624509249,-0.09345728119978991,0
2023-07-06,0.4637390077114105,0.4837810099124908,0.4632959961891174,0.4782289862632751,950187883.0,-0.03038644030197879,0.4782719910144806,0.4747219979763031,0.4949750006198883,0.5304639935493469,0.5137360095977783,0.3442679941654205,0.47877885614122656,0.4835126172928583,0.48096481561660764,0.44501881102720897,0.0177829213802407,0.01694833740833334,0.024638246687082793,0.03336262257730915,0.020485013723373413,993708607.2857143,964878718.1428572,1073971972.95,1154933012.05,3.927482794341408e-05,0.7582411720858053,0.35512209473487966,-0.08247531136372954,1
2023-07-07,0.468764990568161,0.4704850018024444,0.4606299996376037,0.463714987039566,682747263.0,0.01083795577506863,0.4637390077114105,0.4740369915962219,0.4965659976005554,0.5196279883384705,0.5057160258293152,0.3453580141067505,0.47802571313721787,0.48318033133234295,0.4816289822260539,0.44570440534088346,0.018573629108682443,0.017059880565570364,0.023833991023559313,0.03336878043137611,0.009855002164840698,910971669.5714285,941860526.1904762,1063551393.05,1155861220.8222222,-0.2814607771629519,0.53415249642018,0.32920973507583984,-0.04205092419847678,1
2023-07-08,0.4706439971923828,0.4739620089530945,0.4660449922084808,0.4687570035457611,409435365.0,0.0040084192762441795,0.468764990568161,0.4735220074653625,0.4873130023479461,0.5245460271835327,0.5058339834213257,0.3493399918079376,0.4776145688125065,0.48274480728876024,0.4823082486788432,0.4463783164819082,0.01868961057125865,0.016968293555917974,0.02383567364849718,0.033361777447626445,0.007917016744613703,864116488.2857143,931085184.7619047,1055186138.1666666,1150246623.2055554,-0.400311964341042,0.5155383115909431,0.32144682638103683,-0.10798184317921156,1
2023-07-09,0.4685499966144562,0.471789002418518,0.4681169986724853,0.4706439971923828,324938269.0,-0.004449224021592424,0.4706439971923828,0.4844929873943329,0.4902769923210144,0.5379170179367065,0.5183179974555969,0.3512409925460815,0.4753369987010956,0.4818389500890459,0.48293619851271313,0.4470300331711769,0.015438457050533674,0.01652665941622724,0.023849166112385013,0.033364533395584976,0.003672003746032715,745583173.2857143,911130623.4761904,1042789049.6,1147522153.5333333,-0.20637468871307685,0.5939815018882224,0.37105109684695825,-0.079116436666264,1
2023-07-10,0.4776639938354492,0.4799860119819641,0.4646059870719909,0.4685539901256561,885726455.0,0.0194514935158403,0.4685499966144562,0.4895470142364502,0.4793320000171661,0.5081989765167236,0.5175179839134216,0.3741579949855804,0.4736394243580954,0.4810898545242491,0.48386594851811726,0.44760506649812065,0.017186032346926436,0.01691474422966417,0.023770859484213484,0.033053741181677594,0.0153800249099732,720693289.5714285,911838737.8095238,1042442625.6166667,1144118632.8722222,1.7258299175588947,0.5475418124971301,0.34689872760633067,-0.08740032284019505,1
2023-07-11,0.475719004869461,0.4782879948616028,0.471807986497879,0.4776850044727325,645625637.0,-0.004071876865515356,0.4776639938354492,0.4878419935703277,0.4838399887084961,0.5212209820747375,0.5061150193214417,0.3751969933509826,0.4719075688294002,0.48027314032827106,0.48461596518754957,0.44816352211766775,0.017188079963215343,0.01692444929755439,0.023658264958640016,0.03305664281646984,0.00648000836372381,692687348.2857143,891464439.0,1033631643.7666667,1140891747.9555554,-0.27107784423126435,0.6386564218933137,0.3305880207469003,-0.07710643477038426,1
2023-07-12,0.471105009317398,0.4770210087299347,0.4678579866886139,0.4756909906864166,715809444.0,-0.009698993533649336,0.475719004869461,0.4782719910144806,0.4652220010757446,0.52572101354599,0.5132920145988464,0.3858039975166321,0.47088371430124554,0.47886409362157184,0.4853859985868136,0.448637416627672,0.01600220318455852,0.01652337180706914,0.02362128423564124,0.03300815402670429,0.0091630220413208,659210045.1428572,863365280.0476191,1039073583.5833334,1139365471.8944445,0.10870666060616796,0.7420617762488708,0.34083695241187195,-0.04683456964316213,1
2023-07-13,0.8153650164604187,0.8875110149383545,0.470102995634079,0.4711009860038757,10397344596.0,0.7307500458163927,0.471105009317398,0.4637390077114105,0.4747219979763031,0.5200859904289246,0.5239930152893066,0.3954429924488067,0.5211160012653896,0.4941207610425495,0.4918777490655581,0.4509703167610698,0.27536616153101867,0.1608106063788794,0.0970018992227334,0.06356853585454275,0.4174080193042755,2008803861.2857144,1286185245.7619047,1206199305.5166667,1188233483.7277777,13.525296757610256,-0.026131844201072285,-0.2307678137190866,-0.4177699493879735,0
2023-07-14,0.7191569805145264,0.8214120268821716,0.6807630062103271,0.8161969780921936,7060210982.0,-0.11799382362949673,0.8153650164604187,0.468764990568161,0.4740369915962219,0.4802199900150299,0.5204439759254456,0.3848809897899627,0.5568862855434418,0.5047203316575005,0.4967376654346784,0.4528274055984285,0.28690392522152414,0.16405953203946116,0.09848525109330449,0.06418843543809057,0.14064902067184448,2919870106.857143,1569599896.857143,1311370758.8,1222850177.75,-0.3209601820145348,0.07417716302712907,-0.12939457220500317,-0.2681306096116416,1
2023-07-15,0.7132790088653564,0.731020987033844,0.6969010233879089,0.719215989112854,3369947488.0,-0.008173419445869134,0.7191569805145264,0.4706439971923828,0.4735220074653625,0.4801180064678192,0.5213919878005981,0.3865759968757629,0.5915484300681523,0.515480617682139,0.5012686158219973,0.45464242233170404,0.28753656651258236,0.16393050308277834,0.09848279083784732,0.06419598043907321,0.03411996364593506,3342800410.142857,1697031158.3333333,1351481850.1166666,1233492485.3888888,-0.5226845916373211,0.028050689421999175,-0.11075191470828216,-0.26695870153146584,1
2023-07-16,0.7468600273132324,0.7873319983482361,0.709725022315979,0.7133529782295227,3937651423.0,0.04707977948390041,0.7132790088653564,0.4685499966144562,0.4844929873943329,0.4757429957389831,0.5111269950866699,0.3877109885215759,0.6313070058822632,0.5276988574436733,0.5062397996584574,0.45663769476943544,0.285470929437659,0.16390927627287208,0.09858873959927111,0.0642724282310833,0.07760697603225708,3858902289.285714,1852098916.142857,1391797244.0333333,1249673120.1055555,0.16846076593820203,-0.010948560250121475,-0.1837841470133993,-0.2798142125381238,0
2023-07-17,0.739205002784729,0.7603020071983337,0.7184249758720398,0.7469660043716431,2506419441.0,-0.010249610701541734,0.7468600273132324,0.4776639938354492,0.4895470142364502,0.4797900021076202,0.532263994216919,0.3794519901275635,0.6686700071607318,0.5400737623373667,0.5108882332841556,0.45863632261753084,0.2869787492219563,0.1637403882599597,0.09861195441635859,0.0642522268789134,0.041877031326293945,4090429858.714286,1926060423.8095238,1410964222.1833334,1255352805.1555555,-0.36347350952400437,-0.049296223242396575,-0.2041071128211852,-0.21621744968997247,0
2023-07-18,0.7795400023460388,0.7809889912605286,0.7360929846763611,0.739096999168396,2626009775.0,0.05456537687023233,0.739205002784729,0.475719004869461,0.4878419935703277,0.4875729978084564,0.4915989935398102,0.3937849998474121,0.7120730068002429,0.5541547153677259,0.5160808667540551,0.4607794059647454,0.28463286965965673,0.16375528428101435,0.09876789150213282,0.06431183217600075,0.04489600658416748,4373341878.428572,2010773037.9047618,1436675924.8666666,1263781294.0944445,0.047713615703637524,-0.08971961716436982,-0.3494342742839762,-0.19633886456952176,0
2023-07-19,0.8206940293312073,0.8418409824371338,0.7743350267410278,0.7795869708061218,3954595150.0,0.05279270705969519,0.7795400023460388,0.471105009317398,0.4782719910144806,0.4933950006961822,0.4748579859733581,0.413343995809555,0.7620142953736442,0.5710819548084622,0.5219410836696625,0.46304246170653235,0.2816549229504434,0.16300119005539548,0.09889920859046306,0.06432427112459599,0.06750595569610596,4836025550.714286,2151963312.857143,1494596909.1,1279895942.0277777,0.5059331414712651,-0.12781262144616434,-0.38332681747010544,-0.30598496139251175,0
2023-07-20,0.7940580248832703,0.8467990159988403,0.7739449739456177,0.8206449747085571,2843382854.0,-0.03245546268886956,0.8206940293312073,0.8153650164604187,0.4637390077114105,0.4928700029850006,0.449396014213562,0.403533011674881,0.7589704394340515,0.5862884322802225,0.527549550930659,0.46521204511324565,0.06204695790225695,0.16366620965421327,0.09895487136328882,0.06434960751359489,0.07285404205322266,3756888159.0,2253133542.5238094,1533032721.85,1289930096.0555556,-0.28099268164024327,-0.10126719672891993,-0.34560323637076873,-0.27744324967799705,0
2023-07-21,0.7725020051002502,0.7979990243911743,0.7641419768333435,0.7940300107002258,1860721533.0,-0.027146655669387454,0.7940580248832703,0.7191569805145264,0.468764990568161,0.500694990158081,0.4726609885692596,0.400967001914978,0.7665911572320121,0.6005010519708905,0.5327312345306079,0.4672761284642749,0.03896362445781493,0.16403870995707143,0.09908751853156689,0.06438936605391732,0.03385704755783081,3014103952.0,2281648576.142857,1548962776.0666666,1295929856.2166667,-0.3455958523550976,-0.07758429058658767,-0.30155906056533754,-0.23022726169719787,0
2023-07-22,0.73328697681427,0.7789120078086853,0.730679988861084,0.7724469900131226,1637792182.0,-0.0507636588993593,0.7725020051002502,0.7132790088653564,0.4706439971923828,0.4949750006198883,0.4650160074234009,0.4249430000782013,0.7694494383675712,0.6128708124160767,0.5371955176194508,0.4689891505572531,0.045258212200609105,0.16490446308521806,0.09941853843837772,0.0643932377268617,0.04823201894760132,2766653194.0,2324523364.142857,1562426564.6,1294025847.161111,-0.11980801374431127,-0.028021752302009206,-0.28467571749969156,-0.18522076056975023,0
2023-07-23,0.7386829853057861,0.7505589723587036,0.7193089723587036,0.7333070039749146,1541388766.0,0.007358658563607401,0.73328697681427,0.7468600273132324,0.4685499966144562,0.4965659976005554,0.4612730145454407,0.407707005739212,0.7682812895093646,0.6249750980309078,0.5419467508792877,0.47082790599928964,0.04140436995908801,0.16497433503099337,0.09930461590521232,0.06430443113029558,0.03125,2424329957.285714,2342938473.285714,1570958862.9666667,1295559339.35,-0.05886181229799037,-0.04541458902268081,-0.29478544577103094,-0.17740492166412059,0
2023-07-24,0.7027649879455566,0.7415069937705994,0.687578022480011,0.7386469841003418,2266820366.0,-0.048624373479187244,0.7386829853057861,0.739205002784729,0.4776639938354492,0.4873130023479461,0.4699949920177459,0.4176929891109466,0.7630755731037685,0.6351283348741985,0.5460972671707471,0.47241163932614855,0.045221966678028296,0.16581621613997566,0.09959970232220679,0.06441068742569697,0.05392897129058838,2390101518.0,2400408222.095238,1597114755.5666666,1302014413.5,0.4706350636527217,-0.006038960378069058,-0.24597555307520325,-0.1498480972720272,0
2023-07-25,0.7095999717712402,0.7140989899635315,0.6791489720344543,0.7028170228004456,1813094168.0,0.009725845685148338,0.7027649879455566,0.7795400023460388,0.475719004869461,0.4902769923210144,0.4620369970798492,0.4101029932498932,0.7530841401645115,0.6456882385980516,0.5501049334804217,0.4740755114290449,0.03771150010989609,0.16572120848054592,0.09955345224445908,0.06438945752092036,0.03495001792907715,2273970717.0,2446666647.904762,1611534819.1166666,1307130632.838889,-0.20015975010875653,-0.0033666209944097636,-0.2694292166255975,-0.12789875475342016,0
2023-07-26,0.7157989740371704,0.7295269966125488,0.696075975894928,0.7096199989318848,1676809706.0,0.008735911094326587,0.7095999717712402,0.8206940293312073,0.471105009317398,0.4793320000171661,0.4668680131435394,0.4127910137176513,0.7380991322653634,0.6569990473134177,0.5541641662518183,0.4757588889863756,0.027151368122616402,0.1654352578141882,0.09955245614357863,0.06439002753419028,0.03345102071762085,1948572796.4285715,2481269464.095238,1628899355.4666667,1311924092.661111,-0.0751667863728962,-0.04275494428648108,-0.2648131244319939,-0.16203285271502965,0
2023-07-27,0.7136459946632385,0.7270749807357788,0.7091050148010254,0.7158010005950928,1480051564.0,-0.003007798910061088,0.7157989740371704,0.7940580248832703,0.8153650164604187,0.4838399887084961,0.4802710115909576,0.4081340134143829,0.7266116993767875,0.6688993800254095,0.5580101162195206,0.47745617777109145,0.02700441060771408,0.16505433083130092,0.09955454164126393,0.06438155098490339,0.017969965934753418,1753811183.5714285,2506501067.952381,1644056084.95,1317318943.8666666,-0.11734076997285703,-0.06937755663934653,-0.26648508021344375,-0.1535467363924793,0
2023-07-28,0.7125679850578308,0.7175430059432983,0.704509973526001,0.7136330008506775,1055913805.0,-0.0015105663220549292,0.7136459946632385,0.7725020051002502,0.7191569805145264,0.4652220010757446,0.4784089922904968,0.4137639999389648,0.7180496965135846,0.6805090464296795,0.5616503993670146,0.4791161999106407,0.026791184524198056,0.1651477445370705,0.0995499736107255,0.06437956022918623,0.013033032417297363,1638838651.0,2524270903.285714,1644322085.2666667,1320037463.1666667,-0.2865695826527298,-0.10810054816821246,-0.2648504919360728,-0.16247286574458508,0
2023-07-29,0.7127389907836914,0.7146109938621521,0.706866979598999,0.7125430107116699,725769153.0,0.00023998513748368921,0.7125679850578308,0.73328697681427,0.7132790088653564,0.4747219979763031,0.4723320007324219,0.3945910036563873,0.7151142699377877,0.692037379457837,0.564830415447553,0.4808836887280146,0.020396057709391804,0.16517870046574248,0.09936787703016556,0.06426718432161303,0.007744014263153076,1508549646.857143,2539334417.0,1621085068.0666666,1317180348.3277779,-0.3126625018412369,-0.11829858662681092,-0.265863066844537,-0.15544537713367435,0
2023-07-30,0.7051360011100769,0.7298099994659424,0.6935369968414307,0.7127230167388916,1323282055.0,-0.010667284618812056,0.7127389907836914,0.7386829853057861,0.7468600273132324,0.4740369915962219,0.4649659991264343,0.4063889980316162,0.710321843624115,0.7033033796719143,0.5679595818122228,0.4825433943006727,0.01987349806995891,0.165247536795952,0.09937397192614889,0.06425001057567983,0.03627300262451172,1477391545.2857144,2586874597.285714,1616711042.8833334,1318827203.7944446,0.8232823061301973,-0.11635913079884663,-0.2340981177102469,-0.14614201140317018,0
2023-07-31,0.6985210180282593,0.7173640131950378,0.6921539902687073,0.7051100134849548,1488758727.0,-0.009381145015151415,0.7051360011100769,0.7027649879455566,0.739205002784729,0.4735220074653625,0.4649510085582733,0.41389200091362,0.7097155622073582,0.7138203808239528,0.5711463153362274,0.4841246666179763,0.007949603729799007,0.1654493888557968,0.09933414919680857,0.06425004878823422,0.025210022926330566,1366239882.5714285,2615590419.7619047,1623262018.2666667,1321171475.65,0.12505018969670822,-0.1096459513835285,-0.24383948854012527,-0.10113370852268722,0
2023-08-01,0.7072110176086426,0.7072110176086426,0.6835319995880127,0.6985030174255371,1438067858.0,0.012440569941492674,0.6985210180282593,0.7095999717712402,0.7795400023460388,0.4844929873943329,0.4634940028190613,0.4097470045089721,0.7093742830412728,0.724843810002009,0.5741767158110936,0.48577724446853005,0.008591170156763491,0.16533103442842204,0.0992732180074591,0.06424354935225697,0.023679018020629883,1312664695.4285715,2653325763.6190476,1629384298.3166666,1323625811.6555555,-0.03404908268927309,-0.09163464540171484,-0.2777276116912285,-0.1177470907790219,0
2023-08-02,0.6851950287818909,0.707086980342865,0.6802319884300232,0.707086980342865,1132335650.0,-0.031130720928523425,0.7072110176086426,0.7157989740371704,0.8206940293312073,0.4895470142364502,0.4615730047225952,0.4122050106525421,0.7050022908619472,0.7350385728336516,0.5769407828648885,0.4872938556803597,0.013371121829968007,0.1656430883184334,0.09937236768269535,0.0642986302979909,0.026854991912841797,1234882687.4285715,2673160344.857143,1636840753.1,1325205017.2055554,-0.212599291680991,-0.061048316909026124,-0.2730901605083308,-0.12949751058333725,0
2023-08-03,0.6641349792480469,0.6867610216140747,0.6588510274887085,0.6851800084114075,1414576525.0,-0.030735846947523293,0.6851950287818909,0.7136459946632385,0.7940580248832703,0.4878419935703277,0.4677999913692474,0.4113050103187561,0.697929288659777,0.7278371424902053,0.5790778487920761,0.4886984666188558,0.016112824259901803,0.03848020876041599,0.09944721444913429,0.0643501552537148,0.02790999412536621,1225529110.4285715,2245409484.3333335,1644693033.3166666,1329824212.6,0.24925548798185404,-0.04690156534500489,-0.24850969312000648,-0.15563702261357049,0
2023-08-04,0.6355389952659607,0.6664419770240784,0.6303039789199829,0.6640880107879639,1342066974.0,-0.043057488124572774,0.6641349792480469,0.7125679850578308,0.7725020051002502,0.4782719910144806,0.4595490097999573,0.3989369869232178,0.6869251472609383,0.723855333668845,0.581163599093755,0.49001292222075993,0.0196766766351267,0.030517767699920387,0.09940648122809444,0.0643961033382235,0.03613799810409546,1266408134.5714285,1973116912.5238094,1632442889.25,1333068646.2833333,-0.051258839460806116,-0.006079863447619349,-0.2053217914059221,-0.12453680278919488,0
2023-08-05,0.6284229755401611,0.635532021522522,0.6126369833946228,0.635532021522522,1142144189.0,-0.011196826282581784,0.6355389952659607,0.7127389907836914,0.73328697681427,0.4637390077114105,0.4503639936447143,0.3928239941596985,0.6748800022261483,0.7198145701771691,0.582796248793602,0.4913218054506514,0.018541499593585902,0.030538497193704165,0.09934319710256488,0.06438986048964403,0.02289503812789917,1325890282.5714285,1867031041.142857,1624879445.6,1334130711.211111,-0.14896632498461293,-0.0019381234594317842,-0.19103054977299083,-0.1671278175064317,0
2023-08-06,0.6230869889259338,0.6364349722862244,0.6216340065002441,0.6284289956092834,849060664.0,-0.0084910749955327,0.6284229755401611,0.7051360011100769,0.7386829853057861,0.468764990568161,0.4289149940013885,0.403903990983963,0.6631587147712708,0.7139206159682501,0.5845205654700597,0.4925394887725512,0.018696191313948344,0.028054748104775967,0.09930071500856687,0.06437148795444891,0.014800965785980225,1258144369.5714285,1719955290.7142856,1611536267.2333333,1333206523.6888888,-0.2566081654336553,0.004838781422592087,-0.1888596009150858,-0.2144499560680394,1
2023-08-07,0.6219310164451599,0.6277779936790466,0.6049780249595642,0.6230930089950562,1417493753.0,-0.0018552345038796991,0.6230869889259338,0.6985210180282593,0.7027649879455566,0.4706439971923828,0.4298880100250244,0.3980520069599151,0.6522172859736851,0.7083361404282706,0.5861436486244201,0.4937832610474692,0.019433646357156477,0.02808412793911875,0.09930573317050806,0.06435811820271058,0.022799968719482422,1247963659.0,1668101686.5238094,1619260885.6833334,1336342559.0055556,0.6694846588723842,0.019859077840703954,-0.19083786495482047,-0.18689211733143596,1
2023-08-08,0.6424059867858887,0.6448860168457031,0.6153180003166199,0.6219279766082764,1296031585.0,0.03292160995243454,0.6219310164451599,0.7072110176086426,0.7095999717712402,0.4685499966144562,0.4308730065822601,0.3824659883975982,0.6429594244275775,0.7018059492111206,0.5878851314385732,0.4952273721496264,0.025174034529725293,0.026000109911661833,0.09933469253628513,0.06431196889557667,0.029568016529083252,1227672762.857143,1604769391.7619047,1620297804.1833334,1335275075.4,-0.08568797410424989,-0.051068939589065776,-0.21411535061381826,-0.06475032344311227,0
2023-08-09,0.6433650255203247,0.6623439788818359,0.6346529722213745,0.6423749923706055,1659437400.0,0.0014928857360658743,0.6424059867858887,0.6851950287818909,0.7157989740371704,0.4776639938354492,0.4218789935111999,0.3826450109481811,0.6369837096759251,0.6933617109344119,0.5901378989219666,0.4966758166750272,0.024342683406034092,0.022025155627468276,0.09900710869201022,0.06431165919438353,0.027691006660461426,1302973012.857143,1495476165.5714285,1612786594.7166667,1339619406.1555555,0.2803988878095127,-0.08554556037989691,-0.2152977698275892,-0.040083013753912655,0
2023-08-10,0.6329860091209412,0.6434400081634521,0.6252760291099548,0.6433460116386414,1159039975.0,-0.016132391391635692,0.6433650255203247,0.6641349792480469,0.7136459946632385,0.475719004869461,0.4307180047035217,0.38400799036026,0.6325338568006244,0.6856916149457296,0.5920006493727367,0.4980590278903643,0.022710809277339473,0.021523200078341017,0.0990234300585753,0.06432994972683427,0.018163979053497314,1266467791.4285715,1415269361.8095238,1618301995.0,1343632418.7666667,-0.30154643073610365,-0.19881008419883606,-0.2040029593936501,-0.08188653906219767,0
2023-08-11,0.6316750049591064,0.6391479969024658,0.6273329854011536,0.6329910159111023,885715586.0,-0.0020711423995853906,0.6329860091209412,0.6355389952659607,0.7125679850578308,0.471105009317398,0.424903005361557,0.3752819895744324,0.6319818581853595,0.6789855673199608,0.5937665492296219,0.4994834335313903,0.016059536292095805,0.021248102752750953,0.0990294960149272,0.064299798283306,0.011815011501312256,1201274736.0,1368840507.1904762,1613078249.65,1345817187.2722223,-0.235819639439097,-0.19879685759653842,-0.21191436142848474,-0.07297427717662286,0
2023-08-12,0.6272050142288208,0.6321520209312439,0.6255419850349426,0.6316570043563843,519563800.0,-0.00707640906351048,0.6316750049591064,0.6284229755401611,0.7127389907836914,0.8153650164604187,0.4258599877357483,0.3716750144958496,0.6318078637123108,0.6739340452920823,0.5955518662929535,0.5009030446410179,0.015684444749088505,0.019008114637166475,0.0990198763798479,0.06429697499372712,0.0066100358963012695,1112334680.4285715,1315591536.6190476,1578109190.7166667,1342431345.0722222,-0.41339657084909875,-0.1715165060401488,-0.2436699556028773,-0.11841899943683942,0
2023-08-13,0.6261019706726074,0.6370409727096558,0.6249030232429504,0.6271920204162598,635297148.0,-0.0017586650795029524,0.6272050142288208,0.6230869889259338,0.7051360011100769,0.7191569805145264,0.4275619983673095,0.382407009601593,0.6322385753904071,0.6685730445952642,0.5979832326372464,0.5022569055358569,0.01529085353557049,0.0187605292881447,0.09842333826167667,0.06427258578054114,0.012137949466705322,1081797035.2857144,1272444316.7142856,1559406849.0333333,1340281270.7944446,0.2227509845759077,-0.13824416559852737,-0.2321729742100529,-0.0915728570003298,0
2023-08-14,0.6342819929122925,0.6354510188102722,0.6247239708900452,0.6260979771614075,939329129.0,0.013064999988576131,0.6261019706726074,0.6219310164451599,0.6985210180282593,0.7132790088653564,0.4414219856262207,0.4013519883155823,0.6340030005999974,0.6653119495936802,0.600552632411321,0.5035509611169497,0.015889081685231735,0.0167496609941589,0.09841991756704987,0.06418662865229059,0.01072704792022705,1013487803.2857143,1209230448.2857144,1555380991.4,1339542627.6222222,0.47856657621891285,-0.17302085441826454,-0.23728720782041168,-0.09125746159887815,0
2023-08-15,0.6095989942550659,0.6342380046844482,0.5935029983520508,0.6342380046844482,1230727429.0,-0.03891486583734638,0.6342819929122925,0.6424059867858887,0.7072110176086426,0.7468600273132324,0.4485889971256256,0.3851569890975952,0.6293162873813084,0.6605499982833862,0.6027835657199224,0.5047978611456023,0.01647039667285659,0.017968631146525266,0.09858298285711202,0.0641811599265516,0.04073500633239746,1004158638.1428572,1181498698.8095238,1556457626.9833333,1339743923.4388888,0.31021959290267054,-0.14545463967583472,-0.19708363065631518,-0.06628456141332073,0
2023-08-16,0.5883280038833618,0.6143149733543396,0.5790519714355469,0.6095880270004272,1688583741.0,-0.034893414477655704,0.6095989942550659,0.6433650255203247,0.6851950287818909,0.739205002784729,0.4602989852428436,0.3953019976615906,0.6214538557188851,0.6544799520855858,0.6045925324161847,0.5058702278468344,0.018795012523764486,0.01856431886154296,0.0987348453924187,0.06422497589631321,0.035263001918792725,1008322401.1428572,1182059367.142857,1574005397.0833333,1343740424.3944445,0.3720208887942158,-0.09930858661146658,-0.14864668538776027,-0.04652679406709237,0
2023-08-17,0.5071420073509216,0.5934709906578064,0.4681060016155243,0.5883439779281616,2425926882.0,-0.13799444526957383,0.5883280038833618,0.6329860091209412,0.6641349792480469,0.7795400023460388,0.4679819941520691,0.3946300148963928,0.6034761411803109,0.6446464288802374,0.6049186825752259,0.5064952944715818,0.05119225489368058,0.03361076844277298,0.1004776639899519,0.06508754498503044,0.1253649890422821,1189306245.0,1227101048.952381,1602037777.5166667,1354442054.6166666,0.43666365078425806,0.022224544102196875,-0.014319502620400937,0.11313202163830205,1
2023-08-18,0.5060999989509583,0.5170609951019287,0.4875949919223785,0.5072450041770935,2169285316.0,-0.0020546678935281504,0.5071420073509216,0.6316750049591064,0.6355389952659607,0.8206940293312073,0.4690810143947601,0.3863170146942138,0.5855368546077183,0.6348146200180054,0.6051304325461387,0.5071607554952303,0.05119375051627627,0.03359960650029425,0.10047573518974157,0.0650636649482473,0.029466003179550226,1372673349.2857144,1280118739.952381,1623678265.2166667,1362451089.3222222,-0.1057911381848482,0.03980638677726134,-0.025803181717379275,0.11898634652027695,1
2023-08-19,0.5196290016174316,0.5232080221176147,0.5019760131835938,0.5061280131340027,1038954380.0,0.026731876495784013,0.5060999989509583,0.6272050142288208,0.6284229755401611,0.7940580248832703,0.4575499892234802,0.3985249996185303,0.5701688528060913,0.6256189062481835,0.6055764158566793,0.5078335555063354,0.05515271392798788,0.03470263294527505,0.10051601781982689,0.06505277111144923,0.021232008934020996,1446872003.5714285,1295032322.1904762,1623102739.6833334,1360699065.7666667,-0.521061442523497,0.007391779331052062,-0.03161106629923993,0.08514924647232691,1
2023-08-20,0.5395470261573792,0.5529590249061584,0.5173289775848389,0.5196390151977539,1471670949.0,0.03833124109306696,0.5196290016174316,0.6261019706726074,0.6230869889259338,0.7725020051002502,0.4616009891033172,0.3919050097465515,0.5578038607324872,0.6177337169647217,0.6062239497900009,0.50865378893084,0.05986289976880066,0.03655825778353294,0.10060096318051605,0.0650886650272115,0.03563004732131958,1566353975.142857,1302098460.0,1625865725.8,1362742978.3333333,0.4164923670662035,-0.029104084942969566,-0.047069203964562045,0.10946027202315656,0
2023-08-21,0.524537980556488,0.5397819876670837,0.5100489854812622,0.5395479798316956,1445315789.0,-0.027817863639773233,0.5395470261573792,0.6342819929122925,0.6219310164451599,0.73328697681427,0.4654299914836883,0.3955860137939453,0.5421261446816581,0.6094488104184469,0.6067166661222776,0.5093701887461874,0.058138252300544924,0.03671355588929269,0.10066814397733892,0.06512861502921505,0.029733002185821533,1638637783.7142856,1300029748.6666667,1624652233.6833334,1364579649.5444446,-0.017908323880354016,-0.002459237977125106,-0.006068211184476091,0.13324110906837472,0
2023-08-22,0.5209299921989441,0.5248180031776428,0.5063430070877075,0.5245360136032104,1227160129.0,-0.006878412033607506,0.524537980556488,0.6095989942550659,0.6424059867858887,0.7386829853057861,0.4536089897155761,0.3891299962997436,0.5294591443879264,0.6005782853989374,0.6071227326989174,0.5101024109456275,0.058142416958877265,0.036287282948003576,0.10067888566372052,0.06511660973468401,0.018474996089935303,1638128169.4285715,1289986523.4761906,1626629847.35,1366300393.0055556,-0.15093978884084547,0.03673237979783184,-0.02639696421696036,0.1523141094916276,1
2023-08-23,0.5299019813537598,0.5347710251808167,0.516435980796814,0.5209190249443054,1007927236.0,0.017223022842173474,0.5209299921989441,0.5883280038833618,0.6433650255203247,0.7027649879455566,0.4537340104579925,0.37847700715065,0.5211125697408404,0.5931833783785502,0.607832549015681,0.5109436608023114,0.05933955931213661,0.036663858812838256,0.10064622430345602,0.06508427085358078,0.018335044384002686,1540891525.857143,1284062313.2857144,1631863784.6666667,1366603569.1444445,-0.17865059972136688,-0.0032231830718492116,-0.03282112599378195,0.12775761843271538,0
2023-08-24,0.5184130072593689,0.5313839912414551,0.5133050084114075,0.5299130082130432,881617931.0,-0.021681319373518027,0.5299019813537598,0.5071420073509216,0.6329860091209412,0.7095999717712402,0.4691399931907654,0.3780849874019623,0.5227227125849042,0.5862442368552798,0.6083014825979869,0.5117232609126303,0.024814882491618888,0.03647891019768038,0.10070498392600637,0.06511048949419308,0.018078982830047607,1320275961.4285715,1258683332.6190476,1635203608.3666666,1368433540.161111,-0.12531589631535667,-0.014687163374140666,-0.02002074842653545,0.17905802419469352,0
2023-08-25,0.5262460112571716,0.529774010181427,0.5087429881095886,0.5184580087661743,1067427241.0,0.015109582298508561,0.5184130072593689,0.5060999989509583,0.6316750049591064,0.7157989740371704,0.4722450077533722,0.378040999174118,0.5256007143429348,0.5810398090453375,0.6090833827853203,0.5125466220908694,0.025032244872690557,0.03613396747112477,0.10065167197751652,0.06511580938537667,0.02103102207183838,1162867665.0,1245605250.0952382,1637106932.7166667,1371909160.1388888,0.2107594497190417,-0.05353200264176583,-0.04533623107545259,0.16506347362306006,0
2023-08-26,0.5234699845314026,0.5268650054931641,0.5193060040473938,0.5262179970741272,541153725.0,-0.005275150151042962,0.5262460112571716,0.5196290016174316,0.6272050142288208,0.7136459946632385,0.4828889966011047,0.3791149854660034,0.5261494261877877,0.5760420475687299,0.609743882715702,0.5133485943078995,0.023458008417783206,0.03613319680134893,0.1006590312898919,0.06511905495459289,0.007559001445770264,1091753285.7142856,1216986656.5714285,1632008746.8166666,1369084964.9833333,-0.493029872000428,-0.04657188738027296,-0.03440313200231049,0.14654906893572783,0
2023-08-27,0.5238440036773682,0.5296019911766052,0.5215160250663757,0.5234839916229248,584757090.0,0.0007144996982022533,0.5234699845314026,0.5395470261573792,0.6261019706726074,0.7125679850578308,0.4941509962081909,0.3771499991416931,0.5239061372620719,0.5713161911283221,0.6107209160923958,0.5141635609997643,0.0169685880793798,0.03618275943181634,0.10049966506832712,0.06511618500879447,0.008085966110229492,965051305.8571428,1204400772.0952382,1625261375.3833334,1366774208.4444444,0.0805748218770923,-0.035879027526885876,-0.042256916994248495,0.12145980654125932,0
2023-08-28,0.523248016834259,0.52435302734375,0.512673020362854,0.5238400101661682,842593344.0,-0.0011377181735885422,0.5238440036773682,0.524537980556488,0.6342819929122925,0.7127389907836914,0.5219380259513855,0.383879005908966,0.5237218567303249,0.5666170006706601,0.6115296830733618,0.5149378332826826,0.013363049984246655,0.03618875664406244,0.1004842188646145,0.06510812356817791,0.011680006980895996,878948099.4285715,1177024562.142857,1627324463.9333334,1366385919.0333333,0.44092882054666505,-0.028424432244383957,-0.04520036976093689,0.08467491281399342,0
2023-08-29,0.5400649905204773,0.5465760231018066,0.5137709975242615,0.523252010345459,1468584828.0,0.03213958418411944,0.523248016834259,0.5209299921989441,0.6095989942550659,0.7051360011100769,0.5173860192298889,0.3775799870491028,0.5264554279191154,0.5617436198961168,0.6126301497220993,0.5158405277464125,0.017611767249307204,0.036145427556617135,0.10054002669272026,0.0651263736775141,0.032805025577545166,913437342.1428572,1185241383.2380953,1630769113.95,1370030629.8666666,0.7429342855098555,-0.06416628047872663,-0.05654873025930307,0.05515083844262092,0
2023-08-30,0.528194010257721,0.5401650071144104,0.5231519937515259,0.5400450229644775,967541032.0,-0.021980651349601255,0.5400649905204773,0.5299019813537598,0.5883280038833618,0.6985210180282593,0.5073170065879822,0.3776710033416748,0.5262114320482526,0.5562592858359927,0.6135413497686386,0.5166767666737239,0.01933682321511734,0.03621417896323778,0.10060035636240088,0.06515386783806787,0.01701301336288452,907667884.4285715,1152293937.142857,1634604437.25,1368716131.761111,-0.34117456918191724,-0.04723828868858704,-0.01225881257670014,0.06410709096807876,0
2023-08-31,0.510798990726471,0.5284619927406311,0.505079984664917,0.5281950235366821,1074749312.0,-0.03293301172189078,0.528194010257721,0.5184130072593689,0.5071420073509216,0.7072110176086426,0.5253869891166687,0.3738130033016205,0.5251237154006958,0.550440856388637,0.6139797831575076,0.5174377999371953,0.02172980791743896,0.036570786775570435,0.10069331760457786,0.06520255971586372,0.02338200807571411,935258081.7142857,1148280096.047619,1633272401.2166667,1371594619.1888888,0.11080489245855563,-0.011632730576087935,0.009017262393397285,0.11008642573880212,0
2023-09-01,0.498075008392334,0.5116230249404907,0.4886009991168976,0.5107880234718323,1097204087.0,-0.02490995981812849,0.510798990726471,0.5262460112571716,0.5060999989509583,0.6851950287818909,0.5193510055541992,0.3671939969062805,0.5210992864200047,0.5440789517902193,0.6141219163934389,0.5181649166676733,0.021770492420638235,0.03667877050720863,0.10076131780110242,0.06521777580441429,0.02302202582359314,939511916.8571428,1158350977.047619,1633893208.65,1374881432.7833333,0.020893035007590655,0.013602292494583779,0.05245998473967939,0.13700350106602044,1
2023-09-02,0.4990909993648529,0.5021100044250488,0.4953620135784149,0.4980599880218506,661651382.0,0.0020398352766148875,0.498075008392334,0.5234699845314026,0.5196290016174316,0.6641349792480469,0.5359110236167908,0.3704710006713867,0.5176165742533547,0.5379782844157446,0.6143093998233478,0.5188794722159703,0.022075569546382103,0.036776016874753674,0.10075698077356646,0.06521649464318986,0.006747990846633911,956725867.8571428,1165117052.3809524,1630892944.5833333,1372103893.6333334,-0.39696598851622766,0.009545334711912101,0.027532026430258094,0.09797617025189709,1
2023-09-03,0.5050489902496338,0.5091860294342041,0.4978390038013458,0.4991079866886139,622598422.0,0.011937684495138212,0.4990909993648529,0.5238440036773682,0.5395470261573792,0.6355389952659607,0.5103939771652222,0.3805480003356933,0.514931572335107,0.5322138567765554,0.6147556831439336,0.5195711443821589,0.023078522010426716,0.03705244170998238,0.10071399935592704,0.06519515246040115,0.011347025632858276,962131772.4285715,1164512351.142857,1625433742.1833334,1367343514.6055555,-0.05902346925045798,-0.01432532434763445,0.0660094583985773,0.12382566636249615,0
2023-09-04,0.5083749890327454,0.512067973613739,0.4989930093288421,0.5050489902496338,843268290.0,0.006585497342480817,0.5050489902496338,0.523248016834259,0.524537980556488,0.6284229755401611,0.5304639935493469,0.3891879916191101,0.5128068540777478,0.5262182851632436,0.6154996161659558,0.5202332943677902,0.023473924306951745,0.036881859694694784,0.10060986691104568,0.0651792891298341,0.013074964284896906,962228193.2857143,1159938025.4761906,1623651748.9666667,1361573396.0666666,0.3544337091172389,-0.06688171823648337,0.04830300721633907,0.09641701479766307,0
2023-09-05,0.5054110288619995,0.5083969831466675,0.5001230239868164,0.5083969831466675,750823613.0,-0.005830263554832182,0.5083749890327454,0.5400649905204773,0.5209299921989441,0.6230869889259338,0.5196279883384705,0.3721300065517425,0.5078562881265368,0.5212569534778595,0.6161103834708531,0.5209737444917361,0.01735419353231938,0.03627736632261349,0.1006168652731066,0.0650878610061726,0.008273959159851074,859690876.8571428,1137085462.8095238,1624786354.8,1356148779.7333333,-0.10962664918895504,-0.04881772155780073,0.03552543284363607,0.10440008066618,0
2023-09-06,0.5032430291175842,0.5054550170898438,0.4938110113143921,0.5054309964179993,773743079.0,-0.004289577434225866,0.5054110288619995,0.528194010257721,0.5299019813537598,0.6219310164451599,0.5245460271835327,0.3706220090389251,0.5042918622493744,0.5172052880128225,0.6166537006696066,0.5217105279366175,0.016464896383834676,0.03576324206223018,0.10062375453992393,0.06508801367700436,0.01164400577545166,832005455.0,1093521621.7619047,1630858150.0333333,1352386825.011111,0.030525766109596342,-0.03868516431981617,0.04560419575135288,0.08137813769651303,0
2023-09-07,0.5048570036888123,0.5060909986495972,0.4973379969596863,0.5032370090484619,699614463.0,0.0032071473976660325,0.5032430291175842,0.510798990726471,0.5184130072593689,0.6424059867858887,0.5379170179367065,0.3668319880962372,0.5034430069582803,0.5170964783146268,0.6172588174541791,0.5224773335787986,0.011938111313130701,0.019374942744779678,0.10061678522087217,0.06508008881809323,0.008753001689910889,778414762.2857143,1011316268.4761904,1637102753.2666667,1350434163.2277777,-0.09580520719591468,-0.03050367203673643,0.033769987231548226,0.032662679698397756,0
2023-09-08,0.5048499703407288,0.5067179799079895,0.4970290064811706,0.5048649907112122,709453301.0,-1.3931366767416797e-05,0.5048570036888123,0.498075008392334,0.5262460112571716,0.6433650255203247,0.5081989765167236,0.3733179867267608,0.5044108586651939,0.5170369531427111,0.6177119170626004,0.5232080668210983,0.006139381003583353,0.01936943175887105,0.10060027620318222,0.06507176119732029,0.009688973426818903,723021792.8571428,941800458.2380953,1634164867.3666666,1348252431.8555555,0.014063228421279828,-0.007873575099436536,0.02597020039133513,0.0400951501993454,0
2023-09-09,0.5038549900054932,0.5048589706420898,0.5020279884338379,0.5048589706420898,359744792.0,-0.001970843604415906,0.5048499703407288,0.4990909993648529,0.5234699845314026,0.6329860091209412,0.5212209820747375,0.3737860023975372,0.5050914287567139,0.5162858097326188,0.618180850148201,0.5239306723078092,0.006314050608012918,0.018380744551296933,0.10059759967814098,0.0650727721910134,0.002830982208251953,679892280.0,909457144.5238096,1629400186.6166666,1340836603.1444445,-0.49292674867686603,-0.00788918247630166,-0.0012463795135713163,0.05048274729679014,0
2023-09-10,0.4978139996528625,0.5038830041885376,0.4954189956188202,0.5038579702377319,506251985.0,-0.011989541579343732,0.5038549900054932,0.5050489902496338,0.5238440036773682,0.6316750049591064,0.52572101354599,0.3742789924144745,0.5040578586714608,0.5142985227562131,0.6186259999871254,0.524616977903578,0.0061163919770783745,0.016092638762904076,0.1006035359156474,0.06508257776144763,0.008464008569717407,663271360.4285715,863484812.9047619,1625907562.3,1335160781.1722221,0.407253131269792,-0.00958790019029121,-0.0007593451719498656,0.08401528125285496,0
2023-09-11,0.474373996257782,0.4980149865150451,0.4670790135860443,0.4977859854698181,1280910602.0,-0.04708586623000921,0.4978139996528625,0.5083749890327454,0.523248016834259,0.6272050142288208,0.5200859904289246,0.3605580031871795,0.4992005739893232,0.511909761599132,0.6129428163170815,0.5252492889761925,0.017162682416109434,0.017975468466684352,0.0324979827447024,0.06512288712734617,0.0309359729290008,725791690.7142857,855655994.4761904,1473966995.7333333,1336374272.75,1.5301838609087133,0.06077267886928417,0.030490690975570667,0.14061473800601232,1
2023-09-12,0.4807380139827728,0.4848299920558929,0.4707520008087158,0.474388986825943,1026076357.0,0.013415612523441478,0.474373996257782,0.5054110288619995,0.5400649905204773,0.6261019706726074,0.4802199900150299,0.3660250008106231,0.4956758575780051,0.5099958578745524,0.6089691668748856,0.5258865834938156,0.019296755348133143,0.018388745566433815,0.02925635287401442,0.065121217395826,0.014077991247177069,765113511.2857143,846080576.7619047,1373398085.3166666,1338226155.0944445,-0.19894772094329183,0.06950347628038656,0.0048092197758944355,0.11352125558346415,1
2023-09-13,0.4837749898433685,0.4867869913578033,0.4749340116977691,0.4807569980621338,899389429.0,0.006317319979410874,0.4807380139827728,0.5032430291175842,0.528194010257721,0.6342819929122925,0.4801180064678192,0.3803820013999939,0.49289470911026,0.5077993344692957,0.6051440998911858,0.5264609889851676,0.01994698624252642,0.017917647493497543,0.029300023715922663,0.06506552641363018,0.01185297966003418,783062989.8571428,840912109.7619047,1332222117.6666667,1337408885.7944446,-0.12346734932125525,0.07768070748136724,0.003977072340283883,0.1628877220466347,1
2023-09-14,0.4894570112228393,0.4931150078773498,0.4806509912014007,0.4837670028209686,783751989.0,0.011745173890263416,0.4837749898433685,0.5048570036888123,0.510798990726471,0.6095989942550659,0.4757429957389831,0.3744330108165741,0.4906947101865496,0.5064204775151753,0.6008540496230126,0.5271000112096469,0.02080678754515537,0.01776861909988385,0.028560574260879927,0.06505380814327202,0.012464016675949097,795082636.4285715,836251826.8095238,1279657127.1,1336944446.6944444,-0.12857327012234654,0.03620749157972414,-0.005479542303286622,0.17098950939181368,1
2023-09-15,0.5008749961853027,0.5050740242004395,0.4889769852161407,0.4894680082798004,951792585.0,0.023327860671435108,0.4894570112228393,0.5048499703407288,0.498075008392334,0.5883280038833618,0.4797900021076202,0.3884649872779846,0.49012685673577444,0.5052123339403243,0.5968818828463555,0.527724511259132,0.023313710177684157,0.018261401176734495,0.028815716797461616,0.06502059731892501,0.01609703898429876,829702534.1428572,830745414.6190476,1253746679.5,1335623092.5944445,0.21440531999721668,0.02322935974585194,-0.02601249653706983,0.19031491006853507,1
2023-09-16,0.4998799860477447,0.503167986869812,0.4988450109958648,0.5008490085601807,517370943.0,-0.0019865438385547884,0.5008749961853027,0.5038549900054932,0.4990909993648529,0.5071420073509216,0.4875729978084564,0.3746280074119568,0.4895589990275246,0.5040890006791978,0.5922208825747172,0.5284203555848863,0.023313832080404332,0.018247715673447875,0.02770309321157732,0.06495719337967461,0.004322975873947199,852220555.7142857,829612901.1904762,1218602698.9666667,1332529472.9444444,-0.45642469677361486,0.016311924941643685,-0.0038069087518181055,0.14222417692902667,1
2023-09-17,0.4930410087108612,0.5003719925880432,0.4920220077037811,0.499906986951828,500486648.0,-0.013681238552787911,0.4998799860477447,0.4978139996528625,0.5050489902496338,0.5060999989509583,0.4933950006961822,0.4697099924087524,0.48887714317866726,0.5026221913950784,0.5867599988977115,0.5285499723421203,0.023456353668566878,0.018409020039609904,0.026578325640009965,0.06219340162338617,0.00834998488426214,851396936.1428572,825600023.0,1161034223.9333334,1312093515.7722223,-0.03263479564989791,0.018957838419687123,-0.0027320351522098774,0.18733940649712744,1
2023-09-18,0.5032029747962952,0.5066319704055786,0.4895470142364502,0.4930289983749389,955363038.0,0.020610792826349478,0.4930410087108612,0.474373996257782,0.5083749890327454,0.5196290016174316,0.4928700029850006,0.4224799871444702,0.4929955686841692,0.5016676655837468,0.5819124147295952,0.5289984333846304,0.01296123281709348,0.019101156930906908,0.026636750719113356,0.06173414776599799,0.017084956169128418,804890141.2857143,830970008.4285715,1129567227.0,1298998943.8111112,0.9088681822337046,0.004487260352425748,-0.029578452432351465,0.16156304912912223,1
2023-09-19,0.5141509771347046,0.5159749984741211,0.5018370151519775,0.5031870007514954,981191150.0,0.02175663278390072,0.5032029747962952,0.4807380139827728,0.5054110288619995,0.5395470261573792,0.500694990158081,0.4448499977588653,0.4977688491344452,0.500433664946329,0.5776065642635028,0.5293834388256073,0.013838377236028111,0.018299450269448826,0.026764212705868498,0.061635181520831694,0.014137983322143555,798477968.8571428,807760785.6666666,1114908387.2833333,1292442106.7277777,0.02703486629969465,-0.024201074377041887,0.011623086516588943,0.13828622278032676,0
2023-09-20,0.5213549733161926,0.5242660045623779,0.5103909969329834,0.5141329765319824,1081193591.0,0.014011441195025842,0.5141509771347046,0.4837749898433685,0.5032430291175842,0.524537980556488,0.4949750006198883,0.4259020090103149,0.5031374182019915,0.5001079965205419,0.5740743642052014,0.529913733071751,0.013827962977621951,0.018035560310379763,0.02624550769129881,0.06154952709205638,0.013875007629394531,824449992.0,813172812.2857143,1105631744.1,1291143809.738889,0.10191942823781064,-0.04173348569233504,-0.010263539534359989,0.126623935263811,0
2023-09-21,0.5071790218353271,0.5213580131530762,0.5020229816436768,0.5213580131530762,1120291947.0,-0.02719059413722713,0.5213549733161926,0.4894570112228393,0.5048570036888123,0.5209299921989441,0.4965659976005554,0.4447160065174103,0.5056691340037754,0.4999356170495351,0.5702159648140271,0.5302607498235172,0.01989616758066725,0.01755580826261947,0.026341588907428656,0.06150973321970899,0.019335031509399414,872527128.8571428,815341509.1904762,1098613463.7833333,1287185611.8,0.03616221583762602,0.004625544655268321,0.027729763550628173,0.1537760023090704,1
2023-09-22,0.5125100016593933,0.5161809921264648,0.5056089758872986,0.5071939826011658,712954688.0,0.01051104165305361,0.5071790218353271,0.5008749961853027,0.5048499703407288,0.5299019813537598,0.4873130023479461,0.4488170146942138,0.5073312776429313,0.5006229976812998,0.5670450483759244,0.5306145997511016,0.018497330037259327,0.016744895017620078,0.02581660361367258,0.06151063618373284,0.01057201623916626,838407429.2857143,797043918.7619047,1072715702.4833333,1285088129.0222223,-0.3635992029495504,0.017968385382970187,0.019466904134690655,0.16708164258123892,1
2023-09-23,0.5080339908599854,0.5135189890861511,0.5068860054016113,0.5124980211257935,382427235.0,-0.008733509170388176,0.5125100016593933,0.4998799860477447,0.5038549900054932,0.5184130072593689,0.4902769923210144,0.4799909889698028,0.5084961354732513,0.5010488544191632,0.5636856153607368,0.5307703942060471,0.018995866871109608,0.016891806185877,0.025749205999452282,0.061308475980522026,0.006632983684539795,819129756.7142857,783747530.8095238,1048871253.6,1272044636.0,-0.4636023278382595,0.014508888241259621,0.07644370858751603,0.156656806746982,1
2023-09-24,0.5023880004882812,0.5113170146942139,0.5014330148696899,0.5080159902572632,404611925.0,-0.01111341066401228,0.5080339908599854,0.4930410087108612,0.4978139996528625,0.5262460112571716,0.4793320000171661,0.5150579810142517,0.5098314200128827,0.5009221406210036,0.5601287658015887,0.5307000054253472,0.018653714156607742,0.016893345785807794,0.025694423739792277,0.06108194270601475,0.009883999824523926,805433367.7142857,773367221.4285715,1027667957.25,1256719051.588889,0.05801022513472409,0.04342463439080313,0.11175425974578213,0.16456803634071893,1
2023-09-25,0.5054609775543213,0.5064690113067627,0.4925830066204071,0.5023869872093201,852958013.0,0.006116740573129498,0.5023880004882812,0.5032029747962952,0.474373996257782,0.5234699845314026,0.4838399887084961,0.5435770153999329,0.510153991835458,0.5007833781696501,0.55665901551644,0.5304882496595382,0.017090820463358993,0.01688435801527157,0.025736647975638228,0.06094835142902159,0.01388600468635559,790804078.4285715,773828636.8095238,1017216398.0666667,1238719118.4555554,1.108089159754745,0.014582744709222384,0.09861303257412413,0.1703059163031937,1
2023-09-26,0.5017079710960388,0.5066549777984619,0.4988040030002594,0.5054550170898438,782380755.0,-0.007424918292291194,0.5054609775543213,0.5141509771347046,0.4807380139827728,0.5238440036773682,0.4652220010757446,0.5342490077018738,0.50837641954422,0.5006070420855567,0.5531446819504102,0.5303074661228392,0.014476296714231673,0.016914804257227054,0.025732861690971217,0.06093647865584031,0.007850974798202515,762402593.4285715,775331357.8571428,1012657513.9,1228095250.9944444,-0.08274411744110077,0.07310832511708387,0.10359614520777116,0.16310883953608202,1
2023-09-27,0.4995970129966736,0.5064759850502014,0.4973739981651306,0.5017039775848389,748882159.0,-0.004207543473454534,0.5017079710960388,0.5213549733161926,0.4837749898433685,0.523248016834259,0.4747219979763031,0.5384920239448547,0.5052681394985744,0.5004334222702753,0.5495923156539599,0.5300913827286826,0.012297243984520147,0.016913825018043723,0.025722482671349647,0.06093551729105601,0.0091019868850708,714929531.7142857,774147504.5238096,1013042730.6666666,1221509854.7833333,-0.04281623210427765,0.06672180964410357,0.09309499445647251,0.1817945376478478,1
2023-09-28,0.5095250010490417,0.5095250010490417,0.495606005191803,0.4995900094509125,786510398.0,0.01987199241408244,0.4995970129966736,0.5071790218353271,0.4894570112228393,0.5400649905204773,0.4740369915962219,0.5147410035133362,0.5056032793862479,0.5006557078588576,0.5463321323196093,0.5300624049372143,0.011631902153301388,0.017464083041211862,0.025921155811773806,0.060857658353494756,0.01391899585723877,667246453.2857143,778285406.1904762,1004096536.3833333,1215713606.5722222,0.05024587453150953,0.02716446366465064,0.07039109373660213,0.1558352774568279,1
2023-09-29,0.5217189788818359,0.5454570055007935,0.5068169832229614,0.5095369815826416,1721538761.0,0.023932050061701515,0.5095250010490417,0.5125100016593933,0.5008749961853027,0.528194010257721,0.4735220074653625,0.5189530253410339,0.5069188475608826,0.5014589939798627,0.5433854316671689,0.5300777713457744,0.014312494064972509,0.018189696142002887,0.026182364488128086,0.060878889515461,0.03864002227783203,811329892.2857143,826479951.9047619,1007976203.6166667,1217007439.4722223,1.1888315340492168,0.008575581926728582,0.06646298774179171,0.1784140782945991,1
2023-09-30,0.515404999256134,0.5216889977455139,0.5152069926261902,0.5216889977455139,544604664.0,-0.012102261718050289,0.5217189788818359,0.5080339908599854,0.4998799860477447,0.510798990726471,0.4844929873943329,0.4969600141048431,0.5079718487603324,0.5020089944203695,0.5401886646946271,0.5301802434855037,0.01480655329772678,0.018425463786128707,0.0261048339962761,0.06079898989669569,0.0064820051193237305,834498096.4285715,835282802.9523809,993085150.3833333,1210833728.1277778,-0.6836523949750324,0.012613418593901526,0.12327980570508301,0.24551948922298572,1
2023-10-01,0.5242040157318115,0.5252199769020081,0.51494300365448,0.5153679847717285,549430554.0,0.017072043322002628,0.515404999256134,0.5023880004882812,0.4930410087108612,0.498075008392334,0.4895470142364502,0.50347900390625,0.5110884223665509,0.5032656618527004,0.5375054811437925,0.5302953824400902,0.014424992786303914,0.01847322356229878,0.026025752288366122,0.060803895736744024,0.010276973247528076,855186472.0,837338925.2857143,983370065.45,1207050325.4555554,0.008861271889511357,-0.011909467128096929,0.14513051293258528,0.16651524943932028,0
2023-10-02,0.51283198595047,0.5255429744720459,0.5109900236129761,0.5242040157318115,946645872.0,-0.021693900542645972,0.5242040157318115,0.5054609775543213,0.5032029747962952,0.4990909993648529,0.4878419935703277,0.5062350034713745,0.5121414235660008,0.5050969946952093,0.5349837645888329,0.5303320323427518,0.017864898103203086,0.01567584855142025,0.025894782357808722,0.0608279489446087,0.014552950859069824,868570451.8571428,821421557.1904762,975571221.2333333,1204517623.0833333,0.7229581884519658,-0.018729312417065214,0.18857254500956722,0.1651574467511392,0
2023-10-03,0.5383870005607605,0.5449010133743286,0.5074650049209595,0.5128120183944702,1206543606.0,0.049831163637204634,0.51283198595047,0.5017079710960388,0.5141509771347046,0.5050489902496338,0.4782719910144806,0.5032979846000671,0.5173812849181039,0.5078421845322564,0.5333645646770795,0.5305269713203112,0.02456934770101458,0.018540884052009144,0.02629100206582426,0.06093213168952463,0.03743600845336914,929165144.8571428,830015235.7142857,973312498.4333333,1205236681.2277777,0.27454589058832335,-0.07606241146686432,0.12639977149525028,0.002682052357922071,0
2023-10-04,0.5329310297966003,0.5410130023956299,0.5232620239257812,0.5384039878845215,1467518350.0,-0.0101339199469479,0.5383870005607605,0.4995970129966736,0.5213549733161926,0.5083749890327454,0.4637390077114105,0.5137360095977783,0.5221432873180935,0.5101829483395531,0.5317730322480202,0.5306336103214158,0.02524875533691504,0.018852658948186413,0.026285335683404038,0.06092186479087165,0.017750978469848633,1031827457.8571428,857068993.8571428,978735401.1166667,1207498402.3611112,0.21629947123519044,-0.08273686489770449,0.150246407069198,-0.020599369272166657,0
2023-10-05,0.5233659744262695,0.5329570174217224,0.5188279747962952,0.5329570174217224,823945282.0,-0.017948017352229284,0.5329310297966003,0.5095250010490417,0.5071790218353271,0.5054110288619995,0.468764990568161,0.5057160258293152,0.524120569229126,0.5117976608730498,0.5301110153396924,0.5307316655913988,0.02667543231226532,0.01940993615178603,0.02635082346719616,0.06092579985310203,0.014129042625427246,1037175298.4285715,858982960.1904762,978316811.4166666,1208811203.6277778,-0.43854515890721235,-0.07703211070192739,0.177348215798786,0.02097003584255508,0
2023-10-06,0.5261930227279663,0.529079020023346,0.5184940099716187,0.5233539938926697,684500790.0,0.005401666214155165,0.5233659744262695,0.5217189788818359,0.5125100016593933,0.5032430291175842,0.4706439971923828,0.5058339834213257,0.5247597183500018,0.5130032811846051,0.5285153821110725,0.5308447713653247,0.025265800876128872,0.018875270891351905,0.02637069318758678,0.06092638085106992,0.010585010051727295,889027016.8571428,846254779.4761904,966100262.0333333,1209555192.3888888,-0.16923999086628672,-0.07695659768279639,0.2564723777176714,0.006277147828955387,0
2023-10-07,0.5219060182571411,0.5261899828910828,0.5208330154418945,0.5261899828910828,321512118.0,-0.00814720888657905,0.5261930227279663,0.515404999256134,0.5080339908599854,0.5048570036888123,0.4685499966144562,0.5183179974555969,0.5256884353501456,0.5140521398612431,0.5265070493022601,0.5308647048142221,0.024953488036579333,0.018996286745660132,0.025967601949192613,0.06090605422813394,0.005356967449188232,857156653.1428572,836928168.7619047,949858270.9166666,1206261429.1277778,-0.530296936545537,-0.067312899648589,0.3709690239866241,0.022390942117122448,0
2023-10-08,0.5179610252380371,0.5235400199890137,0.5172640085220337,0.5218790173530579,356449311.0,-0.007558818793233946,0.5219060182571411,0.5242040157318115,0.5023880004882812,0.5048499703407288,0.4776639938354492,0.5175179839134216,0.5247965795653207,0.5152388073149181,0.5244169826308887,0.5308671661549145,0.02420840934483518,0.018785765550748824,0.025966705712158155,0.0609093414588309,0.0062760114669799805,829587904.1428572,830069247.9523809,928141802.7666667,1201539687.5,0.10866524477313799,-0.05814151391539457,0.3252001393794943,0.02311556898410383,0
2023-10-09,0.5032269954681396,0.5197669863700867,0.495290994644165,0.517973005771637,989847649.0,-0.02844621323221419,0.5179610252380371,0.51283198595047,0.5054609775543213,0.5038549900054932,0.475719004869461,0.5061150193214417,0.5234244380678449,0.5152399511564345,0.522254332403342,0.5308511215779517,0.025260502981977528,0.019461315873454434,0.02611838626968504,0.060924991005889814,0.024475991725921686,835759586.5714285,831711372.2857143,925321930.6666666,1201131392.8,1.7769660887351244,-0.010432681397099741,0.36732732044116445,0.05492749517100348,0
2023-10-10,0.497435986995697,0.5032560229301453,0.4932970106601715,0.5032560229301453,670612869.0,-0.01150774605614191,0.5032269954681396,0.5383870005607605,0.5017079710960388,0.4978139996528625,0.471105009317398,0.5132920145988464,0.5175742932728359,0.5144439992450532,0.5200170154372851,0.5307630325357119,0.01034723303375215,0.0189648289424167,0.02613825324190401,0.06092486541463728,0.009959012269973755,759198052.7142857,816921930.3333334,921736885.3833333,1199506436.0666666,-0.32250900461551735,-0.011543160933719432,0.3418309140718734,0.054069268431678585,0
2023-10-11,0.4888379871845245,0.4977909922599792,0.4808599948883056,0.4973790049552917,794253917.0,-0.017284635683680327,0.497435986995697,0.5329310297966003,0.4995970129966736,0.474373996257782,0.8153650164604187,0.5239930152893066,0.5112752871853965,0.5128955713340214,0.5177108983198802,0.5305677268240186,0.010575876901587592,0.018922585778295656,0.02619427881671527,0.06092250248973195,0.016930997371673584,663017419.4285715,803258136.3333334,926315054.0,1195045866.0611112,0.1843702286601958,-0.001061655713477494,0.3513167755929658,0.08415679119773167,0
2023-10-12,0.483049988746643,0.4888570010662079,0.4756369888782501,0.4887979924678802,812745907.0,-0.011840320493948564,0.4888379871845245,0.5233659744262695,0.5095250010490417,0.4807380139827728,0.7191569805145264,0.5204439759254456,0.5055158606597355,0.5117465697583699,0.5153266986211141,0.5303599824508031,0.01027143544332024,0.018220524664114193,0.026213338078884152,0.06092728489038847,0.013220012187957764,661417508.7142857,788613086.8095238,929272533.3166667,1195835807.288889,0.02328221442060574,0.07675605121964657,0.37198012791832036,0.11437120399040812,1
2023-10-13,0.4856989979743957,0.4897890090942383,0.4793410003185272,0.4830490052700043,696915013.0,0.005483923588583517,0.483049988746643,0.5261930227279663,0.5217189788818359,0.4837749898433685,0.7132790088653564,0.5213919878005981,0.499730999980654,0.5104698552971795,0.5128503153721492,0.5301616880628798,0.010293804318537722,0.018078162703668736,0.026148070582599044,0.06092818178356967,0.01044800877571106,663190969.1428572,787849292.7619047,925232298.05,1196200822.288889,-0.14251796656541027,0.062394668484221594,0.36202870723677005,0.1108938297591131,1
2023-10-14,0.4867750108242035,0.4879800081253052,0.4839740097522735,0.4856899976730346,357321203.0,0.0022153903020085686,0.4856989979743957,0.5219060182571411,0.515404999256134,0.4894570112228393,0.7468600273132324,0.5111269950866699,0.4947122846330915,0.5094575229145232,0.5108032489816348,0.5300263992614216,0.01150184622795455,0.01804426997343865,0.025755739352015587,0.06090851901203156,0.004005998373031672,668306552.7142857,786653767.4285715,910675527.6166667,1192511627.5944445,-0.4872815245264346,0.07080882255252852,0.37953669213606256,0.09196233326939507,1
2023-10-15,0.4878459870815277,0.4899919927120209,0.4856649935245514,0.4867730140686035,385469444.0,0.0022001463376495334,0.4867750108242035,0.5179610252380371,0.5242040157318115,0.5008749961853027,0.739205002784729,0.532263994216919,0.49041013632501873,0.5087650460856301,0.5091285487016042,0.5297796325551138,0.012383279622285475,0.017937209631054444,0.025430144334665113,0.06083387702793069,0.004326999187469482,672452286.0,785742220.7142857,888956956.0,1188157359.8722222,0.07877573668641213,0.07100806107983826,0.29072088491969317,0.12334841941317931,1
2023-10-16,0.4979769885540008,0.5054579973220825,0.4861570000648498,0.4878380000591278,1082594336.0,0.02076680292704758,0.4878459870815277,0.5032269954681396,0.51283198595047,0.4998799860477447,0.7795400023460388,0.4915989935398102,0.48966013533728464,0.5084086656570435,0.5089757983883222,0.5298150658607483,0.013091168603293998,0.018513521068720677,0.01841486916338571,0.060574706376277196,0.01930099725723272,685701812.7142857,796677283.7142857,866568080.2333333,1182794278.088889,1.8085088269668401,0.09818326103342834,0.30457435918305564,0.0873032349881071,1
2023-10-17,0.4916940033435821,0.4981380105018616,0.4886049926280975,0.497981995344162,773438395.0,-0.012617019169224863,0.4979769885540008,0.497435986995697,0.5383870005607605,0.4930410087108612,0.8206940293312073,0.4748579859733581,0.48883985195841106,0.5079318100497836,0.5087356984615325,0.5299085992905829,0.013239452574746902,0.018644152784194946,0.01848386531076026,0.060525593282801084,0.009533017873764094,700391173.5714285,796251457.0476191,843303964.8833333,1178845313.7833333,-0.28556951641025397,0.13593412933638338,0.2450182631610498,0.11460578295753088,1
2023-10-18,0.4883190095424652,0.4922049939632416,0.4874219894409179,0.491703987121582,734621817.0,-0.006864012532523223,0.4916940033435821,0.4888379871845245,0.5329310297966003,0.5032029747962952,0.7940580248832703,0.449396014213562,0.4887657122952597,0.5073947622662499,0.5082138652602831,0.5301248381535212,0.011672744921723313,0.018677440500083974,0.01815666068048449,0.06038764956028617,0.004783004522323664,691872302.1428572,795572393.1428572,838231755.5,1175078905.6777778,-0.05018703267245994,0.13717878384282667,0.2567952661375612,0.1133255259130046,1
2023-10-19,0.52012699842453,0.5224959850311279,0.4786680042743683,0.4883120059967041,1385006018.0,0.06513772402976414,0.4883190095424652,0.483049988746643,0.5233659744262695,0.5141509771347046,0.7725020051002502,0.4726609885692596,0.49406242796352934,0.5078996192841303,0.5078901981314023,0.5303885382082727,0.02610280491811469,0.023249614657456192,0.0194233303380107,0.060457609845745,0.043827980756759644,773623746.5714285,824072184.5714285,836787339.9833333,1177504767.7833333,0.8853319979741359,0.0645149830689653,0.1750764901848818,0.05078370710645075,1
2023-10-20,0.5160040259361267,0.5291029810905457,0.510004997253418,0.5200780034065247,1369774008.0,-0.007926857288492739,0.52012699842453,0.4856989979743957,0.5261930227279663,0.5213549733161926,0.73328697681427,0.4650160074234009,0.498391717672348,0.5076274786676679,0.5077479655543963,0.5306718049777879,0.02704209821774423,0.02272798553472302,0.019115197896193564,0.06044696780363442,0.019097983837127686,869746460.1428572,807321482.0476191,835528310.3,1180971372.1666667,-0.010997793368432873,0.05833863052004307,0.21607381492509448,0.054753369802004404,1
2023-10-21,0.5212429761886597,0.5294820070266724,0.5123289823532104,0.5159900188446045,656496071.0,0.010152925150203052,0.5160040259361267,0.4867750108242035,0.5219060182571411,0.5071790218353271,0.7386829853057861,0.4612730145454407,0.5033157127244132,0.5079054775692168,0.5077531819542249,0.5310049714313613,0.02687671638863605,0.022668144102177747,0.01913919970334786,0.06044539707947786,0.017153024673461914,912485727.0,812649644.2857143,826017242.6666666,1177464774.8777778,-0.5207267277917278,0.04632781269675523,0.17573195490088866,0.05066548839417595,1
2023-10-22,0.5224869847297668,0.5238490104675293,0.5160009860992432,0.5211979746818542,556378450.0,0.002386619288768932,0.5212429761886597,0.4878459870815277,0.5179610252380371,0.5125100016593933,0.7027649879455566,0.4699949920177459,0.5082644266741616,0.5078237141881671,0.5076295986771584,0.5312965936130948,0.026867647563104096,0.022364765334411976,0.01901080261514198,0.06043217577524712,0.007848024368286133,936901299.2857143,812980496.4761904,818491429.5666667,1174333328.6388888,-0.15250300104233216,0.06489538924627847,0.11095969062764621,0.042825948846875184,1
2023-10-23,0.5468699932098389,0.5505380034446716,0.5218260288238525,0.5235980153083801,1699115599.0,0.04666720739978447,0.5224869847297668,0.4979769885540008,0.5032269954681396,0.5080339908599854,0.7095999717712402,0.4620369970798492,0.5152491416249957,0.5094445716767084,0.5081038817763328,0.5317678880360391,0.03015593392134823,0.023956058939929668,0.01972742549291428,0.06050707115151873,0.028711974620819092,1024975765.4285715,848812388.2380953,832116390.7,1174965022.5666666,2.0538846337416556,0.05865019952139283,0.118911305950677,-0.024669437106837333,1
2023-10-24,0.5585319995880127,0.5829730033874512,0.5374550223350525,0.5468930006027222,2705905445.0,0.02132500689921568,0.5468699932098389,0.4916940033435821,0.497435986995697,0.5023880004882812,0.7157989740371704,0.4668680131435394,0.5247974268027714,0.5104038573446728,0.5086419815818469,0.5322771324051752,0.02783045287458303,0.021909732202257434,0.01981844991784611,0.06052068022357588,0.04551798105239868,1301042486.857143,920210571.0476191,859424360.7666667,1180934160.3555555,0.5925375804874828,0.07474954677453294,0.110486060035353,-0.059658216560455224,1
2023-10-25,0.5553060173988342,0.5623769760131836,0.5422379970550537,0.5586199760437012,1396455738.0,-0.005775823393391999,0.5585319995880127,0.4883190095424652,0.4888379871845245,0.5054609775543213,0.7136459946632385,0.4802710115909576,0.5343669993536813,0.5114693329447791,0.5091725821296375,0.5326939935485522,0.02766643369872533,0.021809719535829407,0.019821320949631623,0.06049137507034131,0.020138978958129883,1395590189.857143,916826637.1428572,873679394.3166667,1182328833.3277779,-0.4839229358215804,0.09766146882157001,0.11988883365825909,-0.04240009299640668,1
2023-10-26,0.5536829829216003,0.5667750239372253,0.5445520281791687,0.5553529858589172,1401251370.0,-0.0029227748779609986,0.5553060173988342,0.52012699842453,0.483049988746643,0.5017079710960388,0.7125679850578308,0.4784089922904968,0.5391607114246914,0.5129130000159854,0.5096698984503746,0.5331121823853917,0.01941935900000721,0.021358101366864262,0.01982831695223114,0.060490884283562,0.02222299575805664,1397910954.4285715,944317403.2380953,887287632.3166667,1186716129.9944444,0.0034341453649424647,0.09528198104929575,0.12599454918847663,-0.09349034190994132,1
2023-10-27,0.5461069941520691,0.5575659871101379,0.5394780039787292,0.5536850094795227,1048891335.0,-0.013682899787808678,0.5536829829216003,0.5160040259361267,0.4856989979743957,0.4995970129966736,0.7127389907836914,0.4723320007324219,0.5434611354555402,0.5138612843695141,0.5100508814056715,0.5335220434599452,0.02036099954078136,0.021650244904086596,0.019918416140915253,0.06049227517972107,0.01808798313140869,1352070572.5714285,961669333.9523809,890725932.1666666,1189451861.3,-0.2514609744859696,0.12249432584364706,0.1294838386820567,-0.0610612896201822,1
2023-10-28,0.5453910231590271,0.550046980381012,0.5416520237922668,0.5457149744033813,566792583.0,-0.0013110452726460275,0.5461069941520691,0.5212429761886597,0.4867750108242035,0.5095250010490417,0.7051360011100769,0.4649659991264343,0.546910856451307,0.5149796179362706,0.5101396486163139,0.5339688491490152,0.02064683445698048,0.021541343048780158,0.01949297958512449,0.06047821270401414,0.008394956588745117,1339255788.5714285,973349356.0952381,875696061.4166666,1187372909.7333333,-0.4596269755627259,0.12980223369186694,0.10774279702513945,-0.05319119056390709,1
2023-10-29,0.5563939809799194,0.5609059929847717,0.5421860218048096,0.5453720092773438,655356620.0,0.0201744388038525,0.5453910231590271,0.5224869847297668,0.4878459870815277,0.5217189788818359,0.6985210180282593,0.4649510085582733,0.5517547130584717,0.516809758685884,0.5106096481283505,0.5344768656624688,0.021121044314338984,0.021754858156098233,0.019434130645732482,0.06049271284389445,0.018719971179962158,1353395527.142857,987583037.4761904,870492987.8833333,1185992412.75,0.15625475642471498,0.18827129876755033,0.0989011801290276,-0.06679970373042987,1
2023-10-30,0.5789440274238586,0.583204984664917,0.5505980253219604,0.5563899874687195,1527609944.0,0.04052891874247844,0.5563939809799194,0.5468699932098389,0.4979769885540008,0.515404999256134,0.7072110176086426,0.4634940028190613,0.5563367179461888,0.5204153316361564,0.5117453987399737,0.535118254688051,0.019360819175605927,0.021875683436470516,0.019570405770297727,0.06055807506512526,0.03260695934295654,1328894719.2857144,1013190765.8095238,878040665.0833334,1188650380.738889,1.330959812384286,0.2359001053117198,0.052533550415424735,-0.08813980421636047,1
2023-10-31,0.6002820134162903,0.6127369999885559,0.5664929747581482,0.5789279937744141,2218043567.0,0.03685673395298639,0.5789440274238586,0.5585319995880127,0.4916940033435821,0.5242040157318115,0.6851950287818909,0.4615730047225952,0.5623010056359428,0.5253127614657084,0.5134488488237063,0.5358888602919049,0.02183031377850949,0.022378800855331,0.019739942093341,0.060609651978608535,0.046244025230407715,1259200165.2857144,1086877941.9047618,896721323.0833334,1196792537.8277779,0.4519698406728885,0.14346591684828436,0.010121872958569034,-0.1287861328612745,1
2023-11-01,0.6095380187034607,0.6159060001373291,0.5822619795799255,0.6002950072288513,1779920317.0,0.015419428002670266,0.6002820134162903,0.5553060173988342,0.4883190095424652,0.51283198595047,0.6641349792480469,0.4677999913692474,0.5700484343937465,0.5310603820142292,0.5152896324793498,0.5366762937770949,0.020624706846911908,0.021565091455530483,0.019800884196747852,0.06061171787290553,0.033644020557403564,1313980819.4285715,1133814437.142857,915359138.6666666,1201919241.9222221,-0.1975268910486644,0.1288484035018942,0.005540197084962228,-0.16455253687263427,1
2023-11-02,0.6064389944076538,0.6241059899330139,0.5932300090789795,0.6095439791679382,1826715430.0,-0.00508421821234184,0.6095380187034607,0.5536829829216003,0.52012699842453,0.5383870005607605,0.6355389952659607,0.4595490097999573,0.5775850074631828,0.5369360489504678,0.5169794658819834,0.5374923492471377,0.020926924369855493,0.02125898383415777,0.0198002943124696,0.06059524485481985,0.030875980854034424,1374761399.4285715,1182098700.142857,935427755.4666667,1208777240.0666666,0.026290566242241464,0.10064654693691732,0.0239710456423885,-0.15429582878841097,1
2023-11-03,0.6130020022392273,0.6152380108833313,0.5939189791679382,0.6063860058784485,1403532406.0,0.010822206177529825,0.6064389944076538,0.5461069941520691,0.5160040259361267,0.5329310297966003,0.6284229755401611,0.4503639936447143,0.5871414371899196,0.5429980967726026,0.5187232494354248,0.5383958937393294,0.01742261276551473,0.02122033476537166,0.01981995600004246,0.060573719573891925,0.021319031715393066,1425424409.5714285,1215747147.4285715,944765490.7333333,1214129737.55,-0.23166335437370233,0.07760654976091619,0.017489287485681126,-0.16827347494041256,1
2023-11-04,0.6161839962005615,0.6180210113525391,0.6101379990577698,0.6130399703979492,811373229.0,0.005190837794510905,0.6130020022392273,0.5453910231590271,0.5212429761886597,0.5233659744262695,0.6230869889259338,0.4289149940013885,0.597254719052996,0.5491604294095721,0.5205694655577342,0.5394362770848804,0.016443679734531525,0.021166118040407023,0.019784802829560497,0.060454530286147175,0.007883012294769287,1460364501.857143,1237368672.4761906,945774651.0,1211370799.6166666,-0.42190630901613824,0.07554722199543962,0.013291445843875538,-0.18379736912464983,1
2023-11-05,0.6611469984054565,0.6611469984054565,0.6152909994125366,0.6161800026893616,1923304412.0,0.07297009088541806,0.6161839962005615,0.5563939809799194,0.5224869847297668,0.5261930227279663,0.6219310164451599,0.4298880100250244,0.6122194358280727,0.5574128585202354,0.5232011983791988,0.5407210492425495,0.026685528431794732,0.0249139082057307,0.021691598055296836,0.06067658600759669,0.04585599899291992,1641499900.7142856,1310598909.047619,964934006.55,1216992764.9166667,1.370431194002335,0.0005883410387437227,-0.059215272417407316,-0.23885915930519142,1
2023-11-06,0.715516984462738,0.7298719882965088,0.660660982131958,0.661126971244812,3293503683.0,0.08223585101106123,0.6611469984054565,0.5789440274238586,0.5468699932098389,0.5219060182571411,0.6424059867858887,0.4308730065822601,0.6317298582621983,0.5677719059444609,0.5267121980587641,0.5423024046752188,0.03425078866852306,0.028929087680645508,0.023882778006017368,0.06095766569062198,0.06921100616455078,1893770434.857143,1415880306.5238094,1008165493.55,1229352432.1388888,0.7124193458149255,-0.06148420955912515,-0.1050764541584519,-0.2815977297625376,0
2023-11-07,0.6864020228385925,0.7155050039291382,0.6576589941978455,0.7155050039291382,2813667010.0,-0.04069080435037764,0.715516984462738,0.6002820134162903,0.5585319995880127,0.5179610252380371,0.6433650255203247,0.4218789935111999,0.6440327167510986,0.5770437163966042,0.5297380656003952,0.543771977060371,0.04342837349767337,0.030980622287574963,0.024625171559879398,0.061021084897082876,0.057846009731292725,1978859498.142857,1513034050.0952382,1043235722.0333333,1239947738.338889,-0.14569185863576273,-0.08264692818590624,-0.06231046338914448,-0.2097531980741435,0
2023-11-08,0.6880760192871094,0.6968960165977478,0.6740289926528931,0.6863200068473816,1770450557.0,0.0024387988275356154,0.6864020228385925,0.6095380187034607,0.5553060173988342,0.5032269954681396,0.6329860091209412,0.4307180047035217,0.6552524311201913,0.586555954955873,0.5328084160884221,0.5452017438080575,0.04393686196557865,0.030695673393810404,0.024609297990688703,0.06100812379743151,0.022867023944854736,1977506675.2857144,1562359228.1904762,1066747484.7833333,1243259771.7222223,-0.370767560373109,-0.05584849272349268,-0.021709805959805983,-0.19379253291753296,0
2023-11-09,0.6674749851226807,0.7043129801750183,0.6463189721107483,0.688031017780304,3292007279.0,-0.029940055440055402,0.6880760192871094,0.6064389944076538,0.5536829829216003,0.497435986995697,0.6316750049591064,0.424903005361557,0.6639718583651951,0.593572525751023,0.5356360991795858,0.5465493659178416,0.04703397109786456,0.030233463346575434,0.024932500153055596,0.06104675753094141,0.05799400806427002,2186834082.285714,1653168812.047619,1113176739.6833334,1259385961.8555555,0.8594177996013928,-0.08285999072007966,-0.012975725400084959,-0.1698879980054243,0
2023-11-10,0.6605749726295471,0.6705390214920044,0.643110990524292,0.6676030158996582,2009821437.0,-0.010337484770107652,0.6674749851226807,0.6130020022392273,0.5461069941520691,0.4888379871845245,0.6272050142288208,0.4258599877357483,0.6707679969923837,0.6004568565459478,0.5387394487857818,0.5478533380561404,0.0479961986930314,0.03031884865445549,0.024062506106141482,0.06105587437618791,0.027428030967712402,2273446801.0,1683647261.047619,1125325253.6,1268497184.95,-0.3894845100067593,-0.07093510201433617,0.0015184150230329596,-0.15303030179987398,0
2023-11-11,0.6627349853515625,0.680741012096405,0.6443160176277161,0.6605600118637085,1754960201.0,0.00326989790941834,0.6605749726295471,0.6161839962005615,0.5453910231590271,0.483049988746643,0.6261019706726074,0.4275619983673095,0.6774181382996696,0.6071945712679908,0.5417727316419284,0.5491598546504974,0.04804505322250633,0.03037988990723612,0.024043811213844364,0.0610558877260655,0.036424994468688965,2408244939.857143,1735955076.7619047,1137473317.6666667,1274080720.5944445,-0.12680790009903753,-0.07777766185849466,-0.06416438105818156,-0.11068223974282232,0
2023-11-12,0.6615359783172607,0.6704530119895935,0.6503880023956299,0.6627479791641235,988542527.0,-0.0018091802316211325,0.6627349853515625,0.6611469984054565,0.5563939809799194,0.4856989979743957,0.6342819929122925,0.4414219856262207,0.6774737068584987,0.6138159519150144,0.5447354147831599,0.5503827101654477,0.03966074118583129,0.030459488850248902,0.024062830997806612,0.06101965466850763,0.020065009593963623,2274707527.714286,1756534318.5238094,1138959202.6333334,1274221056.8055556,-0.43671513095469905,-0.05145146310407356,-0.06346896203998798,-0.06208123594659287,0
2023-11-13,0.6715239882469177,0.740568995475769,0.6451879739761353,0.6615980267524719,3089036403.0,0.01509821121908339,0.6615359783172607,0.715516984462738,0.5789440274238586,0.4867750108242035,0.6095989942550659,0.4485889971256256,0.6711889931133815,0.6197518564405895,0.5477698644002279,0.5516212378938993,0.019825314954498952,0.029409976097142087,0.024081448662571017,0.06101840144860987,0.09538102149963379,2245497916.285714,1822721023.4761906,1177380609.5333333,1282944993.5555556,2.124839163343349,-0.08738625261543209,-0.06409005687136238,0.05387002284600362,0
2023-11-14,0.6296730041503906,0.6714940071105957,0.6076170206069946,0.6714940071105957,2298949026.0,-0.062322396264329116,0.6715239882469177,0.6864020228385925,0.6002820134162903,0.4878459870815277,0.5883280038833618,0.4602989852428436,0.6630848475864956,0.6231395233245123,0.5499164978663127,0.5525622046656079,0.026257522918921663,0.03324610551684407,0.02550697593075202,0.061192209682407635,0.06387698650360107,2171966775.714286,1803342146.3809524,1199833216.8833334,1288181372.8555555,-0.2557714684853457,-0.07815330324417658,0.0043816072456304145,0.09626425574773578,0
2023-11-15,0.6496480107307434,0.6501539945602417,0.6265640258789062,0.629725992679596,1441133011.0,0.03172282509920343,0.6296730041503906,0.6880760192871094,0.6095380187034607,0.4979769885540008,0.5071420073509216,0.4679819941520691,0.6575951320784432,0.6276319991974604,0.5524126316110293,0.5535714603132672,0.03086021055894867,0.033573641938982594,0.025740010198181323,0.06122105029548463,0.02358996868133545,2124921412.0,1805469635.5714285,1215229251.35,1290169291.7277777,-0.3731339865732195,-0.0581068391183458,-0.05257620109942995,0.18988585031036442,0
2023-11-16,0.61216801404953,0.652059018611908,0.6074169874191284,0.6496090292930603,1756409884.0,-0.05769277526002847,0.6496480107307434,0.6674749851226807,0.6064389944076538,0.4916940033435821,0.5060999989509583,0.4690810143947601,0.6496941362108503,0.6304170006797427,0.5543980817000072,0.554366388089127,0.03560296494710206,0.03646947320884559,0.02687474691105134,0.06138920429436752,0.04464203119277954,1905550355.5714285,1822381945.7619047,1236161305.2833333,1297264146.1055555,0.2187701416826402,0.013189166031756017,0.012524347705437089,0.45726492688994425,1
2023-11-17,0.6137170195579529,0.6238399744033813,0.5899869799613953,0.6121990084648132,1462505199.0,0.0025303600855850483,0.61216801404953,0.6605749726295471,0.6130020022392273,0.4883190095424652,0.5196290016174316,0.4575499892234802,0.6430001429149083,0.6336365256990705,0.5562399824460348,0.5552339827020963,0.036016309304066636,0.0362155377113315,0.026786151906481436,0.061354663375100045,0.033852994441986084,1827362321.5714285,1842077844.047619,1244613674.6333334,1302404541.161111,-0.16733262985896524,0.0133025292277551,-0.005375438148031986,0.823462484155967,1
2023-11-18,0.6111890077590942,0.6144880056381226,0.5933169722557068,0.6137380003929138,836754904.0,-0.00411918150922308,0.6137170195579529,0.6627349853515625,0.6161839962005615,0.52012699842453,0.5395470261573792,0.4616009891033172,0.63563643183027,0.6367697630609784,0.5578572829564412,0.5560650272501839,0.0356731078536583,0.036249802094368615,0.026698063523083734,0.061355421221456846,0.02117103338241577,1696190136.2857144,1854933192.6666667,1242206403.8666666,1302025855.738889,-0.4278619285783476,0.02005110175979241,0.0021940599080363388,0.7250555634115301,1
2023-11-19,0.627498984336853,0.6287199854850769,0.6030430197715759,0.6111869812011719,960738459.0,0.026685651035444513,0.6111890077590942,0.6615359783172607,0.6611469984054565,0.5160040259361267,0.524537980556488,0.4654299914836883,0.6307740041187831,0.6401557156017849,0.5596263498067856,0.5569654105438127,0.03840973546465137,0.036404081317916934,0.026834588189792466,0.06137964082455969,0.025676965713500977,1692218126.5714285,1869475185.0,1240198818.3333333,1302752375.6777778,0.14817188929196878,-0.017019884521631834,-0.03512832734562943,0.7815742224834594,0
2023-11-20,0.6128420233726501,0.627888023853302,0.6122310161590576,0.6274200081825256,1151372006.0,-0.023357744522395474,0.627498984336853,0.6715239882469177,0.715516984462738,0.5212429761886597,0.5209299921989441,0.4536089897155761,0.622390866279602,0.6417699058850607,0.5613873998324076,0.5578500385085742,0.03748276053994547,0.03607472451893344,0.026764899013878175,0.061374541564598366,0.015657007694244385,1415408927.0,1851559092.7142856,1240716819.3166666,1303429715.3555555,0.1984239781536632,-0.014178280167943647,0.007305250460936552,0.7980929961272281,0
2023-11-21,0.5804619789123535,0.6178200244903564,0.5792890191078186,0.6128339767456055,1664786743.0,-0.05283587486722874,0.6128420233726501,0.6296730041503906,0.6864020228385925,0.5224869847297668,0.5299019813537598,0.4537340104579925,0.6153607198170253,0.6408260947182065,0.5625199327866236,0.5585540827777651,0.03549420911999668,0.037198674516398876,0.02771642471633822,0.061515636692231736,0.03853100538253784,1324814315.142857,1825213529.6666667,1256580686.9,1308803714.9833333,0.4459155983683001,0.05333686706092178,0.0748507783921526,0.899006380425148,1
2023-11-22,0.6118990182876587,0.6151120066642761,0.5794370174407959,0.5804430246353149,1332443782.0,0.05415865382640672,0.5804619789123535,0.6496480107307434,0.6880760192871094,0.5468699932098389,0.5184130072593689,0.4691399931907654,0.6099680066108704,0.640938523269835,0.5642510165770849,0.5593471884727478,0.04063652298509015,0.038969114138796994,0.02846539641980175,0.06159120533321621,0.035674989223480225,1309287282.4285715,1803905123.2380953,1272414296.0166667,1310940122.911111,-0.199630951169822,-0.0041526551530192135,0.022067293839583613,1.0433960304937817,0
2023-11-23,0.6202419996261597,0.6227570176124573,0.6073259711265564,0.6118599772453308,1233580691.0,0.013634572191091321,0.6118990182876587,0.61216801404953,0.6674749851226807,0.5585319995880127,0.5262460112571716,0.4722450077533722,0.6111214331218174,0.6415958092326209,0.5662152498960495,0.5601693939831521,0.034525220657700445,0.039039371273109434,0.028429343742069457,0.061595789421887835,0.015431046485900879,1234597397.7142856,1775660611.857143,1286230442.1166666,1314265918.2777777,-0.07419681965989311,-0.02238482388990748,-5.9677487864173706e-05,1.3684611107470022,0
2023-11-24,0.6218810081481934,0.6252779960632324,0.6175259947776794,0.6202499866485596,1220784875.0,0.002642530694505707,0.6202419996261597,0.6137170195579529,0.6605749726295471,0.5553060173988342,0.5234699845314026,0.4828889966011047,0.6122877172061375,0.6420186190378099,0.5681555837392807,0.5609415718250804,0.03452532528880851,0.03898554786884377,0.028428314921881383,0.06157827599996943,0.0077520012855529785,1200065922.857143,1766958348.4761906,1292360889.8166666,1317877790.9444444,-0.010372905553204692,-0.014417595284082929,-0.013447923942955686,1.3622010475555886,0
2023-11-25,0.6234440207481384,0.6234750151634216,0.6169270277023315,0.6218580007553101,604505841.0,0.0025133628129268004,0.6218810081481934,0.6111890077590942,0.6627349853515625,0.5536829829216003,0.5238440036773682,0.4941509962081909,0.6140384333474296,0.6423643344924563,0.570184517900149,0.561659866405858,0.0344073658624079,0.03897691955693852,0.0283904118893893,0.06155912344987619,0.006547987461090088,1166887485.2857144,1757107520.4761906,1289396307.9166667,1315458635.6944444,-0.504821976926934,-0.003958734776625006,0.036720140387039635,1.2975775013611828,0
2023-11-26,0.6168190240859985,0.6355940103530884,0.6124240159988403,0.6234520077705383,1126158902.0,-0.010626449916369185,0.6234440207481384,0.627498984336853,0.6615359783172607,0.5461069941520691,0.523248016834259,0.5219380259513855,0.6125127247401646,0.6402534785724822,0.5721382180849711,0.5621869830621613,0.03305301414885354,0.035392686550267144,0.028433999762629742,0.06143599927320359,0.023169994354248047,1190518977.142857,1719148210.4761906,1295684253.6333334,1309937350.788889,0.8629413077912675,0.011192823389192696,0.00899772392266085,1.294713652386151,1
2023-11-27,0.6041529774665833,0.6169559955596924,0.5967379808425903,0.6167470216751099,1209304147.0,-0.020534461689445838,0.6168190240859985,0.6128420233726501,0.6715239882469177,0.5453910231590271,0.5400649905204773,0.5173860192298889,0.6112714324678693,0.6349504306202843,0.5737153510252635,0.5626690217190319,0.03276466766356646,0.029709328306910986,0.028527951409908617,0.06145419362773378,0.02021801471710205,1198794997.2857144,1619900613.5238094,1302730816.1166666,1307846131.7944446,0.07383082871550228,0.0334699913822063,0.050819923628687924,1.3194836624488646,1
2023-11-28,0.6114220023155212,0.6139659881591797,0.5975340008735657,0.6041399836540222,1079777511.0,0.01203176202063827,0.6041529774665833,0.5804619789123535,0.6296730041503906,0.5563939809799194,0.528194010257721,0.5073170065879822,0.6156942929540362,0.631379953452519,0.5752104014158249,0.5632473828064071,0.023797449808048914,0.02899205102108321,0.028422821900983396,0.06143678022817122,0.016431987285614014,1115222249.857143,1537334446.9047618,1292034795.2833333,1307757672.3888888,-0.10710840306082237,0.017295740799899928,0.03855932744515744,1.4088306455504451,1
2023-11-29,0.609358012676239,0.6165099740028381,0.6051130294799805,0.6114100217819214,1007163957.0,-0.003375720257801751,0.6114220023155212,0.6118990182876587,0.6496480107307434,0.5789440274238586,0.510798990726471,0.5253869891166687,0.6153312921524048,0.6276314769472394,0.5767762849728266,0.5637138884928491,0.01216535304358993,0.02894429924237686,0.028366290757248086,0.061387914476087026,0.011396944522857666,1068753703.4285715,1500987465.952381,1299744116.8333333,1307404521.8444445,-0.06724862599958337,0.05083216028122339,0.02304718491458413,1.5294538541303222,1
2023-11-30,0.606357991695404,0.6096320152282715,0.5998160243034363,0.6093549728393555,980182657.0,-0.00492324859676363,0.609358012676239,0.6202419996261597,0.61216801404953,0.6002820134162903,0.498075008392334,0.5193510055541992,0.6133478624480111,0.6247211439268929,0.5781455179055531,0.5641972606380781,0.010467553878591157,0.02839181700206045,0.02832589653720687,0.0613816634421273,0.009815990924835205,1032553984.2857143,1390900579.1904762,1306923318.55,1309044712.3666666,-0.026789382019158148,0.061471941558236765,0.02553937142822882,1.9631521638800913,1
2023-12-01,0.6129149794578552,0.6139929890632629,0.6043859720230103,0.6063500046730042,919121548.0,0.010813723662019381,0.606357991695404,0.6218810081481934,0.6137170195579529,0.6095380187034607,0.4990909993648529,0.5359110236167908,0.6120670012065342,0.6224516204425267,0.5798135677973429,0.5646250603927506,0.011617736024618087,0.028537020290079537,0.028159474085759615,0.06134495527554352,0.009607017040252686,989459223.2857143,1338962489.2380953,1306464579.8166666,1308909611.4555554,-0.06229564312725844,0.09825676477707357,0.0033055506040207128,2.1719260718192643,1
2023-12-02,0.6209759712219238,0.6224589943885803,0.6117460131645203,0.6129140257835388,667809511.0,0.01315189224319302,0.6129149794578552,0.6234440207481384,0.6111890077590942,0.6064389944076538,0.5050489902496338,0.5103939771652222,0.6117144227027893,0.6204630959601629,0.5811900506416957,0.5652394048041768,0.01293044792753805,0.02872929002690569,0.02752453538158633,0.06123663338095297,0.010712981224060059,998502604.7142857,1287193408.7619047,1297485678.2333333,1301080355.3055556,-0.2734263357733835,0.060933181855528984,0.014664077875665926,2.7364136465171494,1
2023-12-03,0.6237229704856873,0.6329129934310913,0.6180999875068665,0.6209980249404907,993447972.0,0.004423680449918255,0.6209759712219238,0.6168190240859985,0.627498984336853,0.6130020022392273,0.5083749890327454,0.5304639935493469,0.6127007007598877,0.6186624765396118,0.5827032496531804,0.5657575102316008,0.012195335459573213,0.028771074091302005,0.027473152109144916,0.061174595585052796,0.014813005924224854,979543900.4285715,1287427001.3809524,1289584505.2666667,1297733117.3277779,0.48762177782160987,0.06069205544356149,0.002629407410982054,3.3509780602398527,1
2023-12-04,0.6243739724159241,0.6410880088806152,0.6079999804496765,0.6236760020256042,1947607222.0,0.0010437356984462909,0.6237229704856873,0.6041529774665833,0.6128420233726501,0.6161839962005615,0.5054110288619995,0.5196279883384705,0.6155894143240792,0.6164172376905169,0.5843867162863413,0.5663394323653645,0.0074590608377316635,0.028505951859928838,0.027336862850155946,0.061150959242148015,0.03308802843093872,1085015768.2857144,1233073230.857143,1308312204.2666667,1299388427.6388888,0.96045215944132,-0.006667425916137448,-0.06693745079476332,3.0448947457804616,0
2023-12-05,0.6219969987869263,0.6283730268478394,0.6093699932098389,0.624396026134491,1452525777.0,-0.0038069710366055443,0.6243739724159241,0.6114220023155212,0.5804619789123535,0.6611469984054565,0.5032430291175842,0.5245460271835327,0.6171001281057086,0.61605171362559,0.5859834492206574,0.56688082665205,0.007277870368392101,0.025078115736040716,0.027350763308072675,0.06115041888440801,0.01900303363800049,1138265520.5714285,1192767361.857143,1321112620.7166667,1302157922.8111112,-0.2541998404029332,-0.00393574626621096,-0.05429443954976998,2.785298050535399,0
2023-12-06,0.6403329968452454,0.6421639919281006,0.6156839728355408,0.6219620108604431,2038373923.0,0.029479238797099683,0.6219969987869263,0.609358012676239,0.6118990182876587,0.715516984462738,0.5048570036888123,0.5379170179367065,0.621525125844138,0.6156081415358043,0.5879572321971257,0.567449804312653,0.01196227280340909,0.024939347505174334,0.02751805434390742,0.06115957457389016,0.026480019092559814,1285581230.0,1221207405.2857144,1349726984.1333334,1306627686.411111,0.40333063638291633,-0.018501341105212177,-0.09970906650420441,2.584394496698084,0
2023-12-07,0.6436319947242737,0.6530579924583435,0.6261299848556519,0.640487015247345,1839789008.0,0.005152003559525387,0.6403329968452454,0.606357991695404,0.6202419996261597,0.6864020228385925,0.5048499703407288,0.5081989765167236,0.6268499834196908,0.6171064263298398,0.5900517483552297,0.5682022099693617,0.010816059233309416,0.021211196324658347,0.027478157987425356,0.06100720491659283,0.02692800760269165,1408382137.2857144,1225177839.7619047,1374449312.4166667,1305125903.3,-0.0974232022688607,-0.017401264803993732,-0.11671261348837181,2.767272286801515,0
2023-12-08,0.6731380224227905,0.6742069721221924,0.6400399804115295,0.643667995929718,1892803940.0,0.04584300957747911,0.6436319947242737,0.6129149794578552,0.6218810081481934,0.6880760192871094,0.5038549900054932,0.5212209820747375,0.6354532752718244,0.6199359978948321,0.5928835988044738,0.5690461935268508,0.01783347750287158,0.02321484559601851,0.027664690088007586,0.06106822525927067,0.03416699171066284,1547479621.857143,1245668256.0,1389498583.9333334,1311040836.5333333,0.028815767334990028,-0.08563776555154157,-0.18034491350775173,2.8872029654181537,0
2023-12-09,0.658814013004303,0.6988379955291748,0.6578440070152283,0.673130989074707,2229504514.0,-0.021279453754420086,0.6731380224227905,0.6209759712219238,0.6234440207481384,0.6674749851226807,0.4978139996528625,0.52572101354599,0.6408587098121643,0.622203855287461,0.595573232571284,0.569785599079397,0.022196340471303998,0.023833336950327137,0.027793376624779438,0.06109300210354499,0.04099398851394653,1770578908.0,1311989666.0,1415480111.35,1316765082.1277778,0.1778845483595095,-0.05916539891876149,-0.12278277563734585,2.9591566683087454,0
2023-12-10,0.6615779995918274,0.6703150272369385,0.649806022644043,0.6588580012321472,1170952363.0,0.00419539738525021,0.658814013004303,0.6237229704856873,0.6168190240859985,0.6605749726295471,0.474373996257782,0.5200859904289246,0.6462665711130414,0.6238266655376979,0.5984522327780724,0.5705716657969687,0.022203826073428145,0.023254129289447183,0.027638457536064007,0.06108488264109831,0.020509004592895508,1795936678.142857,1321999851.9047618,1421758418.7833333,1308727554.5,-0.4747925578768306,-0.07733022855123195,-0.14351295475617365,2.3540292178783484,0
2023-12-11,0.6202110052108765,0.6627510190010071,0.6050969958305359,0.6616330146789551,2252797875.0,-0.06252776604795363,0.6615779995918274,0.6243739724159241,0.6041529774665833,0.6627349853515625,0.4807380139827728,0.4802199900150299,0.6456718615123204,0.6241775694347563,0.6007382497191429,0.5713493936591678,0.03509639733828135,0.02676174143675722,0.02892015841081619,0.06099133221773795,0.05765402317047119,1839535342.857143,1374448702.8095238,1445759284.9166667,1311479555.7555556,0.923902240760925,-0.012384514446037387,-0.03260504579635182,2.8199256656198397,0
2023-12-12,0.6195489764213562,0.6257209777832031,0.6082540154457092,0.6199619770050049,1458882180.0,-0.0010674250923605744,0.6202110052108765,0.6219969987869263,0.6114220023155212,0.6615359783172607,0.4837749898433685,0.4801180064678192,0.6453221440315247,0.6260388550304231,0.6029690826932589,0.5721240101589097,0.035067605229337794,0.023781480036852244,0.028929066585046202,0.06099160233932974,0.017466962337493896,1840443400.4285715,1364643723.6190476,1458458737.7,1313024009.05,-0.352413194193021,-0.022747163423208483,-0.02817205610725182,2.873898663951334,0
2023-12-13,0.6284859776496887,0.6334260106086731,0.5987930297851562,0.6195080280303955,1557123843.0,0.014425011691496126,0.6195489764213562,0.6403329968452454,0.609358012676239,0.6715239882469177,0.4894570112228393,0.4757429957389831,0.6436297127178737,0.6268287102381388,0.6053309321403504,0.5729725822806359,0.033377186953827,0.020951579593845825,0.028955839023094867,0.06099113723108873,0.034632980823516846,1771693389.0,1375342774.142857,1478455448.3666666,1315196200.988889,0.0673403680892175,-0.01776808107171257,-0.09258273114860283,2.7276410022718554,0
2023-12-14,0.6324319839477539,0.6375060081481934,0.617451012134552,0.6284130215644836,1428433767.0,0.006278590833198594,0.6284859776496887,0.6436319947242737,0.606357991695404,0.6296730041503906,0.5008749961853027,0.4797900021076202,0.6420297111783709,0.6274091856820243,0.6077406987547874,0.5738205932908588,0.03342111999933419,0.020799254650057334,0.028954711611471038,0.06099022670473185,0.020054996013641357,1712928354.5714285,1384621492.047619,1495838187.0833333,1319600180.0555556,-0.0826460121194098,-0.013474925846674868,-0.09068797095089665,2.8285840522473698,0
2023-12-15,0.6154919862747192,0.6419489979743958,0.6150820255279541,0.6324359774589539,1392239590.0,-0.026785485400804943,0.6324319839477539,0.6731380224227905,0.6129149794578552,0.6496480107307434,0.4998799860477447,0.4875729978084564,0.6337945631572178,0.6271049465451922,0.6096992820501328,0.5745312543378935,0.026679845946865788,0.02166595386865509,0.02915882505496162,0.061022078102041084,0.02686697244644165,1641419161.7142856,1392786002.2857144,1500998941.3166666,1323201599.6888888,-0.02533836558345659,0.016100920354181092,-0.06378467597408621,2.8972156569640726,1
2023-12-16,0.6198350191116333,0.6252110004425049,0.6120110154151917,0.6155170202255249,770529288.0,0.00705619721095041,0.6154919862747192,0.658814013004303,0.6209759712219238,0.61216801404953,0.4930410087108612,0.4933950006961822,0.628226135458265,0.6269330893244062,0.6118349656462669,0.5752336988846461,0.0272505902158419,0.021717704313779864,0.02907984300205258,0.06101902557076042,0.013199985027313232,1432994129.4285715,1400691880.7142856,1500950456.2,1322644228.7666667,-0.4465541035217939,0.0005968782316478904,-0.07084955187494002,2.9477439695296876,1
2023-12-17,0.6104180216789246,0.621891975402832,0.6096349954605103,0.6198269724845886,832504145.0,-0.015192748299709624,0.6198350191116333,0.6615779995918274,0.6237229704856873,0.6137170195579529,0.5032029747962952,0.4928700029850006,0.6209175671849932,0.6266282796859741,0.6138699491818745,0.5758867434329457,0.026743971329518744,0.021851349780437946,0.029153729730022216,0.06103292727276248,0.012256979942321777,1384644384.0,1386708320.857143,1502581828.3333333,1321305441.1722221,0.08043153967691885,0.005078450930391831,-0.05647119478689577,3.0769732592593675,1
2023-12-18,0.612529993057251,0.6136659979820251,0.5833830237388611,0.6103619933128357,1674969771.0,0.0034598771715774745,0.6104180216789246,0.6202110052108765,0.6243739724159241,0.6111890077590942,0.5141509771347046,0.500694990158081,0.6198202797344753,0.6270271851902917,0.6154099990924199,0.5765080490046077,0.014368393778100114,0.021360378653839884,0.028032384045297246,0.06102483222518573,0.030282974243164062,1302097512.0,1408882874.3809524,1507414557.55,1323355874.4444444,1.011965683366057,0.055192366152525096,-0.07274252015365468,3.187860359334672,1
2023-12-19,0.6054559946060181,0.6158319711685181,0.5981580018997192,0.6125079989433289,1137147807.0,-0.011548819700934576,0.612529993057251,0.6195489764213562,0.6219969987869263,0.627498984336853,0.5213549733161926,0.4949750006198883,0.6178069966179984,0.6267430895850772,0.6169008652369181,0.5771218323045306,0.01483144724710189,0.0213644105901131,0.028060449011459754,0.06102499204484625,0.017673969268798828,1256135458.7142856,1411614793.2380953,1503537454.2,1321239332.7277777,-0.32109353452922706,0.027934312187225085,-0.08844406886249534,2.8042699125977837,1
2023-12-20,0.6173189878463745,0.6253569722175598,0.6023849844932556,0.6054080128669739,1344408213.0,0.019593485482088502,0.6054559946060181,0.6284859776496887,0.6403329968452454,0.6128420233726501,0.5071790218353271,0.4965659976005554,0.6162117123603821,0.627122183640798,0.6185021320978801,0.5777926822503408,0.015941455234746126,0.021780139968490864,0.028127318646841152,0.06103825707340894,0.0229719877243042,1225747511.5714285,1427674043.5238094,1515002656.5666666,1322549915.5277777,0.1822633827582978,0.02840832396276327,-0.11835536793173707,2.642996828972083,1
2023-12-21,0.6239100098609924,0.6245020031929016,0.6116210222244263,0.6173329949378967,1149787445.0,0.010676849642373476,0.6173189878463745,0.6324319839477539,0.6436319947242737,0.5804619789123535,0.5125100016593933,0.4873130023479461,0.6149942874908447,0.6279579940296355,0.6201925158500672,0.5785515545143022,0.016422182063950456,0.02183945508253699,0.028143557096429805,0.0610203828114132,0.012880980968475342,1185940894.142857,1435750462.0,1524892806.4833333,1325082673.5722222,-0.14476315014894958,0.017771815604396668,-0.11345231079172591,2.6493820428292483,1
2023-12-22,0.6254019737243652,0.6276729702949524,0.6168360114097595,0.6239089965820312,1374123624.0,0.002391312592829209,0.6239100098609924,0.6154919862747192,0.6731380224227905,0.6118990182876587,0.5080339908599854,0.4902769923210144,0.6164099999836513,0.6285526128042311,0.6215013821919759,0.5793022488554319,0.012185929197172832,0.021738696193023346,0.02756297394515953,0.06101988187299646,0.010836958885192871,1183352899.0,1457417227.5238094,1519476273.5666666,1328932090.8777778,0.19511100071196208,-0.0031979020451171625,-0.12678403553622664,2.5786775015763634,0
2023-12-23,0.6202049851417542,0.6253730058670044,0.6129999756813049,0.6253730058670044,774484009.0,-0.008309837194248382,0.6254019737243652,0.6198350191116333,0.658814013004303,0.6202419996261597,0.5023880004882812,0.4793320000171661,0.6164628522736686,0.628515899181366,0.6225292652845382,0.5800848765505685,0.0125742697297709,0.02165246712370909,0.027487368761738365,0.0609966540581009,0.012373030185699463,1183917859.142857,1462496965.5238094,1487285916.3,1327939069.9277778,-0.4363796710331501,0.0026426884035106735,-0.15073885811988552,2.546137247385061,1
2023-12-24,0.6135179996490479,0.6284130215644836,0.6085600256919861,0.620212972164154,1178583398.0,-0.010781895748835257,0.6202049851417542,0.6104180216789246,0.6615779995918274,0.6218810081481934,0.5054609775543213,0.4838399887084961,0.6169057062694004,0.628029948189145,0.6234994649887085,0.5808053099446826,0.011761343777137997,0.021756982047623507,0.02751931308593692,0.06100304066026239,0.01985299587249756,1233357752.4285715,1471312938.1904762,1483654710.6333334,1329780950.588889,0.5217659555318204,0.0023194124543723937,-0.15611771508824723,2.679210704155512,1
2023-12-25,0.6463369727134705,0.6469849944114685,0.6102579832077026,0.6135029792785645,1781837085.0,0.0534930891729275,0.6135179996490479,0.612529993057251,0.6202110052108765,0.6234440207481384,0.5017079710960388,0.4652220010757446,0.6217352747917175,0.629075805346171,0.6250436981519063,0.5818115042315589,0.023250612890754068,0.024754011465778436,0.028299805603428336,0.061041279645072236,0.03672701120376587,1248624511.5714285,1463419122.142857,1489997805.8833334,1334182271.1944444,0.5118464149619728,-0.025149360437155655,-0.19857899515250055,2.596613159580163,0
2023-12-26,0.6223689913749695,0.646481990814209,0.6083869934082031,0.6463490128517151,1622454757.0,-0.037082794811935216,0.6463369727134705,0.6054559946060181,0.6195489764213562,0.6168190240859985,0.4995970129966736,0.4747219979763031,0.6241514171872821,0.629093519278935,0.6263147314389547,0.5826317653059959,0.02827591215580846,0.02616510698725076,0.028691770413136943,0.06110120544244031,0.03809499740600586,1317954075.857143,1471510978.3333333,1499557196.25,1339202530.7833333,-0.0894483167634823,0.004810652447671204,-0.17475642426715632,2.6890815495183267,1
2023-12-27,0.6348559856414795,0.6415380239486694,0.6142190098762512,0.6223970055580139,1432931897.0,0.020063651048750186,0.6223689913749695,0.6173189878463745,0.6284859776496887,0.6041529774665833,0.5095250010490417,0.4740369915962219,0.6266567025865827,0.6288327092216128,0.6278058141469955,0.583525204161803,0.028318868145173703,0.025717947079481027,0.02877516077247495,0.06111368923798176,0.027319014072418213,1330600316.4285715,1442680405.6666667,1513992851.4833333,1340152675.6166666,-0.11681241599022285,-0.08234310845924497,-0.16171695059935498,2.39342957113602,0
2023-12-28,0.6349980235099792,0.6557689905166626,0.6275569796562195,0.6349480152130127,1864381371.0,0.00022373242390760772,0.6348559856414795,0.6239100098609924,0.6324319839477539,0.6114220023155212,0.5217189788818359,0.4735220074653625,0.628240704536438,0.6284215677352178,0.6291158815224965,0.5844222931398286,0.028205018079786266,0.02569016562419747,0.028687776632009887,0.06111327536426923,0.028212010860443115,1432685163.0,1443851470.5714285,1534143264.0,1346413563.0444446,0.30109558933211455,-0.07365692717481831,-0.16494224104212152,2.3726876024487353,0
2023-12-29,0.6234019994735718,0.6365950107574463,0.6151900291442871,0.6350110173225403,1324305215.0,-0.01826151201591142,0.6349980235099792,0.6254019737243652,0.6154919862747192,0.609358012676239,0.515404999256134,0.4844929873943329,0.6279549939291817,0.626053185690017,0.6298568477233251,0.5851940098736022,0.029319983247226452,0.023657904418637625,0.028372899168082368,0.06111501503298228,0.02140498161315918,1425568247.4285715,1416780102.7142856,1530754851.85,1347355972.7166667,-0.28968115880192413,-0.07525803259409403,-0.15930012094904367,2.498262827530488,0
2023-12-30,0.6218439936637878,0.6294789910316467,0.6171950101852417,0.6234109997749329,718565033.0,-0.0024991992504027616,0.6234019994735718,0.6202049851417542,0.6198350191116333,0.606357991695404,0.5242040157318115,0.4895470142364502,0.628189138003758,0.6242927085785639,0.6302162140607834,0.5859289930926429,0.029130242333004184,0.023299699596679015,0.027997104557046952,0.06111359168463479,0.01228398084640503,1417579822.2857144,1344830603.6190476,1505763542.95,1345459358.2277777,-0.45740224771371907,-0.08576422979386855,-0.13951081832116008,2.3660853244633686,0
2023-12-31,0.6149410009384155,0.6275759935379028,0.6112080216407776,0.6217920184135437,710033547.0,-0.011100843291419693,0.6218439936637878,0.6135179996490479,0.6104180216789246,0.6129149794578552,0.51283198595047,0.4878419935703277,0.6283924239022392,0.6220718991188776,0.6303062637646993,0.5866350986891322,0.029151503089417885,0.02331947805376369,0.02797448940690699,0.06112055291405008,0.016367971897125244,1350644129.2857144,1322882088.5714285,1487932096.7833333,1344728060.011111,-0.011872949013927325,-0.1027740821506411,-0.16951704362063458,2.3459647854928343,0
2024-01-01,0.6300820112228394,0.6312749981880188,0.6096360087394714,0.6156560182571411,729315153.0,0.024621890980302652,0.6149410009384155,0.6463369727134705,0.612529993057251,0.6209759712219238,0.5383870005607605,0.4782719910144806,0.6260702865464347,0.6225419470242092,0.6307003140449524,0.5874784876902898,0.021464709300555166,0.019711705228116563,0.028135847218878882,0.061119322686881,0.021638989448547363,1200283853.2857144,1250335292.2857144,1469642092.1666667,1343501196.6055555,0.027155908451745203,-0.08278130534587858,-0.20138488028877433,2.3013606442215324,0
